player_id,player_name,player_nickname,jersey_number,country,cards,positions,match_id,competition_name,season_name
5207,Cristiano Ronaldo dos Santos Aveiro,Cristiano Ronaldo,7,Portugal,[],"[{'position_id': 24, 'position': 'Left Center Forward', 'from': '00:00', 'to': '61:01', 'from_period': 1, 'to_period': 2, 'start_reason': 'Starting XI', 'end_reason': 'Tactical Shift'}, {'position_id': 21, 'position': 'Left Wing', 'from': '61:01', 'to': '88:34', 'from_period': 2, 'to_period': 2, 'start_reason': 'Tactical Shift', 'end_reason': 'Tactical Shift'}, {'position_id': 23, 'position': 'Center Forward', 'from': '88:34', 'to': None, 'from_period': 2, 'to_period': None, 'start_reason': 'Tactical Shift', 'end_reason': 'Final Whistle'}]",18245,Champions League,2017/2018
5463,Luka Modrić,,10,Croatia,[],"[{'position_id': 13, 'position': 'Right Center Midfield', 'from': '00:00', 'to': None, 'from_period': 1, 'to_period': None, 'start_reason': 'Starting XI', 'end_reason': 'Final Whistle'}]",18245,Champions League,2017/2018
5207,Cristiano Ronaldo dos Santos Aveiro,Cristiano Ronaldo,7,Portugal,[],"[{'position_id': 24, 'position': 'Left Center Forward', 'from': '00:00', 'to': None, 'from_period': 1, 'to_period': None, 'start_reason': 'Starting XI', 'end_reason': 'Final Whistle'}]",18244,Champions League,2016/2017
5463,Luka Modrić,,19,Croatia,[],"[{'position_id': 15, 'position': 'Left Center Midfield', 'from': '00:00', 'to': '16:42', 'from_period': 1, 'to_period': 1, 'start_reason': 'Starting XI', 'end_reason': 'Tactical Shift'}, {'position_id': 13, 'position': 'Right Center Midfield', 'from': '16:42', 'to': None, 'from_period': 1, 'to_period': None, 'start_reason': 'Tactical Shift', 'end_reason': 'Final Whistle'}]",18244,Champions League,2016/2017
5207,Cristiano Ronaldo dos Santos Aveiro,Cristiano Ronaldo,7,Portugal,[],"[{'position_id': 21, 'position': 'Left Wing', 'from': '00:00', 'to': '77:17', 'from_period': 1, 'to_period': 2, 'start_reason': 'Starting XI', 'end_reason': 'Tactical Shift'}, {'position_id': 23, 'position': 'Center Forward', 'from': '77:17', 'to': None, 'from_period': 2, 'to_period': None, 'start_reason': 'Tactical Shift', 'end_reason': 'Final Whistle'}]",18243,Champions League,2015/2016
5463,Luka Modrić,,19,Croatia,[],"[{'position_id': 13, 'position': 'Right Center Midfield', 'from': '00:00', 'to': None, 'from_period': 1, 'to_period': None, 'start_reason': 'Starting XI', 'end_reason': 'Final Whistle'}]",18243,Champions League,2015/2016
4320,Neymar da Silva Santos Junior,Neymar,11,Brazil,[],"[{'position_id': 21, 'position': 'Left Wing', 'from': '00:00', 'to': None, 'from_period': 1, 'to_period': None, 'start_reason': 'Starting XI', 'end_reason': 'Final Whistle'}]",18242,Champions League,2014/2015
5503,Lionel Andrés Messi Cuccittini,Lionel Messi,10,Argentina,[],"[{'position_id': 17, 'position': 'Right Wing', 'from': '00:00', 'to': None, 'from_period': 1, 'to_period': None, 'start_reason': 'Starting XI', 'end_reason': 'Final Whistle'}]",18242,Champions League,2014/2015
5207,Cristiano Ronaldo dos Santos Aveiro,Cristiano Ronaldo,7,Portugal,"[{'time': '12:18', 'card_type': 'Yellow Card', 'reason': 'Bad Behaviour', 'period': 4}]","[{'position_id': 21, 'position': 'Left Wing', 'from': '00:00', 'to': None, 'from_period': 1, 'to_period': None, 'start_reason': 'Starting XI', 'end_reason': 'Final Whistle'}]",18241,Champions League,2013/2014
5463,Luka Modrić,,19,Croatia,[],"[{'position_id': 13, 'position': 'Right Center Midfield', 'from': '00:00', 'to': None, 'from_period': 1, 'to_period': None, 'start_reason': 'Starting XI', 'end_reason': 'Final Whistle'}]",18241,Champions League,2013/2014
5668,Robert Lewandowski,,9,Poland,[],"[{'position_id': 23, 'position': 'Center Forward', 'from': '00:00', 'to': None, 'from_period': 1, 'to_period': None, 'start_reason': 'Starting XI', 'end_reason': 'Final Whistle'}]",18240,Champions League,2012/2013
5503,Lionel Andrés Messi Cuccittini,Lionel Messi,10,Argentina,[],"[{'position_id': 17, 'position': 'Right Wing', 'from': '00:00', 'to': '01:13', 'from_period': 1, 'to_period': 1, 'start_reason': 'Starting XI', 'end_reason': 'Tactical Shift'}, {'position_id': 23, 'position': 'Center Forward', 'from': '01:13', 'to': None, 'from_period': 1, 'to_period': None, 'start_reason': 'Tactical Shift', 'end_reason': 'Final Whistle'}]",18236,Champions League,2010/2011
5503,Lionel Andrés Messi Cuccittini,Lionel Messi,10,Argentina,[],"[{'position_id': 17, 'position': 'Right Wing', 'from': '00:00', 'to': None, 'from_period': 1, 'to_period': None, 'start_reason': 'Starting XI', 'end_reason': 'Final Whistle'}]",3750201,Champions League,2008/2009
5207,Cristiano Ronaldo dos Santos Aveiro,Cristiano Ronaldo,7,Portugal,"[{'time': '77:40', 'card_type': 'Yellow Card', 'reason': 'Foul Committed', 'period': 2}]","[{'position_id': 23, 'position': 'Center Forward', 'from': '00:00', 'to': '50:00', 'from_period': 1, 'to_period': 2, 'start_reason': 'Starting XI', 'end_reason': 'Tactical Shift'}, {'position_id': 24, 'position': 'Left Center Forward', 'from': '50:00', 'to': '75:35', 'from_period': 2, 'to_period': 2, 'start_reason': 'Tactical Shift', 'end_reason': 'Tactical Shift'}, {'position_id': 16, 'position': 'Left Midfield', 'from': '75:35', 'to': '84:03', 'from_period': 2, 'to_period': 2, 'start_reason': 'Tactical Shift', 'end_reason': 'Tactical Shift'}, {'position_id': 12, 'position': 'Right Midfield', 'from': '84:03', 'to': None, 'from_period': 2, 'to_period': None, 'start_reason': 'Tactical Shift', 'end_reason': 'Final Whistle'}]",3750201,Champions League,2008/2009
5503,Lionel Andrés Messi Cuccittini,Lionel Messi,10,Argentina,[],"[{'position_id': 22, 'position': 'Right Center Forward', 'from': '00:00', 'to': '24:39', 'from_period': 1, 'to_period': 1, 'start_reason': 'Starting XI', 'end_reason': 'Player Off'}, {'position_id': 22, 'position': 'Right Center Forward', 'from': '25:32', 'to': None, 'from_period': 1, 'to_period': None, 'start_reason': 'Player On', 'end_reason': 'Final Whistle'}]",3939977,Copa America,2024
5503,Lionel Andrés Messi Cuccittini,Lionel Messi,10,Argentina,[],[],3939986,Copa America,2024
5503,Lionel Andrés Messi Cuccittini,Lionel Messi,10,Argentina,[],"[{'position_id': 22, 'position': 'Right Center Forward', 'from': '00:00', 'to': '37:29', 'from_period': 1, 'to_period': 1, 'start_reason': 'Starting XI', 'end_reason': 'Player Off'}, {'position_id': 22, 'position': 'Right Center Forward', 'from': '38:01', 'to': '65:49', 'from_period': 1, 'to_period': 2, 'start_reason': 'Player On', 'end_reason': 'Substitution - Off (Injury)'}]",3943077,Copa America,2024
5503,Lionel Andrés Messi Cuccittini,Lionel Messi,10,Argentina,[],"[{'position_id': 22, 'position': 'Right Center Forward', 'from': '00:00', 'to': None, 'from_period': 1, 'to_period': None, 'start_reason': 'Starting XI', 'end_reason': 'Final Whistle'}]",3942785,Copa America,2024
5503,Lionel Andrés Messi Cuccittini,Lionel Messi,10,Argentina,[],"[{'position_id': 22, 'position': 'Right Center Forward', 'from': '00:00', 'to': None, 'from_period': 1, 'to_period': None, 'start_reason': 'Starting XI', 'end_reason': 'Final Whistle'}]",3942228,Copa America,2024
5503,Lionel Andrés Messi Cuccittini,Lionel Messi,10,Argentina,[],"[{'position_id': 22, 'position': 'Right Center Forward', 'from': '00:00', 'to': '83:34', 'from_period': 1, 'to_period': 2, 'start_reason': 'Starting XI', 'end_reason': 'Player Off'}, {'position_id': 22, 'position': 'Right Center Forward', 'from': '84:30', 'to': None, 'from_period': 2, 'to_period': None, 'start_reason': 'Player On', 'end_reason': 'Final Whistle'}]",3939969,Copa America,2024
3089,Kevin De Bruyne,,7,Belgium,[],"[{'position_id': 17, 'position': 'Right Wing', 'from': '00:00', 'to': '87:03', 'from_period': 1, 'to_period': 2, 'start_reason': 'Starting XI', 'end_reason': 'Tactical Shift'}, {'position_id': 19, 'position': 'Center Attacking Midfield', 'from': '87:03', 'to': None, 'from_period': 2, 'to_period': None, 'start_reason': 'Tactical Shift', 'end_reason': 'Final Whistle'}]",3857296,FIFA World Cup,2022
5463,Luka Modrić,,10,Croatia,[],"[{'position_id': 13, 'position': 'Right Center Midfield', 'from': '00:00', 'to': None, 'from_period': 1, 'to_period': None, 'start_reason': 'Starting XI', 'end_reason': 'Final Whistle'}]",3857296,FIFA World Cup,2022
5463,Luka Modrić,,10,Croatia,[],"[{'position_id': 13, 'position': 'Right Center Midfield', 'from': '00:00', 'to': '80:00', 'from_period': 1, 'to_period': 2, 'start_reason': 'Starting XI', 'end_reason': 'Tactical Shift'}, {'position_id': 11, 'position': 'Left Defensive Midfield', 'from': '80:00', 'to': None, 'from_period': 2, 'to_period': None, 'start_reason': 'Tactical Shift', 'end_reason': 'Final Whistle'}]",3857277,FIFA World Cup,2022
3009,Kylian Mbappé Lottin,Kylian Mbappé,10,France,[],"[{'position_id': 17, 'position': 'Right Wing', 'from': '62:35', 'to': '63:40', 'from_period': 2, 'to_period': 2, 'start_reason': 'Substitution - On (Tactical)', 'end_reason': 'Tactical Shift'}, {'position_id': 21, 'position': 'Left Wing', 'from': '63:40', 'to': None, 'from_period': 2, 'to_period': None, 'start_reason': 'Tactical Shift', 'end_reason': 'Final Whistle'}]",3857275,FIFA World Cup,2022
5207,Cristiano Ronaldo dos Santos Aveiro,Cristiano Ronaldo,7,Portugal,[],"[{'position_id': 23, 'position': 'Center Forward', 'from': '00:00', 'to': '87:18', 'from_period': 1, 'to_period': 2, 'start_reason': 'Starting XI', 'end_reason': 'Substitution - Off (Tactical)'}]",3857298,FIFA World Cup,2022
5668,Robert Lewandowski,,9,Poland,[],"[{'position_id': 24, 'position': 'Left Center Forward', 'from': '00:00', 'to': '24:51', 'from_period': 1, 'to_period': 1, 'start_reason': 'Starting XI', 'end_reason': 'Tactical Shift'}, {'position_id': 23, 'position': 'Center Forward', 'from': '24:51', 'to': '63:11', 'from_period': 1, 'to_period': 2, 'start_reason': 'Tactical Shift', 'end_reason': 'Tactical Shift'}, {'position_id': 22, 'position': 'Right Center Forward', 'from': '63:11', 'to': None, 'from_period': 2, 'to_period': None, 'start_reason': 'Tactical Shift', 'end_reason': 'Final Whistle'}]",3857297,FIFA World Cup,2022
3009,Kylian Mbappé Lottin,Kylian Mbappé,10,France,[],"[{'position_id': 21, 'position': 'Left Wing', 'from': '00:00', 'to': None, 'from_period': 1, 'to_period': None, 'start_reason': 'Starting XI', 'end_reason': 'Final Whistle'}]",3857266,FIFA World Cup,2022
5668,Robert Lewandowski,,9,Poland,[],"[{'position_id': 23, 'position': 'Center Forward', 'from': '00:00', 'to': '87:02', 'from_period': 1, 'to_period': 2, 'start_reason': 'Starting XI', 'end_reason': 'Tactical Shift'}, {'position_id': 24, 'position': 'Left Center Forward', 'from': '87:02', 'to': None, 'from_period': 2, 'to_period': None, 'start_reason': 'Tactical Shift', 'end_reason': 'Final Whistle'}]",3857265,FIFA World Cup,2022
3089,Kevin De Bruyne,,7,Belgium,[],"[{'position_id': 18, 'position': 'Right Attacking Midfield', 'from': '00:00', 'to': None, 'from_period': 1, 'to_period': None, 'start_reason': 'Starting XI', 'end_reason': 'Final Whistle'}]",3857268,FIFA World Cup,2022
5503,Lionel Andrés Messi Cuccittini,Lionel Messi,10,Argentina,"[{'time': '99:46', 'card_type': 'Yellow Card', 'reason': 'Bad Behaviour', 'period': 2}]","[{'position_id': 22, 'position': 'Right Center Forward', 'from': '00:00', 'to': '112:50', 'from_period': 1, 'to_period': 4, 'start_reason': 'Starting XI', 'end_reason': 'Tactical Shift'}, {'position_id': 23, 'position': 'Center Forward', 'from': '112:50', 'to': '66:21', 'from_period': 4, 'to_period': 2, 'start_reason': 'Tactical Shift', 'end_reason': 'Tactical Shift'}, {'position_id': 22, 'position': 'Right Center Forward', 'from': '66:21', 'to': None, 'from_period': 2, 'to_period': None, 'start_reason': 'Tactical Shift', 'end_reason': 'Final Whistle'}]",3869321,FIFA World Cup,2022
3009,Kylian Mbappé Lottin,Kylian Mbappé,10,France,[],"[{'position_id': 21, 'position': 'Left Wing', 'from': '00:00', 'to': '41:20', 'from_period': 1, 'to_period': 1, 'start_reason': 'Starting XI', 'end_reason': 'Tactical Shift'}, {'position_id': 23, 'position': 'Center Forward', 'from': '41:20', 'to': '64:09', 'from_period': 1, 'to_period': 2, 'start_reason': 'Tactical Shift', 'end_reason': 'Tactical Shift'}, {'position_id': 21, 'position': 'Left Wing', 'from': '64:09', 'to': '72:52', 'from_period': 2, 'to_period': 2, 'start_reason': 'Tactical Shift', 'end_reason': 'Tactical Shift'}, {'position_id': 24, 'position': 'Left Center Forward', 'from': '72:52', 'to': None, 'from_period': 2, 'to_period': None, 'start_reason': 'Tactical Shift', 'end_reason': 'Final Whistle'}]",3869685,FIFA World Cup,2022
5503,Lionel Andrés Messi Cuccittini,Lionel Messi,10,Argentina,[],"[{'position_id': 17, 'position': 'Right Wing', 'from': '00:00', 'to': '115:32', 'from_period': 1, 'to_period': 4, 'start_reason': 'Starting XI', 'end_reason': 'Tactical Shift'}, {'position_id': 22, 'position': 'Right Center Forward', 'from': '115:32', 'to': '28:11', 'from_period': 4, 'to_period': 1, 'start_reason': 'Tactical Shift', 'end_reason': 'Player Off'}, {'position_id': 17, 'position': 'Right Wing', 'from': '28:19', 'to': None, 'from_period': 1, 'to_period': None, 'start_reason': 'Player On', 'end_reason': 'Final Whistle'}]",3869685,FIFA World Cup,2022
5463,Luka Modrić,,10,Croatia,[],"[{'position_id': 9, 'position': 'Right Defensive Midfield', 'from': '00:00', 'to': None, 'from_period': 1, 'to_period': None, 'start_reason': 'Starting XI', 'end_reason': 'Final Whistle'}]",3869684,FIFA World Cup,2022
5503,Lionel Andrés Messi Cuccittini,Lionel Messi,10,Argentina,[],"[{'position_id': 23, 'position': 'Center Forward', 'from': '00:00', 'to': '26:58', 'from_period': 1, 'to_period': 1, 'start_reason': 'Starting XI', 'end_reason': 'Tactical Shift'}, {'position_id': 22, 'position': 'Right Center Forward', 'from': '26:58', 'to': None, 'from_period': 1, 'to_period': None, 'start_reason': 'Tactical Shift', 'end_reason': 'Final Whistle'}]",3869151,FIFA World Cup,2022
4320,Neymar da Silva Santos Junior,Neymar,10,Brazil,[],"[{'position_id': 19, 'position': 'Center Attacking Midfield', 'from': '00:00', 'to': '79:09', 'from_period': 1, 'to_period': 2, 'start_reason': 'Starting XI', 'end_reason': 'Substitution - Off (Injury)'}]",3857258,FIFA World Cup,2022
5207,Cristiano Ronaldo dos Santos Aveiro,Cristiano Ronaldo,7,Portugal,[],"[{'position_id': 10, 'position': 'Center Defensive Midfield', 'from': '50:47', 'to': '51:09', 'from_period': 2, 'to_period': 2, 'start_reason': 'Substitution - On (Tactical)', 'end_reason': 'Tactical Shift'}, {'position_id': 23, 'position': 'Center Forward', 'from': '51:09', 'to': None, 'from_period': 2, 'to_period': None, 'start_reason': 'Tactical Shift', 'end_reason': 'Final Whistle'}]",3869486,FIFA World Cup,2022
5503,Lionel Andrés Messi Cuccittini,Lionel Messi,10,Argentina,[],"[{'position_id': 23, 'position': 'Center Forward', 'from': '00:00', 'to': '59:26', 'from_period': 1, 'to_period': 2, 'start_reason': 'Starting XI', 'end_reason': 'Tactical Shift'}, {'position_id': 17, 'position': 'Right Wing', 'from': '59:26', 'to': None, 'from_period': 2, 'to_period': None, 'start_reason': 'Tactical Shift', 'end_reason': 'Final Whistle'}]",3857264,FIFA World Cup,2022
5668,Robert Lewandowski,,9,Poland,[],"[{'position_id': 22, 'position': 'Right Center Forward', 'from': '00:00', 'to': '45:00', 'from_period': 1, 'to_period': 2, 'start_reason': 'Starting XI', 'end_reason': 'Tactical Shift'}, {'position_id': 24, 'position': 'Left Center Forward', 'from': '45:00', 'to': None, 'from_period': 2, 'to_period': None, 'start_reason': 'Tactical Shift', 'end_reason': 'Final Whistle'}]",3857264,FIFA World Cup,2022
5503,Lionel Andrés Messi Cuccittini,Lionel Messi,10,Argentina,[],"[{'position_id': 22, 'position': 'Right Center Forward', 'from': '00:00', 'to': None, 'from_period': 1, 'to_period': None, 'start_reason': 'Starting XI', 'end_reason': 'Final Whistle'}]",3857289,FIFA World Cup,2022
5207,Cristiano Ronaldo dos Santos Aveiro,Cristiano Ronaldo,7,Portugal,[],"[{'position_id': 21, 'position': 'Left Wing', 'from': '72:49', 'to': '74:11', 'from_period': 2, 'to_period': 2, 'start_reason': 'Substitution - On (Tactical)', 'end_reason': 'Tactical Shift'}, {'position_id': 23, 'position': 'Center Forward', 'from': '74:11', 'to': None, 'from_period': 2, 'to_period': None, 'start_reason': 'Tactical Shift', 'end_reason': 'Final Whistle'}]",3869254,FIFA World Cup,2022
5503,Lionel Andrés Messi Cuccittini,Lionel Messi,10,Argentina,[],"[{'position_id': 22, 'position': 'Right Center Forward', 'from': '00:00', 'to': None, 'from_period': 1, 'to_period': None, 'start_reason': 'Starting XI', 'end_reason': 'Final Whistle'}]",3869519,FIFA World Cup,2022
5463,Luka Modrić,,10,Croatia,[],"[{'position_id': 13, 'position': 'Right Center Midfield', 'from': '00:00', 'to': '49:43', 'from_period': 1, 'to_period': 2, 'start_reason': 'Starting XI', 'end_reason': 'Tactical Shift'}, {'position_id': 9, 'position': 'Right Defensive Midfield', 'from': '49:43', 'to': '80:40', 'from_period': 2, 'to_period': 2, 'start_reason': 'Tactical Shift', 'end_reason': 'Substitution - Off (Tactical)'}]",3869519,FIFA World Cup,2022
3009,Kylian Mbappé Lottin,Kylian Mbappé,10,France,[],"[{'position_id': 21, 'position': 'Left Wing', 'from': '00:00', 'to': None, 'from_period': 1, 'to_period': None, 'start_reason': 'Starting XI', 'end_reason': 'Final Whistle'}]",3869354,FIFA World Cup,2022
3009,Kylian Mbappé Lottin,Kylian Mbappé,10,France,[],"[{'position_id': 21, 'position': 'Left Wing', 'from': '00:00', 'to': '52:05', 'from_period': 1, 'to_period': 2, 'start_reason': 'Starting XI', 'end_reason': 'Player Off'}, {'position_id': 21, 'position': 'Left Wing', 'from': '52:48', 'to': '64:52', 'from_period': 2, 'to_period': 2, 'start_reason': 'Player On', 'end_reason': 'Tactical Shift'}, {'position_id': 23, 'position': 'Center Forward', 'from': '64:52', 'to': None, 'from_period': 2, 'to_period': None, 'start_reason': 'Tactical Shift', 'end_reason': 'Final Whistle'}]",3869552,FIFA World Cup,2022
4320,Neymar da Silva Santos Junior,Neymar,10,Brazil,[],"[{'position_id': 19, 'position': 'Center Attacking Midfield', 'from': '00:00', 'to': None, 'from_period': 1, 'to_period': None, 'start_reason': 'Starting XI', 'end_reason': 'Final Whistle'}]",3869420,FIFA World Cup,2022
5463,Luka Modrić,,10,Croatia,[],"[{'position_id': 13, 'position': 'Right Center Midfield', 'from': '00:00', 'to': '109:25', 'from_period': 1, 'to_period': 4, 'start_reason': 'Starting XI', 'end_reason': 'Tactical Shift'}, {'position_id': 11, 'position': 'Left Defensive Midfield', 'from': '109:25', 'to': None, 'from_period': 4, 'to_period': None, 'start_reason': 'Tactical Shift', 'end_reason': 'Final Whistle'}]",3869420,FIFA World Cup,2022
5463,Luka Modrić,,10,Croatia,[],"[{'position_id': 13, 'position': 'Right Center Midfield', 'from': '00:00', 'to': '98:21', 'from_period': 1, 'to_period': 3, 'start_reason': 'Starting XI', 'end_reason': 'Substitution - Off (Tactical)'}]",3869219,FIFA World Cup,2022
4320,Neymar da Silva Santos Junior,Neymar,10,Brazil,[],"[{'position_id': 19, 'position': 'Center Attacking Midfield', 'from': '00:00', 'to': '80:17', 'from_period': 1, 'to_period': 2, 'start_reason': 'Starting XI', 'end_reason': 'Substitution - Off (Tactical)'}]",3869253,FIFA World Cup,2022
3009,Kylian Mbappé Lottin,Kylian Mbappé,10,France,[],"[{'position_id': 21, 'position': 'Left Wing', 'from': '00:00', 'to': '75:56', 'from_period': 1, 'to_period': 2, 'start_reason': 'Starting XI', 'end_reason': 'Tactical Shift'}, {'position_id': 23, 'position': 'Center Forward', 'from': '75:56', 'to': None, 'from_period': 2, 'to_period': None, 'start_reason': 'Tactical Shift', 'end_reason': 'Final Whistle'}]",3869152,FIFA World Cup,2022
5668,Robert Lewandowski,,9,Poland,[],"[{'position_id': 23, 'position': 'Center Forward', 'from': '00:00', 'to': None, 'from_period': 1, 'to_period': None, 'start_reason': 'Starting XI', 'end_reason': 'Final Whistle'}]",3869152,FIFA World Cup,2022
5207,Cristiano Ronaldo dos Santos Aveiro,Cristiano Ronaldo,7,Portugal,[],"[{'position_id': 22, 'position': 'Right Center Forward', 'from': '00:00', 'to': '55:27', 'from_period': 1, 'to_period': 2, 'start_reason': 'Starting XI', 'end_reason': 'Tactical Shift'}, {'position_id': 23, 'position': 'Center Forward', 'from': '55:27', 'to': '82:00', 'from_period': 2, 'to_period': 2, 'start_reason': 'Tactical Shift', 'end_reason': 'Substitution - Off (Tactical)'}]",3857270,FIFA World Cup,2022
3089,Kevin De Bruyne,,7,Belgium,[],"[{'position_id': 17, 'position': 'Right Wing', 'from': '00:00', 'to': '62:22', 'from_period': 1, 'to_period': 2, 'start_reason': 'Starting XI', 'end_reason': 'Tactical Shift'}, {'position_id': 19, 'position': 'Center Attacking Midfield', 'from': '62:22', 'to': '81:15', 'from_period': 2, 'to_period': 2, 'start_reason': 'Tactical Shift', 'end_reason': 'Tactical Shift'}, {'position_id': 11, 'position': 'Left Defensive Midfield', 'from': '81:15', 'to': None, 'from_period': 2, 'to_period': None, 'start_reason': 'Tactical Shift', 'end_reason': 'Final Whistle'}]",3857283,FIFA World Cup,2022
5503,Lionel Andrés Messi Cuccittini,Lionel Messi,10,Argentina,[],"[{'position_id': 22, 'position': 'Right Center Forward', 'from': '00:00', 'to': None, 'from_period': 1, 'to_period': None, 'start_reason': 'Starting XI', 'end_reason': 'Final Whistle'}]",3857300,FIFA World Cup,2022
5463,Luka Modrić,,10,Croatia,"[{'time': '84:03', 'card_type': 'Yellow Card', 'reason': 'Bad Behaviour', 'period': 2}]","[{'position_id': 13, 'position': 'Right Center Midfield', 'from': '00:00', 'to': '85:25', 'from_period': 1, 'to_period': 2, 'start_reason': 'Starting XI', 'end_reason': 'Substitution - Off (Tactical)'}]",3857281,FIFA World Cup,2022
3009,Kylian Mbappé Lottin,Kylian Mbappé,10,France,[],"[{'position_id': 21, 'position': 'Left Wing', 'from': '00:00', 'to': None, 'from_period': 1, 'to_period': None, 'start_reason': 'Starting XI', 'end_reason': 'Final Whistle'}]",3857279,FIFA World Cup,2022
5207,Cristiano Ronaldo dos Santos Aveiro,Cristiano Ronaldo,7,Portugal,[],"[{'position_id': 23, 'position': 'Center Forward', 'from': '00:00', 'to': '64:56', 'from_period': 1, 'to_period': 2, 'start_reason': 'Starting XI', 'end_reason': 'Substitution - Off (Tactical)'}]",3857262,FIFA World Cup,2022
3089,Kevin De Bruyne,,7,Belgium,[],"[{'position_id': 25, 'position': 'Secondary Striker', 'from': '00:00', 'to': '82:14', 'from_period': 1, 'to_period': 2, 'start_reason': 'Starting XI', 'end_reason': 'Tactical Shift'}, {'position_id': 15, 'position': 'Left Center Midfield', 'from': '82:14', 'to': '86:33', 'from_period': 2, 'to_period': 2, 'start_reason': 'Tactical Shift', 'end_reason': 'Tactical Shift'}, {'position_id': 22, 'position': 'Right Center Forward', 'from': '86:33', 'to': None, 'from_period': 2, 'to_period': None, 'start_reason': 'Tactical Shift', 'end_reason': 'Final Whistle'}]",8650,FIFA World Cup,2018
4320,Neymar da Silva Santos Junior,Neymar,10,Brazil,[],"[{'position_id': 21, 'position': 'Left Wing', 'from': '00:00', 'to': '26:52', 'from_period': 1, 'to_period': 1, 'start_reason': 'Starting XI', 'end_reason': 'Player Off'}, {'position_id': 21, 'position': 'Left Wing', 'from': '27:58', 'to': None, 'from_period': 1, 'to_period': None, 'start_reason': 'Player On', 'end_reason': 'Final Whistle'}]",8650,FIFA World Cup,2018
3089,Kevin De Bruyne,,7,Belgium,[],"[{'position_id': 13, 'position': 'Right Center Midfield', 'from': '00:00', 'to': None, 'from_period': 1, 'to_period': None, 'start_reason': 'Starting XI', 'end_reason': 'Final Whistle'}]",7584,FIFA World Cup,2018
5668,Robert Lewandowski,,9,Poland,[],"[{'position_id': 23, 'position': 'Center Forward', 'from': '00:00', 'to': None, 'from_period': 1, 'to_period': None, 'start_reason': 'Starting XI', 'end_reason': 'Final Whistle'}]",7539,FIFA World Cup,2018
3009,Kylian Mbappé Lottin,Kylian Mbappé,10,France,[],"[{'position_id': 17, 'position': 'Right Wing', 'from': '00:00', 'to': '73:44', 'from_period': 1, 'to_period': 2, 'start_reason': 'Starting XI', 'end_reason': 'Substitution - Off (Tactical)'}]",7546,FIFA World Cup,2018
5503,Lionel Andrés Messi Cuccittini,Lionel Messi,10,Argentina,[],"[{'position_id': 18, 'position': 'Right Attacking Midfield', 'from': '00:00', 'to': '57:40', 'from_period': 1, 'to_period': 2, 'start_reason': 'Starting XI', 'end_reason': 'Tactical Shift'}, {'position_id': 19, 'position': 'Center Attacking Midfield', 'from': '57:40', 'to': None, 'from_period': 2, 'to_period': None, 'start_reason': 'Tactical Shift', 'end_reason': 'Final Whistle'}]",7545,FIFA World Cup,2018
5463,Luka Modrić,,10,Croatia,[],"[{'position_id': 13, 'position': 'Right Center Midfield', 'from': '00:00', 'to': None, 'from_period': 1, 'to_period': None, 'start_reason': 'Starting XI', 'end_reason': 'Final Whistle'}]",7545,FIFA World Cup,2018
5668,Robert Lewandowski,,9,Poland,[],"[{'position_id': 23, 'position': 'Center Forward', 'from': '00:00', 'to': None, 'from_period': 1, 'to_period': None, 'start_reason': 'Starting XI', 'end_reason': 'Final Whistle'}]",7572,FIFA World Cup,2018
5463,Luka Modrić,,10,Croatia,[],"[{'position_id': 13, 'position': 'Right Center Midfield', 'from': '00:00', 'to': '64:12', 'from_period': 1, 'to_period': 2, 'start_reason': 'Starting XI', 'end_reason': 'Substitution - Off (Tactical)'}]",7561,FIFA World Cup,2018
5503,Lionel Andrés Messi Cuccittini,Lionel Messi,10,Argentina,[],"[{'position_id': 19, 'position': 'Center Attacking Midfield', 'from': '00:00', 'to': '55:04', 'from_period': 1, 'to_period': 2, 'start_reason': 'Starting XI', 'end_reason': 'Tactical Shift'}, {'position_id': 18, 'position': 'Right Attacking Midfield', 'from': '55:04', 'to': None, 'from_period': 2, 'to_period': None, 'start_reason': 'Tactical Shift', 'end_reason': 'Final Whistle'}]",7531,FIFA World Cup,2018
3089,Kevin De Bruyne,,7,Belgium,[],[],7570,FIFA World Cup,2018
5207,Cristiano Ronaldo dos Santos Aveiro,Cristiano Ronaldo,7,Portugal,"[{'time': '79:48', 'card_type': 'Yellow Card', 'reason': 'Foul Committed', 'period': 2}]","[{'position_id': 24, 'position': 'Left Center Forward', 'from': '00:00', 'to': None, 'from_period': 1, 'to_period': None, 'start_reason': 'Starting XI', 'end_reason': 'Final Whistle'}]",7557,FIFA World Cup,2018
5207,Cristiano Ronaldo dos Santos Aveiro,Cristiano Ronaldo,7,Portugal,[],"[{'position_id': 24, 'position': 'Left Center Forward', 'from': '00:00', 'to': None, 'from_period': 1, 'to_period': None, 'start_reason': 'Starting XI', 'end_reason': 'Final Whistle'}]",7542,FIFA World Cup,2018
5463,Luka Modrić,,10,Croatia,[],"[{'position_id': 18, 'position': 'Right Attacking Midfield', 'from': '00:00', 'to': '117:46', 'from_period': 1, 'to_period': 4, 'start_reason': 'Starting XI', 'end_reason': 'Substitution - Off (Tactical)'}]",8656,FIFA World Cup,2018
4320,Neymar da Silva Santos Junior,Neymar,10,Brazil,"[{'time': '80:26', 'card_type': 'Yellow Card', 'reason': 'Bad Behaviour', 'period': 2}]","[{'position_id': 21, 'position': 'Left Wing', 'from': '00:00', 'to': None, 'from_period': 1, 'to_period': None, 'start_reason': 'Starting XI', 'end_reason': 'Final Whistle'}]",7548,FIFA World Cup,2018
3089,Kevin De Bruyne,,7,Belgium,"[{'time': '87:40', 'card_type': 'Yellow Card', 'reason': 'Foul Committed', 'period': 2}]","[{'position_id': 13, 'position': 'Right Center Midfield', 'from': '00:00', 'to': None, 'from_period': 1, 'to_period': None, 'start_reason': 'Starting XI', 'end_reason': 'Final Whistle'}]",7536,FIFA World Cup,2018
5668,Robert Lewandowski,,9,Poland,[],"[{'position_id': 23, 'position': 'Center Forward', 'from': '00:00', 'to': None, 'from_period': 1, 'to_period': None, 'start_reason': 'Starting XI', 'end_reason': 'Final Whistle'}]",7555,FIFA World Cup,2018
5207,Cristiano Ronaldo dos Santos Aveiro,Cristiano Ronaldo,7,Portugal,[],"[{'position_id': 24, 'position': 'Left Center Forward', 'from': '00:00', 'to': None, 'from_period': 1, 'to_period': None, 'start_reason': 'Starting XI', 'end_reason': 'Final Whistle'}]",7576,FIFA World Cup,2018
4320,Neymar da Silva Santos Junior,Neymar,10,Brazil,[],"[{'position_id': 21, 'position': 'Left Wing', 'from': '00:00', 'to': None, 'from_period': 1, 'to_period': None, 'start_reason': 'Starting XI', 'end_reason': 'Final Whistle'}]",7565,FIFA World Cup,2018
3009,Kylian Mbappé Lottin,Kylian Mbappé,10,France,[],"[{'position_id': 17, 'position': 'Right Wing', 'from': '00:00', 'to': '12:03', 'from_period': 1, 'to_period': 1, 'start_reason': 'Starting XI', 'end_reason': 'Player Off'}, {'position_id': 17, 'position': 'Right Wing', 'from': '13:35', 'to': '88:03', 'from_period': 1, 'to_period': 2, 'start_reason': 'Player On', 'end_reason': 'Substitution - Off (Tactical)'}]",7580,FIFA World Cup,2018
5503,Lionel Andrés Messi Cuccittini,Lionel Messi,10,Argentina,[],"[{'position_id': 23, 'position': 'Center Forward', 'from': '00:00', 'to': '67:14', 'from_period': 1, 'to_period': 2, 'start_reason': 'Starting XI', 'end_reason': 'Tactical Shift'}, {'position_id': 25, 'position': 'Secondary Striker', 'from': '67:14', 'to': None, 'from_period': 2, 'to_period': None, 'start_reason': 'Tactical Shift', 'end_reason': 'Final Whistle'}]",7580,FIFA World Cup,2018
5463,Luka Modrić,,10,Croatia,[],"[{'position_id': 13, 'position': 'Right Center Midfield', 'from': '00:00', 'to': '107:44', 'from_period': 1, 'to_period': 4, 'start_reason': 'Starting XI', 'end_reason': 'Tactical Shift'}, {'position_id': 11, 'position': 'Left Defensive Midfield', 'from': '107:44', 'to': None, 'from_period': 4, 'to_period': None, 'start_reason': 'Tactical Shift', 'end_reason': 'Final Whistle'}]",7581,FIFA World Cup,2018
5463,Luka Modrić,,10,Croatia,[],"[{'position_id': 13, 'position': 'Right Center Midfield', 'from': '00:00', 'to': '61:02', 'from_period': 1, 'to_period': 2, 'start_reason': 'Starting XI', 'end_reason': 'Tactical Shift'}, {'position_id': 19, 'position': 'Center Attacking Midfield', 'from': '61:02', 'to': None, 'from_period': 2, 'to_period': None, 'start_reason': 'Tactical Shift', 'end_reason': 'Final Whistle'}]",7529,FIFA World Cup,2018
3009,Kylian Mbappé Lottin,Kylian Mbappé,10,France,[],"[{'position_id': 17, 'position': 'Right Wing', 'from': '00:00', 'to': None, 'from_period': 1, 'to_period': None, 'start_reason': 'Starting XI', 'end_reason': 'Final Whistle'}]",7530,FIFA World Cup,2018
4320,Neymar da Silva Santos Junior,Neymar,10,Brazil,[],"[{'position_id': 22, 'position': 'Right Center Forward', 'from': '00:00', 'to': '81:08', 'from_period': 1, 'to_period': 2, 'start_reason': 'Starting XI', 'end_reason': 'Tactical Shift'}, {'position_id': 23, 'position': 'Center Forward', 'from': '81:08', 'to': None, 'from_period': 2, 'to_period': None, 'start_reason': 'Tactical Shift', 'end_reason': 'Final Whistle'}]",7583,FIFA World Cup,2018
3009,Kylian Mbappé Lottin,Kylian Mbappé,10,France,"[{'time': '68:12', 'card_type': 'Yellow Card', 'reason': 'Bad Behaviour', 'period': 2}]","[{'position_id': 17, 'position': 'Right Wing', 'from': '00:00', 'to': '87:15', 'from_period': 1, 'to_period': 2, 'start_reason': 'Starting XI', 'end_reason': 'Substitution - Off (Tactical)'}]",8649,FIFA World Cup,2018
3009,Kylian Mbappé Lottin,Kylian Mbappé,10,France,[],"[{'position_id': 12, 'position': 'Right Midfield', 'from': '00:00', 'to': '81:11', 'from_period': 1, 'to_period': 2, 'start_reason': 'Starting XI', 'end_reason': 'Tactical Shift'}, {'position_id': 22, 'position': 'Right Center Forward', 'from': '81:11', 'to': None, 'from_period': 2, 'to_period': None, 'start_reason': 'Tactical Shift', 'end_reason': 'Final Whistle'}]",8658,FIFA World Cup,2018
5463,Luka Modrić,,10,Croatia,[],"[{'position_id': 13, 'position': 'Right Center Midfield', 'from': '00:00', 'to': None, 'from_period': 1, 'to_period': None, 'start_reason': 'Starting XI', 'end_reason': 'Final Whistle'}]",8658,FIFA World Cup,2018
3089,Kevin De Bruyne,,7,Belgium,[],"[{'position_id': 13, 'position': 'Right Center Midfield', 'from': '00:00', 'to': '58:17', 'from_period': 1, 'to_period': 2, 'start_reason': 'Starting XI', 'end_reason': 'Tactical Shift'}, {'position_id': 15, 'position': 'Left Center Midfield', 'from': '58:17', 'to': '85:37', 'from_period': 2, 'to_period': 2, 'start_reason': 'Tactical Shift', 'end_reason': 'Tactical Shift'}, {'position_id': 20, 'position': 'Left Attacking Midfield', 'from': '85:37', 'to': None, 'from_period': 2, 'to_period': None, 'start_reason': 'Tactical Shift', 'end_reason': 'Final Whistle'}]",7552,FIFA World Cup,2018
4320,Neymar da Silva Santos Junior,Neymar,10,Brazil,[],"[{'position_id': 21, 'position': 'Left Wing', 'from': '00:00', 'to': None, 'from_period': 1, 'to_period': None, 'start_reason': 'Starting XI', 'end_reason': 'Final Whistle'}]",7533,FIFA World Cup,2018
5503,Lionel Andrés Messi Cuccittini,Lionel Messi,10,Argentina,"[{'time': '93:29', 'card_type': 'Yellow Card', 'reason': 'Bad Behaviour', 'period': 2}]","[{'position_id': 22, 'position': 'Right Center Forward', 'from': '00:00', 'to': '84:29', 'from_period': 1, 'to_period': 2, 'start_reason': 'Starting XI', 'end_reason': 'Tactical Shift'}, {'position_id': 18, 'position': 'Right Attacking Midfield', 'from': '84:29', 'to': '86:04', 'from_period': 2, 'to_period': 2, 'start_reason': 'Tactical Shift', 'end_reason': 'Tactical Shift'}, {'position_id': 22, 'position': 'Right Center Forward', 'from': '86:04', 'to': None, 'from_period': 2, 'to_period': None, 'start_reason': 'Tactical Shift', 'end_reason': 'Final Whistle'}]",7564,FIFA World Cup,2018
5207,Cristiano Ronaldo dos Santos Aveiro,Cristiano Ronaldo,7,Portugal,"[{'time': '92:53', 'card_type': 'Yellow Card', 'reason': 'Bad Behaviour', 'period': 2}]","[{'position_id': 24, 'position': 'Left Center Forward', 'from': '00:00', 'to': '73:16', 'from_period': 1, 'to_period': 2, 'start_reason': 'Starting XI', 'end_reason': 'Tactical Shift'}, {'position_id': 21, 'position': 'Left Wing', 'from': '73:16', 'to': None, 'from_period': 2, 'to_period': None, 'start_reason': 'Tactical Shift', 'end_reason': 'Final Whistle'}]",7579,FIFA World Cup,2018
3009,Kylian Mbappé Lottin,Kylian Mbappé,10,France,"[{'time': '91:59', 'card_type': 'Yellow Card', 'reason': 'Bad Behaviour', 'period': 2}]","[{'position_id': 17, 'position': 'Right Wing', 'from': '00:00', 'to': '84:22', 'from_period': 1, 'to_period': 2, 'start_reason': 'Starting XI', 'end_reason': 'Tactical Shift'}, {'position_id': 22, 'position': 'Right Center Forward', 'from': '84:22', 'to': None, 'from_period': 2, 'to_period': None, 'start_reason': 'Tactical Shift', 'end_reason': 'Final Whistle'}]",8655,FIFA World Cup,2018
3089,Kevin De Bruyne,,7,Belgium,[],"[{'position_id': 17, 'position': 'Right Wing', 'from': '00:00', 'to': '59:32', 'from_period': 1, 'to_period': 2, 'start_reason': 'Starting XI', 'end_reason': 'Tactical Shift'}, {'position_id': 19, 'position': 'Center Attacking Midfield', 'from': '59:32', 'to': None, 'from_period': 2, 'to_period': None, 'start_reason': 'Tactical Shift', 'end_reason': 'Final Whistle'}]",8655,FIFA World Cup,2018
3089,Kevin De Bruyne,,7,Belgium,[],"[{'position_id': 17, 'position': 'Right Wing', 'from': '00:00', 'to': None, 'from_period': 1, 'to_period': None, 'start_reason': 'Starting XI', 'end_reason': 'Final Whistle'}]",8657,FIFA World Cup,2018
5463,Luka Modrić,,10,Croatia,[],"[{'position_id': 9, 'position': 'Right Defensive Midfield', 'from': '00:00', 'to': '96:20', 'from_period': 1, 'to_period': 3, 'start_reason': 'Starting XI', 'end_reason': 'Tactical Shift'}, {'position_id': 12, 'position': 'Right Midfield', 'from': '96:20', 'to': None, 'from_period': 3, 'to_period': None, 'start_reason': 'Tactical Shift', 'end_reason': 'Final Whistle'}]",8652,FIFA World Cup,2018
3009,Kylian Mbappé Lottin,Kylian Mbappé,10,France,[],"[{'position_id': 17, 'position': 'Right Wing', 'from': '77:34', 'to': None, 'from_period': 2, 'to_period': None, 'start_reason': 'Substitution - On (Tactical)', 'end_reason': 'Final Whistle'}]",7563,FIFA World Cup,2018
5503,Lionel Andrés Messi Cuccittini,Lionel Messi,10,Argentina,"[{'time': '39:05', 'card_type': 'Yellow Card', 'reason': 'Bad Behaviour', 'period': 1}]","[{'position_id': 19, 'position': 'Center Attacking Midfield', 'from': '00:00', 'to': None, 'from_period': 1, 'to_period': None, 'start_reason': 'Starting XI', 'end_reason': 'Final Whistle'}]",3773386,La Liga,2020/2021
5503,Lionel Andrés Messi Cuccittini,Lionel Messi,10,Argentina,[],"[{'position_id': 23, 'position': 'Center Forward', 'from': '00:00', 'to': '64:33', 'from_period': 1, 'to_period': 2, 'start_reason': 'Starting XI', 'end_reason': 'Substitution - Off (Tactical)'}]",3773565,La Liga,2020/2021
5503,Lionel Andrés Messi Cuccittini,Lionel Messi,10,Argentina,[],"[{'position_id': 24, 'position': 'Left Center Forward', 'from': '00:00', 'to': None, 'from_period': 1, 'to_period': None, 'start_reason': 'Starting XI', 'end_reason': 'Final Whistle'}]",3773457,La Liga,2020/2021
5503,Lionel Andrés Messi Cuccittini,Lionel Messi,10,Argentina,[],"[{'position_id': 15, 'position': 'Left Center Midfield', 'from': '56:33', 'to': '56:57', 'from_period': 2, 'to_period': 2, 'start_reason': 'Substitution - On (Tactical)', 'end_reason': 'Tactical Shift'}, {'position_id': 19, 'position': 'Center Attacking Midfield', 'from': '56:57', 'to': None, 'from_period': 2, 'to_period': None, 'start_reason': 'Tactical Shift', 'end_reason': 'Final Whistle'}]",3773631,La Liga,2020/2021
5503,Lionel Andrés Messi Cuccittini,Lionel Messi,10,Argentina,[],"[{'position_id': 22, 'position': 'Right Center Forward', 'from': '00:00', 'to': '45:00', 'from_period': 1, 'to_period': 2, 'start_reason': 'Starting XI', 'end_reason': 'Tactical Shift'}, {'position_id': 23, 'position': 'Center Forward', 'from': '45:00', 'to': None, 'from_period': 2, 'to_period': None, 'start_reason': 'Tactical Shift', 'end_reason': 'Final Whistle'}]",3773665,La Liga,2020/2021
5463,Luka Modrić,,10,Croatia,[],"[{'position_id': 13, 'position': 'Right Center Midfield', 'from': '00:00', 'to': None, 'from_period': 1, 'to_period': None, 'start_reason': 'Starting XI', 'end_reason': 'Final Whistle'}]",3773497,La Liga,2020/2021
5503,Lionel Andrés Messi Cuccittini,Lionel Messi,10,Argentina,[],"[{'position_id': 17, 'position': 'Right Wing', 'from': '00:00', 'to': '49:31', 'from_period': 1, 'to_period': 2, 'start_reason': 'Starting XI', 'end_reason': 'Tactical Shift'}, {'position_id': 22, 'position': 'Right Center Forward', 'from': '49:31', 'to': None, 'from_period': 2, 'to_period': None, 'start_reason': 'Tactical Shift', 'end_reason': 'Final Whistle'}]",3773497,La Liga,2020/2021
5503,Lionel Andrés Messi Cuccittini,Lionel Messi,10,Argentina,[],"[{'position_id': 23, 'position': 'Center Forward', 'from': '00:00', 'to': '45:00', 'from_period': 1, 'to_period': 2, 'start_reason': 'Starting XI', 'end_reason': 'Tactical Shift'}, {'position_id': 17, 'position': 'Right Wing', 'from': '45:00', 'to': None, 'from_period': 2, 'to_period': None, 'start_reason': 'Tactical Shift', 'end_reason': 'Final Whistle'}]",3773660,La Liga,2020/2021
5503,Lionel Andrés Messi Cuccittini,Lionel Messi,10,Argentina,[],"[{'position_id': 23, 'position': 'Center Forward', 'from': '00:00', 'to': None, 'from_period': 1, 'to_period': None, 'start_reason': 'Starting XI', 'end_reason': 'Final Whistle'}]",3773593,La Liga,2020/2021
5503,Lionel Andrés Messi Cuccittini,Lionel Messi,10,Argentina,[],"[{'position_id': 23, 'position': 'Center Forward', 'from': '00:00', 'to': '48:09', 'from_period': 1, 'to_period': 1, 'start_reason': 'Starting XI', 'end_reason': 'Tactical Shift'}, {'position_id': 17, 'position': 'Right Wing', 'from': '48:09', 'to': '73:26', 'from_period': 1, 'to_period': 2, 'start_reason': 'Tactical Shift', 'end_reason': 'Tactical Shift'}, {'position_id': 23, 'position': 'Center Forward', 'from': '73:26', 'to': None, 'from_period': 2, 'to_period': None, 'start_reason': 'Tactical Shift', 'end_reason': 'Final Whistle'}]",3773466,La Liga,2020/2021
5503,Lionel Andrés Messi Cuccittini,Lionel Messi,10,Argentina,"[{'time': '91:54', 'card_type': 'Yellow Card', 'reason': 'Bad Behaviour', 'period': 2}]","[{'position_id': 24, 'position': 'Left Center Forward', 'from': '00:00', 'to': None, 'from_period': 1, 'to_period': None, 'start_reason': 'Starting XI', 'end_reason': 'Final Whistle'}]",3773585,La Liga,2020/2021
5463,Luka Modrić,,10,Croatia,[],"[{'position_id': 13, 'position': 'Right Center Midfield', 'from': '68:28', 'to': None, 'from_period': 2, 'to_period': None, 'start_reason': 'Substitution - On (Injury)', 'end_reason': 'Final Whistle'}]",3773585,La Liga,2020/2021
5503,Lionel Andrés Messi Cuccittini,Lionel Messi,10,Argentina,[],"[{'position_id': 17, 'position': 'Right Wing', 'from': '00:00', 'to': None, 'from_period': 1, 'to_period': None, 'start_reason': 'Starting XI', 'end_reason': 'Final Whistle'}]",3773552,La Liga,2020/2021
5503,Lionel Andrés Messi Cuccittini,Lionel Messi,10,Argentina,[],"[{'position_id': 23, 'position': 'Center Forward', 'from': '00:00', 'to': None, 'from_period': 1, 'to_period': None, 'start_reason': 'Starting XI', 'end_reason': 'Final Whistle'}]",3773672,La Liga,2020/2021
5503,Lionel Andrés Messi Cuccittini,Lionel Messi,10,Argentina,[],"[{'position_id': 17, 'position': 'Right Wing', 'from': '00:00', 'to': '79:42', 'from_period': 1, 'to_period': 2, 'start_reason': 'Starting XI', 'end_reason': 'Tactical Shift'}, {'position_id': 19, 'position': 'Center Attacking Midfield', 'from': '79:42', 'to': None, 'from_period': 2, 'to_period': None, 'start_reason': 'Tactical Shift', 'end_reason': 'Final Whistle'}]",3773587,La Liga,2020/2021
5503,Lionel Andrés Messi Cuccittini,Lionel Messi,10,Argentina,[],"[{'position_id': 19, 'position': 'Center Attacking Midfield', 'from': '00:00', 'to': '83:33', 'from_period': 1, 'to_period': 2, 'start_reason': 'Starting XI', 'end_reason': 'Tactical Shift'}, {'position_id': 13, 'position': 'Right Center Midfield', 'from': '83:33', 'to': None, 'from_period': 2, 'to_period': None, 'start_reason': 'Tactical Shift', 'end_reason': 'Final Whistle'}]",3773656,La Liga,2020/2021
5503,Lionel Andrés Messi Cuccittini,Lionel Messi,10,Argentina,[],"[{'position_id': 23, 'position': 'Center Forward', 'from': '00:00', 'to': '45:00', 'from_period': 1, 'to_period': 2, 'start_reason': 'Starting XI', 'end_reason': 'Tactical Shift'}, {'position_id': 17, 'position': 'Right Wing', 'from': '45:00', 'to': '72:48', 'from_period': 2, 'to_period': 2, 'start_reason': 'Tactical Shift', 'end_reason': 'Tactical Shift'}, {'position_id': 19, 'position': 'Center Attacking Midfield', 'from': '72:48', 'to': '78:22', 'from_period': 2, 'to_period': 2, 'start_reason': 'Tactical Shift', 'end_reason': 'Tactical Shift'}, {'position_id': 23, 'position': 'Center Forward', 'from': '78:22', 'to': None, 'from_period': 2, 'to_period': None, 'start_reason': 'Tactical Shift', 'end_reason': 'Final Whistle'}]",3773377,La Liga,2020/2021
5503,Lionel Andrés Messi Cuccittini,Lionel Messi,10,Argentina,[],"[{'position_id': 22, 'position': 'Right Center Forward', 'from': '00:00', 'to': '73:06', 'from_period': 1, 'to_period': 2, 'start_reason': 'Starting XI', 'end_reason': 'Tactical Shift'}, {'position_id': 23, 'position': 'Center Forward', 'from': '73:06', 'to': '80:21', 'from_period': 2, 'to_period': 2, 'start_reason': 'Tactical Shift', 'end_reason': 'Tactical Shift'}, {'position_id': 19, 'position': 'Center Attacking Midfield', 'from': '80:21', 'to': None, 'from_period': 2, 'to_period': None, 'start_reason': 'Tactical Shift', 'end_reason': 'Final Whistle'}]",3773586,La Liga,2020/2021
5503,Lionel Andrés Messi Cuccittini,Lionel Messi,10,Argentina,[],"[{'position_id': 22, 'position': 'Right Center Forward', 'from': '00:00', 'to': '76:26', 'from_period': 1, 'to_period': 2, 'start_reason': 'Starting XI', 'end_reason': 'Tactical Shift'}, {'position_id': 23, 'position': 'Center Forward', 'from': '76:26', 'to': None, 'from_period': 2, 'to_period': None, 'start_reason': 'Tactical Shift', 'end_reason': 'Final Whistle'}]",3773372,La Liga,2020/2021
5503,Lionel Andrés Messi Cuccittini,Lionel Messi,10,Argentina,[],"[{'position_id': 24, 'position': 'Left Center Forward', 'from': '00:00', 'to': '03:34', 'from_period': 1, 'to_period': 1, 'start_reason': 'Starting XI', 'end_reason': 'Tactical Shift'}, {'position_id': 22, 'position': 'Right Center Forward', 'from': '03:34', 'to': None, 'from_period': 1, 'to_period': None, 'start_reason': 'Tactical Shift', 'end_reason': 'Final Whistle'}]",3773387,La Liga,2020/2021
5503,Lionel Andrés Messi Cuccittini,Lionel Messi,10,Argentina,[],"[{'position_id': 22, 'position': 'Right Center Forward', 'from': '00:00', 'to': None, 'from_period': 1, 'to_period': None, 'start_reason': 'Starting XI', 'end_reason': 'Final Whistle'}]",3773695,La Liga,2020/2021
5503,Lionel Andrés Messi Cuccittini,Lionel Messi,10,Argentina,[],"[{'position_id': 18, 'position': 'Right Attacking Midfield', 'from': '00:00', 'to': None, 'from_period': 1, 'to_period': None, 'start_reason': 'Starting XI', 'end_reason': 'Final Whistle'}]",3773369,La Liga,2020/2021
5503,Lionel Andrés Messi Cuccittini,Lionel Messi,10,Argentina,[],"[{'position_id': 22, 'position': 'Right Center Forward', 'from': '00:00', 'to': None, 'from_period': 1, 'to_period': None, 'start_reason': 'Starting XI', 'end_reason': 'Final Whistle'}]",3773661,La Liga,2020/2021
5503,Lionel Andrés Messi Cuccittini,Lionel Messi,10,Argentina,[],"[{'position_id': 18, 'position': 'Right Attacking Midfield', 'from': '00:00', 'to': '84:14', 'from_period': 1, 'to_period': 2, 'start_reason': 'Starting XI', 'end_reason': 'Tactical Shift'}, {'position_id': 22, 'position': 'Right Center Forward', 'from': '84:14', 'to': None, 'from_period': 2, 'to_period': None, 'start_reason': 'Tactical Shift', 'end_reason': 'Final Whistle'}]",3773597,La Liga,2020/2021
5503,Lionel Andrés Messi Cuccittini,Lionel Messi,10,Argentina,[],"[{'position_id': 23, 'position': 'Center Forward', 'from': '00:00', 'to': None, 'from_period': 1, 'to_period': None, 'start_reason': 'Starting XI', 'end_reason': 'Final Whistle'}]",3773523,La Liga,2020/2021
5503,Lionel Andrés Messi Cuccittini,Lionel Messi,10,Argentina,[],"[{'position_id': 18, 'position': 'Right Attacking Midfield', 'from': '00:00', 'to': None, 'from_period': 1, 'to_period': None, 'start_reason': 'Starting XI', 'end_reason': 'Final Whistle'}]",3773571,La Liga,2020/2021
5503,Lionel Andrés Messi Cuccittini,Lionel Messi,10,Argentina,[],"[{'position_id': 17, 'position': 'Right Wing', 'from': '00:00', 'to': None, 'from_period': 1, 'to_period': None, 'start_reason': 'Starting XI', 'end_reason': 'Final Whistle'}]",3773428,La Liga,2020/2021
5503,Lionel Andrés Messi Cuccittini,Lionel Messi,10,Argentina,[],"[{'position_id': 23, 'position': 'Center Forward', 'from': '00:00', 'to': None, 'from_period': 1, 'to_period': None, 'start_reason': 'Starting XI', 'end_reason': 'Final Whistle'}]",3764661,La Liga,2020/2021
5503,Lionel Andrés Messi Cuccittini,Lionel Messi,10,Argentina,[],"[{'position_id': 23, 'position': 'Center Forward', 'from': '00:00', 'to': None, 'from_period': 1, 'to_period': None, 'start_reason': 'Starting XI', 'end_reason': 'Final Whistle'}]",3773526,La Liga,2020/2021
5503,Lionel Andrés Messi Cuccittini,Lionel Messi,10,Argentina,[],"[{'position_id': 18, 'position': 'Right Attacking Midfield', 'from': '00:00', 'to': '45:00', 'from_period': 1, 'to_period': 2, 'start_reason': 'Starting XI', 'end_reason': 'Tactical Shift'}, {'position_id': 12, 'position': 'Right Midfield', 'from': '45:00', 'to': '63:38', 'from_period': 2, 'to_period': 2, 'start_reason': 'Tactical Shift', 'end_reason': 'Tactical Shift'}, {'position_id': 17, 'position': 'Right Wing', 'from': '63:38', 'to': None, 'from_period': 2, 'to_period': None, 'start_reason': 'Tactical Shift', 'end_reason': 'Final Whistle'}]",3773474,La Liga,2020/2021
5503,Lionel Andrés Messi Cuccittini,Lionel Messi,10,Argentina,"[{'time': '40:58', 'card_type': 'Yellow Card', 'reason': 'Foul Committed', 'period': 1}]","[{'position_id': 22, 'position': 'Right Center Forward', 'from': '00:00', 'to': None, 'from_period': 1, 'to_period': None, 'start_reason': 'Starting XI', 'end_reason': 'Final Whistle'}]",3773625,La Liga,2020/2021
5503,Lionel Andrés Messi Cuccittini,Lionel Messi,10,Argentina,[],"[{'position_id': 23, 'position': 'Center Forward', 'from': '00:00', 'to': None, 'from_period': 1, 'to_period': None, 'start_reason': 'Starting XI', 'end_reason': 'Final Whistle'}]",3773403,La Liga,2020/2021
5503,Lionel Andrés Messi Cuccittini,Lionel Messi,10,Argentina,"[{'time': '73:16', 'card_type': 'Yellow Card', 'reason': 'Bad Behaviour', 'period': 2}]","[{'position_id': 17, 'position': 'Right Wing', 'from': '00:00', 'to': '61:44', 'from_period': 1, 'to_period': 2, 'start_reason': 'Starting XI', 'end_reason': 'Tactical Shift'}, {'position_id': 23, 'position': 'Center Forward', 'from': '61:44', 'to': None, 'from_period': 2, 'to_period': None, 'start_reason': 'Tactical Shift', 'end_reason': 'Final Whistle'}]",3773547,La Liga,2020/2021
5503,Lionel Andrés Messi Cuccittini,Lionel Messi,10,Argentina,[],"[{'position_id': 23, 'position': 'Center Forward', 'from': '00:00', 'to': '64:39', 'from_period': 1, 'to_period': 2, 'start_reason': 'Starting XI', 'end_reason': 'Tactical Shift'}, {'position_id': 21, 'position': 'Left Wing', 'from': '64:39', 'to': '74:14', 'from_period': 2, 'to_period': 2, 'start_reason': 'Tactical Shift', 'end_reason': 'Tactical Shift'}, {'position_id': 19, 'position': 'Center Attacking Midfield', 'from': '74:14', 'to': '80:53', 'from_period': 2, 'to_period': 2, 'start_reason': 'Tactical Shift', 'end_reason': 'Tactical Shift'}, {'position_id': 21, 'position': 'Left Wing', 'from': '80:53', 'to': None, 'from_period': 2, 'to_period': None, 'start_reason': 'Tactical Shift', 'end_reason': 'Final Whistle'}]",3773415,La Liga,2020/2021
5503,Lionel Andrés Messi Cuccittini,Lionel Messi,10,Argentina,[],"[{'position_id': 23, 'position': 'Center Forward', 'from': '00:00', 'to': '45:00', 'from_period': 1, 'to_period': 2, 'start_reason': 'Starting XI', 'end_reason': 'Tactical Shift'}, {'position_id': 19, 'position': 'Center Attacking Midfield', 'from': '45:00', 'to': None, 'from_period': 2, 'to_period': None, 'start_reason': 'Tactical Shift', 'end_reason': 'Final Whistle'}]",3764440,La Liga,2020/2021
5503,Lionel Andrés Messi Cuccittini,Lionel Messi,10,Argentina,[],"[{'position_id': 22, 'position': 'Right Center Forward', 'from': '00:00', 'to': None, 'from_period': 1, 'to_period': None, 'start_reason': 'Starting XI', 'end_reason': 'Final Whistle'}]",3773689,La Liga,2020/2021
5503,Lionel Andrés Messi Cuccittini,Lionel Messi,10,Argentina,[],"[{'position_id': 22, 'position': 'Right Center Forward', 'from': '45:00', 'to': '45:00', 'from_period': 2, 'to_period': 2, 'start_reason': 'Tactical Shift', 'end_reason': 'Substitution - On (Injury)'}, {'position_id': 24, 'position': 'Left Center Forward', 'from': '45:00', 'to': None, 'from_period': 2, 'to_period': None, 'start_reason': 'Substitution - On (Injury)', 'end_reason': 'Final Whistle'}]",3773477,La Liga,2020/2021
5503,Lionel Andrés Messi Cuccittini,Lionel Messi,10,Argentina,[],"[{'position_id': 17, 'position': 'Right Wing', 'from': '00:00', 'to': None, 'from_period': 1, 'to_period': None, 'start_reason': 'Starting XI', 'end_reason': 'Final Whistle'}]",303731,La Liga,2019/2020
5503,Lionel Andrés Messi Cuccittini,Lionel Messi,10,Argentina,[],"[{'position_id': 17, 'position': 'Right Wing', 'from': '00:00', 'to': None, 'from_period': 1, 'to_period': None, 'start_reason': 'Starting XI', 'end_reason': 'Final Whistle'}]",303532,La Liga,2019/2020
5503,Lionel Andrés Messi Cuccittini,Lionel Messi,10,Argentina,[],"[{'position_id': 17, 'position': 'Right Wing', 'from': '00:00', 'to': None, 'from_period': 1, 'to_period': None, 'start_reason': 'Starting XI', 'end_reason': 'Final Whistle'}]",303516,La Liga,2019/2020
5463,Luka Modrić,,10,Croatia,[],"[{'position_id': 13, 'position': 'Right Center Midfield', 'from': '79:21', 'to': None, 'from_period': 2, 'to_period': None, 'start_reason': 'Substitution - On (Tactical)', 'end_reason': 'Final Whistle'}]",303596,La Liga,2019/2020
5503,Lionel Andrés Messi Cuccittini,Lionel Messi,10,Argentina,[],"[{'position_id': 17, 'position': 'Right Wing', 'from': '00:00', 'to': None, 'from_period': 1, 'to_period': None, 'start_reason': 'Starting XI', 'end_reason': 'Final Whistle'}]",303596,La Liga,2019/2020
5503,Lionel Andrés Messi Cuccittini,Lionel Messi,10,Argentina,[],"[{'position_id': 17, 'position': 'Right Wing', 'from': '00:00', 'to': '28:25', 'from_period': 1, 'to_period': 1, 'start_reason': 'Starting XI', 'end_reason': 'Player Off'}, {'position_id': 17, 'position': 'Right Wing', 'from': '31:13', 'to': '45:00', 'from_period': 1, 'to_period': 2, 'start_reason': 'Player On', 'end_reason': 'Substitution - Off (Injury)'}]",303430,La Liga,2019/2020
5503,Lionel Andrés Messi Cuccittini,Lionel Messi,10,Argentina,[],"[{'position_id': 19, 'position': 'Center Attacking Midfield', 'from': '00:00', 'to': '59:26', 'from_period': 1, 'to_period': 2, 'start_reason': 'Starting XI', 'end_reason': 'Tactical Shift'}, {'position_id': 22, 'position': 'Right Center Forward', 'from': '59:26', 'to': '72:23', 'from_period': 2, 'to_period': 2, 'start_reason': 'Tactical Shift', 'end_reason': 'Tactical Shift'}, {'position_id': 17, 'position': 'Right Wing', 'from': '72:23', 'to': None, 'from_period': 2, 'to_period': None, 'start_reason': 'Tactical Shift', 'end_reason': 'Final Whistle'}]",303725,La Liga,2019/2020
5503,Lionel Andrés Messi Cuccittini,Lionel Messi,10,Argentina,[],"[{'position_id': 17, 'position': 'Right Wing', 'from': '00:00', 'to': '39:59', 'from_period': 1, 'to_period': 1, 'start_reason': 'Starting XI', 'end_reason': 'Tactical Shift'}, {'position_id': 23, 'position': 'Center Forward', 'from': '39:59', 'to': '66:09', 'from_period': 1, 'to_period': 2, 'start_reason': 'Tactical Shift', 'end_reason': 'Tactical Shift'}, {'position_id': 19, 'position': 'Center Attacking Midfield', 'from': '66:09', 'to': None, 'from_period': 2, 'to_period': None, 'start_reason': 'Tactical Shift', 'end_reason': 'Final Whistle'}]",303504,La Liga,2019/2020
5503,Lionel Andrés Messi Cuccittini,Lionel Messi,10,Argentina,[],"[{'position_id': 17, 'position': 'Right Wing', 'from': '00:00', 'to': None, 'from_period': 1, 'to_period': None, 'start_reason': 'Starting XI', 'end_reason': 'Final Whistle'}]",303451,La Liga,2019/2020
5503,Lionel Andrés Messi Cuccittini,Lionel Messi,10,Argentina,[],"[{'position_id': 17, 'position': 'Right Wing', 'from': '00:00', 'to': None, 'from_period': 1, 'to_period': None, 'start_reason': 'Starting XI', 'end_reason': 'Final Whistle'}]",303664,La Liga,2019/2020
5503,Lionel Andrés Messi Cuccittini,Lionel Messi,10,Argentina,[],"[{'position_id': 17, 'position': 'Right Wing', 'from': '00:00', 'to': '70:02', 'from_period': 1, 'to_period': 2, 'start_reason': 'Starting XI', 'end_reason': 'Tactical Shift'}, {'position_id': 23, 'position': 'Center Forward', 'from': '70:02', 'to': None, 'from_period': 2, 'to_period': None, 'start_reason': 'Tactical Shift', 'end_reason': 'Final Whistle'}]",303682,La Liga,2019/2020
5503,Lionel Andrés Messi Cuccittini,Lionel Messi,10,Argentina,[],"[{'position_id': 22, 'position': 'Right Center Forward', 'from': '00:00', 'to': None, 'from_period': 1, 'to_period': None, 'start_reason': 'Starting XI', 'end_reason': 'Final Whistle'}]",303400,La Liga,2019/2020
5503,Lionel Andrés Messi Cuccittini,Lionel Messi,10,Argentina,[],"[{'position_id': 17, 'position': 'Right Wing', 'from': '00:00', 'to': None, 'from_period': 1, 'to_period': None, 'start_reason': 'Starting XI', 'end_reason': 'Final Whistle'}]",303634,La Liga,2019/2020
5503,Lionel Andrés Messi Cuccittini,Lionel Messi,10,Argentina,[],"[{'position_id': 17, 'position': 'Right Wing', 'from': '00:00', 'to': None, 'from_period': 1, 'to_period': None, 'start_reason': 'Starting XI', 'end_reason': 'Final Whistle'}]",303421,La Liga,2019/2020
5503,Lionel Andrés Messi Cuccittini,Lionel Messi,10,Argentina,[],"[{'position_id': 17, 'position': 'Right Wing', 'from': '00:00', 'to': None, 'from_period': 1, 'to_period': None, 'start_reason': 'Starting XI', 'end_reason': 'Final Whistle'}]",303493,La Liga,2019/2020
5503,Lionel Andrés Messi Cuccittini,Lionel Messi,10,Argentina,[],"[{'position_id': 22, 'position': 'Right Center Forward', 'from': '00:00', 'to': None, 'from_period': 1, 'to_period': None, 'start_reason': 'Starting XI', 'end_reason': 'Final Whistle'}]",303680,La Liga,2019/2020
5503,Lionel Andrés Messi Cuccittini,Lionel Messi,10,Argentina,"[{'time': '41:17', 'card_type': 'Yellow Card', 'reason': 'Foul Committed', 'period': 1}]","[{'position_id': 23, 'position': 'Center Forward', 'from': '00:00', 'to': None, 'from_period': 1, 'to_period': None, 'start_reason': 'Starting XI', 'end_reason': 'Final Whistle'}]",303479,La Liga,2019/2020
5503,Lionel Andrés Messi Cuccittini,Lionel Messi,10,Argentina,[],"[{'position_id': 19, 'position': 'Center Attacking Midfield', 'from': '00:00', 'to': None, 'from_period': 1, 'to_period': None, 'start_reason': 'Starting XI', 'end_reason': 'Final Whistle'}]",303615,La Liga,2019/2020
5503,Lionel Andrés Messi Cuccittini,Lionel Messi,10,Argentina,"[{'time': '60:02', 'card_type': 'Yellow Card', 'reason': 'Bad Behaviour', 'period': 2}]","[{'position_id': 22, 'position': 'Right Center Forward', 'from': '00:00', 'to': None, 'from_period': 1, 'to_period': None, 'start_reason': 'Starting XI', 'end_reason': 'Final Whistle'}]",303696,La Liga,2019/2020
5503,Lionel Andrés Messi Cuccittini,Lionel Messi,10,Argentina,"[{'time': '39:51', 'card_type': 'Yellow Card', 'reason': 'Foul Committed', 'period': 1}]","[{'position_id': 17, 'position': 'Right Wing', 'from': '00:00', 'to': '45:27', 'from_period': 1, 'to_period': 2, 'start_reason': 'Starting XI', 'end_reason': 'Tactical Shift'}, {'position_id': 23, 'position': 'Center Forward', 'from': '45:27', 'to': '72:54', 'from_period': 2, 'to_period': 2, 'start_reason': 'Tactical Shift', 'end_reason': 'Tactical Shift'}, {'position_id': 17, 'position': 'Right Wing', 'from': '72:54', 'to': None, 'from_period': 2, 'to_period': None, 'start_reason': 'Tactical Shift', 'end_reason': 'Final Whistle'}]",303487,La Liga,2019/2020
5503,Lionel Andrés Messi Cuccittini,Lionel Messi,10,Argentina,[],"[{'position_id': 17, 'position': 'Right Wing', 'from': '00:00', 'to': None, 'from_period': 1, 'to_period': None, 'start_reason': 'Starting XI', 'end_reason': 'Final Whistle'}]",303600,La Liga,2019/2020
5503,Lionel Andrés Messi Cuccittini,Lionel Messi,10,Argentina,[],"[{'position_id': 17, 'position': 'Right Wing', 'from': '00:00', 'to': None, 'from_period': 1, 'to_period': None, 'start_reason': 'Starting XI', 'end_reason': 'Final Whistle'}]",303548,La Liga,2019/2020
5503,Lionel Andrés Messi Cuccittini,Lionel Messi,10,Argentina,[],"[{'position_id': 17, 'position': 'Right Wing', 'from': '00:00', 'to': '80:03', 'from_period': 1, 'to_period': 2, 'start_reason': 'Starting XI', 'end_reason': 'Tactical Shift'}, {'position_id': 12, 'position': 'Right Midfield', 'from': '80:03', 'to': None, 'from_period': 2, 'to_period': None, 'start_reason': 'Tactical Shift', 'end_reason': 'Final Whistle'}]",303652,La Liga,2019/2020
5503,Lionel Andrés Messi Cuccittini,Lionel Messi,10,Argentina,[],"[{'position_id': 22, 'position': 'Right Center Forward', 'from': '00:00', 'to': None, 'from_period': 1, 'to_period': None, 'start_reason': 'Starting XI', 'end_reason': 'Final Whistle'}]",303674,La Liga,2019/2020
5463,Luka Modrić,,10,Croatia,[],"[{'position_id': 13, 'position': 'Right Center Midfield', 'from': '78:23', 'to': None, 'from_period': 2, 'to_period': None, 'start_reason': 'Substitution - On (Tactical)', 'end_reason': 'Final Whistle'}]",303470,La Liga,2019/2020
5503,Lionel Andrés Messi Cuccittini,Lionel Messi,10,Argentina,"[{'time': '84:48', 'card_type': 'Yellow Card', 'reason': 'Foul Committed', 'period': 2}]","[{'position_id': 22, 'position': 'Right Center Forward', 'from': '00:00', 'to': '70:01', 'from_period': 1, 'to_period': 2, 'start_reason': 'Starting XI', 'end_reason': 'Tactical Shift'}, {'position_id': 23, 'position': 'Center Forward', 'from': '70:01', 'to': None, 'from_period': 2, 'to_period': None, 'start_reason': 'Tactical Shift', 'end_reason': 'Final Whistle'}]",303470,La Liga,2019/2020
5503,Lionel Andrés Messi Cuccittini,Lionel Messi,10,Argentina,[],"[{'position_id': 17, 'position': 'Right Wing', 'from': '00:00', 'to': None, 'from_period': 1, 'to_period': None, 'start_reason': 'Starting XI', 'end_reason': 'Final Whistle'}]",303700,La Liga,2019/2020
5503,Lionel Andrés Messi Cuccittini,Lionel Messi,10,Argentina,[],"[{'position_id': 22, 'position': 'Right Center Forward', 'from': '00:00', 'to': None, 'from_period': 1, 'to_period': None, 'start_reason': 'Starting XI', 'end_reason': 'Final Whistle'}]",303707,La Liga,2019/2020
5503,Lionel Andrés Messi Cuccittini,Lionel Messi,10,Argentina,[],"[{'position_id': 17, 'position': 'Right Wing', 'from': '45:00', 'to': '45:20', 'from_period': 2, 'to_period': 2, 'start_reason': 'Substitution - On (Tactical)', 'end_reason': 'Tactical Shift'}, {'position_id': 19, 'position': 'Center Attacking Midfield', 'from': '45:20', 'to': None, 'from_period': 2, 'to_period': None, 'start_reason': 'Tactical Shift', 'end_reason': 'Final Whistle'}]",303666,La Liga,2019/2020
5503,Lionel Andrés Messi Cuccittini,Lionel Messi,10,Argentina,[],"[{'position_id': 19, 'position': 'Center Attacking Midfield', 'from': '00:00', 'to': None, 'from_period': 1, 'to_period': None, 'start_reason': 'Starting XI', 'end_reason': 'Final Whistle'}]",303715,La Liga,2019/2020
5503,Lionel Andrés Messi Cuccittini,Lionel Messi,10,Argentina,[],"[{'position_id': 17, 'position': 'Right Wing', 'from': '00:00', 'to': '84:29', 'from_period': 1, 'to_period': 2, 'start_reason': 'Starting XI', 'end_reason': 'Tactical Shift'}, {'position_id': 22, 'position': 'Right Center Forward', 'from': '84:29', 'to': None, 'from_period': 2, 'to_period': None, 'start_reason': 'Tactical Shift', 'end_reason': 'Final Whistle'}]",303377,La Liga,2019/2020
5503,Lionel Andrés Messi Cuccittini,Lionel Messi,10,Argentina,[],"[{'position_id': 17, 'position': 'Right Wing', 'from': '00:00', 'to': None, 'from_period': 1, 'to_period': None, 'start_reason': 'Starting XI', 'end_reason': 'Final Whistle'}]",303524,La Liga,2019/2020
5503,Lionel Andrés Messi Cuccittini,Lionel Messi,10,Argentina,[],"[{'position_id': 17, 'position': 'Right Wing', 'from': '00:00', 'to': None, 'from_period': 1, 'to_period': None, 'start_reason': 'Starting XI', 'end_reason': 'Final Whistle'}]",303517,La Liga,2019/2020
5503,Lionel Andrés Messi Cuccittini,Lionel Messi,10,Argentina,[],"[{'position_id': 22, 'position': 'Right Center Forward', 'from': '00:00', 'to': None, 'from_period': 1, 'to_period': None, 'start_reason': 'Starting XI', 'end_reason': 'Final Whistle'}]",303610,La Liga,2019/2020
5503,Lionel Andrés Messi Cuccittini,Lionel Messi,10,Argentina,[],"[{'position_id': 17, 'position': 'Right Wing', 'from': '00:00', 'to': '90:47', 'from_period': 1, 'to_period': 2, 'start_reason': 'Starting XI', 'end_reason': 'Tactical Shift'}, {'position_id': 12, 'position': 'Right Midfield', 'from': '90:47', 'to': None, 'from_period': 2, 'to_period': None, 'start_reason': 'Tactical Shift', 'end_reason': 'Final Whistle'}]",303473,La Liga,2019/2020
5503,Lionel Andrés Messi Cuccittini,Lionel Messi,10,Argentina,[],"[{'position_id': 17, 'position': 'Right Wing', 'from': '00:00', 'to': None, 'from_period': 1, 'to_period': None, 'start_reason': 'Starting XI', 'end_reason': 'Final Whistle'}]",15978,La Liga,2018/2019
5503,Lionel Andrés Messi Cuccittini,Lionel Messi,10,Argentina,[],"[{'position_id': 17, 'position': 'Right Wing', 'from': '00:00', 'to': None, 'from_period': 1, 'to_period': None, 'start_reason': 'Starting XI', 'end_reason': 'Final Whistle'}]",15998,La Liga,2018/2019
5503,Lionel Andrés Messi Cuccittini,Lionel Messi,10,Argentina,[],"[{'position_id': 17, 'position': 'Right Wing', 'from': '00:00', 'to': '18:15', 'from_period': 1, 'to_period': 1, 'start_reason': 'Starting XI', 'end_reason': 'Player Off'}, {'position_id': 17, 'position': 'Right Wing', 'from': '25:54', 'to': '25:55', 'from_period': 1, 'to_period': 1, 'start_reason': 'Player On', 'end_reason': 'Substitution - Off (Injury)'}]",16029,La Liga,2018/2019
5503,Lionel Andrés Messi Cuccittini,Lionel Messi,10,Argentina,[],"[{'position_id': 22, 'position': 'Right Center Forward', 'from': '00:00', 'to': None, 'from_period': 1, 'to_period': None, 'start_reason': 'Starting XI', 'end_reason': 'Final Whistle'}]",16073,La Liga,2018/2019
5503,Lionel Andrés Messi Cuccittini,Lionel Messi,10,Argentina,[],"[{'position_id': 17, 'position': 'Right Wing', 'from': '00:00', 'to': None, 'from_period': 1, 'to_period': None, 'start_reason': 'Starting XI', 'end_reason': 'Final Whistle'}]",16086,La Liga,2018/2019
5503,Lionel Andrés Messi Cuccittini,Lionel Messi,10,Argentina,[],"[{'position_id': 17, 'position': 'Right Wing', 'from': '00:00', 'to': '46:58', 'from_period': 1, 'to_period': 2, 'start_reason': 'Starting XI', 'end_reason': 'Tactical Shift'}, {'position_id': 19, 'position': 'Center Attacking Midfield', 'from': '46:58', 'to': '67:59', 'from_period': 2, 'to_period': 2, 'start_reason': 'Tactical Shift', 'end_reason': 'Tactical Shift'}, {'position_id': 17, 'position': 'Right Wing', 'from': '67:59', 'to': None, 'from_period': 2, 'to_period': None, 'start_reason': 'Tactical Shift', 'end_reason': 'Final Whistle'}]",16190,La Liga,2018/2019
5503,Lionel Andrés Messi Cuccittini,Lionel Messi,10,Argentina,[],"[{'position_id': 17, 'position': 'Right Wing', 'from': '00:00', 'to': None, 'from_period': 1, 'to_period': None, 'start_reason': 'Starting XI', 'end_reason': 'Final Whistle'}]",16109,La Liga,2018/2019
5503,Lionel Andrés Messi Cuccittini,Lionel Messi,10,Argentina,[],"[{'position_id': 17, 'position': 'Right Wing', 'from': '00:00', 'to': None, 'from_period': 1, 'to_period': None, 'start_reason': 'Starting XI', 'end_reason': 'Final Whistle'}]",16120,La Liga,2018/2019
5503,Lionel Andrés Messi Cuccittini,Lionel Messi,10,Argentina,"[{'time': '66:19', 'card_type': 'Yellow Card', 'reason': 'Bad Behaviour', 'period': 2}]","[{'position_id': 17, 'position': 'Right Wing', 'from': '00:00', 'to': None, 'from_period': 1, 'to_period': None, 'start_reason': 'Starting XI', 'end_reason': 'Final Whistle'}]",16182,La Liga,2018/2019
5503,Lionel Andrés Messi Cuccittini,Lionel Messi,10,Argentina,[],"[{'position_id': 24, 'position': 'Left Center Forward', 'from': '00:00', 'to': '63:58', 'from_period': 1, 'to_period': 2, 'start_reason': 'Starting XI', 'end_reason': 'Tactical Shift'}, {'position_id': 22, 'position': 'Right Center Forward', 'from': '63:58', 'to': None, 'from_period': 2, 'to_period': None, 'start_reason': 'Tactical Shift', 'end_reason': 'Final Whistle'}]",16215,La Liga,2018/2019
5503,Lionel Andrés Messi Cuccittini,Lionel Messi,10,Argentina,[],"[{'position_id': 17, 'position': 'Right Wing', 'from': '00:00', 'to': None, 'from_period': 1, 'to_period': None, 'start_reason': 'Starting XI', 'end_reason': 'Final Whistle'}]",16173,La Liga,2018/2019
5503,Lionel Andrés Messi Cuccittini,Lionel Messi,10,Argentina,[],"[{'position_id': 17, 'position': 'Right Wing', 'from': '00:00', 'to': None, 'from_period': 1, 'to_period': None, 'start_reason': 'Starting XI', 'end_reason': 'Final Whistle'}]",16265,La Liga,2018/2019
5503,Lionel Andrés Messi Cuccittini,Lionel Messi,10,Argentina,[],"[{'position_id': 24, 'position': 'Left Center Forward', 'from': '00:00', 'to': '45:00', 'from_period': 1, 'to_period': 2, 'start_reason': 'Starting XI', 'end_reason': 'Tactical Shift'}, {'position_id': 17, 'position': 'Right Wing', 'from': '45:00', 'to': None, 'from_period': 2, 'to_period': None, 'start_reason': 'Tactical Shift', 'end_reason': 'Final Whistle'}]",15946,La Liga,2018/2019
5503,Lionel Andrés Messi Cuccittini,Lionel Messi,10,Argentina,[],"[{'position_id': 17, 'position': 'Right Wing', 'from': '00:00', 'to': '68:49', 'from_period': 1, 'to_period': 2, 'start_reason': 'Starting XI', 'end_reason': 'Player Off'}, {'position_id': 17, 'position': 'Right Wing', 'from': '71:11', 'to': None, 'from_period': 2, 'to_period': None, 'start_reason': 'Player On', 'end_reason': 'Final Whistle'}]",16157,La Liga,2018/2019
5503,Lionel Andrés Messi Cuccittini,Lionel Messi,10,Argentina,[],"[{'position_id': 13, 'position': 'Right Center Midfield', 'from': '63:15', 'to': '63:29', 'from_period': 2, 'to_period': 2, 'start_reason': 'Substitution - On (Tactical)', 'end_reason': 'Tactical Shift'}, {'position_id': 19, 'position': 'Center Attacking Midfield', 'from': '63:29', 'to': None, 'from_period': 2, 'to_period': None, 'start_reason': 'Tactical Shift', 'end_reason': 'Final Whistle'}]",16136,La Liga,2018/2019
5503,Lionel Andrés Messi Cuccittini,Lionel Messi,10,Argentina,[],"[{'position_id': 17, 'position': 'Right Wing', 'from': '00:00', 'to': '91:32', 'from_period': 1, 'to_period': 2, 'start_reason': 'Starting XI', 'end_reason': 'Tactical Shift'}, {'position_id': 21, 'position': 'Left Wing', 'from': '91:32', 'to': None, 'from_period': 2, 'to_period': None, 'start_reason': 'Tactical Shift', 'end_reason': 'Final Whistle'}]",16248,La Liga,2018/2019
5503,Lionel Andrés Messi Cuccittini,Lionel Messi,10,Argentina,[],"[{'position_id': 17, 'position': 'Right Wing', 'from': '00:00', 'to': None, 'from_period': 1, 'to_period': None, 'start_reason': 'Starting XI', 'end_reason': 'Final Whistle'}]",16056,La Liga,2018/2019
5503,Lionel Andrés Messi Cuccittini,Lionel Messi,10,Argentina,[],"[{'position_id': 17, 'position': 'Right Wing', 'from': '45:00', 'to': '45:00', 'from_period': 2, 'to_period': 2, 'start_reason': 'Tactical Shift', 'end_reason': 'Substitution - On (Tactical)'}, {'position_id': 21, 'position': 'Left Wing', 'from': '45:00', 'to': None, 'from_period': 2, 'to_period': None, 'start_reason': 'Substitution - On (Tactical)', 'end_reason': 'Final Whistle'}]",16289,La Liga,2018/2019
5503,Lionel Andrés Messi Cuccittini,Lionel Messi,10,Argentina,[],"[{'position_id': 23, 'position': 'Center Forward', 'from': '00:00', 'to': None, 'from_period': 1, 'to_period': None, 'start_reason': 'Starting XI', 'end_reason': 'Final Whistle'}]",16079,La Liga,2018/2019
5503,Lionel Andrés Messi Cuccittini,Lionel Messi,10,Argentina,[],"[{'position_id': 17, 'position': 'Right Wing', 'from': '00:00', 'to': None, 'from_period': 1, 'to_period': None, 'start_reason': 'Starting XI', 'end_reason': 'Final Whistle'}]",16149,La Liga,2018/2019
5503,Lionel Andrés Messi Cuccittini,Lionel Messi,10,Argentina,[],"[{'position_id': 17, 'position': 'Right Wing', 'from': '60:44', 'to': None, 'from_period': 2, 'to_period': None, 'start_reason': 'Substitution - On (Tactical)', 'end_reason': 'Final Whistle'}]",16275,La Liga,2018/2019
5503,Lionel Andrés Messi Cuccittini,Lionel Messi,10,Argentina,[],"[{'position_id': 17, 'position': 'Right Wing', 'from': '00:00', 'to': '70:49', 'from_period': 1, 'to_period': 2, 'start_reason': 'Starting XI', 'end_reason': 'Tactical Shift'}, {'position_id': 22, 'position': 'Right Center Forward', 'from': '70:49', 'to': None, 'from_period': 2, 'to_period': None, 'start_reason': 'Tactical Shift', 'end_reason': 'Final Whistle'}]",15973,La Liga,2018/2019
5503,Lionel Andrés Messi Cuccittini,Lionel Messi,10,Argentina,[],"[{'position_id': 23, 'position': 'Center Forward', 'from': '00:00', 'to': None, 'from_period': 1, 'to_period': None, 'start_reason': 'Starting XI', 'end_reason': 'Final Whistle'}]",16317,La Liga,2018/2019
5503,Lionel Andrés Messi Cuccittini,Lionel Messi,10,Argentina,[],"[{'position_id': 17, 'position': 'Right Wing', 'from': '00:00', 'to': '74:09', 'from_period': 1, 'to_period': 2, 'start_reason': 'Starting XI', 'end_reason': 'Tactical Shift'}, {'position_id': 22, 'position': 'Right Center Forward', 'from': '74:09', 'to': None, 'from_period': 2, 'to_period': None, 'start_reason': 'Tactical Shift', 'end_reason': 'Final Whistle'}]",16131,La Liga,2018/2019
5503,Lionel Andrés Messi Cuccittini,Lionel Messi,10,Argentina,[],"[{'position_id': 17, 'position': 'Right Wing', 'from': '00:00', 'to': '45:00', 'from_period': 1, 'to_period': 2, 'start_reason': 'Starting XI', 'end_reason': 'Tactical Shift'}, {'position_id': 19, 'position': 'Center Attacking Midfield', 'from': '45:00', 'to': '80:39', 'from_period': 2, 'to_period': 2, 'start_reason': 'Tactical Shift', 'end_reason': 'Tactical Shift'}, {'position_id': 22, 'position': 'Right Center Forward', 'from': '80:39', 'to': '84:30', 'from_period': 2, 'to_period': 2, 'start_reason': 'Tactical Shift', 'end_reason': 'Tactical Shift'}, {'position_id': 19, 'position': 'Center Attacking Midfield', 'from': '84:30', 'to': None, 'from_period': 2, 'to_period': None, 'start_reason': 'Tactical Shift', 'end_reason': 'Final Whistle'}]",16205,La Liga,2018/2019
5503,Lionel Andrés Messi Cuccittini,Lionel Messi,10,Argentina,[],"[{'position_id': 19, 'position': 'Center Attacking Midfield', 'from': '00:00', 'to': None, 'from_period': 1, 'to_period': None, 'start_reason': 'Starting XI', 'end_reason': 'Final Whistle'}]",16095,La Liga,2018/2019
5503,Lionel Andrés Messi Cuccittini,Lionel Messi,10,Argentina,[],"[{'position_id': 23, 'position': 'Center Forward', 'from': '00:00', 'to': '78:11', 'from_period': 1, 'to_period': 2, 'start_reason': 'Starting XI', 'end_reason': 'Tactical Shift'}, {'position_id': 22, 'position': 'Right Center Forward', 'from': '78:11', 'to': None, 'from_period': 2, 'to_period': None, 'start_reason': 'Tactical Shift', 'end_reason': 'Final Whistle'}]",16306,La Liga,2018/2019
5503,Lionel Andrés Messi Cuccittini,Lionel Messi,10,Argentina,"[{'time': '93:53', 'card_type': 'Yellow Card', 'reason': 'Bad Behaviour', 'period': 2}]","[{'position_id': 13, 'position': 'Right Center Midfield', 'from': '54:32', 'to': '57:07', 'from_period': 2, 'to_period': 2, 'start_reason': 'Substitution - On (Tactical)', 'end_reason': 'Tactical Shift'}, {'position_id': 19, 'position': 'Center Attacking Midfield', 'from': '57:07', 'to': None, 'from_period': 2, 'to_period': None, 'start_reason': 'Tactical Shift', 'end_reason': 'Final Whistle'}]",16010,La Liga,2018/2019
5503,Lionel Andrés Messi Cuccittini,Lionel Messi,10,Argentina,[],"[{'position_id': 17, 'position': 'Right Wing', 'from': '00:00', 'to': '45:00', 'from_period': 1, 'to_period': 2, 'start_reason': 'Starting XI', 'end_reason': 'Tactical Shift'}, {'position_id': 22, 'position': 'Right Center Forward', 'from': '45:00', 'to': None, 'from_period': 2, 'to_period': None, 'start_reason': 'Tactical Shift', 'end_reason': 'Final Whistle'}]",15986,La Liga,2018/2019
5503,Lionel Andrés Messi Cuccittini,Lionel Messi,10,Argentina,"[{'time': '83:20', 'card_type': 'Yellow Card', 'reason': 'Bad Behaviour', 'period': 2}]","[{'position_id': 21, 'position': 'Left Wing', 'from': '60:16', 'to': '68:45', 'from_period': 2, 'to_period': 2, 'start_reason': 'Substitution - On (Tactical)', 'end_reason': 'Tactical Shift'}, {'position_id': 17, 'position': 'Right Wing', 'from': '68:45', 'to': None, 'from_period': 2, 'to_period': None, 'start_reason': 'Tactical Shift', 'end_reason': 'Final Whistle'}]",16240,La Liga,2018/2019
5503,Lionel Andrés Messi Cuccittini,Lionel Messi,10,Argentina,[],"[{'position_id': 17, 'position': 'Right Wing', 'from': '00:00', 'to': None, 'from_period': 1, 'to_period': None, 'start_reason': 'Starting XI', 'end_reason': 'Final Whistle'}]",16023,La Liga,2018/2019
5503,Lionel Andrés Messi Cuccittini,Lionel Messi,10,Argentina,[],"[{'position_id': 17, 'position': 'Right Wing', 'from': '00:00', 'to': None, 'from_period': 1, 'to_period': None, 'start_reason': 'Starting XI', 'end_reason': 'Final Whistle'}]",16196,La Liga,2018/2019
5463,Luka Modrić,,10,Croatia,[],"[{'position_id': 13, 'position': 'Right Center Midfield', 'from': '00:00', 'to': None, 'from_period': 1, 'to_period': None, 'start_reason': 'Starting XI', 'end_reason': 'Final Whistle'}]",16196,La Liga,2018/2019
5503,Lionel Andrés Messi Cuccittini,Lionel Messi,10,Argentina,[],"[{'position_id': 17, 'position': 'Right Wing', 'from': '00:00', 'to': '57:19', 'from_period': 1, 'to_period': 2, 'start_reason': 'Starting XI', 'end_reason': 'Tactical Shift'}, {'position_id': 22, 'position': 'Right Center Forward', 'from': '57:19', 'to': None, 'from_period': 2, 'to_period': None, 'start_reason': 'Tactical Shift', 'end_reason': 'Final Whistle'}]",15956,La Liga,2018/2019
5503,Lionel Andrés Messi Cuccittini,Lionel Messi,10,Argentina,[],"[{'position_id': 17, 'position': 'Right Wing', 'from': '00:00', 'to': None, 'from_period': 1, 'to_period': None, 'start_reason': 'Starting XI', 'end_reason': 'Final Whistle'}]",16231,La Liga,2018/2019
5503,Lionel Andrés Messi Cuccittini,Lionel Messi,10,Argentina,[],"[{'position_id': 22, 'position': 'Right Center Forward', 'from': '00:00', 'to': None, 'from_period': 1, 'to_period': None, 'start_reason': 'Starting XI', 'end_reason': 'Final Whistle'}]",9880,La Liga,2017/2018
5503,Lionel Andrés Messi Cuccittini,Lionel Messi,10,Argentina,[],"[{'position_id': 23, 'position': 'Center Forward', 'from': '00:00', 'to': '73:52', 'from_period': 1, 'to_period': 2, 'start_reason': 'Starting XI', 'end_reason': 'Tactical Shift'}, {'position_id': 22, 'position': 'Right Center Forward', 'from': '73:52', 'to': None, 'from_period': 2, 'to_period': None, 'start_reason': 'Tactical Shift', 'end_reason': 'Final Whistle'}]",9912,La Liga,2017/2018
5503,Lionel Andrés Messi Cuccittini,Lionel Messi,10,Argentina,"[{'time': '44:04', 'card_type': 'Yellow Card', 'reason': 'Foul Committed', 'period': 1}]","[{'position_id': 22, 'position': 'Right Center Forward', 'from': '00:00', 'to': None, 'from_period': 1, 'to_period': None, 'start_reason': 'Starting XI', 'end_reason': 'Final Whistle'}]",9924,La Liga,2017/2018
5207,Cristiano Ronaldo dos Santos Aveiro,Cristiano Ronaldo,7,Portugal,[],"[{'position_id': 21, 'position': 'Left Wing', 'from': '00:00', 'to': '15:45', 'from_period': 1, 'to_period': 1, 'start_reason': 'Starting XI', 'end_reason': 'Player Off'}, {'position_id': 21, 'position': 'Left Wing', 'from': '16:40', 'to': '45:00', 'from_period': 1, 'to_period': 2, 'start_reason': 'Player On', 'end_reason': 'Substitution - Off (Tactical)'}]",9924,La Liga,2017/2018
5463,Luka Modrić,,10,Croatia,[],"[{'position_id': 13, 'position': 'Right Center Midfield', 'from': '00:00', 'to': '72:03', 'from_period': 1, 'to_period': 2, 'start_reason': 'Starting XI', 'end_reason': 'Tactical Shift'}, {'position_id': 10, 'position': 'Center Defensive Midfield', 'from': '72:03', 'to': '83:57', 'from_period': 2, 'to_period': 2, 'start_reason': 'Tactical Shift', 'end_reason': 'Tactical Shift'}, {'position_id': 13, 'position': 'Right Center Midfield', 'from': '83:57', 'to': None, 'from_period': 2, 'to_period': None, 'start_reason': 'Tactical Shift', 'end_reason': 'Final Whistle'}]",9924,La Liga,2017/2018
5503,Lionel Andrés Messi Cuccittini,Lionel Messi,10,Argentina,[],"[{'position_id': 22, 'position': 'Right Center Forward', 'from': '00:00', 'to': '63:17', 'from_period': 1, 'to_period': 2, 'start_reason': 'Starting XI', 'end_reason': 'Tactical Shift'}, {'position_id': 23, 'position': 'Center Forward', 'from': '63:17', 'to': None, 'from_period': 2, 'to_period': None, 'start_reason': 'Tactical Shift', 'end_reason': 'Final Whistle'}]",9855,La Liga,2017/2018
5503,Lionel Andrés Messi Cuccittini,Lionel Messi,10,Argentina,[],"[{'position_id': 22, 'position': 'Right Center Forward', 'from': '00:00', 'to': None, 'from_period': 1, 'to_period': None, 'start_reason': 'Starting XI', 'end_reason': 'Final Whistle'}]",9827,La Liga,2017/2018
5503,Lionel Andrés Messi Cuccittini,Lionel Messi,10,Argentina,[],"[{'position_id': 22, 'position': 'Right Center Forward', 'from': '00:00', 'to': None, 'from_period': 1, 'to_period': None, 'start_reason': 'Starting XI', 'end_reason': 'Final Whistle'}]",9799,La Liga,2017/2018
5503,Lionel Andrés Messi Cuccittini,Lionel Messi,10,Argentina,[],"[{'position_id': 22, 'position': 'Right Center Forward', 'from': '00:00', 'to': None, 'from_period': 1, 'to_period': None, 'start_reason': 'Starting XI', 'end_reason': 'Final Whistle'}]",9636,La Liga,2017/2018
5503,Lionel Andrés Messi Cuccittini,Lionel Messi,10,Argentina,[],"[{'position_id': 23, 'position': 'Center Forward', 'from': '00:00', 'to': None, 'from_period': 1, 'to_period': None, 'start_reason': 'Starting XI', 'end_reason': 'Final Whistle'}]",9609,La Liga,2017/2018
5503,Lionel Andrés Messi Cuccittini,Lionel Messi,10,Argentina,[],"[{'position_id': 23, 'position': 'Center Forward', 'from': '00:00', 'to': None, 'from_period': 1, 'to_period': None, 'start_reason': 'Starting XI', 'end_reason': 'Final Whistle'}]",9575,La Liga,2017/2018
5503,Lionel Andrés Messi Cuccittini,Lionel Messi,10,Argentina,[],"[{'position_id': 23, 'position': 'Center Forward', 'from': '00:00', 'to': '63:22', 'from_period': 1, 'to_period': 2, 'start_reason': 'Starting XI', 'end_reason': 'Tactical Shift'}, {'position_id': 22, 'position': 'Right Center Forward', 'from': '63:22', 'to': None, 'from_period': 2, 'to_period': None, 'start_reason': 'Tactical Shift', 'end_reason': 'Final Whistle'}]",9928,La Liga,2017/2018
5207,Cristiano Ronaldo dos Santos Aveiro,Cristiano Ronaldo,7,Portugal,[],"[{'position_id': 22, 'position': 'Right Center Forward', 'from': '00:00', 'to': '65:27', 'from_period': 1, 'to_period': 2, 'start_reason': 'Starting XI', 'end_reason': 'Tactical Shift'}, {'position_id': 23, 'position': 'Center Forward', 'from': '65:27', 'to': None, 'from_period': 2, 'to_period': None, 'start_reason': 'Tactical Shift', 'end_reason': 'Final Whistle'}]",9736,La Liga,2017/2018
5463,Luka Modrić,,10,Croatia,[],"[{'position_id': 13, 'position': 'Right Center Midfield', 'from': '00:00', 'to': '65:27', 'from_period': 1, 'to_period': 2, 'start_reason': 'Starting XI', 'end_reason': 'Tactical Shift'}, {'position_id': 12, 'position': 'Right Midfield', 'from': '65:27', 'to': '72:13', 'from_period': 2, 'to_period': 2, 'start_reason': 'Tactical Shift', 'end_reason': 'Tactical Shift'}, {'position_id': 15, 'position': 'Left Center Midfield', 'from': '72:13', 'to': None, 'from_period': 2, 'to_period': None, 'start_reason': 'Tactical Shift', 'end_reason': 'Final Whistle'}]",9736,La Liga,2017/2018
5503,Lionel Andrés Messi Cuccittini,Lionel Messi,10,Argentina,[],"[{'position_id': 24, 'position': 'Left Center Forward', 'from': '00:00', 'to': '78:01', 'from_period': 1, 'to_period': 2, 'start_reason': 'Starting XI', 'end_reason': 'Tactical Shift'}, {'position_id': 22, 'position': 'Right Center Forward', 'from': '78:01', 'to': None, 'from_period': 2, 'to_period': None, 'start_reason': 'Tactical Shift', 'end_reason': 'Final Whistle'}]",9736,La Liga,2017/2018
5503,Lionel Andrés Messi Cuccittini,Lionel Messi,10,Argentina,[],"[{'position_id': 22, 'position': 'Right Center Forward', 'from': '00:00', 'to': None, 'from_period': 1, 'to_period': None, 'start_reason': 'Starting XI', 'end_reason': 'Final Whistle'}]",9742,La Liga,2017/2018
5503,Lionel Andrés Messi Cuccittini,Lionel Messi,10,Argentina,[],"[{'position_id': 22, 'position': 'Right Center Forward', 'from': '00:00', 'to': None, 'from_period': 1, 'to_period': None, 'start_reason': 'Starting XI', 'end_reason': 'Final Whistle'}]",9765,La Liga,2017/2018
5503,Lionel Andrés Messi Cuccittini,Lionel Messi,10,Argentina,[],"[{'position_id': 22, 'position': 'Right Center Forward', 'from': '00:00', 'to': None, 'from_period': 1, 'to_period': None, 'start_reason': 'Starting XI', 'end_reason': 'Final Whistle'}]",9661,La Liga,2017/2018
5503,Lionel Andrés Messi Cuccittini,Lionel Messi,10,Argentina,[],"[{'position_id': 22, 'position': 'Right Center Forward', 'from': '00:00', 'to': None, 'from_period': 1, 'to_period': None, 'start_reason': 'Starting XI', 'end_reason': 'Final Whistle'}]",9592,La Liga,2017/2018
5503,Lionel Andrés Messi Cuccittini,Lionel Messi,10,Argentina,[],"[{'position_id': 19, 'position': 'Center Attacking Midfield', 'from': '00:00', 'to': '81:01', 'from_period': 1, 'to_period': 2, 'start_reason': 'Starting XI', 'end_reason': 'Tactical Shift'}, {'position_id': 22, 'position': 'Right Center Forward', 'from': '81:01', 'to': None, 'from_period': 2, 'to_period': None, 'start_reason': 'Tactical Shift', 'end_reason': 'Final Whistle'}]",9870,La Liga,2017/2018
5503,Lionel Andrés Messi Cuccittini,Lionel Messi,10,Argentina,[],"[{'position_id': 17, 'position': 'Right Wing', 'from': '58:06', 'to': '74:49', 'from_period': 2, 'to_period': 2, 'start_reason': 'Substitution - On (Tactical)', 'end_reason': 'Tactical Shift'}, {'position_id': 22, 'position': 'Right Center Forward', 'from': '74:49', 'to': None, 'from_period': 2, 'to_period': None, 'start_reason': 'Tactical Shift', 'end_reason': 'Final Whistle'}]",9783,La Liga,2017/2018
5503,Lionel Andrés Messi Cuccittini,Lionel Messi,10,Argentina,[],"[{'position_id': 22, 'position': 'Right Center Forward', 'from': '00:00', 'to': None, 'from_period': 1, 'to_period': None, 'start_reason': 'Starting XI', 'end_reason': 'Final Whistle'}]",9700,La Liga,2017/2018
5503,Lionel Andrés Messi Cuccittini,Lionel Messi,10,Argentina,[],"[{'position_id': 17, 'position': 'Right Wing', 'from': '57:20', 'to': '57:22', 'from_period': 2, 'to_period': 2, 'start_reason': 'Substitution - On (Tactical)', 'end_reason': 'Tactical Shift'}, {'position_id': 19, 'position': 'Center Attacking Midfield', 'from': '57:22', 'to': None, 'from_period': 2, 'to_period': None, 'start_reason': 'Tactical Shift', 'end_reason': 'Final Whistle'}]",9860,La Liga,2017/2018
5503,Lionel Andrés Messi Cuccittini,Lionel Messi,10,Argentina,[],"[{'position_id': 22, 'position': 'Right Center Forward', 'from': '00:00', 'to': None, 'from_period': 1, 'to_period': None, 'start_reason': 'Starting XI', 'end_reason': 'Final Whistle'}]",9695,La Liga,2017/2018
5503,Lionel Andrés Messi Cuccittini,Lionel Messi,10,Argentina,[],"[{'position_id': 22, 'position': 'Right Center Forward', 'from': '00:00', 'to': None, 'from_period': 1, 'to_period': None, 'start_reason': 'Starting XI', 'end_reason': 'Final Whistle'}]",9794,La Liga,2017/2018
5503,Lionel Andrés Messi Cuccittini,Lionel Messi,10,Argentina,[],"[{'position_id': 22, 'position': 'Right Center Forward', 'from': '00:00', 'to': None, 'from_period': 1, 'to_period': None, 'start_reason': 'Starting XI', 'end_reason': 'Final Whistle'}]",9717,La Liga,2017/2018
5503,Lionel Andrés Messi Cuccittini,Lionel Messi,10,Argentina,"[{'time': '93:11', 'card_type': 'Yellow Card', 'reason': 'Foul Committed', 'period': 2}]","[{'position_id': 22, 'position': 'Right Center Forward', 'from': '00:00', 'to': None, 'from_period': 1, 'to_period': None, 'start_reason': 'Starting XI', 'end_reason': 'Final Whistle'}]",9673,La Liga,2017/2018
5503,Lionel Andrés Messi Cuccittini,Lionel Messi,10,Argentina,[],"[{'position_id': 22, 'position': 'Right Center Forward', 'from': '00:00', 'to': None, 'from_period': 1, 'to_period': None, 'start_reason': 'Starting XI', 'end_reason': 'Final Whistle'}]",9650,La Liga,2017/2018
5503,Lionel Andrés Messi Cuccittini,Lionel Messi,10,Argentina,[],"[{'position_id': 22, 'position': 'Right Center Forward', 'from': '00:00', 'to': None, 'from_period': 1, 'to_period': None, 'start_reason': 'Starting XI', 'end_reason': 'Final Whistle'}]",9620,La Liga,2017/2018
5503,Lionel Andrés Messi Cuccittini,Lionel Messi,10,Argentina,"[{'time': '28:20', 'card_type': 'Yellow Card', 'reason': 'Foul Committed', 'period': 1}]","[{'position_id': 22, 'position': 'Right Center Forward', 'from': '00:00', 'to': None, 'from_period': 1, 'to_period': None, 'start_reason': 'Starting XI', 'end_reason': 'Final Whistle'}]",9837,La Liga,2017/2018
5503,Lionel Andrés Messi Cuccittini,Lionel Messi,10,Argentina,[],"[{'position_id': 22, 'position': 'Right Center Forward', 'from': '00:00', 'to': None, 'from_period': 1, 'to_period': None, 'start_reason': 'Starting XI', 'end_reason': 'Final Whistle'}]",9811,La Liga,2017/2018
5503,Lionel Andrés Messi Cuccittini,Lionel Messi,10,Argentina,[],"[{'position_id': 22, 'position': 'Right Center Forward', 'from': '00:00', 'to': None, 'from_period': 1, 'to_period': None, 'start_reason': 'Starting XI', 'end_reason': 'Final Whistle'}]",9642,La Liga,2017/2018
5503,Lionel Andrés Messi Cuccittini,Lionel Messi,10,Argentina,[],"[{'position_id': 24, 'position': 'Left Center Forward', 'from': '00:00', 'to': None, 'from_period': 1, 'to_period': None, 'start_reason': 'Starting XI', 'end_reason': 'Final Whistle'}]",9774,La Liga,2017/2018
5503,Lionel Andrés Messi Cuccittini,Lionel Messi,10,Argentina,[],"[{'position_id': 21, 'position': 'Left Wing', 'from': '00:00', 'to': '17:45', 'from_period': 1, 'to_period': 1, 'start_reason': 'Starting XI', 'end_reason': 'Tactical Shift'}, {'position_id': 17, 'position': 'Right Wing', 'from': '17:45', 'to': '28:30', 'from_period': 1, 'to_period': 1, 'start_reason': 'Tactical Shift', 'end_reason': 'Tactical Shift'}, {'position_id': 21, 'position': 'Left Wing', 'from': '28:30', 'to': None, 'from_period': 1, 'to_period': None, 'start_reason': 'Tactical Shift', 'end_reason': 'Final Whistle'}]",9602,La Liga,2017/2018
5503,Lionel Andrés Messi Cuccittini,Lionel Messi,10,Argentina,[],"[{'position_id': 21, 'position': 'Left Wing', 'from': '66:53', 'to': '67:24', 'from_period': 2, 'to_period': 2, 'start_reason': 'Substitution - On (Tactical)', 'end_reason': 'Tactical Shift'}, {'position_id': 22, 'position': 'Right Center Forward', 'from': '67:24', 'to': None, 'from_period': 2, 'to_period': None, 'start_reason': 'Tactical Shift', 'end_reason': 'Final Whistle'}]",9948,La Liga,2017/2018
5503,Lionel Andrés Messi Cuccittini,Lionel Messi,10,Argentina,[],"[{'position_id': 22, 'position': 'Right Center Forward', 'from': '00:00', 'to': None, 'from_period': 1, 'to_period': None, 'start_reason': 'Starting XI', 'end_reason': 'Final Whistle'}]",9682,La Liga,2017/2018
5503,Lionel Andrés Messi Cuccittini,Lionel Messi,10,Argentina,[],"[{'position_id': 23, 'position': 'Center Forward', 'from': '00:00', 'to': None, 'from_period': 1, 'to_period': None, 'start_reason': 'Starting XI', 'end_reason': 'Final Whistle'}]",9581,La Liga,2017/2018
5503,Lionel Andrés Messi Cuccittini,Lionel Messi,10,Argentina,[],"[{'position_id': 22, 'position': 'Right Center Forward', 'from': '00:00', 'to': None, 'from_period': 1, 'to_period': None, 'start_reason': 'Starting XI', 'end_reason': 'Final Whistle'}]",9726,La Liga,2017/2018
5503,Lionel Andrés Messi Cuccittini,Lionel Messi,10,Argentina,[],"[{'position_id': 22, 'position': 'Right Center Forward', 'from': '00:00', 'to': None, 'from_period': 1, 'to_period': None, 'start_reason': 'Starting XI', 'end_reason': 'Final Whistle'}]",9754,La Liga,2017/2018
5503,Lionel Andrés Messi Cuccittini,Lionel Messi,10,Argentina,[],"[{'position_id': 21, 'position': 'Left Wing', 'from': '59:43', 'to': '59:56', 'from_period': 2, 'to_period': 2, 'start_reason': 'Substitution - On (Tactical)', 'end_reason': 'Tactical Shift'}, {'position_id': 23, 'position': 'Center Forward', 'from': '59:56', 'to': None, 'from_period': 2, 'to_period': None, 'start_reason': 'Tactical Shift', 'end_reason': 'Final Whistle'}]",9889,La Liga,2017/2018
5207,Cristiano Ronaldo dos Santos Aveiro,Cristiano Ronaldo,7,Portugal,[],"[{'position_id': 17, 'position': 'Right Wing', 'from': '00:00', 'to': '16:17', 'from_period': 1, 'to_period': 1, 'start_reason': 'Starting XI', 'end_reason': 'Tactical Shift'}, {'position_id': 21, 'position': 'Left Wing', 'from': '16:17', 'to': None, 'from_period': 1, 'to_period': None, 'start_reason': 'Tactical Shift', 'end_reason': 'Final Whistle'}]",267569,La Liga,2016/2017
5463,Luka Modrić,,19,Croatia,[],"[{'position_id': 13, 'position': 'Right Center Midfield', 'from': '00:00', 'to': None, 'from_period': 1, 'to_period': None, 'start_reason': 'Starting XI', 'end_reason': 'Final Whistle'}]",267569,La Liga,2016/2017
5503,Lionel Andrés Messi Cuccittini,Lionel Messi,10,Argentina,"[{'time': '92:27', 'card_type': 'Yellow Card', 'reason': 'Bad Behaviour', 'period': 2}]","[{'position_id': 19, 'position': 'Center Attacking Midfield', 'from': '00:00', 'to': '20:59', 'from_period': 1, 'to_period': 1, 'start_reason': 'Starting XI', 'end_reason': 'Player Off'}, {'position_id': 19, 'position': 'Center Attacking Midfield', 'from': '22:29', 'to': None, 'from_period': 1, 'to_period': None, 'start_reason': 'Player On', 'end_reason': 'Final Whistle'}]",267569,La Liga,2016/2017
4320,Neymar da Silva Santos Junior,Neymar,11,Brazil,"[{'time': '09:02', 'card_type': 'Yellow Card', 'reason': 'Foul Committed', 'period': 1}]","[{'position_id': 21, 'position': 'Left Wing', 'from': '00:00', 'to': None, 'from_period': 1, 'to_period': None, 'start_reason': 'Starting XI', 'end_reason': 'Final Whistle'}]",266989,La Liga,2016/2017
5503,Lionel Andrés Messi Cuccittini,Lionel Messi,10,Argentina,"[{'time': '82:47', 'card_type': 'Yellow Card', 'reason': 'Bad Behaviour', 'period': 2}]","[{'position_id': 17, 'position': 'Right Wing', 'from': '00:00', 'to': '84:04', 'from_period': 1, 'to_period': 2, 'start_reason': 'Starting XI', 'end_reason': 'Player Off'}, {'position_id': 17, 'position': 'Right Wing', 'from': '84:13', 'to': None, 'from_period': 2, 'to_period': None, 'start_reason': 'Player On', 'end_reason': 'Final Whistle'}]",266989,La Liga,2016/2017
5503,Lionel Andrés Messi Cuccittini,Lionel Messi,10,Argentina,[],"[{'position_id': 17, 'position': 'Right Wing', 'from': '00:00', 'to': None, 'from_period': 1, 'to_period': None, 'start_reason': 'Starting XI', 'end_reason': 'Final Whistle'}]",266357,La Liga,2016/2017
4320,Neymar da Silva Santos Junior,Neymar,11,Brazil,"[{'time': '79:10', 'card_type': 'Yellow Card', 'reason': 'Bad Behaviour', 'period': 2}]","[{'position_id': 21, 'position': 'Left Wing', 'from': '00:00', 'to': None, 'from_period': 1, 'to_period': None, 'start_reason': 'Starting XI', 'end_reason': 'Final Whistle'}]",267212,La Liga,2016/2017
5503,Lionel Andrés Messi Cuccittini,Lionel Messi,10,Argentina,[],"[{'position_id': 17, 'position': 'Right Wing', 'from': '00:00', 'to': None, 'from_period': 1, 'to_period': None, 'start_reason': 'Starting XI', 'end_reason': 'Final Whistle'}]",267212,La Liga,2016/2017
4320,Neymar da Silva Santos Junior,Neymar,11,Brazil,[],"[{'position_id': 21, 'position': 'Left Wing', 'from': '00:00', 'to': None, 'from_period': 1, 'to_period': None, 'start_reason': 'Starting XI', 'end_reason': 'Final Whistle'}]",266669,La Liga,2016/2017
5503,Lionel Andrés Messi Cuccittini,Lionel Messi,10,Argentina,[],"[{'position_id': 15, 'position': 'Left Center Midfield', 'from': '59:31', 'to': '63:06', 'from_period': 2, 'to_period': 2, 'start_reason': 'Substitution - On (Tactical)', 'end_reason': 'Tactical Shift'}, {'position_id': 17, 'position': 'Right Wing', 'from': '63:06', 'to': None, 'from_period': 2, 'to_period': None, 'start_reason': 'Tactical Shift', 'end_reason': 'Final Whistle'}]",266669,La Liga,2016/2017
5503,Lionel Andrés Messi Cuccittini,Lionel Messi,10,Argentina,[],"[{'position_id': 17, 'position': 'Right Wing', 'from': '00:00', 'to': None, 'from_period': 1, 'to_period': None, 'start_reason': 'Starting XI', 'end_reason': 'Final Whistle'}]",266892,La Liga,2016/2017
4320,Neymar da Silva Santos Junior,Neymar,11,Brazil,[],"[{'position_id': 21, 'position': 'Left Wing', 'from': '00:00', 'to': None, 'from_period': 1, 'to_period': None, 'start_reason': 'Starting XI', 'end_reason': 'Final Whistle'}]",267220,La Liga,2016/2017
5503,Lionel Andrés Messi Cuccittini,Lionel Messi,10,Argentina,[],"[{'position_id': 17, 'position': 'Right Wing', 'from': '00:00', 'to': '58:47', 'from_period': 1, 'to_period': 2, 'start_reason': 'Starting XI', 'end_reason': 'Substitution - Off (Injury)'}]",267220,La Liga,2016/2017
5503,Lionel Andrés Messi Cuccittini,Lionel Messi,10,Argentina,[],"[{'position_id': 17, 'position': 'Right Wing', 'from': '00:00', 'to': None, 'from_period': 1, 'to_period': None, 'start_reason': 'Starting XI', 'end_reason': 'Final Whistle'}]",267670,La Liga,2016/2017
4320,Neymar da Silva Santos Junior,Neymar,11,Brazil,[],"[{'position_id': 21, 'position': 'Left Wing', 'from': '00:00', 'to': None, 'from_period': 1, 'to_period': None, 'start_reason': 'Starting XI', 'end_reason': 'Final Whistle'}]",266516,La Liga,2016/2017
5503,Lionel Andrés Messi Cuccittini,Lionel Messi,10,Argentina,[],"[{'position_id': 17, 'position': 'Right Wing', 'from': '00:00', 'to': None, 'from_period': 1, 'to_period': None, 'start_reason': 'Starting XI', 'end_reason': 'Final Whistle'}]",266516,La Liga,2016/2017
4320,Neymar da Silva Santos Junior,Neymar,11,Brazil,[],"[{'position_id': 21, 'position': 'Left Wing', 'from': '00:00', 'to': None, 'from_period': 1, 'to_period': None, 'start_reason': 'Starting XI', 'end_reason': 'Final Whistle'}]",267039,La Liga,2016/2017
5503,Lionel Andrés Messi Cuccittini,Lionel Messi,10,Argentina,[],"[{'position_id': 17, 'position': 'Right Wing', 'from': '00:00', 'to': None, 'from_period': 1, 'to_period': None, 'start_reason': 'Starting XI', 'end_reason': 'Final Whistle'}]",267039,La Liga,2016/2017
4320,Neymar da Silva Santos Junior,Neymar,11,Brazil,[],"[{'position_id': 21, 'position': 'Left Wing', 'from': '00:00', 'to': None, 'from_period': 1, 'to_period': None, 'start_reason': 'Starting XI', 'end_reason': 'Final Whistle'}]",266477,La Liga,2016/2017
5503,Lionel Andrés Messi Cuccittini,Lionel Messi,10,Argentina,[],"[{'position_id': 17, 'position': 'Right Wing', 'from': '00:00', 'to': None, 'from_period': 1, 'to_period': None, 'start_reason': 'Starting XI', 'end_reason': 'Final Whistle'}]",266477,La Liga,2016/2017
5503,Lionel Andrés Messi Cuccittini,Lionel Messi,10,Argentina,[],"[{'position_id': 22, 'position': 'Right Center Forward', 'from': '00:00', 'to': '62:44', 'from_period': 1, 'to_period': 2, 'start_reason': 'Starting XI', 'end_reason': 'Substitution - Off (Tactical)'}]",267101,La Liga,2016/2017
4320,Neymar da Silva Santos Junior,Neymar,11,Brazil,[],"[{'position_id': 21, 'position': 'Left Wing', 'from': '00:00', 'to': '16:33', 'from_period': 1, 'to_period': 1, 'start_reason': 'Starting XI', 'end_reason': 'Player Off'}, {'position_id': 21, 'position': 'Left Wing', 'from': '17:48', 'to': None, 'from_period': 1, 'to_period': None, 'start_reason': 'Player On', 'end_reason': 'Final Whistle'}]",266440,La Liga,2016/2017
5503,Lionel Andrés Messi Cuccittini,Lionel Messi,10,Argentina,"[{'time': '85:13', 'card_type': 'Yellow Card', 'reason': 'Bad Behaviour', 'period': 2}]","[{'position_id': 17, 'position': 'Right Wing', 'from': '00:00', 'to': None, 'from_period': 1, 'to_period': None, 'start_reason': 'Starting XI', 'end_reason': 'Final Whistle'}]",266440,La Liga,2016/2017
4320,Neymar da Silva Santos Junior,Neymar,11,Brazil,"[{'time': '50:31', 'card_type': 'Yellow Card', 'reason': 'Foul Committed', 'period': 2}]","[{'position_id': 21, 'position': 'Left Wing', 'from': '00:00', 'to': None, 'from_period': 1, 'to_period': None, 'start_reason': 'Starting XI', 'end_reason': 'Final Whistle'}]",266033,La Liga,2016/2017
5503,Lionel Andrés Messi Cuccittini,Lionel Messi,10,Argentina,"[{'time': '72:44', 'card_type': 'Yellow Card', 'reason': 'Foul Committed', 'period': 2}]","[{'position_id': 17, 'position': 'Right Wing', 'from': '00:00', 'to': None, 'from_period': 1, 'to_period': None, 'start_reason': 'Starting XI', 'end_reason': 'Final Whistle'}]",266033,La Liga,2016/2017
5503,Lionel Andrés Messi Cuccittini,Lionel Messi,10,Argentina,[],"[{'position_id': 17, 'position': 'Right Wing', 'from': '00:00', 'to': None, 'from_period': 1, 'to_period': None, 'start_reason': 'Starting XI', 'end_reason': 'Final Whistle'}]",267660,La Liga,2016/2017
4320,Neymar da Silva Santos Junior,Neymar,11,Brazil,[],"[{'position_id': 21, 'position': 'Left Wing', 'from': '00:00', 'to': None, 'from_period': 1, 'to_period': None, 'start_reason': 'Starting XI', 'end_reason': 'Final Whistle'}]",266273,La Liga,2016/2017
5503,Lionel Andrés Messi Cuccittini,Lionel Messi,10,Argentina,[],"[{'position_id': 17, 'position': 'Right Wing', 'from': '00:00', 'to': None, 'from_period': 1, 'to_period': None, 'start_reason': 'Starting XI', 'end_reason': 'Final Whistle'}]",266273,La Liga,2016/2017
4320,Neymar da Silva Santos Junior,Neymar,11,Brazil,[],[],267395,La Liga,2016/2017
5503,Lionel Andrés Messi Cuccittini,Lionel Messi,10,Argentina,[],"[{'position_id': 17, 'position': 'Right Wing', 'from': '00:00', 'to': None, 'from_period': 1, 'to_period': None, 'start_reason': 'Starting XI', 'end_reason': 'Final Whistle'}]",267395,La Liga,2016/2017
4320,Neymar da Silva Santos Junior,Neymar,11,Brazil,[],"[{'position_id': 21, 'position': 'Left Wing', 'from': '00:00', 'to': '63:04', 'from_period': 1, 'to_period': 2, 'start_reason': 'Starting XI', 'end_reason': 'Tactical Shift'}, {'position_id': 22, 'position': 'Right Center Forward', 'from': '63:04', 'to': None, 'from_period': 2, 'to_period': None, 'start_reason': 'Tactical Shift', 'end_reason': 'Final Whistle'}]",266874,La Liga,2016/2017
5503,Lionel Andrés Messi Cuccittini,Lionel Messi,10,Argentina,[],"[{'position_id': 17, 'position': 'Right Wing', 'from': '00:00', 'to': '62:40', 'from_period': 1, 'to_period': 2, 'start_reason': 'Starting XI', 'end_reason': 'Substitution - Off (Tactical)'}]",266874,La Liga,2016/2017
4320,Neymar da Silva Santos Junior,Neymar,11,Brazil,[],"[{'position_id': 21, 'position': 'Left Wing', 'from': '00:00', 'to': None, 'from_period': 1, 'to_period': None, 'start_reason': 'Starting XI', 'end_reason': 'Final Whistle'}]",266731,La Liga,2016/2017
5503,Lionel Andrés Messi Cuccittini,Lionel Messi,10,Argentina,[],"[{'position_id': 17, 'position': 'Right Wing', 'from': '00:00', 'to': None, 'from_period': 1, 'to_period': None, 'start_reason': 'Starting XI', 'end_reason': 'Final Whistle'}]",266731,La Liga,2016/2017
4320,Neymar da Silva Santos Junior,Neymar,11,Brazil,[],"[{'position_id': 21, 'position': 'Left Wing', 'from': '00:00', 'to': None, 'from_period': 1, 'to_period': None, 'start_reason': 'Starting XI', 'end_reason': 'Final Whistle'}]",266528,La Liga,2016/2017
5503,Lionel Andrés Messi Cuccittini,Lionel Messi,10,Argentina,[],"[{'position_id': 17, 'position': 'Right Wing', 'from': '00:00', 'to': None, 'from_period': 1, 'to_period': None, 'start_reason': 'Starting XI', 'end_reason': 'Final Whistle'}]",266528,La Liga,2016/2017
4320,Neymar da Silva Santos Junior,Neymar,11,Brazil,[],"[{'position_id': 8, 'position': 'Left Wing Back', 'from': '00:00', 'to': '11:30', 'from_period': 1, 'to_period': 1, 'start_reason': 'Starting XI', 'end_reason': 'Player Off'}, {'position_id': 8, 'position': 'Left Wing Back', 'from': '12:43', 'to': '77:25', 'from_period': 1, 'to_period': 2, 'start_reason': 'Player On', 'end_reason': 'Tactical Shift'}, {'position_id': 21, 'position': 'Left Wing', 'from': '77:25', 'to': None, 'from_period': 2, 'to_period': None, 'start_reason': 'Tactical Shift', 'end_reason': 'Final Whistle'}]",266280,La Liga,2016/2017
5503,Lionel Andrés Messi Cuccittini,Lionel Messi,10,Argentina,[],"[{'position_id': 19, 'position': 'Center Attacking Midfield', 'from': '00:00', 'to': '77:25', 'from_period': 1, 'to_period': 2, 'start_reason': 'Starting XI', 'end_reason': 'Tactical Shift'}, {'position_id': 17, 'position': 'Right Wing', 'from': '77:25', 'to': None, 'from_period': 2, 'to_period': None, 'start_reason': 'Tactical Shift', 'end_reason': 'Final Whistle'}]",266280,La Liga,2016/2017
4320,Neymar da Silva Santos Junior,Neymar,11,Brazil,[],"[{'position_id': 21, 'position': 'Left Wing', 'from': '00:00', 'to': None, 'from_period': 1, 'to_period': None, 'start_reason': 'Starting XI', 'end_reason': 'Final Whistle'}]",267432,La Liga,2016/2017
5503,Lionel Andrés Messi Cuccittini,Lionel Messi,10,Argentina,[],"[{'position_id': 17, 'position': 'Right Wing', 'from': '00:00', 'to': '71:21', 'from_period': 1, 'to_period': 2, 'start_reason': 'Starting XI', 'end_reason': 'Tactical Shift'}, {'position_id': 13, 'position': 'Right Center Midfield', 'from': '71:21', 'to': None, 'from_period': 2, 'to_period': None, 'start_reason': 'Tactical Shift', 'end_reason': 'Final Whistle'}]",267432,La Liga,2016/2017
5207,Cristiano Ronaldo dos Santos Aveiro,Cristiano Ronaldo,7,Portugal,[],"[{'position_id': 21, 'position': 'Left Wing', 'from': '00:00', 'to': '77:55', 'from_period': 1, 'to_period': 2, 'start_reason': 'Starting XI', 'end_reason': 'Tactical Shift'}, {'position_id': 23, 'position': 'Center Forward', 'from': '77:55', 'to': '87:13', 'from_period': 2, 'to_period': 2, 'start_reason': 'Tactical Shift', 'end_reason': 'Tactical Shift'}, {'position_id': 24, 'position': 'Left Center Forward', 'from': '87:13', 'to': None, 'from_period': 2, 'to_period': None, 'start_reason': 'Tactical Shift', 'end_reason': 'Final Whistle'}]",267076,La Liga,2016/2017
5463,Luka Modrić,,19,Croatia,[],"[{'position_id': 9, 'position': 'Right Defensive Midfield', 'from': '00:00', 'to': '66:03', 'from_period': 1, 'to_period': 2, 'start_reason': 'Starting XI', 'end_reason': 'Tactical Shift'}, {'position_id': 13, 'position': 'Right Center Midfield', 'from': '66:03', 'to': '87:13', 'from_period': 2, 'to_period': 2, 'start_reason': 'Tactical Shift', 'end_reason': 'Tactical Shift'}, {'position_id': 9, 'position': 'Right Defensive Midfield', 'from': '87:13', 'to': None, 'from_period': 2, 'to_period': None, 'start_reason': 'Tactical Shift', 'end_reason': 'Final Whistle'}]",267076,La Liga,2016/2017
4320,Neymar da Silva Santos Junior,Neymar,11,Brazil,"[{'time': '27:52', 'card_type': 'Yellow Card', 'reason': 'Foul Committed', 'period': 1}]","[{'position_id': 21, 'position': 'Left Wing', 'from': '00:00', 'to': '86:58', 'from_period': 1, 'to_period': 2, 'start_reason': 'Starting XI', 'end_reason': 'Substitution - Off (Tactical)'}]",267076,La Liga,2016/2017
5503,Lionel Andrés Messi Cuccittini,Lionel Messi,10,Argentina,[],"[{'position_id': 17, 'position': 'Right Wing', 'from': '00:00', 'to': None, 'from_period': 1, 'to_period': None, 'start_reason': 'Starting XI', 'end_reason': 'Final Whistle'}]",267076,La Liga,2016/2017
4320,Neymar da Silva Santos Junior,Neymar,11,Brazil,"[{'time': '26:39', 'card_type': 'Yellow Card', 'reason': 'Bad Behaviour', 'period': 1}, {'time': '64:41', 'card_type': 'Second Yellow', 'reason': 'Foul Committed', 'period': 2}]","[{'position_id': 21, 'position': 'Left Wing', 'from': '00:00', 'to': '62:03', 'from_period': 1, 'to_period': 2, 'start_reason': 'Starting XI', 'end_reason': 'Tactical Shift'}, {'position_id': 8, 'position': 'Left Wing Back', 'from': '62:03', 'to': '67:27', 'from_period': 2, 'to_period': 2, 'start_reason': 'Tactical Shift', 'end_reason': 'Tactical Shift'}, {'position_id': 13, 'position': 'Right Center Midfield', 'from': '67:27', 'to': None, 'from_period': 2, 'to_period': None, 'start_reason': 'Tactical Shift', 'end_reason': 'Final Whistle'}]",267590,La Liga,2016/2017
5503,Lionel Andrés Messi Cuccittini,Lionel Messi,10,Argentina,[],"[{'position_id': 17, 'position': 'Right Wing', 'from': '00:00', 'to': '62:03', 'from_period': 1, 'to_period': 2, 'start_reason': 'Starting XI', 'end_reason': 'Tactical Shift'}, {'position_id': 19, 'position': 'Center Attacking Midfield', 'from': '62:03', 'to': None, 'from_period': 2, 'to_period': None, 'start_reason': 'Tactical Shift', 'end_reason': 'Final Whistle'}]",267590,La Liga,2016/2017
5503,Lionel Andrés Messi Cuccittini,Lionel Messi,10,Argentina,[],"[{'position_id': 19, 'position': 'Center Attacking Midfield', 'from': '00:00', 'to': None, 'from_period': 1, 'to_period': None, 'start_reason': 'Starting XI', 'end_reason': 'Final Whistle'}]",267373,La Liga,2016/2017
4320,Neymar da Silva Santos Junior,Neymar,11,Brazil,[],"[{'position_id': 21, 'position': 'Left Wing', 'from': '00:00', 'to': None, 'from_period': 1, 'to_period': None, 'start_reason': 'Starting XI', 'end_reason': 'Final Whistle'}]",267077,La Liga,2016/2017
5503,Lionel Andrés Messi Cuccittini,Lionel Messi,10,Argentina,[],"[{'position_id': 17, 'position': 'Right Wing', 'from': '00:00', 'to': None, 'from_period': 1, 'to_period': None, 'start_reason': 'Starting XI', 'end_reason': 'Final Whistle'}]",267077,La Liga,2016/2017
4320,Neymar da Silva Santos Junior,Neymar,11,Brazil,[],"[{'position_id': 21, 'position': 'Left Wing', 'from': '00:00', 'to': None, 'from_period': 1, 'to_period': None, 'start_reason': 'Starting XI', 'end_reason': 'Final Whistle'}]",266952,La Liga,2016/2017
5503,Lionel Andrés Messi Cuccittini,Lionel Messi,10,Argentina,[],"[{'position_id': 17, 'position': 'Right Wing', 'from': '00:00', 'to': None, 'from_period': 1, 'to_period': None, 'start_reason': 'Starting XI', 'end_reason': 'Final Whistle'}]",266952,La Liga,2016/2017
4320,Neymar da Silva Santos Junior,Neymar,11,Brazil,[],"[{'position_id': 21, 'position': 'Left Wing', 'from': '00:00', 'to': None, 'from_period': 1, 'to_period': None, 'start_reason': 'Starting XI', 'end_reason': 'Final Whistle'}]",267464,La Liga,2016/2017
5503,Lionel Andrés Messi Cuccittini,Lionel Messi,10,Argentina,"[{'time': '81:26', 'card_type': 'Yellow Card', 'reason': 'Bad Behaviour', 'period': 2}]","[{'position_id': 17, 'position': 'Right Wing', 'from': '00:00', 'to': None, 'from_period': 1, 'to_period': None, 'start_reason': 'Starting XI', 'end_reason': 'Final Whistle'}]",267464,La Liga,2016/2017
4320,Neymar da Silva Santos Junior,Neymar,11,Brazil,[],"[{'position_id': 21, 'position': 'Left Wing', 'from': '00:00', 'to': '69:42', 'from_period': 1, 'to_period': 2, 'start_reason': 'Starting XI', 'end_reason': 'Substitution - Off (Tactical)'}]",266299,La Liga,2016/2017
5503,Lionel Andrés Messi Cuccittini,Lionel Messi,10,Argentina,[],"[{'position_id': 17, 'position': 'Right Wing', 'from': '00:00', 'to': None, 'from_period': 1, 'to_period': None, 'start_reason': 'Starting XI', 'end_reason': 'Final Whistle'}]",266299,La Liga,2016/2017
4320,Neymar da Silva Santos Junior,Neymar,11,Brazil,[],"[{'position_id': 21, 'position': 'Left Wing', 'from': '00:00', 'to': None, 'from_period': 1, 'to_period': None, 'start_reason': 'Starting XI', 'end_reason': 'Final Whistle'}]",266191,La Liga,2016/2017
5503,Lionel Andrés Messi Cuccittini,Lionel Messi,10,Argentina,[],"[{'position_id': 17, 'position': 'Right Wing', 'from': '00:00', 'to': None, 'from_period': 1, 'to_period': None, 'start_reason': 'Starting XI', 'end_reason': 'Final Whistle'}]",266191,La Liga,2016/2017
4320,Neymar da Silva Santos Junior,Neymar,11,Brazil,"[{'time': '45:38', 'card_type': 'Yellow Card', 'reason': 'Bad Behaviour', 'period': 1}]","[{'position_id': 21, 'position': 'Left Wing', 'from': '00:00', 'to': '73:17', 'from_period': 1, 'to_period': 2, 'start_reason': 'Starting XI', 'end_reason': 'Tactical Shift'}, {'position_id': 24, 'position': 'Left Center Forward', 'from': '73:17', 'to': None, 'from_period': 2, 'to_period': None, 'start_reason': 'Tactical Shift', 'end_reason': 'Final Whistle'}]",265952,La Liga,2016/2017
5503,Lionel Andrés Messi Cuccittini,Lionel Messi,10,Argentina,[],"[{'position_id': 17, 'position': 'Right Wing', 'from': '00:00', 'to': '60:13', 'from_period': 1, 'to_period': 2, 'start_reason': 'Starting XI', 'end_reason': 'Substitution - Off (Tactical)'}]",265952,La Liga,2016/2017
4320,Neymar da Silva Santos Junior,Neymar,11,Brazil,[],"[{'position_id': 21, 'position': 'Left Wing', 'from': '00:00', 'to': None, 'from_period': 1, 'to_period': None, 'start_reason': 'Starting XI', 'end_reason': 'Final Whistle'}]",267492,La Liga,2016/2017
5503,Lionel Andrés Messi Cuccittini,Lionel Messi,10,Argentina,"[{'time': '89:12', 'card_type': 'Yellow Card', 'reason': 'Bad Behaviour', 'period': 2}]","[{'position_id': 15, 'position': 'Left Center Midfield', 'from': '54:50', 'to': '58:11', 'from_period': 2, 'to_period': 2, 'start_reason': 'Substitution - On (Tactical)', 'end_reason': 'Tactical Shift'}, {'position_id': 17, 'position': 'Right Wing', 'from': '58:11', 'to': None, 'from_period': 2, 'to_period': None, 'start_reason': 'Tactical Shift', 'end_reason': 'Final Whistle'}]",267492,La Liga,2016/2017
4320,Neymar da Silva Santos Junior,Neymar,11,Brazil,[],"[{'position_id': 21, 'position': 'Left Wing', 'from': '00:00', 'to': None, 'from_period': 1, 'to_period': None, 'start_reason': 'Starting XI', 'end_reason': 'Final Whistle'}]",267596,La Liga,2016/2017
5503,Lionel Andrés Messi Cuccittini,Lionel Messi,10,Argentina,[],"[{'position_id': 17, 'position': 'Right Wing', 'from': '00:00', 'to': None, 'from_period': 1, 'to_period': None, 'start_reason': 'Starting XI', 'end_reason': 'Final Whistle'}]",267596,La Liga,2016/2017
4320,Neymar da Silva Santos Junior,Neymar,11,Brazil,"[{'time': '86:20', 'card_type': 'Yellow Card', 'reason': 'Bad Behaviour', 'period': 2}]","[{'position_id': 21, 'position': 'Left Wing', 'from': '00:00', 'to': None, 'from_period': 1, 'to_period': None, 'start_reason': 'Starting XI', 'end_reason': 'Final Whistle'}]",267058,La Liga,2016/2017
5503,Lionel Andrés Messi Cuccittini,Lionel Messi,10,Argentina,[],"[{'position_id': 17, 'position': 'Right Wing', 'from': '00:00', 'to': None, 'from_period': 1, 'to_period': None, 'start_reason': 'Starting XI', 'end_reason': 'Final Whistle'}]",267058,La Liga,2016/2017
5207,Cristiano Ronaldo dos Santos Aveiro,Cristiano Ronaldo,7,Portugal,[],"[{'position_id': 21, 'position': 'Left Wing', 'from': '00:00', 'to': '64:56', 'from_period': 1, 'to_period': 2, 'start_reason': 'Starting XI', 'end_reason': 'Tactical Shift'}, {'position_id': 23, 'position': 'Center Forward', 'from': '64:56', 'to': '83:10', 'from_period': 2, 'to_period': 2, 'start_reason': 'Tactical Shift', 'end_reason': 'Tactical Shift'}, {'position_id': 24, 'position': 'Left Center Forward', 'from': '83:10', 'to': None, 'from_period': 2, 'to_period': None, 'start_reason': 'Tactical Shift', 'end_reason': 'Final Whistle'}]",3825739,La Liga,2015/2016
5463,Luka Modrić,,19,Croatia,"[{'time': '56:53', 'card_type': 'Yellow Card', 'reason': 'Foul Committed', 'period': 2}]","[{'position_id': 13, 'position': 'Right Center Midfield', 'from': '00:00', 'to': '83:10', 'from_period': 1, 'to_period': 2, 'start_reason': 'Starting XI', 'end_reason': 'Tactical Shift'}, {'position_id': 9, 'position': 'Right Defensive Midfield', 'from': '83:10', 'to': None, 'from_period': 2, 'to_period': None, 'start_reason': 'Tactical Shift', 'end_reason': 'Final Whistle'}]",3825739,La Liga,2015/2016
5207,Cristiano Ronaldo dos Santos Aveiro,Cristiano Ronaldo,7,Portugal,[],"[{'position_id': 21, 'position': 'Left Wing', 'from': '00:00', 'to': '45:00', 'from_period': 1, 'to_period': 2, 'start_reason': 'Starting XI', 'end_reason': 'Substitution - Off (Tactical)'}]",3825846,La Liga,2015/2016
5463,Luka Modrić,,19,Croatia,"[{'time': '88:54', 'card_type': 'Yellow Card', 'reason': 'Foul Committed', 'period': 2}]","[{'position_id': 13, 'position': 'Right Center Midfield', 'from': '00:00', 'to': None, 'from_period': 1, 'to_period': None, 'start_reason': 'Starting XI', 'end_reason': 'Final Whistle'}]",3825846,La Liga,2015/2016
5207,Cristiano Ronaldo dos Santos Aveiro,Cristiano Ronaldo,7,Portugal,[],"[{'position_id': 21, 'position': 'Left Wing', 'from': '00:00', 'to': '68:24', 'from_period': 1, 'to_period': 2, 'start_reason': 'Starting XI', 'end_reason': 'Tactical Shift'}, {'position_id': 23, 'position': 'Center Forward', 'from': '68:24', 'to': None, 'from_period': 2, 'to_period': None, 'start_reason': 'Tactical Shift', 'end_reason': 'Final Whistle'}]",3825833,La Liga,2015/2016
5463,Luka Modrić,,19,Croatia,[],[],3825833,La Liga,2015/2016
5207,Cristiano Ronaldo dos Santos Aveiro,Cristiano Ronaldo,7,Portugal,[],"[{'position_id': 21, 'position': 'Left Wing', 'from': '00:00', 'to': None, 'from_period': 1, 'to_period': None, 'start_reason': 'Starting XI', 'end_reason': 'Final Whistle'}]",3825820,La Liga,2015/2016
5463,Luka Modrić,,19,Croatia,[],"[{'position_id': 15, 'position': 'Left Center Midfield', 'from': '00:00', 'to': None, 'from_period': 1, 'to_period': None, 'start_reason': 'Starting XI', 'end_reason': 'Final Whistle'}]",3825820,La Liga,2015/2016
5207,Cristiano Ronaldo dos Santos Aveiro,Cristiano Ronaldo,7,Portugal,[],"[{'position_id': 21, 'position': 'Left Wing', 'from': '00:00', 'to': '74:18', 'from_period': 1, 'to_period': 2, 'start_reason': 'Starting XI', 'end_reason': 'Tactical Shift'}, {'position_id': 23, 'position': 'Center Forward', 'from': '74:18', 'to': None, 'from_period': 2, 'to_period': None, 'start_reason': 'Tactical Shift', 'end_reason': 'Final Whistle'}]",3825757,La Liga,2015/2016
5463,Luka Modrić,,19,Croatia,[],"[{'position_id': 13, 'position': 'Right Center Midfield', 'from': '00:00', 'to': '62:43', 'from_period': 1, 'to_period': 2, 'start_reason': 'Starting XI', 'end_reason': 'Substitution - Off (Tactical)'}]",3825757,La Liga,2015/2016
5207,Cristiano Ronaldo dos Santos Aveiro,Cristiano Ronaldo,7,Portugal,[],"[{'position_id': 21, 'position': 'Left Wing', 'from': '00:00', 'to': '85:07', 'from_period': 1, 'to_period': 2, 'start_reason': 'Starting XI', 'end_reason': 'Tactical Shift'}, {'position_id': 23, 'position': 'Center Forward', 'from': '85:07', 'to': None, 'from_period': 2, 'to_period': None, 'start_reason': 'Tactical Shift', 'end_reason': 'Final Whistle'}]",3825798,La Liga,2015/2016
5207,Cristiano Ronaldo dos Santos Aveiro,Cristiano Ronaldo,7,Portugal,[],"[{'position_id': 21, 'position': 'Left Wing', 'from': '00:00', 'to': '69:56', 'from_period': 1, 'to_period': 2, 'start_reason': 'Starting XI', 'end_reason': 'Tactical Shift'}, {'position_id': 22, 'position': 'Right Center Forward', 'from': '69:56', 'to': None, 'from_period': 2, 'to_period': None, 'start_reason': 'Tactical Shift', 'end_reason': 'Final Whistle'}]",3825787,La Liga,2015/2016
5463,Luka Modrić,,19,Croatia,[],"[{'position_id': 13, 'position': 'Right Center Midfield', 'from': '00:00', 'to': '69:56', 'from_period': 1, 'to_period': 2, 'start_reason': 'Starting XI', 'end_reason': 'Tactical Shift'}, {'position_id': 9, 'position': 'Right Defensive Midfield', 'from': '69:56', 'to': None, 'from_period': 2, 'to_period': None, 'start_reason': 'Tactical Shift', 'end_reason': 'Final Whistle'}]",3825787,La Liga,2015/2016
5207,Cristiano Ronaldo dos Santos Aveiro,Cristiano Ronaldo,7,Portugal,[],"[{'position_id': 21, 'position': 'Left Wing', 'from': '00:00', 'to': None, 'from_period': 1, 'to_period': None, 'start_reason': 'Starting XI', 'end_reason': 'Final Whistle'}]",3825785,La Liga,2015/2016
5463,Luka Modrić,,19,Croatia,"[{'time': '70:08', 'card_type': 'Yellow Card', 'reason': 'Foul Committed', 'period': 2}]","[{'position_id': 13, 'position': 'Right Center Midfield', 'from': '00:00', 'to': None, 'from_period': 1, 'to_period': None, 'start_reason': 'Starting XI', 'end_reason': 'Final Whistle'}]",3825785,La Liga,2015/2016
5207,Cristiano Ronaldo dos Santos Aveiro,Cristiano Ronaldo,7,Portugal,[],"[{'position_id': 21, 'position': 'Left Wing', 'from': '00:00', 'to': None, 'from_period': 1, 'to_period': None, 'start_reason': 'Starting XI', 'end_reason': 'Final Whistle'}]",3825770,La Liga,2015/2016
5463,Luka Modrić,,19,Croatia,"[{'time': '70:44', 'card_type': 'Yellow Card', 'reason': 'Foul Committed', 'period': 2}]","[{'position_id': 13, 'position': 'Right Center Midfield', 'from': '00:00', 'to': None, 'from_period': 1, 'to_period': None, 'start_reason': 'Starting XI', 'end_reason': 'Final Whistle'}]",3825770,La Liga,2015/2016
5207,Cristiano Ronaldo dos Santos Aveiro,Cristiano Ronaldo,7,Portugal,[],"[{'position_id': 24, 'position': 'Left Center Forward', 'from': '00:00', 'to': '79:09', 'from_period': 1, 'to_period': 2, 'start_reason': 'Starting XI', 'end_reason': 'Tactical Shift'}, {'position_id': 23, 'position': 'Center Forward', 'from': '79:09', 'to': '85:30', 'from_period': 2, 'to_period': 2, 'start_reason': 'Tactical Shift', 'end_reason': 'Tactical Shift'}, {'position_id': 21, 'position': 'Left Wing', 'from': '85:30', 'to': None, 'from_period': 2, 'to_period': None, 'start_reason': 'Tactical Shift', 'end_reason': 'Final Whistle'}]",3825678,La Liga,2015/2016
5463,Luka Modrić,,19,Croatia,[],"[{'position_id': 9, 'position': 'Right Defensive Midfield', 'from': '00:00', 'to': '79:09', 'from_period': 1, 'to_period': 2, 'start_reason': 'Starting XI', 'end_reason': 'Tactical Shift'}, {'position_id': 13, 'position': 'Right Center Midfield', 'from': '79:09', 'to': None, 'from_period': 2, 'to_period': None, 'start_reason': 'Tactical Shift', 'end_reason': 'Final Whistle'}]",3825678,La Liga,2015/2016
5207,Cristiano Ronaldo dos Santos Aveiro,Cristiano Ronaldo,7,Portugal,[],"[{'position_id': 23, 'position': 'Center Forward', 'from': '00:00', 'to': None, 'from_period': 1, 'to_period': None, 'start_reason': 'Starting XI', 'end_reason': 'Final Whistle'}]",3825643,La Liga,2015/2016
5463,Luka Modrić,,19,Croatia,[],"[{'position_id': 13, 'position': 'Right Center Midfield', 'from': '00:00', 'to': '45:00', 'from_period': 1, 'to_period': 2, 'start_reason': 'Starting XI', 'end_reason': 'Substitution - Off (Tactical)'}]",3825643,La Liga,2015/2016
5207,Cristiano Ronaldo dos Santos Aveiro,Cristiano Ronaldo,7,Portugal,[],"[{'position_id': 21, 'position': 'Left Wing', 'from': '00:00', 'to': None, 'from_period': 1, 'to_period': None, 'start_reason': 'Starting XI', 'end_reason': 'Final Whistle'}]",3825572,La Liga,2015/2016
5463,Luka Modrić,,19,Croatia,[],"[{'position_id': 9, 'position': 'Right Defensive Midfield', 'from': '00:00', 'to': '74:14', 'from_period': 1, 'to_period': 2, 'start_reason': 'Starting XI', 'end_reason': 'Substitution - Off (Tactical)'}]",3825572,La Liga,2015/2016
5207,Cristiano Ronaldo dos Santos Aveiro,Cristiano Ronaldo,7,Portugal,[],"[{'position_id': 21, 'position': 'Left Wing', 'from': '00:00', 'to': None, 'from_period': 1, 'to_period': None, 'start_reason': 'Starting XI', 'end_reason': 'Final Whistle'}]",3825700,La Liga,2015/2016
5463,Luka Modrić,,19,Croatia,[],"[{'position_id': 15, 'position': 'Left Center Midfield', 'from': '00:00', 'to': None, 'from_period': 1, 'to_period': None, 'start_reason': 'Starting XI', 'end_reason': 'Final Whistle'}]",3825700,La Liga,2015/2016
5207,Cristiano Ronaldo dos Santos Aveiro,Cristiano Ronaldo,7,Portugal,[],"[{'position_id': 21, 'position': 'Left Wing', 'from': '00:00', 'to': None, 'from_period': 1, 'to_period': None, 'start_reason': 'Starting XI', 'end_reason': 'Final Whistle'}]",3825695,La Liga,2015/2016
5463,Luka Modrić,,19,Croatia,[],"[{'position_id': 13, 'position': 'Right Center Midfield', 'from': '00:00', 'to': '77:53', 'from_period': 1, 'to_period': 2, 'start_reason': 'Starting XI', 'end_reason': 'Substitution - Off (Tactical)'}]",3825695,La Liga,2015/2016
5207,Cristiano Ronaldo dos Santos Aveiro,Cristiano Ronaldo,7,Portugal,[],"[{'position_id': 21, 'position': 'Left Wing', 'from': '00:00', 'to': '78:25', 'from_period': 1, 'to_period': 2, 'start_reason': 'Starting XI', 'end_reason': 'Tactical Shift'}, {'position_id': 23, 'position': 'Center Forward', 'from': '78:25', 'to': None, 'from_period': 2, 'to_period': None, 'start_reason': 'Tactical Shift', 'end_reason': 'Final Whistle'}]",3825681,La Liga,2015/2016
5463,Luka Modrić,,19,Croatia,[],"[{'position_id': 13, 'position': 'Right Center Midfield', 'from': '00:00', 'to': '61:55', 'from_period': 1, 'to_period': 2, 'start_reason': 'Starting XI', 'end_reason': 'Substitution - Off (Tactical)'}]",3825681,La Liga,2015/2016
4320,Neymar da Silva Santos Junior,Neymar,11,Brazil,"[{'time': '46:06', 'card_type': 'Yellow Card', 'reason': 'Bad Behaviour', 'period': 2}]","[{'position_id': 21, 'position': 'Left Wing', 'from': '00:00', 'to': None, 'from_period': 1, 'to_period': None, 'start_reason': 'Starting XI', 'end_reason': 'Final Whistle'}]",3825660,La Liga,2015/2016
5207,Cristiano Ronaldo dos Santos Aveiro,Cristiano Ronaldo,7,Portugal,[],"[{'position_id': 21, 'position': 'Left Wing', 'from': '00:00', 'to': None, 'from_period': 1, 'to_period': None, 'start_reason': 'Starting XI', 'end_reason': 'Final Whistle'}]",3825661,La Liga,2015/2016
5463,Luka Modrić,,19,Croatia,[],"[{'position_id': 13, 'position': 'Right Center Midfield', 'from': '00:00', 'to': None, 'from_period': 1, 'to_period': None, 'start_reason': 'Starting XI', 'end_reason': 'Final Whistle'}]",3825661,La Liga,2015/2016
4320,Neymar da Silva Santos Junior,Neymar,11,Brazil,"[{'time': '91:11', 'card_type': 'Yellow Card', 'reason': 'Foul Committed', 'period': 2}]","[{'position_id': 21, 'position': 'Left Wing', 'from': '00:00', 'to': None, 'from_period': 1, 'to_period': None, 'start_reason': 'Starting XI', 'end_reason': 'Final Whistle'}]",3825637,La Liga,2015/2016
5207,Cristiano Ronaldo dos Santos Aveiro,Cristiano Ronaldo,7,Portugal,[],"[{'position_id': 21, 'position': 'Left Wing', 'from': '00:00', 'to': '64:10', 'from_period': 1, 'to_period': 2, 'start_reason': 'Starting XI', 'end_reason': 'Tactical Shift'}, {'position_id': 23, 'position': 'Center Forward', 'from': '64:10', 'to': '78:41', 'from_period': 2, 'to_period': 2, 'start_reason': 'Tactical Shift', 'end_reason': 'Substitution - Off (Tactical)'}]",3825901,La Liga,2015/2016
5207,Cristiano Ronaldo dos Santos Aveiro,Cristiano Ronaldo,7,Portugal,[],"[{'position_id': 21, 'position': 'Left Wing', 'from': '00:00', 'to': '76:44', 'from_period': 1, 'to_period': 2, 'start_reason': 'Starting XI', 'end_reason': 'Player Off'}, {'position_id': 21, 'position': 'Left Wing', 'from': '78:13', 'to': '90:41', 'from_period': 2, 'to_period': 2, 'start_reason': 'Player On', 'end_reason': 'Player Off'}, {'position_id': 21, 'position': 'Left Wing', 'from': '93:18', 'to': None, 'from_period': 2, 'to_period': None, 'start_reason': 'Player On', 'end_reason': 'Final Whistle'}]",3825893,La Liga,2015/2016
5463,Luka Modrić,,19,Croatia,[],"[{'position_id': 13, 'position': 'Right Center Midfield', 'from': '00:00', 'to': '78:44', 'from_period': 1, 'to_period': 2, 'start_reason': 'Starting XI', 'end_reason': 'Substitution - Off (Tactical)'}]",3825893,La Liga,2015/2016
5463,Luka Modrić,,19,Croatia,[],"[{'position_id': 23, 'position': 'Center Forward', 'from': '62:50', 'to': '63:40', 'from_period': 2, 'to_period': 2, 'start_reason': 'Substitution - On (Tactical)', 'end_reason': 'Tactical Shift'}, {'position_id': 13, 'position': 'Right Center Midfield', 'from': '63:40', 'to': '78:39', 'from_period': 2, 'to_period': 2, 'start_reason': 'Tactical Shift', 'end_reason': 'Tactical Shift'}, {'position_id': 9, 'position': 'Right Defensive Midfield', 'from': '78:39', 'to': None, 'from_period': 2, 'to_period': None, 'start_reason': 'Tactical Shift', 'end_reason': 'Final Whistle'}]",3825886,La Liga,2015/2016
5207,Cristiano Ronaldo dos Santos Aveiro,Cristiano Ronaldo,7,Portugal,[],"[{'position_id': 23, 'position': 'Center Forward', 'from': '00:00', 'to': None, 'from_period': 1, 'to_period': None, 'start_reason': 'Starting XI', 'end_reason': 'Final Whistle'}]",3825879,La Liga,2015/2016
5463,Luka Modrić,,19,Croatia,[],"[{'position_id': 13, 'position': 'Right Center Midfield', 'from': '00:00', 'to': '89:41', 'from_period': 1, 'to_period': 2, 'start_reason': 'Starting XI', 'end_reason': 'Substitution - Off (Tactical)'}]",3825879,La Liga,2015/2016
5463,Luka Modrić,,19,Croatia,"[{'time': '74:02', 'card_type': 'Yellow Card', 'reason': 'Foul Committed', 'period': 2}]","[{'position_id': 13, 'position': 'Right Center Midfield', 'from': '00:00', 'to': '84:43', 'from_period': 1, 'to_period': 2, 'start_reason': 'Starting XI', 'end_reason': 'Substitution - Off (Tactical)'}]",3825864,La Liga,2015/2016
5207,Cristiano Ronaldo dos Santos Aveiro,Cristiano Ronaldo,7,Portugal,[],"[{'position_id': 21, 'position': 'Left Wing', 'from': '00:00', 'to': None, 'from_period': 1, 'to_period': None, 'start_reason': 'Starting XI', 'end_reason': 'Final Whistle'}]",3825856,La Liga,2015/2016
5207,Cristiano Ronaldo dos Santos Aveiro,Cristiano Ronaldo,7,Portugal,[],"[{'position_id': 21, 'position': 'Left Wing', 'from': '00:00', 'to': '81:13', 'from_period': 1, 'to_period': 2, 'start_reason': 'Starting XI', 'end_reason': 'Tactical Shift'}, {'position_id': 24, 'position': 'Left Center Forward', 'from': '81:13', 'to': None, 'from_period': 2, 'to_period': None, 'start_reason': 'Tactical Shift', 'end_reason': 'Final Whistle'}]",3825806,La Liga,2015/2016
5207,Cristiano Ronaldo dos Santos Aveiro,Cristiano Ronaldo,7,Portugal,[],"[{'position_id': 21, 'position': 'Left Wing', 'from': '00:00', 'to': None, 'from_period': 1, 'to_period': None, 'start_reason': 'Starting XI', 'end_reason': 'Final Whistle'}]",3825764,La Liga,2015/2016
5463,Luka Modrić,,19,Croatia,[],"[{'position_id': 13, 'position': 'Right Center Midfield', 'from': '00:00', 'to': None, 'from_period': 1, 'to_period': None, 'start_reason': 'Starting XI', 'end_reason': 'Final Whistle'}]",3825764,La Liga,2015/2016
5207,Cristiano Ronaldo dos Santos Aveiro,Cristiano Ronaldo,7,Portugal,[],"[{'position_id': 21, 'position': 'Left Wing', 'from': '00:00', 'to': '24:17', 'from_period': 1, 'to_period': 1, 'start_reason': 'Starting XI', 'end_reason': 'Player Off'}, {'position_id': 21, 'position': 'Left Wing', 'from': '25:57', 'to': None, 'from_period': 1, 'to_period': None, 'start_reason': 'Player On', 'end_reason': 'Final Whistle'}]",3825746,La Liga,2015/2016
5463,Luka Modrić,,19,Croatia,[],"[{'position_id': 13, 'position': 'Right Center Midfield', 'from': '00:00', 'to': None, 'from_period': 1, 'to_period': None, 'start_reason': 'Starting XI', 'end_reason': 'Final Whistle'}]",3825746,La Liga,2015/2016
5207,Cristiano Ronaldo dos Santos Aveiro,Cristiano Ronaldo,7,Portugal,[],"[{'position_id': 21, 'position': 'Left Wing', 'from': '00:00', 'to': None, 'from_period': 1, 'to_period': None, 'start_reason': 'Starting XI', 'end_reason': 'Final Whistle'}]",3825724,La Liga,2015/2016
5463,Luka Modrić,,19,Croatia,[],"[{'position_id': 9, 'position': 'Right Defensive Midfield', 'from': '00:00', 'to': None, 'from_period': 1, 'to_period': None, 'start_reason': 'Starting XI', 'end_reason': 'Final Whistle'}]",3825724,La Liga,2015/2016
5207,Cristiano Ronaldo dos Santos Aveiro,Cristiano Ronaldo,7,Portugal,[],"[{'position_id': 21, 'position': 'Left Wing', 'from': '00:00', 'to': '70:30', 'from_period': 1, 'to_period': 2, 'start_reason': 'Starting XI', 'end_reason': 'Tactical Shift'}, {'position_id': 23, 'position': 'Center Forward', 'from': '70:30', 'to': None, 'from_period': 2, 'to_period': None, 'start_reason': 'Tactical Shift', 'end_reason': 'Final Whistle'}]",3825718,La Liga,2015/2016
5463,Luka Modrić,,19,Croatia,[],"[{'position_id': 13, 'position': 'Right Center Midfield', 'from': '00:00', 'to': '38:28', 'from_period': 1, 'to_period': 1, 'start_reason': 'Starting XI', 'end_reason': 'Player Off'}, {'position_id': 13, 'position': 'Right Center Midfield', 'from': '39:23', 'to': None, 'from_period': 1, 'to_period': None, 'start_reason': 'Player On', 'end_reason': 'Final Whistle'}]",3825718,La Liga,2015/2016
5207,Cristiano Ronaldo dos Santos Aveiro,Cristiano Ronaldo,7,Portugal,[],"[{'position_id': 21, 'position': 'Left Wing', 'from': '00:00', 'to': '76:48', 'from_period': 1, 'to_period': 2, 'start_reason': 'Starting XI', 'end_reason': 'Tactical Shift'}, {'position_id': 23, 'position': 'Center Forward', 'from': '76:48', 'to': None, 'from_period': 2, 'to_period': None, 'start_reason': 'Tactical Shift', 'end_reason': 'Final Whistle'}]",3825710,La Liga,2015/2016
5463,Luka Modrić,,19,Croatia,[],"[{'position_id': 13, 'position': 'Right Center Midfield', 'from': '00:00', 'to': '86:59', 'from_period': 1, 'to_period': 2, 'start_reason': 'Starting XI', 'end_reason': 'Substitution - Off (Tactical)'}]",3825710,La Liga,2015/2016
4320,Neymar da Silva Santos Junior,Neymar,11,Brazil,[],"[{'position_id': 21, 'position': 'Left Wing', 'from': '00:00', 'to': '61:12', 'from_period': 1, 'to_period': 2, 'start_reason': 'Starting XI', 'end_reason': 'Tactical Shift'}, {'position_id': 16, 'position': 'Left Midfield', 'from': '61:12', 'to': None, 'from_period': 2, 'to_period': None, 'start_reason': 'Tactical Shift', 'end_reason': 'Final Whistle'}]",3825645,La Liga,2015/2016
5207,Cristiano Ronaldo dos Santos Aveiro,Cristiano Ronaldo,7,Portugal,[],"[{'position_id': 23, 'position': 'Center Forward', 'from': '00:00', 'to': None, 'from_period': 1, 'to_period': None, 'start_reason': 'Starting XI', 'end_reason': 'Final Whistle'}]",3825635,La Liga,2015/2016
5463,Luka Modrić,,19,Croatia,[],"[{'position_id': 13, 'position': 'Right Center Midfield', 'from': '00:00', 'to': '79:26', 'from_period': 1, 'to_period': 2, 'start_reason': 'Starting XI', 'end_reason': 'Substitution - Off (Tactical)'}]",3825635,La Liga,2015/2016
4320,Neymar da Silva Santos Junior,Neymar,11,Brazil,[],"[{'position_id': 21, 'position': 'Left Wing', 'from': '00:00', 'to': None, 'from_period': 1, 'to_period': None, 'start_reason': 'Starting XI', 'end_reason': 'Final Whistle'}]",3825627,La Liga,2015/2016
5207,Cristiano Ronaldo dos Santos Aveiro,Cristiano Ronaldo,7,Portugal,[],"[{'position_id': 23, 'position': 'Center Forward', 'from': '00:00', 'to': None, 'from_period': 1, 'to_period': None, 'start_reason': 'Starting XI', 'end_reason': 'Final Whistle'}]",3825625,La Liga,2015/2016
5207,Cristiano Ronaldo dos Santos Aveiro,Cristiano Ronaldo,7,Portugal,[],"[{'position_id': 21, 'position': 'Left Wing', 'from': '00:00', 'to': '76:19', 'from_period': 1, 'to_period': 2, 'start_reason': 'Starting XI', 'end_reason': 'Tactical Shift'}, {'position_id': 23, 'position': 'Center Forward', 'from': '76:19', 'to': None, 'from_period': 2, 'to_period': None, 'start_reason': 'Tactical Shift', 'end_reason': 'Final Whistle'}]",3825621,La Liga,2015/2016
5463,Luka Modrić,,19,Croatia,[],"[{'position_id': 15, 'position': 'Left Center Midfield', 'from': '00:00', 'to': None, 'from_period': 1, 'to_period': None, 'start_reason': 'Starting XI', 'end_reason': 'Final Whistle'}]",3825621,La Liga,2015/2016
4320,Neymar da Silva Santos Junior,Neymar,11,Brazil,[],"[{'position_id': 21, 'position': 'Left Wing', 'from': '00:00', 'to': None, 'from_period': 1, 'to_period': None, 'start_reason': 'Starting XI', 'end_reason': 'Final Whistle'}]",3825617,La Liga,2015/2016
5207,Cristiano Ronaldo dos Santos Aveiro,Cristiano Ronaldo,7,Portugal,"[{'time': '93:47', 'card_type': 'Yellow Card', 'reason': 'Foul Committed', 'period': 2}]","[{'position_id': 21, 'position': 'Left Wing', 'from': '00:00', 'to': None, 'from_period': 1, 'to_period': None, 'start_reason': 'Starting XI', 'end_reason': 'Final Whistle'}]",3825606,La Liga,2015/2016
5463,Luka Modrić,,19,Croatia,[],"[{'position_id': 13, 'position': 'Right Center Midfield', 'from': '00:00', 'to': None, 'from_period': 1, 'to_period': None, 'start_reason': 'Starting XI', 'end_reason': 'Final Whistle'}]",3825606,La Liga,2015/2016
5207,Cristiano Ronaldo dos Santos Aveiro,Cristiano Ronaldo,7,Portugal,"[{'time': '51:40', 'card_type': 'Yellow Card', 'reason': 'Bad Behaviour', 'period': 2}]","[{'position_id': 21, 'position': 'Left Wing', 'from': '00:00', 'to': '80:00', 'from_period': 1, 'to_period': 2, 'start_reason': 'Starting XI', 'end_reason': 'Tactical Shift'}, {'position_id': 23, 'position': 'Center Forward', 'from': '80:00', 'to': None, 'from_period': 2, 'to_period': None, 'start_reason': 'Tactical Shift', 'end_reason': 'Final Whistle'}]",3825602,La Liga,2015/2016
5463,Luka Modrić,,19,Croatia,[],"[{'position_id': 9, 'position': 'Right Defensive Midfield', 'from': '00:00', 'to': None, 'from_period': 1, 'to_period': None, 'start_reason': 'Starting XI', 'end_reason': 'Final Whistle'}]",3825602,La Liga,2015/2016
5207,Cristiano Ronaldo dos Santos Aveiro,Cristiano Ronaldo,7,Portugal,[],"[{'position_id': 21, 'position': 'Left Wing', 'from': '00:00', 'to': '77:00', 'from_period': 1, 'to_period': 2, 'start_reason': 'Starting XI', 'end_reason': 'Tactical Shift'}, {'position_id': 23, 'position': 'Center Forward', 'from': '77:00', 'to': None, 'from_period': 2, 'to_period': None, 'start_reason': 'Tactical Shift', 'end_reason': 'Final Whistle'}]",3825590,La Liga,2015/2016
5463,Luka Modrić,,19,Croatia,[],"[{'position_id': 9, 'position': 'Right Defensive Midfield', 'from': '00:00', 'to': '85:08', 'from_period': 1, 'to_period': 2, 'start_reason': 'Starting XI', 'end_reason': 'Tactical Shift'}, {'position_id': 13, 'position': 'Right Center Midfield', 'from': '85:08', 'to': None, 'from_period': 2, 'to_period': None, 'start_reason': 'Tactical Shift', 'end_reason': 'Final Whistle'}]",3825590,La Liga,2015/2016
5207,Cristiano Ronaldo dos Santos Aveiro,Cristiano Ronaldo,7,Portugal,[],"[{'position_id': 21, 'position': 'Left Wing', 'from': '00:00', 'to': '70:04', 'from_period': 1, 'to_period': 2, 'start_reason': 'Starting XI', 'end_reason': 'Tactical Shift'}, {'position_id': 23, 'position': 'Center Forward', 'from': '70:04', 'to': None, 'from_period': 2, 'to_period': None, 'start_reason': 'Tactical Shift', 'end_reason': 'Final Whistle'}]",3825581,La Liga,2015/2016
5463,Luka Modrić,,19,Croatia,[],"[{'position_id': 11, 'position': 'Left Defensive Midfield', 'from': '00:00', 'to': '55:34', 'from_period': 1, 'to_period': 2, 'start_reason': 'Starting XI', 'end_reason': 'Substitution - Off (Tactical)'}]",3825581,La Liga,2015/2016
5207,Cristiano Ronaldo dos Santos Aveiro,Cristiano Ronaldo,7,Portugal,[],"[{'position_id': 21, 'position': 'Left Wing', 'from': '00:00', 'to': None, 'from_period': 1, 'to_period': None, 'start_reason': 'Starting XI', 'end_reason': 'Final Whistle'}]",3825567,La Liga,2015/2016
5463,Luka Modrić,,19,Croatia,[],"[{'position_id': 15, 'position': 'Left Center Midfield', 'from': '00:00', 'to': None, 'from_period': 1, 'to_period': None, 'start_reason': 'Starting XI', 'end_reason': 'Final Whistle'}]",3825567,La Liga,2015/2016
4320,Neymar da Silva Santos Junior,Neymar,11,Brazil,[],"[{'position_id': 21, 'position': 'Left Wing', 'from': '00:00', 'to': None, 'from_period': 1, 'to_period': None, 'start_reason': 'Starting XI', 'end_reason': 'Final Whistle'}]",266498,La Liga,2015/2016
5503,Lionel Andrés Messi Cuccittini,Lionel Messi,10,Argentina,[],"[{'position_id': 17, 'position': 'Right Wing', 'from': '00:00', 'to': None, 'from_period': 1, 'to_period': None, 'start_reason': 'Starting XI', 'end_reason': 'Final Whistle'}]",266498,La Liga,2015/2016
4320,Neymar da Silva Santos Junior,Neymar,11,Brazil,[],"[{'position_id': 21, 'position': 'Left Wing', 'from': '00:00', 'to': None, 'from_period': 1, 'to_period': None, 'start_reason': 'Starting XI', 'end_reason': 'Final Whistle'}]",266986,La Liga,2015/2016
5503,Lionel Andrés Messi Cuccittini,Lionel Messi,10,Argentina,"[{'time': '23:26', 'card_type': 'Yellow Card', 'reason': 'Bad Behaviour', 'period': 1}]","[{'position_id': 17, 'position': 'Right Wing', 'from': '00:00', 'to': None, 'from_period': 1, 'to_period': None, 'start_reason': 'Starting XI', 'end_reason': 'Final Whistle'}]",266986,La Liga,2015/2016
5207,Cristiano Ronaldo dos Santos Aveiro,Cristiano Ronaldo,7,Portugal,"[{'time': '80:02', 'card_type': 'Yellow Card', 'reason': 'Bad Behaviour', 'period': 2}]","[{'position_id': 21, 'position': 'Left Wing', 'from': '00:00', 'to': None, 'from_period': 1, 'to_period': None, 'start_reason': 'Starting XI', 'end_reason': 'Final Whistle'}]",267533,La Liga,2015/2016
5463,Luka Modrić,,19,Croatia,[],"[{'position_id': 13, 'position': 'Right Center Midfield', 'from': '00:00', 'to': None, 'from_period': 1, 'to_period': None, 'start_reason': 'Starting XI', 'end_reason': 'Final Whistle'}]",267533,La Liga,2015/2016
4320,Neymar da Silva Santos Junior,Neymar,11,Brazil,[],"[{'position_id': 21, 'position': 'Left Wing', 'from': '00:00', 'to': None, 'from_period': 1, 'to_period': None, 'start_reason': 'Starting XI', 'end_reason': 'Final Whistle'}]",267533,La Liga,2015/2016
5503,Lionel Andrés Messi Cuccittini,Lionel Messi,10,Argentina,[],"[{'position_id': 23, 'position': 'Center Forward', 'from': '00:00', 'to': None, 'from_period': 1, 'to_period': None, 'start_reason': 'Starting XI', 'end_reason': 'Final Whistle'}]",267533,La Liga,2015/2016
4320,Neymar da Silva Santos Junior,Neymar,11,Brazil,[],"[{'position_id': 21, 'position': 'Left Wing', 'from': '00:00', 'to': None, 'from_period': 1, 'to_period': None, 'start_reason': 'Starting XI', 'end_reason': 'Final Whistle'}]",266310,La Liga,2015/2016
5503,Lionel Andrés Messi Cuccittini,Lionel Messi,10,Argentina,[],"[{'position_id': 17, 'position': 'Right Wing', 'from': '00:00', 'to': None, 'from_period': 1, 'to_period': None, 'start_reason': 'Starting XI', 'end_reason': 'Final Whistle'}]",266310,La Liga,2015/2016
4320,Neymar da Silva Santos Junior,Neymar,11,Brazil,[],"[{'position_id': 21, 'position': 'Left Wing', 'from': '00:00', 'to': None, 'from_period': 1, 'to_period': None, 'start_reason': 'Starting XI', 'end_reason': 'Final Whistle'}]",267576,La Liga,2015/2016
5503,Lionel Andrés Messi Cuccittini,Lionel Messi,10,Argentina,[],"[{'position_id': 17, 'position': 'Right Wing', 'from': '00:00', 'to': None, 'from_period': 1, 'to_period': None, 'start_reason': 'Starting XI', 'end_reason': 'Final Whistle'}]",267576,La Liga,2015/2016
4320,Neymar da Silva Santos Junior,Neymar,11,Brazil,"[{'time': '86:29', 'card_type': 'Yellow Card', 'reason': 'Foul Committed', 'period': 2}]","[{'position_id': 21, 'position': 'Left Wing', 'from': '00:00', 'to': None, 'from_period': 1, 'to_period': None, 'start_reason': 'Starting XI', 'end_reason': 'Final Whistle'}]",266653,La Liga,2015/2016
5503,Lionel Andrés Messi Cuccittini,Lionel Messi,10,Argentina,[],"[{'position_id': 17, 'position': 'Right Wing', 'from': '00:00', 'to': None, 'from_period': 1, 'to_period': None, 'start_reason': 'Starting XI', 'end_reason': 'Final Whistle'}]",266653,La Liga,2015/2016
4320,Neymar da Silva Santos Junior,Neymar,11,Brazil,[],"[{'position_id': 21, 'position': 'Left Wing', 'from': '00:00', 'to': None, 'from_period': 1, 'to_period': None, 'start_reason': 'Starting XI', 'end_reason': 'Final Whistle'}]",265944,La Liga,2015/2016
5503,Lionel Andrés Messi Cuccittini,Lionel Messi,10,Argentina,[],"[{'position_id': 17, 'position': 'Right Wing', 'from': '00:00', 'to': None, 'from_period': 1, 'to_period': None, 'start_reason': 'Starting XI', 'end_reason': 'Final Whistle'}]",265944,La Liga,2015/2016
5503,Lionel Andrés Messi Cuccittini,Lionel Messi,10,Argentina,"[{'time': '64:35', 'card_type': 'Yellow Card', 'reason': 'Foul Committed', 'period': 2}]","[{'position_id': 17, 'position': 'Right Wing', 'from': '00:00', 'to': None, 'from_period': 1, 'to_period': None, 'start_reason': 'Starting XI', 'end_reason': 'Final Whistle'}]",265894,La Liga,2015/2016
4320,Neymar da Silva Santos Junior,Neymar,11,Brazil,[],"[{'position_id': 21, 'position': 'Left Wing', 'from': '00:00', 'to': None, 'from_period': 1, 'to_period': None, 'start_reason': 'Starting XI', 'end_reason': 'Final Whistle'}]",265958,La Liga,2015/2016
5503,Lionel Andrés Messi Cuccittini,Lionel Messi,10,Argentina,"[{'time': '11:18', 'card_type': 'Yellow Card', 'reason': 'Foul Committed', 'period': 1}]","[{'position_id': 17, 'position': 'Right Wing', 'from': '00:00', 'to': None, 'from_period': 1, 'to_period': None, 'start_reason': 'Starting XI', 'end_reason': 'Final Whistle'}]",265958,La Liga,2015/2016
4320,Neymar da Silva Santos Junior,Neymar,11,Brazil,[],"[{'position_id': 21, 'position': 'Left Wing', 'from': '00:00', 'to': None, 'from_period': 1, 'to_period': None, 'start_reason': 'Starting XI', 'end_reason': 'Final Whistle'}]",267611,La Liga,2015/2016
5503,Lionel Andrés Messi Cuccittini,Lionel Messi,10,Argentina,[],"[{'position_id': 17, 'position': 'Right Wing', 'from': '00:00', 'to': '09:10', 'from_period': 1, 'to_period': 1, 'start_reason': 'Starting XI', 'end_reason': 'Substitution - Off (Injury)'}]",267611,La Liga,2015/2016
4320,Neymar da Silva Santos Junior,Neymar,11,Brazil,[],"[{'position_id': 21, 'position': 'Left Wing', 'from': '00:00', 'to': '86:01', 'from_period': 1, 'to_period': 2, 'start_reason': 'Starting XI', 'end_reason': 'Substitution - Off (Tactical)'}]",267422,La Liga,2015/2016
5503,Lionel Andrés Messi Cuccittini,Lionel Messi,10,Argentina,[],"[{'position_id': 17, 'position': 'Right Wing', 'from': '00:00', 'to': None, 'from_period': 1, 'to_period': None, 'start_reason': 'Starting XI', 'end_reason': 'Final Whistle'}]",267422,La Liga,2015/2016
5503,Lionel Andrés Messi Cuccittini,Lionel Messi,10,Argentina,[],"[{'position_id': 17, 'position': 'Right Wing', 'from': '00:00', 'to': None, 'from_period': 1, 'to_period': None, 'start_reason': 'Starting XI', 'end_reason': 'Final Whistle'}]",266236,La Liga,2015/2016
4320,Neymar da Silva Santos Junior,Neymar,11,Brazil,[],"[{'position_id': 21, 'position': 'Left Wing', 'from': '00:00', 'to': None, 'from_period': 1, 'to_period': None, 'start_reason': 'Starting XI', 'end_reason': 'Final Whistle'}]",267274,La Liga,2015/2016
5503,Lionel Andrés Messi Cuccittini,Lionel Messi,10,Argentina,[],"[{'position_id': 17, 'position': 'Right Wing', 'from': '00:00', 'to': None, 'from_period': 1, 'to_period': None, 'start_reason': 'Starting XI', 'end_reason': 'Final Whistle'}]",267274,La Liga,2015/2016
5503,Lionel Andrés Messi Cuccittini,Lionel Messi,10,Argentina,[],"[{'position_id': 17, 'position': 'Right Wing', 'from': '00:00', 'to': None, 'from_period': 1, 'to_period': None, 'start_reason': 'Starting XI', 'end_reason': 'Final Whistle'}]",266961,La Liga,2015/2016
4320,Neymar da Silva Santos Junior,Neymar,11,Brazil,[],"[{'position_id': 21, 'position': 'Left Wing', 'from': '00:00', 'to': None, 'from_period': 1, 'to_period': None, 'start_reason': 'Starting XI', 'end_reason': 'Final Whistle'}]",266885,La Liga,2015/2016
5503,Lionel Andrés Messi Cuccittini,Lionel Messi,10,Argentina,[],"[{'position_id': 17, 'position': 'Right Wing', 'from': '00:00', 'to': None, 'from_period': 1, 'to_period': None, 'start_reason': 'Starting XI', 'end_reason': 'Final Whistle'}]",266885,La Liga,2015/2016
4320,Neymar da Silva Santos Junior,Neymar,11,Brazil,[],"[{'position_id': 21, 'position': 'Left Wing', 'from': '00:00', 'to': None, 'from_period': 1, 'to_period': None, 'start_reason': 'Starting XI', 'end_reason': 'Final Whistle'}]",266815,La Liga,2015/2016
5503,Lionel Andrés Messi Cuccittini,Lionel Messi,10,Argentina,[],"[{'position_id': 17, 'position': 'Right Wing', 'from': '00:00', 'to': None, 'from_period': 1, 'to_period': None, 'start_reason': 'Starting XI', 'end_reason': 'Final Whistle'}]",266815,La Liga,2015/2016
4320,Neymar da Silva Santos Junior,Neymar,11,Brazil,[],"[{'position_id': 21, 'position': 'Left Wing', 'from': '00:00', 'to': None, 'from_period': 1, 'to_period': None, 'start_reason': 'Starting XI', 'end_reason': 'Final Whistle'}]",267506,La Liga,2015/2016
5503,Lionel Andrés Messi Cuccittini,Lionel Messi,10,Argentina,[],"[{'position_id': 17, 'position': 'Right Wing', 'from': '00:00', 'to': None, 'from_period': 1, 'to_period': None, 'start_reason': 'Starting XI', 'end_reason': 'Final Whistle'}]",267506,La Liga,2015/2016
4320,Neymar da Silva Santos Junior,Neymar,11,Brazil,[],"[{'position_id': 21, 'position': 'Left Wing', 'from': '00:00', 'to': None, 'from_period': 1, 'to_period': None, 'start_reason': 'Starting XI', 'end_reason': 'Final Whistle'}]",266664,La Liga,2015/2016
5503,Lionel Andrés Messi Cuccittini,Lionel Messi,10,Argentina,[],"[{'position_id': 17, 'position': 'Right Wing', 'from': '00:00', 'to': None, 'from_period': 1, 'to_period': None, 'start_reason': 'Starting XI', 'end_reason': 'Final Whistle'}]",266664,La Liga,2015/2016
4320,Neymar da Silva Santos Junior,Neymar,11,Brazil,[],"[{'position_id': 21, 'position': 'Left Wing', 'from': '00:00', 'to': None, 'from_period': 1, 'to_period': None, 'start_reason': 'Starting XI', 'end_reason': 'Final Whistle'}]",266106,La Liga,2015/2016
5503,Lionel Andrés Messi Cuccittini,Lionel Messi,10,Argentina,[],"[{'position_id': 17, 'position': 'Right Wing', 'from': '00:00', 'to': None, 'from_period': 1, 'to_period': None, 'start_reason': 'Starting XI', 'end_reason': 'Final Whistle'}]",266106,La Liga,2015/2016
4320,Neymar da Silva Santos Junior,Neymar,11,Brazil,"[{'time': '85:33', 'card_type': 'Yellow Card', 'reason': 'Bad Behaviour', 'period': 2}]","[{'position_id': 21, 'position': 'Left Wing', 'from': '00:00', 'to': None, 'from_period': 1, 'to_period': None, 'start_reason': 'Starting XI', 'end_reason': 'Final Whistle'}]",266670,La Liga,2015/2016
5503,Lionel Andrés Messi Cuccittini,Lionel Messi,10,Argentina,[],"[{'position_id': 17, 'position': 'Right Wing', 'from': '00:00', 'to': None, 'from_period': 1, 'to_period': None, 'start_reason': 'Starting XI', 'end_reason': 'Final Whistle'}]",266670,La Liga,2015/2016
4320,Neymar da Silva Santos Junior,Neymar,11,Brazil,[],"[{'position_id': 21, 'position': 'Left Wing', 'from': '00:00', 'to': None, 'from_period': 1, 'to_period': None, 'start_reason': 'Starting XI', 'end_reason': 'Final Whistle'}]",266149,La Liga,2015/2016
5503,Lionel Andrés Messi Cuccittini,Lionel Messi,10,Argentina,[],"[{'position_id': 17, 'position': 'Right Wing', 'from': '00:00', 'to': '45:00', 'from_period': 1, 'to_period': 2, 'start_reason': 'Starting XI', 'end_reason': 'Substitution - Off (Tactical)'}]",266149,La Liga,2015/2016
4320,Neymar da Silva Santos Junior,Neymar,11,Brazil,[],"[{'position_id': 21, 'position': 'Left Wing', 'from': '00:00', 'to': None, 'from_period': 1, 'to_period': None, 'start_reason': 'Starting XI', 'end_reason': 'Final Whistle'}]",266620,La Liga,2015/2016
5503,Lionel Andrés Messi Cuccittini,Lionel Messi,10,Argentina,[],"[{'position_id': 17, 'position': 'Right Wing', 'from': '00:00', 'to': None, 'from_period': 1, 'to_period': None, 'start_reason': 'Starting XI', 'end_reason': 'Final Whistle'}]",266620,La Liga,2015/2016
5503,Lionel Andrés Messi Cuccittini,Lionel Messi,10,Argentina,[],"[{'position_id': 17, 'position': 'Right Wing', 'from': '00:00', 'to': None, 'from_period': 1, 'to_period': None, 'start_reason': 'Starting XI', 'end_reason': 'Final Whistle'}]",266056,La Liga,2015/2016
4320,Neymar da Silva Santos Junior,Neymar,11,Brazil,[],"[{'position_id': 21, 'position': 'Left Wing', 'from': '00:00', 'to': None, 'from_period': 1, 'to_period': None, 'start_reason': 'Starting XI', 'end_reason': 'Final Whistle'}]",267327,La Liga,2015/2016
5503,Lionel Andrés Messi Cuccittini,Lionel Messi,10,Argentina,[],"[{'position_id': 17, 'position': 'Right Wing', 'from': '00:00', 'to': '28:14', 'from_period': 1, 'to_period': 1, 'start_reason': 'Starting XI', 'end_reason': 'Player Off'}, {'position_id': 17, 'position': 'Right Wing', 'from': '29:21', 'to': None, 'from_period': 1, 'to_period': None, 'start_reason': 'Player On', 'end_reason': 'Final Whistle'}]",267327,La Liga,2015/2016
4320,Neymar da Silva Santos Junior,Neymar,11,Brazil,[],"[{'position_id': 21, 'position': 'Left Wing', 'from': '00:00', 'to': None, 'from_period': 1, 'to_period': None, 'start_reason': 'Starting XI', 'end_reason': 'Final Whistle'}]",266166,La Liga,2015/2016
5503,Lionel Andrés Messi Cuccittini,Lionel Messi,10,Argentina,[],"[{'position_id': 13, 'position': 'Right Center Midfield', 'from': '59:20', 'to': '59:35', 'from_period': 2, 'to_period': 2, 'start_reason': 'Substitution - On (Tactical)', 'end_reason': 'Tactical Shift'}, {'position_id': 17, 'position': 'Right Wing', 'from': '59:35', 'to': None, 'from_period': 2, 'to_period': None, 'start_reason': 'Tactical Shift', 'end_reason': 'Final Whistle'}]",266166,La Liga,2015/2016
4320,Neymar da Silva Santos Junior,Neymar,11,Brazil,[],"[{'position_id': 21, 'position': 'Left Wing', 'from': '00:00', 'to': None, 'from_period': 1, 'to_period': None, 'start_reason': 'Starting XI', 'end_reason': 'Final Whistle'}]",266160,La Liga,2015/2016
5503,Lionel Andrés Messi Cuccittini,Lionel Messi,10,Argentina,[],"[{'position_id': 17, 'position': 'Right Wing', 'from': '00:00', 'to': None, 'from_period': 1, 'to_period': None, 'start_reason': 'Starting XI', 'end_reason': 'Final Whistle'}]",266160,La Liga,2015/2016
4320,Neymar da Silva Santos Junior,Neymar,11,Brazil,[],"[{'position_id': 21, 'position': 'Left Wing', 'from': '00:00', 'to': None, 'from_period': 1, 'to_period': None, 'start_reason': 'Starting XI', 'end_reason': 'Final Whistle'}]",265839,La Liga,2015/2016
5503,Lionel Andrés Messi Cuccittini,Lionel Messi,10,Argentina,[],"[{'position_id': 17, 'position': 'Right Wing', 'from': '00:00', 'to': None, 'from_period': 1, 'to_period': None, 'start_reason': 'Starting XI', 'end_reason': 'Final Whistle'}]",265839,La Liga,2015/2016
5207,Cristiano Ronaldo dos Santos Aveiro,Cristiano Ronaldo,7,Portugal,[],"[{'position_id': 21, 'position': 'Left Wing', 'from': '00:00', 'to': None, 'from_period': 1, 'to_period': None, 'start_reason': 'Starting XI', 'end_reason': 'Final Whistle'}]",266424,La Liga,2015/2016
5463,Luka Modrić,,19,Croatia,[],"[{'position_id': 9, 'position': 'Right Defensive Midfield', 'from': '00:00', 'to': None, 'from_period': 1, 'to_period': None, 'start_reason': 'Starting XI', 'end_reason': 'Final Whistle'}]",266424,La Liga,2015/2016
4320,Neymar da Silva Santos Junior,Neymar,11,Brazil,[],"[{'position_id': 21, 'position': 'Left Wing', 'from': '00:00', 'to': None, 'from_period': 1, 'to_period': None, 'start_reason': 'Starting XI', 'end_reason': 'Final Whistle'}]",266424,La Liga,2015/2016
5503,Lionel Andrés Messi Cuccittini,Lionel Messi,10,Argentina,[],"[{'position_id': 13, 'position': 'Right Center Midfield', 'from': '56:07', 'to': '56:09', 'from_period': 2, 'to_period': 2, 'start_reason': 'Substitution - On (Tactical)', 'end_reason': 'Tactical Shift'}, {'position_id': 17, 'position': 'Right Wing', 'from': '56:09', 'to': None, 'from_period': 2, 'to_period': None, 'start_reason': 'Tactical Shift', 'end_reason': 'Final Whistle'}]",266424,La Liga,2015/2016
4320,Neymar da Silva Santos Junior,Neymar,11,Brazil,"[{'time': '89:09', 'card_type': 'Yellow Card', 'reason': 'Bad Behaviour', 'period': 2}]","[{'position_id': 21, 'position': 'Left Wing', 'from': '00:00', 'to': '57:08', 'from_period': 1, 'to_period': 2, 'start_reason': 'Starting XI', 'end_reason': 'Tactical Shift'}, {'position_id': 16, 'position': 'Left Midfield', 'from': '57:08', 'to': None, 'from_period': 2, 'to_period': None, 'start_reason': 'Tactical Shift', 'end_reason': 'Final Whistle'}]",266467,La Liga,2015/2016
5503,Lionel Andrés Messi Cuccittini,Lionel Messi,10,Argentina,[],"[{'position_id': 17, 'position': 'Right Wing', 'from': '00:00', 'to': '57:08', 'from_period': 1, 'to_period': 2, 'start_reason': 'Starting XI', 'end_reason': 'Tactical Shift'}, {'position_id': 22, 'position': 'Right Center Forward', 'from': '57:08', 'to': None, 'from_period': 2, 'to_period': None, 'start_reason': 'Tactical Shift', 'end_reason': 'Final Whistle'}]",266467,La Liga,2015/2016
4320,Neymar da Silva Santos Junior,Neymar,11,Brazil,[],"[{'position_id': 21, 'position': 'Left Wing', 'from': '00:00', 'to': None, 'from_period': 1, 'to_period': None, 'start_reason': 'Starting XI', 'end_reason': 'Final Whistle'}]",267273,La Liga,2015/2016
5503,Lionel Andrés Messi Cuccittini,Lionel Messi,10,Argentina,[],"[{'position_id': 17, 'position': 'Right Wing', 'from': '00:00', 'to': None, 'from_period': 1, 'to_period': None, 'start_reason': 'Starting XI', 'end_reason': 'Final Whistle'}]",267273,La Liga,2015/2016
4320,Neymar da Silva Santos Junior,Neymar,11,Brazil,[],"[{'position_id': 21, 'position': 'Left Wing', 'from': '00:00', 'to': None, 'from_period': 1, 'to_period': None, 'start_reason': 'Starting XI', 'end_reason': 'Final Whistle'}]",266490,La Liga,2015/2016
5503,Lionel Andrés Messi Cuccittini,Lionel Messi,10,Argentina,[],"[{'position_id': 19, 'position': 'Center Attacking Midfield', 'from': '00:00', 'to': None, 'from_period': 1, 'to_period': None, 'start_reason': 'Starting XI', 'end_reason': 'Final Whistle'}]",266490,La Liga,2015/2016
4320,Neymar da Silva Santos Junior,Neymar,11,Brazil,[],"[{'position_id': 21, 'position': 'Left Wing', 'from': '00:00', 'to': None, 'from_period': 1, 'to_period': None, 'start_reason': 'Starting XI', 'end_reason': 'Final Whistle'}]",266254,La Liga,2015/2016
5503,Lionel Andrés Messi Cuccittini,Lionel Messi,10,Argentina,[],"[{'position_id': 17, 'position': 'Right Wing', 'from': '00:00', 'to': None, 'from_period': 1, 'to_period': None, 'start_reason': 'Starting XI', 'end_reason': 'Final Whistle'}]",266254,La Liga,2015/2016
4320,Neymar da Silva Santos Junior,Neymar,11,Brazil,"[{'time': '85:09', 'card_type': 'Yellow Card', 'reason': 'Foul Committed', 'period': 2}]","[{'position_id': 21, 'position': 'Left Wing', 'from': '00:00', 'to': None, 'from_period': 1, 'to_period': None, 'start_reason': 'Starting XI', 'end_reason': 'Final Whistle'}]",266557,La Liga,2015/2016
5503,Lionel Andrés Messi Cuccittini,Lionel Messi,10,Argentina,[],"[{'position_id': 17, 'position': 'Right Wing', 'from': '00:00', 'to': None, 'from_period': 1, 'to_period': None, 'start_reason': 'Starting XI', 'end_reason': 'Final Whistle'}]",266557,La Liga,2015/2016
5207,Cristiano Ronaldo dos Santos Aveiro,Cristiano Ronaldo,7,Portugal,"[{'time': '36:33', 'card_type': 'Yellow Card', 'reason': 'Foul Committed', 'period': 1}]","[{'position_id': 21, 'position': 'Left Wing', 'from': '00:00', 'to': '80:44', 'from_period': 1, 'to_period': 2, 'start_reason': 'Starting XI', 'end_reason': 'Tactical Shift'}, {'position_id': 22, 'position': 'Right Center Forward', 'from': '80:44', 'to': None, 'from_period': 2, 'to_period': None, 'start_reason': 'Tactical Shift', 'end_reason': 'Final Whistle'}]",267183,La Liga,2014/2015
5463,Luka Modrić,,19,Croatia,"[{'time': '51:12', 'card_type': 'Yellow Card', 'reason': 'Foul Committed', 'period': 2}]","[{'position_id': 13, 'position': 'Right Center Midfield', 'from': '00:00', 'to': '80:44', 'from_period': 1, 'to_period': 2, 'start_reason': 'Starting XI', 'end_reason': 'Tactical Shift'}, {'position_id': 9, 'position': 'Right Defensive Midfield', 'from': '80:44', 'to': '87:44', 'from_period': 2, 'to_period': 2, 'start_reason': 'Tactical Shift', 'end_reason': 'Substitution - Off (Tactical)'}]",267183,La Liga,2014/2015
4320,Neymar da Silva Santos Junior,Neymar,11,Brazil,[],"[{'position_id': 21, 'position': 'Left Wing', 'from': '00:00', 'to': '84:12', 'from_period': 1, 'to_period': 2, 'start_reason': 'Starting XI', 'end_reason': 'Substitution - Off (Tactical)'}]",267183,La Liga,2014/2015
5503,Lionel Andrés Messi Cuccittini,Lionel Messi,10,Argentina,[],"[{'position_id': 17, 'position': 'Right Wing', 'from': '00:00', 'to': None, 'from_period': 1, 'to_period': None, 'start_reason': 'Starting XI', 'end_reason': 'Final Whistle'}]",267183,La Liga,2014/2015
4320,Neymar da Silva Santos Junior,Neymar,11,Brazil,[],"[{'position_id': 21, 'position': 'Left Wing', 'from': '00:00', 'to': None, 'from_period': 1, 'to_period': None, 'start_reason': 'Starting XI', 'end_reason': 'Final Whistle'}]",265835,La Liga,2014/2015
5503,Lionel Andrés Messi Cuccittini,Lionel Messi,10,Argentina,[],"[{'position_id': 17, 'position': 'Right Wing', 'from': '00:00', 'to': '73:15', 'from_period': 1, 'to_period': 2, 'start_reason': 'Starting XI', 'end_reason': 'Tactical Shift'}, {'position_id': 23, 'position': 'Center Forward', 'from': '73:15', 'to': None, 'from_period': 2, 'to_period': None, 'start_reason': 'Tactical Shift', 'end_reason': 'Final Whistle'}]",265835,La Liga,2014/2015
4320,Neymar da Silva Santos Junior,Neymar,11,Brazil,[],"[{'position_id': 21, 'position': 'Left Wing', 'from': '00:00', 'to': '63:29', 'from_period': 1, 'to_period': 2, 'start_reason': 'Starting XI', 'end_reason': 'Substitution - Off (Tactical)'}]",266838,La Liga,2014/2015
5503,Lionel Andrés Messi Cuccittini,Lionel Messi,10,Argentina,[],"[{'position_id': 23, 'position': 'Center Forward', 'from': '00:00', 'to': None, 'from_period': 1, 'to_period': None, 'start_reason': 'Starting XI', 'end_reason': 'Final Whistle'}]",266838,La Liga,2014/2015
4320,Neymar da Silva Santos Junior,Neymar,11,Brazil,[],"[{'position_id': 21, 'position': 'Left Wing', 'from': '00:00', 'to': None, 'from_period': 1, 'to_period': None, 'start_reason': 'Starting XI', 'end_reason': 'Final Whistle'}]",265963,La Liga,2014/2015
5503,Lionel Andrés Messi Cuccittini,Lionel Messi,10,Argentina,[],"[{'position_id': 17, 'position': 'Right Wing', 'from': '00:00', 'to': None, 'from_period': 1, 'to_period': None, 'start_reason': 'Starting XI', 'end_reason': 'Final Whistle'}]",265963,La Liga,2014/2015
4320,Neymar da Silva Santos Junior,Neymar,11,Brazil,[],"[{'position_id': 21, 'position': 'Left Wing', 'from': '00:00', 'to': None, 'from_period': 1, 'to_period': None, 'start_reason': 'Starting XI', 'end_reason': 'Final Whistle'}]",266117,La Liga,2014/2015
5503,Lionel Andrés Messi Cuccittini,Lionel Messi,10,Argentina,[],"[{'position_id': 23, 'position': 'Center Forward', 'from': '00:00', 'to': None, 'from_period': 1, 'to_period': None, 'start_reason': 'Starting XI', 'end_reason': 'Final Whistle'}]",266117,La Liga,2014/2015
5503,Lionel Andrés Messi Cuccittini,Lionel Messi,10,Argentina,[],"[{'position_id': 17, 'position': 'Right Wing', 'from': '00:00', 'to': '81:01', 'from_period': 1, 'to_period': 2, 'start_reason': 'Starting XI', 'end_reason': 'Tactical Shift'}, {'position_id': 24, 'position': 'Left Center Forward', 'from': '81:01', 'to': None, 'from_period': 2, 'to_period': None, 'start_reason': 'Tactical Shift', 'end_reason': 'Final Whistle'}]",266916,La Liga,2014/2015
4320,Neymar da Silva Santos Junior,Neymar,11,Brazil,[],"[{'position_id': 21, 'position': 'Left Wing', 'from': '00:00', 'to': None, 'from_period': 1, 'to_period': None, 'start_reason': 'Starting XI', 'end_reason': 'Final Whistle'}]",267197,La Liga,2014/2015
5503,Lionel Andrés Messi Cuccittini,Lionel Messi,10,Argentina,[],"[{'position_id': 17, 'position': 'Right Wing', 'from': '00:00', 'to': None, 'from_period': 1, 'to_period': None, 'start_reason': 'Starting XI', 'end_reason': 'Final Whistle'}]",267197,La Liga,2014/2015
5503,Lionel Andrés Messi Cuccittini,Lionel Messi,10,Argentina,[],"[{'position_id': 17, 'position': 'Right Wing', 'from': '00:00', 'to': None, 'from_period': 1, 'to_period': None, 'start_reason': 'Starting XI', 'end_reason': 'Final Whistle'}]",70264,La Liga,2014/2015
4320,Neymar da Silva Santos Junior,Neymar,11,Brazil,[],"[{'position_id': 17, 'position': 'Right Wing', 'from': '62:18', 'to': None, 'from_period': 2, 'to_period': None, 'start_reason': 'Substitution - On (Tactical)', 'end_reason': 'Final Whistle'}]",70273,La Liga,2014/2015
5503,Lionel Andrés Messi Cuccittini,Lionel Messi,10,Argentina,[],"[{'position_id': 23, 'position': 'Center Forward', 'from': '00:00', 'to': None, 'from_period': 1, 'to_period': None, 'start_reason': 'Starting XI', 'end_reason': 'Final Whistle'}]",70273,La Liga,2014/2015
4320,Neymar da Silva Santos Junior,Neymar,11,Brazil,[],"[{'position_id': 21, 'position': 'Left Wing', 'from': '00:00', 'to': '69:52', 'from_period': 1, 'to_period': 2, 'start_reason': 'Starting XI', 'end_reason': 'Tactical Shift'}, {'position_id': 16, 'position': 'Left Midfield', 'from': '69:52', 'to': None, 'from_period': 2, 'to_period': None, 'start_reason': 'Tactical Shift', 'end_reason': 'Final Whistle'}]",267301,La Liga,2014/2015
5503,Lionel Andrés Messi Cuccittini,Lionel Messi,10,Argentina,[],"[{'position_id': 23, 'position': 'Center Forward', 'from': '00:00', 'to': '69:52', 'from_period': 1, 'to_period': 2, 'start_reason': 'Starting XI', 'end_reason': 'Tactical Shift'}, {'position_id': 22, 'position': 'Right Center Forward', 'from': '69:52', 'to': None, 'from_period': 2, 'to_period': None, 'start_reason': 'Tactical Shift', 'end_reason': 'Final Whistle'}]",267301,La Liga,2014/2015
4320,Neymar da Silva Santos Junior,Neymar,11,Brazil,"[{'time': '39:01', 'card_type': 'Yellow Card', 'reason': 'Foul Committed', 'period': 1}]","[{'position_id': 21, 'position': 'Left Wing', 'from': '00:00', 'to': '76:37', 'from_period': 1, 'to_period': 2, 'start_reason': 'Starting XI', 'end_reason': 'Substitution - Off (Tactical)'}]",265896,La Liga,2014/2015
5503,Lionel Andrés Messi Cuccittini,Lionel Messi,10,Argentina,[],"[{'position_id': 23, 'position': 'Center Forward', 'from': '00:00', 'to': None, 'from_period': 1, 'to_period': None, 'start_reason': 'Starting XI', 'end_reason': 'Final Whistle'}]",265896,La Liga,2014/2015
4320,Neymar da Silva Santos Junior,Neymar,11,Brazil,[],"[{'position_id': 21, 'position': 'Left Wing', 'from': '00:00', 'to': None, 'from_period': 1, 'to_period': None, 'start_reason': 'Starting XI', 'end_reason': 'Final Whistle'}]",265866,La Liga,2014/2015
5503,Lionel Andrés Messi Cuccittini,Lionel Messi,10,Argentina,[],"[{'position_id': 17, 'position': 'Right Wing', 'from': '00:00', 'to': None, 'from_period': 1, 'to_period': None, 'start_reason': 'Starting XI', 'end_reason': 'Final Whistle'}]",265866,La Liga,2014/2015
4320,Neymar da Silva Santos Junior,Neymar,11,Brazil,[],[],267400,La Liga,2014/2015
5503,Lionel Andrés Messi Cuccittini,Lionel Messi,10,Argentina,[],"[{'position_id': 17, 'position': 'Right Wing', 'from': '00:00', 'to': None, 'from_period': 1, 'to_period': None, 'start_reason': 'Starting XI', 'end_reason': 'Final Whistle'}]",267400,La Liga,2014/2015
4320,Neymar da Silva Santos Junior,Neymar,11,Brazil,[],"[{'position_id': 21, 'position': 'Left Wing', 'from': '58:53', 'to': None, 'from_period': 2, 'to_period': None, 'start_reason': 'Substitution - On (Tactical)', 'end_reason': 'Final Whistle'}]",266406,La Liga,2014/2015
5503,Lionel Andrés Messi Cuccittini,Lionel Messi,10,Argentina,[],"[{'position_id': 23, 'position': 'Center Forward', 'from': '00:00', 'to': None, 'from_period': 1, 'to_period': None, 'start_reason': 'Starting XI', 'end_reason': 'Final Whistle'}]",266406,La Liga,2014/2015
5207,Cristiano Ronaldo dos Santos Aveiro,Cristiano Ronaldo,7,Portugal,"[{'time': '92:48', 'card_type': 'Yellow Card', 'reason': 'Foul Committed', 'period': 2}]","[{'position_id': 24, 'position': 'Left Center Forward', 'from': '00:00', 'to': '86:32', 'from_period': 1, 'to_period': 2, 'start_reason': 'Starting XI', 'end_reason': 'Tactical Shift'}, {'position_id': 23, 'position': 'Center Forward', 'from': '86:32', 'to': None, 'from_period': 2, 'to_period': None, 'start_reason': 'Tactical Shift', 'end_reason': 'Final Whistle'}]",267085,La Liga,2014/2015
5463,Luka Modrić,,19,Croatia,[],"[{'position_id': 9, 'position': 'Right Defensive Midfield', 'from': '00:00', 'to': '86:32', 'from_period': 1, 'to_period': 2, 'start_reason': 'Starting XI', 'end_reason': 'Tactical Shift'}, {'position_id': 16, 'position': 'Left Midfield', 'from': '86:32', 'to': '88:02', 'from_period': 2, 'to_period': 2, 'start_reason': 'Tactical Shift', 'end_reason': 'Substitution - Off (Tactical)'}]",267085,La Liga,2014/2015
4320,Neymar da Silva Santos Junior,Neymar,11,Brazil,"[{'time': '12:35', 'card_type': 'Yellow Card', 'reason': 'Foul Committed', 'period': 1}]","[{'position_id': 21, 'position': 'Left Wing', 'from': '00:00', 'to': None, 'from_period': 1, 'to_period': None, 'start_reason': 'Starting XI', 'end_reason': 'Final Whistle'}]",267085,La Liga,2014/2015
5503,Lionel Andrés Messi Cuccittini,Lionel Messi,10,Argentina,"[{'time': '07:54', 'card_type': 'Yellow Card', 'reason': 'Foul Committed', 'period': 1}]","[{'position_id': 23, 'position': 'Center Forward', 'from': '00:00', 'to': None, 'from_period': 1, 'to_period': None, 'start_reason': 'Starting XI', 'end_reason': 'Final Whistle'}]",267085,La Liga,2014/2015
4320,Neymar da Silva Santos Junior,Neymar,11,Brazil,[],"[{'position_id': 21, 'position': 'Left Wing', 'from': '00:00', 'to': '79:57', 'from_period': 1, 'to_period': 2, 'start_reason': 'Starting XI', 'end_reason': 'Substitution - Off (Tactical)'}]",267561,La Liga,2014/2015
5503,Lionel Andrés Messi Cuccittini,Lionel Messi,10,Argentina,[],"[{'position_id': 23, 'position': 'Center Forward', 'from': '00:00', 'to': None, 'from_period': 1, 'to_period': None, 'start_reason': 'Starting XI', 'end_reason': 'Final Whistle'}]",267561,La Liga,2014/2015
4320,Neymar da Silva Santos Junior,Neymar,11,Brazil,"[{'time': '86:44', 'card_type': 'Yellow Card', 'reason': 'Foul Committed', 'period': 2}]","[{'position_id': 21, 'position': 'Left Wing', 'from': '00:00', 'to': None, 'from_period': 1, 'to_period': None, 'start_reason': 'Starting XI', 'end_reason': 'Final Whistle'}]",266148,La Liga,2014/2015
5503,Lionel Andrés Messi Cuccittini,Lionel Messi,10,Argentina,[],"[{'position_id': 17, 'position': 'Right Wing', 'from': '00:00', 'to': None, 'from_period': 1, 'to_period': None, 'start_reason': 'Starting XI', 'end_reason': 'Final Whistle'}]",266148,La Liga,2014/2015
4320,Neymar da Silva Santos Junior,Neymar,11,Brazil,[],"[{'position_id': 21, 'position': 'Left Wing', 'from': '00:00', 'to': None, 'from_period': 1, 'to_period': None, 'start_reason': 'Starting XI', 'end_reason': 'Final Whistle'}]",266045,La Liga,2014/2015
5503,Lionel Andrés Messi Cuccittini,Lionel Messi,10,Argentina,[],"[{'position_id': 17, 'position': 'Right Wing', 'from': '00:00', 'to': None, 'from_period': 1, 'to_period': None, 'start_reason': 'Starting XI', 'end_reason': 'Final Whistle'}]",266045,La Liga,2014/2015
4320,Neymar da Silva Santos Junior,Neymar,11,Brazil,[],"[{'position_id': 21, 'position': 'Left Wing', 'from': '00:00', 'to': '19:00', 'from_period': 1, 'to_period': 1, 'start_reason': 'Starting XI', 'end_reason': 'Player Off'}, {'position_id': 21, 'position': 'Left Wing', 'from': '21:12', 'to': None, 'from_period': 1, 'to_period': None, 'start_reason': 'Player On', 'end_reason': 'Final Whistle'}]",70303,La Liga,2014/2015
5503,Lionel Andrés Messi Cuccittini,Lionel Messi,10,Argentina,"[{'time': '79:49', 'card_type': 'Yellow Card', 'reason': 'Foul Committed', 'period': 2}]","[{'position_id': 17, 'position': 'Right Wing', 'from': '00:00', 'to': None, 'from_period': 1, 'to_period': None, 'start_reason': 'Starting XI', 'end_reason': 'Final Whistle'}]",70303,La Liga,2014/2015
4320,Neymar da Silva Santos Junior,Neymar,11,Brazil,"[{'time': '92:24', 'card_type': 'Yellow Card', 'reason': 'Bad Behaviour', 'period': 2}]","[{'position_id': 21, 'position': 'Left Wing', 'from': '57:05', 'to': None, 'from_period': 2, 'to_period': None, 'start_reason': 'Substitution - On (Tactical)', 'end_reason': 'Final Whistle'}]",266240,La Liga,2014/2015
5503,Lionel Andrés Messi Cuccittini,Lionel Messi,10,Argentina,[],"[{'position_id': 17, 'position': 'Right Wing', 'from': '45:00', 'to': None, 'from_period': 2, 'to_period': None, 'start_reason': 'Substitution - On (Tactical)', 'end_reason': 'Final Whistle'}]",266240,La Liga,2014/2015
4320,Neymar da Silva Santos Junior,Neymar,11,Brazil,[],"[{'position_id': 21, 'position': 'Left Wing', 'from': '00:00', 'to': None, 'from_period': 1, 'to_period': None, 'start_reason': 'Starting XI', 'end_reason': 'Final Whistle'}]",267597,La Liga,2014/2015
5503,Lionel Andrés Messi Cuccittini,Lionel Messi,10,Argentina,[],"[{'position_id': 17, 'position': 'Right Wing', 'from': '00:00', 'to': '78:10', 'from_period': 1, 'to_period': 2, 'start_reason': 'Starting XI', 'end_reason': 'Tactical Shift'}, {'position_id': 23, 'position': 'Center Forward', 'from': '78:10', 'to': None, 'from_period': 2, 'to_period': None, 'start_reason': 'Tactical Shift', 'end_reason': 'Final Whistle'}]",267597,La Liga,2014/2015
4320,Neymar da Silva Santos Junior,Neymar,11,Brazil,[],"[{'position_id': 21, 'position': 'Left Wing', 'from': '00:00', 'to': None, 'from_period': 1, 'to_period': None, 'start_reason': 'Starting XI', 'end_reason': 'Final Whistle'}]",266794,La Liga,2014/2015
5503,Lionel Andrés Messi Cuccittini,Lionel Messi,10,Argentina,[],"[{'position_id': 23, 'position': 'Center Forward', 'from': '00:00', 'to': None, 'from_period': 1, 'to_period': None, 'start_reason': 'Starting XI', 'end_reason': 'Final Whistle'}]",266794,La Liga,2014/2015
4320,Neymar da Silva Santos Junior,Neymar,11,Brazil,"[{'time': '54:28', 'card_type': 'Yellow Card', 'reason': 'Foul Committed', 'period': 2}]","[{'position_id': 21, 'position': 'Left Wing', 'from': '00:00', 'to': None, 'from_period': 1, 'to_period': None, 'start_reason': 'Starting XI', 'end_reason': 'Final Whistle'}]",267343,La Liga,2014/2015
5503,Lionel Andrés Messi Cuccittini,Lionel Messi,10,Argentina,[],"[{'position_id': 17, 'position': 'Right Wing', 'from': '00:00', 'to': None, 'from_period': 1, 'to_period': None, 'start_reason': 'Starting XI', 'end_reason': 'Final Whistle'}]",267343,La Liga,2014/2015
4320,Neymar da Silva Santos Junior,Neymar,11,Brazil,"[{'time': '91:44', 'card_type': 'Yellow Card', 'reason': 'Bad Behaviour', 'period': 2}]","[{'position_id': 21, 'position': 'Left Wing', 'from': '00:00', 'to': None, 'from_period': 1, 'to_period': None, 'start_reason': 'Starting XI', 'end_reason': 'Final Whistle'}]",266631,La Liga,2014/2015
5503,Lionel Andrés Messi Cuccittini,Lionel Messi,10,Argentina,"[{'time': '93:19', 'card_type': 'Yellow Card', 'reason': 'Bad Behaviour', 'period': 2}]","[{'position_id': 17, 'position': 'Right Wing', 'from': '00:00', 'to': None, 'from_period': 1, 'to_period': None, 'start_reason': 'Starting XI', 'end_reason': 'Final Whistle'}]",266631,La Liga,2014/2015
4320,Neymar da Silva Santos Junior,Neymar,11,Brazil,[],"[{'position_id': 21, 'position': 'Left Wing', 'from': '00:00', 'to': None, 'from_period': 1, 'to_period': None, 'start_reason': 'Starting XI', 'end_reason': 'Final Whistle'}]",266320,La Liga,2014/2015
5503,Lionel Andrés Messi Cuccittini,Lionel Messi,10,Argentina,[],"[{'position_id': 17, 'position': 'Right Wing', 'from': '00:00', 'to': None, 'from_period': 1, 'to_period': None, 'start_reason': 'Starting XI', 'end_reason': 'Final Whistle'}]",266320,La Liga,2014/2015
4320,Neymar da Silva Santos Junior,Neymar,11,Brazil,[],"[{'position_id': 21, 'position': 'Left Wing', 'from': '00:00', 'to': '69:20', 'from_period': 1, 'to_period': 2, 'start_reason': 'Starting XI', 'end_reason': 'Substitution - Off (Tactical)'}]",266230,La Liga,2014/2015
5503,Lionel Andrés Messi Cuccittini,Lionel Messi,10,Argentina,[],"[{'position_id': 17, 'position': 'Right Wing', 'from': '00:00', 'to': None, 'from_period': 1, 'to_period': None, 'start_reason': 'Starting XI', 'end_reason': 'Final Whistle'}]",266230,La Liga,2014/2015
4320,Neymar da Silva Santos Junior,Neymar,11,Brazil,[],"[{'position_id': 21, 'position': 'Left Wing', 'from': '00:00', 'to': None, 'from_period': 1, 'to_period': None, 'start_reason': 'Starting XI', 'end_reason': 'Final Whistle'}]",266525,La Liga,2014/2015
5503,Lionel Andrés Messi Cuccittini,Lionel Messi,10,Argentina,[],"[{'position_id': 17, 'position': 'Right Wing', 'from': '00:00', 'to': '64:46', 'from_period': 1, 'to_period': 2, 'start_reason': 'Starting XI', 'end_reason': 'Tactical Shift'}, {'position_id': 23, 'position': 'Center Forward', 'from': '64:46', 'to': None, 'from_period': 2, 'to_period': None, 'start_reason': 'Tactical Shift', 'end_reason': 'Final Whistle'}]",266525,La Liga,2014/2015
4320,Neymar da Silva Santos Junior,Neymar,11,Brazil,[],"[{'position_id': 21, 'position': 'Left Wing', 'from': '00:00', 'to': None, 'from_period': 1, 'to_period': None, 'start_reason': 'Starting XI', 'end_reason': 'Final Whistle'}]",266560,La Liga,2014/2015
5503,Lionel Andrés Messi Cuccittini,Lionel Messi,10,Argentina,"[{'time': '94:52', 'card_type': 'Yellow Card', 'reason': 'Bad Behaviour', 'period': 2}]","[{'position_id': 17, 'position': 'Right Wing', 'from': '00:00', 'to': None, 'from_period': 1, 'to_period': None, 'start_reason': 'Starting XI', 'end_reason': 'Final Whistle'}]",266560,La Liga,2014/2015
5503,Lionel Andrés Messi Cuccittini,Lionel Messi,10,Argentina,[],"[{'position_id': 17, 'position': 'Right Wing', 'from': '00:00', 'to': None, 'from_period': 1, 'to_period': None, 'start_reason': 'Starting XI', 'end_reason': 'Final Whistle'}]",266846,La Liga,2014/2015
4320,Neymar da Silva Santos Junior,Neymar,11,Brazil,[],"[{'position_id': 21, 'position': 'Left Wing', 'from': '00:00', 'to': None, 'from_period': 1, 'to_period': None, 'start_reason': 'Starting XI', 'end_reason': 'Final Whistle'}]",266531,La Liga,2014/2015
5503,Lionel Andrés Messi Cuccittini,Lionel Messi,10,Argentina,[],"[{'position_id': 17, 'position': 'Right Wing', 'from': '00:00', 'to': None, 'from_period': 1, 'to_period': None, 'start_reason': 'Starting XI', 'end_reason': 'Final Whistle'}]",266531,La Liga,2014/2015
5503,Lionel Andrés Messi Cuccittini,Lionel Messi,10,Argentina,[],"[{'position_id': 23, 'position': 'Center Forward', 'from': '00:00', 'to': '47:03', 'from_period': 1, 'to_period': 2, 'start_reason': 'Starting XI', 'end_reason': 'Tactical Shift'}, {'position_id': 22, 'position': 'Right Center Forward', 'from': '47:03', 'to': None, 'from_period': 2, 'to_period': None, 'start_reason': 'Tactical Shift', 'end_reason': 'Final Whistle'}]",266921,La Liga,2014/2015
4320,Neymar da Silva Santos Junior,Neymar,11,Brazil,[],"[{'position_id': 21, 'position': 'Left Wing', 'from': '45:00', 'to': None, 'from_period': 2, 'to_period': None, 'start_reason': 'Substitution - On (Tactical)', 'end_reason': 'Final Whistle'}]",267499,La Liga,2014/2015
5503,Lionel Andrés Messi Cuccittini,Lionel Messi,10,Argentina,[],"[{'position_id': 23, 'position': 'Center Forward', 'from': '00:00', 'to': '46:40', 'from_period': 1, 'to_period': 2, 'start_reason': 'Starting XI', 'end_reason': 'Tactical Shift'}, {'position_id': 17, 'position': 'Right Wing', 'from': '46:40', 'to': None, 'from_period': 2, 'to_period': None, 'start_reason': 'Tactical Shift', 'end_reason': 'Final Whistle'}]",267499,La Liga,2014/2015
4320,Neymar da Silva Santos Junior,Neymar,11,Brazil,[],"[{'position_id': 21, 'position': 'Left Wing', 'from': '00:00', 'to': '66:38', 'from_period': 1, 'to_period': 2, 'start_reason': 'Starting XI', 'end_reason': 'Substitution - Off (Tactical)'}]",266741,La Liga,2014/2015
5503,Lionel Andrés Messi Cuccittini,Lionel Messi,10,Argentina,[],"[{'position_id': 23, 'position': 'Center Forward', 'from': '00:00', 'to': '20:59', 'from_period': 1, 'to_period': 1, 'start_reason': 'Starting XI', 'end_reason': 'Tactical Shift'}, {'position_id': 17, 'position': 'Right Wing', 'from': '20:59', 'to': None, 'from_period': 1, 'to_period': None, 'start_reason': 'Tactical Shift', 'end_reason': 'Final Whistle'}]",266741,La Liga,2014/2015
4320,Neymar da Silva Santos Junior,Neymar,11,Brazil,[],"[{'position_id': 21, 'position': 'Left Wing', 'from': '00:00', 'to': None, 'from_period': 1, 'to_period': None, 'start_reason': 'Starting XI', 'end_reason': 'Final Whistle'}]",266871,La Liga,2014/2015
5503,Lionel Andrés Messi Cuccittini,Lionel Messi,10,Argentina,[],"[{'position_id': 17, 'position': 'Right Wing', 'from': '00:00', 'to': '80:48', 'from_period': 1, 'to_period': 2, 'start_reason': 'Starting XI', 'end_reason': 'Tactical Shift'}, {'position_id': 23, 'position': 'Center Forward', 'from': '80:48', 'to': None, 'from_period': 2, 'to_period': None, 'start_reason': 'Tactical Shift', 'end_reason': 'Final Whistle'}]",266871,La Liga,2014/2015
4320,Neymar da Silva Santos Junior,Neymar,11,Brazil,[],"[{'position_id': 21, 'position': 'Left Wing', 'from': '00:00', 'to': '69:26', 'from_period': 1, 'to_period': 2, 'start_reason': 'Starting XI', 'end_reason': 'Substitution - Off (Tactical)'}]",266967,La Liga,2014/2015
5503,Lionel Andrés Messi Cuccittini,Lionel Messi,10,Argentina,[],"[{'position_id': 17, 'position': 'Right Wing', 'from': '00:00', 'to': None, 'from_period': 1, 'to_period': None, 'start_reason': 'Starting XI', 'end_reason': 'Final Whistle'}]",266967,La Liga,2014/2015
4320,Neymar da Silva Santos Junior,Neymar,11,Brazil,[],"[{'position_id': 21, 'position': 'Left Wing', 'from': '00:00', 'to': None, 'from_period': 1, 'to_period': None, 'start_reason': 'Starting XI', 'end_reason': 'Final Whistle'}]",266929,La Liga,2014/2015
5503,Lionel Andrés Messi Cuccittini,Lionel Messi,10,Argentina,[],"[{'position_id': 17, 'position': 'Right Wing', 'from': '00:00', 'to': '85:42', 'from_period': 1, 'to_period': 2, 'start_reason': 'Starting XI', 'end_reason': 'Tactical Shift'}, {'position_id': 23, 'position': 'Center Forward', 'from': '85:42', 'to': None, 'from_period': 2, 'to_period': None, 'start_reason': 'Tactical Shift', 'end_reason': 'Final Whistle'}]",266929,La Liga,2014/2015
4320,Neymar da Silva Santos Junior,Neymar,11,Brazil,[],"[{'position_id': 21, 'position': 'Left Wing', 'from': '00:00', 'to': '46:53', 'from_period': 1, 'to_period': 2, 'start_reason': 'Starting XI', 'end_reason': 'Player Off'}, {'position_id': 21, 'position': 'Left Wing', 'from': '49:58', 'to': '50:00', 'from_period': 2, 'to_period': 2, 'start_reason': 'Player On', 'end_reason': 'Substitution - Off (Tactical)'}]",266770,La Liga,2014/2015
5503,Lionel Andrés Messi Cuccittini,Lionel Messi,10,Argentina,[],"[{'position_id': 23, 'position': 'Center Forward', 'from': '00:00', 'to': None, 'from_period': 1, 'to_period': None, 'start_reason': 'Starting XI', 'end_reason': 'Final Whistle'}]",266770,La Liga,2014/2015
4320,Neymar da Silva Santos Junior,Neymar,11,Brazil,[],"[{'position_id': 21, 'position': 'Left Wing', 'from': '00:00', 'to': '73:10', 'from_period': 1, 'to_period': 2, 'start_reason': 'Starting XI', 'end_reason': 'Substitution - Off (Tactical)'}]",266142,La Liga,2014/2015
5503,Lionel Andrés Messi Cuccittini,Lionel Messi,10,Argentina,[],"[{'position_id': 17, 'position': 'Right Wing', 'from': '00:00', 'to': '73:12', 'from_period': 1, 'to_period': 2, 'start_reason': 'Starting XI', 'end_reason': 'Tactical Shift'}, {'position_id': 24, 'position': 'Left Center Forward', 'from': '73:12', 'to': None, 'from_period': 2, 'to_period': None, 'start_reason': 'Tactical Shift', 'end_reason': 'Final Whistle'}]",266142,La Liga,2014/2015
4320,Neymar da Silva Santos Junior,Neymar,11,Brazil,[],"[{'position_id': 21, 'position': 'Left Wing', 'from': '00:00', 'to': '87:10', 'from_period': 1, 'to_period': 2, 'start_reason': 'Starting XI', 'end_reason': 'Substitution - Off (Tactical)'}]",266066,La Liga,2013/2014
5503,Lionel Andrés Messi Cuccittini,Lionel Messi,10,Argentina,[],"[{'position_id': 23, 'position': 'Center Forward', 'from': '00:00', 'to': None, 'from_period': 1, 'to_period': None, 'start_reason': 'Starting XI', 'end_reason': 'Final Whistle'}]",266066,La Liga,2013/2014
4320,Neymar da Silva Santos Junior,Neymar,11,Brazil,[],"[{'position_id': 21, 'position': 'Left Wing', 'from': '78:27', 'to': None, 'from_period': 2, 'to_period': None, 'start_reason': 'Substitution - On (Tactical)', 'end_reason': 'Final Whistle'}]",267368,La Liga,2013/2014
5503,Lionel Andrés Messi Cuccittini,Lionel Messi,10,Argentina,[],"[{'position_id': 23, 'position': 'Center Forward', 'from': '00:00', 'to': None, 'from_period': 1, 'to_period': None, 'start_reason': 'Starting XI', 'end_reason': 'Final Whistle'}]",267368,La Liga,2013/2014
4320,Neymar da Silva Santos Junior,Neymar,11,Brazil,[],"[{'position_id': 21, 'position': 'Left Wing', 'from': '00:00', 'to': None, 'from_period': 1, 'to_period': None, 'start_reason': 'Starting XI', 'end_reason': 'Final Whistle'}]",70301,La Liga,2013/2014
5503,Lionel Andrés Messi Cuccittini,Lionel Messi,10,Argentina,[],"[{'position_id': 23, 'position': 'Center Forward', 'from': '00:00', 'to': None, 'from_period': 1, 'to_period': None, 'start_reason': 'Starting XI', 'end_reason': 'Final Whistle'}]",70301,La Liga,2013/2014
4320,Neymar da Silva Santos Junior,Neymar,11,Brazil,"[{'time': '73:37', 'card_type': 'Yellow Card', 'reason': 'Bad Behaviour', 'period': 2}]","[{'position_id': 21, 'position': 'Left Wing', 'from': '00:00', 'to': '89:57', 'from_period': 1, 'to_period': 2, 'start_reason': 'Starting XI', 'end_reason': 'Substitution - Off (Tactical)'}]",70298,La Liga,2013/2014
5503,Lionel Andrés Messi Cuccittini,Lionel Messi,10,Argentina,[],"[{'position_id': 23, 'position': 'Center Forward', 'from': '00:00', 'to': None, 'from_period': 1, 'to_period': None, 'start_reason': 'Starting XI', 'end_reason': 'Final Whistle'}]",70298,La Liga,2013/2014
4320,Neymar da Silva Santos Junior,Neymar,11,Brazil,[],"[{'position_id': 21, 'position': 'Left Wing', 'from': '00:00', 'to': '74:06', 'from_period': 1, 'to_period': 2, 'start_reason': 'Starting XI', 'end_reason': 'Tactical Shift'}, {'position_id': 17, 'position': 'Right Wing', 'from': '74:06', 'to': '79:42', 'from_period': 2, 'to_period': 2, 'start_reason': 'Tactical Shift', 'end_reason': 'Substitution - Off (Tactical)'}]",70302,La Liga,2013/2014
5503,Lionel Andrés Messi Cuccittini,Lionel Messi,10,Argentina,[],"[{'position_id': 23, 'position': 'Center Forward', 'from': '00:00', 'to': None, 'from_period': 1, 'to_period': None, 'start_reason': 'Starting XI', 'end_reason': 'Final Whistle'}]",70302,La Liga,2013/2014
5503,Lionel Andrés Messi Cuccittini,Lionel Messi,10,Argentina,[],"[{'position_id': 23, 'position': 'Center Forward', 'from': '00:00', 'to': None, 'from_period': 1, 'to_period': None, 'start_reason': 'Starting XI', 'end_reason': 'Final Whistle'}]",70291,La Liga,2013/2014
4320,Neymar da Silva Santos Junior,Neymar,11,Brazil,"[{'time': '43:55', 'card_type': 'Yellow Card', 'reason': 'Foul Committed', 'period': 1}]","[{'position_id': 21, 'position': 'Left Wing', 'from': '00:00', 'to': '33:56', 'from_period': 1, 'to_period': 1, 'start_reason': 'Starting XI', 'end_reason': 'Player Off'}, {'position_id': 21, 'position': 'Left Wing', 'from': '34:33', 'to': '73:31', 'from_period': 1, 'to_period': 2, 'start_reason': 'Player On', 'end_reason': 'Tactical Shift'}, {'position_id': 23, 'position': 'Center Forward', 'from': '73:31', 'to': None, 'from_period': 2, 'to_period': None, 'start_reason': 'Tactical Shift', 'end_reason': 'Final Whistle'}]",267138,La Liga,2013/2014
5503,Lionel Andrés Messi Cuccittini,Lionel Messi,10,Argentina,"[{'time': '64:34', 'card_type': 'Yellow Card', 'reason': 'Bad Behaviour', 'period': 2}]","[{'position_id': 23, 'position': 'Center Forward', 'from': '00:00', 'to': '73:31', 'from_period': 1, 'to_period': 2, 'start_reason': 'Starting XI', 'end_reason': 'Tactical Shift'}, {'position_id': 19, 'position': 'Center Attacking Midfield', 'from': '73:31', 'to': None, 'from_period': 2, 'to_period': None, 'start_reason': 'Tactical Shift', 'end_reason': 'Final Whistle'}]",267138,La Liga,2013/2014
4320,Neymar da Silva Santos Junior,Neymar,11,Brazil,[],"[{'position_id': 21, 'position': 'Left Wing', 'from': '00:00', 'to': '73:32', 'from_period': 1, 'to_period': 2, 'start_reason': 'Starting XI', 'end_reason': 'Substitution - Off (Tactical)'}]",267520,La Liga,2013/2014
5503,Lionel Andrés Messi Cuccittini,Lionel Messi,10,Argentina,[],"[{'position_id': 23, 'position': 'Center Forward', 'from': '00:00', 'to': '80:14', 'from_period': 1, 'to_period': 2, 'start_reason': 'Starting XI', 'end_reason': 'Substitution - Off (Tactical)'}]",267520,La Liga,2013/2014
5503,Lionel Andrés Messi Cuccittini,Lionel Messi,10,Argentina,[],"[{'position_id': 23, 'position': 'Center Forward', 'from': '00:00', 'to': None, 'from_period': 1, 'to_period': None, 'start_reason': 'Starting XI', 'end_reason': 'Final Whistle'}]",70289,La Liga,2013/2014
5503,Lionel Andrés Messi Cuccittini,Lionel Messi,10,Argentina,[],"[{'position_id': 23, 'position': 'Center Forward', 'from': '00:00', 'to': None, 'from_period': 1, 'to_period': None, 'start_reason': 'Starting XI', 'end_reason': 'Final Whistle'}]",267675,La Liga,2013/2014
5503,Lionel Andrés Messi Cuccittini,Lionel Messi,10,Argentina,[],"[{'position_id': 23, 'position': 'Center Forward', 'from': '00:00', 'to': None, 'from_period': 1, 'to_period': None, 'start_reason': 'Starting XI', 'end_reason': 'Final Whistle'}]",70288,La Liga,2013/2014
5503,Lionel Andrés Messi Cuccittini,Lionel Messi,10,Argentina,[],"[{'position_id': 23, 'position': 'Center Forward', 'from': '00:00', 'to': None, 'from_period': 1, 'to_period': None, 'start_reason': 'Starting XI', 'end_reason': 'Final Whistle'}]",266074,La Liga,2013/2014
5503,Lionel Andrés Messi Cuccittini,Lionel Messi,10,Argentina,[],"[{'position_id': 23, 'position': 'Center Forward', 'from': '00:00', 'to': None, 'from_period': 1, 'to_period': None, 'start_reason': 'Starting XI', 'end_reason': 'Final Whistle'}]",267567,La Liga,2013/2014
5503,Lionel Andrés Messi Cuccittini,Lionel Messi,10,Argentina,[],"[{'position_id': 23, 'position': 'Center Forward', 'from': '00:00', 'to': None, 'from_period': 1, 'to_period': None, 'start_reason': 'Starting XI', 'end_reason': 'Final Whistle'}]",266201,La Liga,2013/2014
4320,Neymar da Silva Santos Junior,Neymar,11,Brazil,[],"[{'position_id': 21, 'position': 'Left Wing', 'from': '00:00', 'to': '70:57', 'from_period': 1, 'to_period': 2, 'start_reason': 'Starting XI', 'end_reason': 'Substitution - Off (Tactical)'}]",266274,La Liga,2013/2014
5503,Lionel Andrés Messi Cuccittini,Lionel Messi,10,Argentina,[],"[{'position_id': 23, 'position': 'Center Forward', 'from': '00:00', 'to': None, 'from_period': 1, 'to_period': None, 'start_reason': 'Starting XI', 'end_reason': 'Final Whistle'}]",266274,La Liga,2013/2014
5207,Cristiano Ronaldo dos Santos Aveiro,Cristiano Ronaldo,7,Portugal,"[{'time': '79:01', 'card_type': 'Yellow Card', 'reason': 'Bad Behaviour', 'period': 2}]","[{'position_id': 21, 'position': 'Left Wing', 'from': '00:00', 'to': None, 'from_period': 1, 'to_period': None, 'start_reason': 'Starting XI', 'end_reason': 'Final Whistle'}]",70293,La Liga,2013/2014
5463,Luka Modrić,,19,Croatia,[],"[{'position_id': 15, 'position': 'Left Center Midfield', 'from': '00:00', 'to': None, 'from_period': 1, 'to_period': None, 'start_reason': 'Starting XI', 'end_reason': 'Final Whistle'}]",70293,La Liga,2013/2014
4320,Neymar da Silva Santos Junior,Neymar,11,Brazil,[],"[{'position_id': 21, 'position': 'Left Wing', 'from': '00:00', 'to': '83:37', 'from_period': 1, 'to_period': 2, 'start_reason': 'Starting XI', 'end_reason': 'Substitution - Off (Tactical)'}]",70293,La Liga,2013/2014
5503,Lionel Andrés Messi Cuccittini,Lionel Messi,10,Argentina,[],"[{'position_id': 17, 'position': 'Right Wing', 'from': '00:00', 'to': None, 'from_period': 1, 'to_period': None, 'start_reason': 'Starting XI', 'end_reason': 'Final Whistle'}]",70293,La Liga,2013/2014
4320,Neymar da Silva Santos Junior,Neymar,11,Brazil,[],"[{'position_id': 21, 'position': 'Left Wing', 'from': '61:38', 'to': None, 'from_period': 2, 'to_period': None, 'start_reason': 'Substitution - On (Tactical)', 'end_reason': 'Final Whistle'}]",265918,La Liga,2013/2014
5503,Lionel Andrés Messi Cuccittini,Lionel Messi,10,Argentina,[],"[{'position_id': 23, 'position': 'Center Forward', 'from': '00:00', 'to': '73:39', 'from_period': 1, 'to_period': 2, 'start_reason': 'Starting XI', 'end_reason': 'Substitution - Off (Tactical)'}]",265918,La Liga,2013/2014
4320,Neymar da Silva Santos Junior,Neymar,11,Brazil,"[{'time': '87:03', 'card_type': 'Yellow Card', 'reason': 'Foul Committed', 'period': 2}]","[{'position_id': 17, 'position': 'Right Wing', 'from': '63:27', 'to': '70:53', 'from_period': 2, 'to_period': 2, 'start_reason': 'Substitution - On (Tactical)', 'end_reason': 'Tactical Shift'}, {'position_id': 21, 'position': 'Left Wing', 'from': '70:53', 'to': None, 'from_period': 2, 'to_period': None, 'start_reason': 'Tactical Shift', 'end_reason': 'Final Whistle'}]",70277,La Liga,2013/2014
5503,Lionel Andrés Messi Cuccittini,Lionel Messi,10,Argentina,[],"[{'position_id': 23, 'position': 'Center Forward', 'from': '00:00', 'to': '70:27', 'from_period': 1, 'to_period': 2, 'start_reason': 'Starting XI', 'end_reason': 'Substitution - Off (Tactical)'}]",70277,La Liga,2013/2014
4320,Neymar da Silva Santos Junior,Neymar,11,Brazil,[],"[{'position_id': 21, 'position': 'Left Wing', 'from': '00:00', 'to': None, 'from_period': 1, 'to_period': None, 'start_reason': 'Starting XI', 'end_reason': 'Final Whistle'}]",70283,La Liga,2013/2014
5503,Lionel Andrés Messi Cuccittini,Lionel Messi,10,Argentina,[],"[{'position_id': 23, 'position': 'Center Forward', 'from': '00:00', 'to': None, 'from_period': 1, 'to_period': None, 'start_reason': 'Starting XI', 'end_reason': 'Final Whistle'}]",70283,La Liga,2013/2014
4320,Neymar da Silva Santos Junior,Neymar,11,Brazil,[],"[{'position_id': 21, 'position': 'Left Wing', 'from': '00:00', 'to': '76:37', 'from_period': 1, 'to_period': 2, 'start_reason': 'Starting XI', 'end_reason': 'Tactical Shift'}, {'position_id': 17, 'position': 'Right Wing', 'from': '76:37', 'to': '80:48', 'from_period': 2, 'to_period': 2, 'start_reason': 'Tactical Shift', 'end_reason': 'Substitution - Off (Tactical)'}]",70306,La Liga,2013/2014
5503,Lionel Andrés Messi Cuccittini,Lionel Messi,10,Argentina,[],"[{'position_id': 23, 'position': 'Center Forward', 'from': '00:00', 'to': None, 'from_period': 1, 'to_period': None, 'start_reason': 'Starting XI', 'end_reason': 'Final Whistle'}]",70306,La Liga,2013/2014
4320,Neymar da Silva Santos Junior,Neymar,11,Brazil,[],"[{'position_id': 21, 'position': 'Left Wing', 'from': '61:46', 'to': '81:30', 'from_period': 2, 'to_period': 2, 'start_reason': 'Substitution - On (Tactical)', 'end_reason': 'Tactical Shift'}, {'position_id': 13, 'position': 'Right Center Midfield', 'from': '81:30', 'to': None, 'from_period': 2, 'to_period': None, 'start_reason': 'Tactical Shift', 'end_reason': 'Final Whistle'}]",266256,La Liga,2013/2014
5503,Lionel Andrés Messi Cuccittini,Lionel Messi,10,Argentina,"[{'time': '47:48', 'card_type': 'Yellow Card', 'reason': 'Bad Behaviour', 'period': 1}]","[{'position_id': 23, 'position': 'Center Forward', 'from': '00:00', 'to': '81:30', 'from_period': 1, 'to_period': 2, 'start_reason': 'Starting XI', 'end_reason': 'Tactical Shift'}, {'position_id': 19, 'position': 'Center Attacking Midfield', 'from': '81:30', 'to': None, 'from_period': 2, 'to_period': None, 'start_reason': 'Tactical Shift', 'end_reason': 'Final Whistle'}]",266256,La Liga,2013/2014
5503,Lionel Andrés Messi Cuccittini,Lionel Messi,10,Argentina,[],"[{'position_id': 23, 'position': 'Center Forward', 'from': '00:00', 'to': '79:28', 'from_period': 1, 'to_period': 2, 'start_reason': 'Starting XI', 'end_reason': 'Tactical Shift'}, {'position_id': 19, 'position': 'Center Attacking Midfield', 'from': '79:28', 'to': None, 'from_period': 2, 'to_period': None, 'start_reason': 'Tactical Shift', 'end_reason': 'Final Whistle'}]",266613,La Liga,2013/2014
5503,Lionel Andrés Messi Cuccittini,Lionel Messi,10,Argentina,[],"[{'position_id': 23, 'position': 'Center Forward', 'from': '00:00', 'to': None, 'from_period': 1, 'to_period': None, 'start_reason': 'Starting XI', 'end_reason': 'Final Whistle'}]",266491,La Liga,2013/2014
4320,Neymar da Silva Santos Junior,Neymar,11,Brazil,[],"[{'position_id': 22, 'position': 'Right Center Forward', 'from': '66:12', 'to': '71:06', 'from_period': 2, 'to_period': 2, 'start_reason': 'Substitution - On (Tactical)', 'end_reason': 'Tactical Shift'}, {'position_id': 21, 'position': 'Left Wing', 'from': '71:06', 'to': None, 'from_period': 2, 'to_period': None, 'start_reason': 'Tactical Shift', 'end_reason': 'Final Whistle'}]",265830,La Liga,2013/2014
5503,Lionel Andrés Messi Cuccittini,Lionel Messi,10,Argentina,[],"[{'position_id': 19, 'position': 'Center Attacking Midfield', 'from': '45:00', 'to': '45:00', 'from_period': 2, 'to_period': 2, 'start_reason': 'Tactical Shift', 'end_reason': 'Substitution - On (Tactical)'}, {'position_id': 15, 'position': 'Left Center Midfield', 'from': '45:00', 'to': '71:06', 'from_period': 2, 'to_period': 2, 'start_reason': 'Substitution - On (Tactical)', 'end_reason': 'Tactical Shift'}, {'position_id': 23, 'position': 'Center Forward', 'from': '71:06', 'to': None, 'from_period': 2, 'to_period': None, 'start_reason': 'Tactical Shift', 'end_reason': 'Final Whistle'}]",265830,La Liga,2013/2014
5207,Cristiano Ronaldo dos Santos Aveiro,Cristiano Ronaldo,7,Portugal,"[{'time': '84:54', 'card_type': 'Yellow Card', 'reason': 'Foul Committed', 'period': 2}]","[{'position_id': 21, 'position': 'Left Wing', 'from': '00:00', 'to': '65:06', 'from_period': 1, 'to_period': 2, 'start_reason': 'Starting XI', 'end_reason': 'Tactical Shift'}, {'position_id': 24, 'position': 'Left Center Forward', 'from': '65:06', 'to': '89:36', 'from_period': 2, 'to_period': 2, 'start_reason': 'Tactical Shift', 'end_reason': 'Tactical Shift'}, {'position_id': 21, 'position': 'Left Wing', 'from': '89:36', 'to': None, 'from_period': 2, 'to_period': None, 'start_reason': 'Tactical Shift', 'end_reason': 'Final Whistle'}]",265857,La Liga,2013/2014
5463,Luka Modrić,,19,Croatia,"[{'time': '87:31', 'card_type': 'Yellow Card', 'reason': 'Foul Committed', 'period': 2}]","[{'position_id': 13, 'position': 'Right Center Midfield', 'from': '00:00', 'to': '89:29', 'from_period': 1, 'to_period': 2, 'start_reason': 'Starting XI', 'end_reason': 'Substitution - Off (Tactical)'}]",265857,La Liga,2013/2014
4320,Neymar da Silva Santos Junior,Neymar,11,Brazil,[],"[{'position_id': 17, 'position': 'Right Wing', 'from': '00:00', 'to': '68:00', 'from_period': 1, 'to_period': 2, 'start_reason': 'Starting XI', 'end_reason': 'Substitution - Off (Tactical)'}]",265857,La Liga,2013/2014
5503,Lionel Andrés Messi Cuccittini,Lionel Messi,10,Argentina,[],"[{'position_id': 23, 'position': 'Center Forward', 'from': '00:00', 'to': None, 'from_period': 1, 'to_period': None, 'start_reason': 'Starting XI', 'end_reason': 'Final Whistle'}]",265857,La Liga,2013/2014
4320,Neymar da Silva Santos Junior,Neymar,11,Brazil,[],"[{'position_id': 21, 'position': 'Left Wing', 'from': '00:00', 'to': '73:26', 'from_period': 1, 'to_period': 2, 'start_reason': 'Starting XI', 'end_reason': 'Substitution - Off (Tactical)'}]",266883,La Liga,2013/2014
5503,Lionel Andrés Messi Cuccittini,Lionel Messi,10,Argentina,[],"[{'position_id': 23, 'position': 'Center Forward', 'from': '00:00', 'to': '20:58', 'from_period': 1, 'to_period': 1, 'start_reason': 'Starting XI', 'end_reason': 'Substitution - Off (Injury)'}]",266883,La Liga,2013/2014
4320,Neymar da Silva Santos Junior,Neymar,11,Brazil,[],"[{'position_id': 21, 'position': 'Left Wing', 'from': '00:00', 'to': '60:58', 'from_period': 1, 'to_period': 2, 'start_reason': 'Starting XI', 'end_reason': 'Tactical Shift'}, {'position_id': 23, 'position': 'Center Forward', 'from': '60:58', 'to': '73:05', 'from_period': 2, 'to_period': 2, 'start_reason': 'Tactical Shift', 'end_reason': 'Substitution - Off (Tactical)'}]",266603,La Liga,2013/2014
5503,Lionel Andrés Messi Cuccittini,Lionel Messi,10,Argentina,[],"[{'position_id': 23, 'position': 'Center Forward', 'from': '00:00', 'to': '60:58', 'from_period': 1, 'to_period': 2, 'start_reason': 'Starting XI', 'end_reason': 'Tactical Shift'}, {'position_id': 19, 'position': 'Center Attacking Midfield', 'from': '60:58', 'to': None, 'from_period': 2, 'to_period': None, 'start_reason': 'Tactical Shift', 'end_reason': 'Final Whistle'}]",266603,La Liga,2013/2014
4320,Neymar da Silva Santos Junior,Neymar,11,Brazil,[],"[{'position_id': 21, 'position': 'Left Wing', 'from': '00:00', 'to': '72:58', 'from_period': 1, 'to_period': 2, 'start_reason': 'Starting XI', 'end_reason': 'Tactical Shift'}, {'position_id': 23, 'position': 'Center Forward', 'from': '72:58', 'to': None, 'from_period': 2, 'to_period': None, 'start_reason': 'Tactical Shift', 'end_reason': 'Final Whistle'}]",265837,La Liga,2013/2014
5503,Lionel Andrés Messi Cuccittini,Lionel Messi,10,Argentina,[],"[{'position_id': 23, 'position': 'Center Forward', 'from': '00:00', 'to': '72:58', 'from_period': 1, 'to_period': 2, 'start_reason': 'Starting XI', 'end_reason': 'Tactical Shift'}, {'position_id': 19, 'position': 'Center Attacking Midfield', 'from': '72:58', 'to': None, 'from_period': 2, 'to_period': None, 'start_reason': 'Tactical Shift', 'end_reason': 'Final Whistle'}]",265837,La Liga,2013/2014
4320,Neymar da Silva Santos Junior,Neymar,11,Brazil,[],"[{'position_id': 21, 'position': 'Left Wing', 'from': '00:00', 'to': None, 'from_period': 1, 'to_period': None, 'start_reason': 'Starting XI', 'end_reason': 'Final Whistle'}]",266462,La Liga,2013/2014
5503,Lionel Andrés Messi Cuccittini,Lionel Messi,10,Argentina,[],"[{'position_id': 13, 'position': 'Right Center Midfield', 'from': '67:30', 'to': '67:34', 'from_period': 2, 'to_period': 2, 'start_reason': 'Substitution - On (Tactical)', 'end_reason': 'Tactical Shift'}, {'position_id': 23, 'position': 'Center Forward', 'from': '67:34', 'to': None, 'from_period': 2, 'to_period': None, 'start_reason': 'Tactical Shift', 'end_reason': 'Final Whistle'}]",266462,La Liga,2013/2014
5503,Lionel Andrés Messi Cuccittini,Lionel Messi,10,Argentina,[],"[{'position_id': 23, 'position': 'Center Forward', 'from': '00:00', 'to': None, 'from_period': 1, 'to_period': None, 'start_reason': 'Starting XI', 'end_reason': 'Final Whistle'}]",267192,La Liga,2013/2014
5503,Lionel Andrés Messi Cuccittini,Lionel Messi,10,Argentina,[],"[{'position_id': 23, 'position': 'Center Forward', 'from': '00:00', 'to': '28:14', 'from_period': 1, 'to_period': 1, 'start_reason': 'Starting XI', 'end_reason': 'Substitution - Off (Injury)'}]",266420,La Liga,2013/2014
5503,Lionel Andrés Messi Cuccittini,Lionel Messi,10,Argentina,[],"[{'position_id': 23, 'position': 'Center Forward', 'from': '00:00', 'to': None, 'from_period': 1, 'to_period': None, 'start_reason': 'Starting XI', 'end_reason': 'Final Whistle'}]",70263,La Liga,2012/2013
5503,Lionel Andrés Messi Cuccittini,Lionel Messi,10,Argentina,[],"[{'position_id': 23, 'position': 'Center Forward', 'from': '00:00', 'to': None, 'from_period': 1, 'to_period': None, 'start_reason': 'Starting XI', 'end_reason': 'Final Whistle'}]",266015,La Liga,2012/2013
5503,Lionel Andrés Messi Cuccittini,Lionel Messi,10,Argentina,[],"[{'position_id': 23, 'position': 'Center Forward', 'from': '00:00', 'to': '72:40', 'from_period': 1, 'to_period': 2, 'start_reason': 'Starting XI', 'end_reason': 'Tactical Shift'}, {'position_id': 19, 'position': 'Center Attacking Midfield', 'from': '72:40', 'to': None, 'from_period': 2, 'to_period': None, 'start_reason': 'Tactical Shift', 'end_reason': 'Final Whistle'}]",70270,La Liga,2012/2013
5503,Lionel Andrés Messi Cuccittini,Lionel Messi,10,Argentina,[],"[{'position_id': 23, 'position': 'Center Forward', 'from': '55:58', 'to': None, 'from_period': 2, 'to_period': None, 'start_reason': 'Substitution - On (Tactical)', 'end_reason': 'Final Whistle'}]",70281,La Liga,2012/2013
5503,Lionel Andrés Messi Cuccittini,Lionel Messi,10,Argentina,[],"[{'position_id': 23, 'position': 'Center Forward', 'from': '00:00', 'to': None, 'from_period': 1, 'to_period': None, 'start_reason': 'Starting XI', 'end_reason': 'Final Whistle'}]",70308,La Liga,2012/2013
5503,Lionel Andrés Messi Cuccittini,Lionel Messi,10,Argentina,[],"[{'position_id': 23, 'position': 'Center Forward', 'from': '00:00', 'to': None, 'from_period': 1, 'to_period': None, 'start_reason': 'Starting XI', 'end_reason': 'Final Whistle'}]",70282,La Liga,2012/2013
5503,Lionel Andrés Messi Cuccittini,Lionel Messi,10,Argentina,[],"[{'position_id': 23, 'position': 'Center Forward', 'from': '00:00', 'to': None, 'from_period': 1, 'to_period': None, 'start_reason': 'Starting XI', 'end_reason': 'Final Whistle'}]",266724,La Liga,2012/2013
5503,Lionel Andrés Messi Cuccittini,Lionel Messi,10,Argentina,[],"[{'position_id': 23, 'position': 'Center Forward', 'from': '00:00', 'to': '88:04', 'from_period': 1, 'to_period': 2, 'start_reason': 'Starting XI', 'end_reason': 'Tactical Shift'}, {'position_id': 17, 'position': 'Right Wing', 'from': '88:04', 'to': None, 'from_period': 2, 'to_period': None, 'start_reason': 'Tactical Shift', 'end_reason': 'Final Whistle'}]",70272,La Liga,2012/2013
5207,Cristiano Ronaldo dos Santos Aveiro,Cristiano Ronaldo,7,Portugal,[],"[{'position_id': 23, 'position': 'Center Forward', 'from': '56:52', 'to': None, 'from_period': 2, 'to_period': None, 'start_reason': 'Substitution - On (Tactical)', 'end_reason': 'Final Whistle'}]",70272,La Liga,2012/2013
5463,Luka Modrić,,19,Croatia,[],"[{'position_id': 15, 'position': 'Left Center Midfield', 'from': '00:00', 'to': '57:15', 'from_period': 1, 'to_period': 2, 'start_reason': 'Starting XI', 'end_reason': 'Tactical Shift'}, {'position_id': 19, 'position': 'Center Attacking Midfield', 'from': '57:15', 'to': None, 'from_period': 2, 'to_period': None, 'start_reason': 'Tactical Shift', 'end_reason': 'Final Whistle'}]",70272,La Liga,2012/2013
5503,Lionel Andrés Messi Cuccittini,Lionel Messi,10,Argentina,"[{'time': '84:10', 'card_type': 'Yellow Card', 'reason': 'Bad Behaviour', 'period': 2}]","[{'position_id': 23, 'position': 'Center Forward', 'from': '00:00', 'to': '53:20', 'from_period': 1, 'to_period': 2, 'start_reason': 'Starting XI', 'end_reason': 'Tactical Shift'}, {'position_id': 19, 'position': 'Center Attacking Midfield', 'from': '53:20', 'to': None, 'from_period': 2, 'to_period': None, 'start_reason': 'Tactical Shift', 'end_reason': 'Final Whistle'}]",70304,La Liga,2012/2013
5503,Lionel Andrés Messi Cuccittini,Lionel Messi,10,Argentina,[],"[{'position_id': 23, 'position': 'Center Forward', 'from': '00:00', 'to': None, 'from_period': 1, 'to_period': None, 'start_reason': 'Starting XI', 'end_reason': 'Final Whistle'}]",70280,La Liga,2012/2013
5503,Lionel Andrés Messi Cuccittini,Lionel Messi,10,Argentina,[],"[{'position_id': 23, 'position': 'Center Forward', 'from': '00:00', 'to': None, 'from_period': 1, 'to_period': None, 'start_reason': 'Starting XI', 'end_reason': 'Final Whistle'}]",70296,La Liga,2012/2013
5503,Lionel Andrés Messi Cuccittini,Lionel Messi,10,Argentina,[],"[{'position_id': 23, 'position': 'Center Forward', 'from': '00:00', 'to': None, 'from_period': 1, 'to_period': None, 'start_reason': 'Starting XI', 'end_reason': 'Final Whistle'}]",70297,La Liga,2012/2013
5503,Lionel Andrés Messi Cuccittini,Lionel Messi,10,Argentina,[],"[{'position_id': 23, 'position': 'Center Forward', 'from': '00:00', 'to': None, 'from_period': 1, 'to_period': None, 'start_reason': 'Starting XI', 'end_reason': 'Final Whistle'}]",266433,La Liga,2012/2013
5503,Lionel Andrés Messi Cuccittini,Lionel Messi,10,Argentina,[],"[{'position_id': 23, 'position': 'Center Forward', 'from': '00:00', 'to': None, 'from_period': 1, 'to_period': None, 'start_reason': 'Starting XI', 'end_reason': 'Final Whistle'}]",70256,La Liga,2012/2013
5503,Lionel Andrés Messi Cuccittini,Lionel Messi,10,Argentina,[],"[{'position_id': 23, 'position': 'Center Forward', 'from': '00:00', 'to': None, 'from_period': 1, 'to_period': None, 'start_reason': 'Starting XI', 'end_reason': 'Final Whistle'}]",70259,La Liga,2012/2013
5503,Lionel Andrés Messi Cuccittini,Lionel Messi,10,Argentina,[],"[{'position_id': 23, 'position': 'Center Forward', 'from': '00:00', 'to': None, 'from_period': 1, 'to_period': None, 'start_reason': 'Starting XI', 'end_reason': 'Final Whistle'}]",70260,La Liga,2012/2013
5503,Lionel Andrés Messi Cuccittini,Lionel Messi,10,Argentina,[],"[{'position_id': 23, 'position': 'Center Forward', 'from': '00:00', 'to': None, 'from_period': 1, 'to_period': None, 'start_reason': 'Starting XI', 'end_reason': 'Final Whistle'}]",70276,La Liga,2012/2013
5503,Lionel Andrés Messi Cuccittini,Lionel Messi,10,Argentina,[],"[{'position_id': 23, 'position': 'Center Forward', 'from': '00:00', 'to': None, 'from_period': 1, 'to_period': None, 'start_reason': 'Starting XI', 'end_reason': 'Final Whistle'}]",70287,La Liga,2012/2013
5503,Lionel Andrés Messi Cuccittini,Lionel Messi,10,Argentina,[],"[{'position_id': 23, 'position': 'Center Forward', 'from': '00:00', 'to': '63:34', 'from_period': 1, 'to_period': 2, 'start_reason': 'Starting XI', 'end_reason': 'Tactical Shift'}, {'position_id': 19, 'position': 'Center Attacking Midfield', 'from': '63:34', 'to': '67:01', 'from_period': 2, 'to_period': 2, 'start_reason': 'Tactical Shift', 'end_reason': 'Player Off (Permanent)'}, {'position_id': 19, 'position': 'Center Attacking Midfield', 'from': '78:25', 'to': None, 'from_period': 2, 'to_period': None, 'start_reason': 'Tactical Shift', 'end_reason': 'Final Whistle'}]",70284,La Liga,2012/2013
5503,Lionel Andrés Messi Cuccittini,Lionel Messi,10,Argentina,[],"[{'position_id': 23, 'position': 'Center Forward', 'from': '00:00', 'to': '78:48', 'from_period': 1, 'to_period': 2, 'start_reason': 'Starting XI', 'end_reason': 'Tactical Shift'}, {'position_id': 24, 'position': 'Left Center Forward', 'from': '78:48', 'to': None, 'from_period': 2, 'to_period': None, 'start_reason': 'Tactical Shift', 'end_reason': 'Final Whistle'}]",70275,La Liga,2012/2013
5503,Lionel Andrés Messi Cuccittini,Lionel Messi,10,Argentina,[],"[{'position_id': 23, 'position': 'Center Forward', 'from': '00:00', 'to': None, 'from_period': 1, 'to_period': None, 'start_reason': 'Starting XI', 'end_reason': 'Final Whistle'}]",70286,La Liga,2012/2013
5503,Lionel Andrés Messi Cuccittini,Lionel Messi,10,Argentina,[],"[{'position_id': 23, 'position': 'Center Forward', 'from': '00:00', 'to': None, 'from_period': 1, 'to_period': None, 'start_reason': 'Starting XI', 'end_reason': 'Final Whistle'}]",70309,La Liga,2012/2013
5207,Cristiano Ronaldo dos Santos Aveiro,Cristiano Ronaldo,7,Portugal,[],"[{'position_id': 21, 'position': 'Left Wing', 'from': '00:00', 'to': None, 'from_period': 1, 'to_period': None, 'start_reason': 'Starting XI', 'end_reason': 'Final Whistle'}]",70300,La Liga,2012/2013
5503,Lionel Andrés Messi Cuccittini,Lionel Messi,10,Argentina,[],"[{'position_id': 23, 'position': 'Center Forward', 'from': '00:00', 'to': None, 'from_period': 1, 'to_period': None, 'start_reason': 'Starting XI', 'end_reason': 'Final Whistle'}]",70300,La Liga,2012/2013
5503,Lionel Andrés Messi Cuccittini,Lionel Messi,10,Argentina,[],"[{'position_id': 23, 'position': 'Center Forward', 'from': '00:00', 'to': None, 'from_period': 1, 'to_period': None, 'start_reason': 'Starting XI', 'end_reason': 'Final Whistle'}]",70295,La Liga,2012/2013
5503,Lionel Andrés Messi Cuccittini,Lionel Messi,10,Argentina,[],"[{'position_id': 23, 'position': 'Center Forward', 'from': '00:00', 'to': None, 'from_period': 1, 'to_period': None, 'start_reason': 'Starting XI', 'end_reason': 'Final Whistle'}]",70307,La Liga,2012/2013
5503,Lionel Andrés Messi Cuccittini,Lionel Messi,10,Argentina,[],"[{'position_id': 23, 'position': 'Center Forward', 'from': '61:33', 'to': None, 'from_period': 2, 'to_period': None, 'start_reason': 'Substitution - On (Tactical)', 'end_reason': 'Final Whistle'}]",70305,La Liga,2012/2013
5503,Lionel Andrés Messi Cuccittini,Lionel Messi,10,Argentina,[],"[{'position_id': 23, 'position': 'Center Forward', 'from': '00:00', 'to': None, 'from_period': 1, 'to_period': None, 'start_reason': 'Starting XI', 'end_reason': 'Final Whistle'}]",266827,La Liga,2012/2013
5503,Lionel Andrés Messi Cuccittini,Lionel Messi,10,Argentina,[],"[{'position_id': 13, 'position': 'Right Center Midfield', 'from': '58:03', 'to': '77:20', 'from_period': 2, 'to_period': 2, 'start_reason': 'Substitution - On (Tactical)', 'end_reason': 'Tactical Shift'}, {'position_id': 23, 'position': 'Center Forward', 'from': '77:20', 'to': None, 'from_period': 2, 'to_period': None, 'start_reason': 'Tactical Shift', 'end_reason': 'Final Whistle'}]",267502,La Liga,2012/2013
5503,Lionel Andrés Messi Cuccittini,Lionel Messi,10,Argentina,[],"[{'position_id': 23, 'position': 'Center Forward', 'from': '00:00', 'to': None, 'from_period': 1, 'to_period': None, 'start_reason': 'Starting XI', 'end_reason': 'Final Whistle'}]",70271,La Liga,2012/2013
5503,Lionel Andrés Messi Cuccittini,Lionel Messi,10,Argentina,[],"[{'position_id': 23, 'position': 'Center Forward', 'from': '00:00', 'to': None, 'from_period': 1, 'to_period': None, 'start_reason': 'Tactical Shift', 'end_reason': 'Final Whistle'}]",70294,La Liga,2012/2013
5503,Lionel Andrés Messi Cuccittini,Lionel Messi,10,Argentina,[],"[{'position_id': 23, 'position': 'Center Forward', 'from': '00:00', 'to': '63:01', 'from_period': 1, 'to_period': 2, 'start_reason': 'Starting XI', 'end_reason': 'Tactical Shift'}, {'position_id': 13, 'position': 'Right Center Midfield', 'from': '63:01', 'to': None, 'from_period': 2, 'to_period': None, 'start_reason': 'Tactical Shift', 'end_reason': 'Final Whistle'}]",70262,La Liga,2012/2013
5503,Lionel Andrés Messi Cuccittini,Lionel Messi,10,Argentina,[],"[{'position_id': 15, 'position': 'Left Center Midfield', 'from': '58:30', 'to': '58:58', 'from_period': 2, 'to_period': 2, 'start_reason': 'Substitution - On (Tactical)', 'end_reason': 'Tactical Shift'}, {'position_id': 23, 'position': 'Center Forward', 'from': '58:58', 'to': None, 'from_period': 2, 'to_period': None, 'start_reason': 'Tactical Shift', 'end_reason': 'Final Whistle'}]",70292,La Liga,2012/2013
5503,Lionel Andrés Messi Cuccittini,Lionel Messi,10,Argentina,[],"[{'position_id': 22, 'position': 'Right Center Forward', 'from': '00:00', 'to': None, 'from_period': 1, 'to_period': None, 'start_reason': 'Starting XI', 'end_reason': 'Final Whistle'}]",70220,La Liga,2011/2012
5503,Lionel Andrés Messi Cuccittini,Lionel Messi,10,Argentina,[],"[{'position_id': 23, 'position': 'Center Forward', 'from': '00:00', 'to': None, 'from_period': 1, 'to_period': None, 'start_reason': 'Starting XI', 'end_reason': 'Final Whistle'}]",69328,La Liga,2011/2012
5503,Lionel Andrés Messi Cuccittini,Lionel Messi,10,Argentina,[],"[{'position_id': 23, 'position': 'Center Forward', 'from': '00:00', 'to': None, 'from_period': 1, 'to_period': None, 'start_reason': 'Starting XI', 'end_reason': 'Final Whistle'}]",69329,La Liga,2011/2012
5503,Lionel Andrés Messi Cuccittini,Lionel Messi,10,Argentina,[],"[{'position_id': 23, 'position': 'Center Forward', 'from': '00:00', 'to': None, 'from_period': 1, 'to_period': None, 'start_reason': 'Starting XI', 'end_reason': 'Final Whistle'}]",70219,La Liga,2011/2012
5503,Lionel Andrés Messi Cuccittini,Lionel Messi,10,Argentina,[],"[{'position_id': 23, 'position': 'Center Forward', 'from': '00:00', 'to': None, 'from_period': 1, 'to_period': None, 'start_reason': 'Starting XI', 'end_reason': 'Final Whistle'}]",69331,La Liga,2011/2012
5503,Lionel Andrés Messi Cuccittini,Lionel Messi,10,Argentina,"[{'time': '07:13', 'card_type': 'Yellow Card', 'reason': 'Foul Committed', 'period': 1}]","[{'position_id': 23, 'position': 'Center Forward', 'from': '00:00', 'to': '84:06', 'from_period': 1, 'to_period': 2, 'start_reason': 'Starting XI', 'end_reason': 'Tactical Shift'}, {'position_id': 22, 'position': 'Right Center Forward', 'from': '84:06', 'to': None, 'from_period': 2, 'to_period': None, 'start_reason': 'Tactical Shift', 'end_reason': 'Final Whistle'}]",69337,La Liga,2011/2012
5503,Lionel Andrés Messi Cuccittini,Lionel Messi,10,Argentina,[],"[{'position_id': 23, 'position': 'Center Forward', 'from': '00:00', 'to': None, 'from_period': 1, 'to_period': None, 'start_reason': 'Starting XI', 'end_reason': 'Final Whistle'}]",69322,La Liga,2011/2012
5503,Lionel Andrés Messi Cuccittini,Lionel Messi,10,Argentina,[],"[{'position_id': 23, 'position': 'Center Forward', 'from': '00:00', 'to': None, 'from_period': 1, 'to_period': None, 'start_reason': 'Starting XI', 'end_reason': 'Final Whistle'}]",69316,La Liga,2011/2012
5503,Lionel Andrés Messi Cuccittini,Lionel Messi,10,Argentina,[],"[{'position_id': 23, 'position': 'Center Forward', 'from': '00:00', 'to': '52:58', 'from_period': 1, 'to_period': 2, 'start_reason': 'Starting XI', 'end_reason': 'Tactical Shift'}, {'position_id': 17, 'position': 'Right Wing', 'from': '52:58', 'to': None, 'from_period': 2, 'to_period': None, 'start_reason': 'Tactical Shift', 'end_reason': 'Final Whistle'}]",69332,La Liga,2011/2012
5503,Lionel Andrés Messi Cuccittini,Lionel Messi,10,Argentina,[],"[{'position_id': 23, 'position': 'Center Forward', 'from': '00:00', 'to': None, 'from_period': 1, 'to_period': None, 'start_reason': 'Starting XI', 'end_reason': 'Final Whistle'}]",69335,La Liga,2011/2012
5503,Lionel Andrés Messi Cuccittini,Lionel Messi,10,Argentina,[],"[{'position_id': 23, 'position': 'Center Forward', 'from': '00:00', 'to': None, 'from_period': 1, 'to_period': None, 'start_reason': 'Starting XI', 'end_reason': 'Final Whistle'}]",69330,La Liga,2011/2012
5503,Lionel Andrés Messi Cuccittini,Lionel Messi,10,Argentina,[],"[{'position_id': 23, 'position': 'Center Forward', 'from': '00:00', 'to': None, 'from_period': 1, 'to_period': None, 'start_reason': 'Starting XI', 'end_reason': 'Final Whistle'}]",69297,La Liga,2011/2012
5503,Lionel Andrés Messi Cuccittini,Lionel Messi,10,Argentina,[],"[{'position_id': 22, 'position': 'Right Center Forward', 'from': '00:00', 'to': '59:38', 'from_period': 1, 'to_period': 2, 'start_reason': 'Starting XI', 'end_reason': 'Tactical Shift'}, {'position_id': 23, 'position': 'Center Forward', 'from': '59:38', 'to': None, 'from_period': 2, 'to_period': None, 'start_reason': 'Tactical Shift', 'end_reason': 'Final Whistle'}]",69325,La Liga,2011/2012
5207,Cristiano Ronaldo dos Santos Aveiro,Cristiano Ronaldo,7,Portugal,[],"[{'position_id': 21, 'position': 'Left Wing', 'from': '00:00', 'to': None, 'from_period': 1, 'to_period': None, 'start_reason': 'Starting XI', 'end_reason': 'Final Whistle'}]",69324,La Liga,2011/2012
5503,Lionel Andrés Messi Cuccittini,Lionel Messi,10,Argentina,[],"[{'position_id': 23, 'position': 'Center Forward', 'from': '00:00', 'to': '68:39', 'from_period': 1, 'to_period': 2, 'start_reason': 'Starting XI', 'end_reason': 'Tactical Shift'}, {'position_id': 19, 'position': 'Center Attacking Midfield', 'from': '68:39', 'to': None, 'from_period': 2, 'to_period': None, 'start_reason': 'Tactical Shift', 'end_reason': 'Final Whistle'}]",69324,La Liga,2011/2012
5503,Lionel Andrés Messi Cuccittini,Lionel Messi,10,Argentina,[],"[{'position_id': 23, 'position': 'Center Forward', 'from': '00:00', 'to': None, 'from_period': 1, 'to_period': None, 'start_reason': 'Starting XI', 'end_reason': 'Final Whistle'}]",70225,La Liga,2011/2012
5503,Lionel Andrés Messi Cuccittini,Lionel Messi,10,Argentina,[],"[{'position_id': 23, 'position': 'Center Forward', 'from': '00:00', 'to': '28:33', 'from_period': 1, 'to_period': 1, 'start_reason': 'Starting XI', 'end_reason': 'Tactical Shift'}, {'position_id': 17, 'position': 'Right Wing', 'from': '28:33', 'to': None, 'from_period': 1, 'to_period': None, 'start_reason': 'Tactical Shift', 'end_reason': 'Final Whistle'}]",69293,La Liga,2011/2012
5503,Lionel Andrés Messi Cuccittini,Lionel Messi,10,Argentina,[],"[{'position_id': 23, 'position': 'Center Forward', 'from': '00:00', 'to': None, 'from_period': 1, 'to_period': None, 'start_reason': 'Starting XI', 'end_reason': 'Final Whistle'}]",70223,La Liga,2011/2012
5503,Lionel Andrés Messi Cuccittini,Lionel Messi,10,Argentina,[],"[{'position_id': 23, 'position': 'Center Forward', 'from': '00:00', 'to': '81:13', 'from_period': 1, 'to_period': 2, 'start_reason': 'Starting XI', 'end_reason': 'Tactical Shift'}, {'position_id': 19, 'position': 'Center Attacking Midfield', 'from': '81:13', 'to': None, 'from_period': 2, 'to_period': None, 'start_reason': 'Tactical Shift', 'end_reason': 'Final Whistle'}]",69333,La Liga,2011/2012
5503,Lionel Andrés Messi Cuccittini,Lionel Messi,10,Argentina,"[{'time': '92:12', 'card_type': 'Yellow Card', 'reason': 'Foul Committed', 'period': 2}]","[{'position_id': 13, 'position': 'Right Center Midfield', 'from': '61:50', 'to': '63:16', 'from_period': 2, 'to_period': 2, 'start_reason': 'Substitution - On (Tactical)', 'end_reason': 'Tactical Shift'}, {'position_id': 23, 'position': 'Center Forward', 'from': '63:16', 'to': None, 'from_period': 2, 'to_period': None, 'start_reason': 'Tactical Shift', 'end_reason': 'Final Whistle'}]",69264,La Liga,2011/2012
5503,Lionel Andrés Messi Cuccittini,Lionel Messi,10,Argentina,"[{'time': '48:50', 'card_type': 'Yellow Card', 'reason': 'Foul Committed', 'period': 2}]","[{'position_id': 22, 'position': 'Right Center Forward', 'from': '00:00', 'to': '83:12', 'from_period': 1, 'to_period': 2, 'start_reason': 'Starting XI', 'end_reason': 'Tactical Shift'}, {'position_id': 13, 'position': 'Right Center Midfield', 'from': '83:12', 'to': None, 'from_period': 2, 'to_period': None, 'start_reason': 'Tactical Shift', 'end_reason': 'Final Whistle'}]",69343,La Liga,2011/2012
5503,Lionel Andrés Messi Cuccittini,Lionel Messi,10,Argentina,[],"[{'position_id': 23, 'position': 'Center Forward', 'from': '00:00', 'to': None, 'from_period': 1, 'to_period': None, 'start_reason': 'Starting XI', 'end_reason': 'Final Whistle'}]",69340,La Liga,2011/2012
5503,Lionel Andrés Messi Cuccittini,Lionel Messi,10,Argentina,[],"[{'position_id': 23, 'position': 'Center Forward', 'from': '00:00', 'to': None, 'from_period': 1, 'to_period': None, 'start_reason': 'Starting XI', 'end_reason': 'Final Whistle'}]",69265,La Liga,2011/2012
5503,Lionel Andrés Messi Cuccittini,Lionel Messi,10,Argentina,[],"[{'position_id': 23, 'position': 'Center Forward', 'from': '00:00', 'to': None, 'from_period': 1, 'to_period': None, 'start_reason': 'Starting XI', 'end_reason': 'Final Whistle'}]",69319,La Liga,2011/2012
5207,Cristiano Ronaldo dos Santos Aveiro,Cristiano Ronaldo,7,Portugal,[],"[{'position_id': 21, 'position': 'Left Wing', 'from': '00:00', 'to': None, 'from_period': 1, 'to_period': None, 'start_reason': 'Starting XI', 'end_reason': 'Final Whistle'}]",69334,La Liga,2011/2012
5503,Lionel Andrés Messi Cuccittini,Lionel Messi,10,Argentina,"[{'time': '36:17', 'card_type': 'Yellow Card', 'reason': 'Bad Behaviour', 'period': 1}]","[{'position_id': 17, 'position': 'Right Wing', 'from': '00:00', 'to': None, 'from_period': 1, 'to_period': None, 'start_reason': 'Starting XI', 'end_reason': 'Final Whistle'}]",69334,La Liga,2011/2012
5503,Lionel Andrés Messi Cuccittini,Lionel Messi,10,Argentina,"[{'time': '43:43', 'card_type': 'Yellow Card', 'reason': 'Foul Committed', 'period': 1}]","[{'position_id': 23, 'position': 'Center Forward', 'from': '00:00', 'to': None, 'from_period': 1, 'to_period': None, 'start_reason': 'Starting XI', 'end_reason': 'Final Whistle'}]",69327,La Liga,2011/2012
5503,Lionel Andrés Messi Cuccittini,Lionel Messi,10,Argentina,[],"[{'position_id': 23, 'position': 'Center Forward', 'from': '00:00', 'to': None, 'from_period': 1, 'to_period': None, 'start_reason': 'Starting XI', 'end_reason': 'Final Whistle'}]",69315,La Liga,2011/2012
5503,Lionel Andrés Messi Cuccittini,Lionel Messi,10,Argentina,[],"[{'position_id': 17, 'position': 'Right Wing', 'from': '00:00', 'to': '45:21', 'from_period': 1, 'to_period': 2, 'start_reason': 'Starting XI', 'end_reason': 'Tactical Shift'}, {'position_id': 19, 'position': 'Center Attacking Midfield', 'from': '45:21', 'to': None, 'from_period': 2, 'to_period': None, 'start_reason': 'Tactical Shift', 'end_reason': 'Final Whistle'}]",69336,La Liga,2011/2012
5503,Lionel Andrés Messi Cuccittini,Lionel Messi,10,Argentina,[],"[{'position_id': 23, 'position': 'Center Forward', 'from': '00:00', 'to': None, 'from_period': 1, 'to_period': None, 'start_reason': 'Starting XI', 'end_reason': 'Final Whistle'}]",69326,La Liga,2011/2012
5503,Lionel Andrés Messi Cuccittini,Lionel Messi,10,Argentina,[],"[{'position_id': 23, 'position': 'Center Forward', 'from': '00:00', 'to': None, 'from_period': 1, 'to_period': None, 'start_reason': 'Starting XI', 'end_reason': 'Final Whistle'}]",69268,La Liga,2011/2012
5503,Lionel Andrés Messi Cuccittini,Lionel Messi,10,Argentina,[],"[{'position_id': 23, 'position': 'Center Forward', 'from': '00:00', 'to': None, 'from_period': 1, 'to_period': None, 'start_reason': 'Starting XI', 'end_reason': 'Final Whistle'}]",69320,La Liga,2011/2012
5503,Lionel Andrés Messi Cuccittini,Lionel Messi,10,Argentina,"[{'time': '13:02', 'card_type': 'Yellow Card', 'reason': 'Foul Committed', 'period': 1}]","[{'position_id': 23, 'position': 'Center Forward', 'from': '00:00', 'to': None, 'from_period': 1, 'to_period': None, 'start_reason': 'Starting XI', 'end_reason': 'Final Whistle'}]",69312,La Liga,2011/2012
5503,Lionel Andrés Messi Cuccittini,Lionel Messi,10,Argentina,[],"[{'position_id': 19, 'position': 'Center Attacking Midfield', 'from': '00:00', 'to': '45:00', 'from_period': 1, 'to_period': 2, 'start_reason': 'Starting XI', 'end_reason': 'Tactical Shift'}, {'position_id': 23, 'position': 'Center Forward', 'from': '45:00', 'to': None, 'from_period': 2, 'to_period': None, 'start_reason': 'Tactical Shift', 'end_reason': 'Final Whistle'}]",69314,La Liga,2011/2012
5503,Lionel Andrés Messi Cuccittini,Lionel Messi,10,Argentina,[],"[{'position_id': 23, 'position': 'Center Forward', 'from': '00:00', 'to': None, 'from_period': 1, 'to_period': None, 'start_reason': 'Starting XI', 'end_reason': 'Final Whistle'}]",69318,La Liga,2011/2012
5503,Lionel Andrés Messi Cuccittini,Lionel Messi,10,Argentina,[],"[{'position_id': 23, 'position': 'Center Forward', 'from': '00:00', 'to': '59:52', 'from_period': 1, 'to_period': 2, 'start_reason': 'Starting XI', 'end_reason': 'Tactical Shift'}, {'position_id': 17, 'position': 'Right Wing', 'from': '59:52', 'to': None, 'from_period': 2, 'to_period': None, 'start_reason': 'Tactical Shift', 'end_reason': 'Final Whistle'}]",69338,La Liga,2011/2012
5503,Lionel Andrés Messi Cuccittini,Lionel Messi,10,Argentina,[],"[{'position_id': 23, 'position': 'Center Forward', 'from': '00:00', 'to': None, 'from_period': 1, 'to_period': None, 'start_reason': 'Starting XI', 'end_reason': 'Final Whistle'}]",70224,La Liga,2011/2012
5503,Lionel Andrés Messi Cuccittini,Lionel Messi,10,Argentina,[],"[{'position_id': 23, 'position': 'Center Forward', 'from': '00:00', 'to': '37:32', 'from_period': 1, 'to_period': 1, 'start_reason': 'Starting XI', 'end_reason': 'Tactical Shift'}, {'position_id': 22, 'position': 'Right Center Forward', 'from': '37:32', 'to': '46:22', 'from_period': 1, 'to_period': 2, 'start_reason': 'Tactical Shift', 'end_reason': 'Tactical Shift'}, {'position_id': 19, 'position': 'Center Attacking Midfield', 'from': '46:22', 'to': '75:27', 'from_period': 2, 'to_period': 2, 'start_reason': 'Tactical Shift', 'end_reason': 'Tactical Shift'}, {'position_id': 23, 'position': 'Center Forward', 'from': '75:27', 'to': None, 'from_period': 2, 'to_period': None, 'start_reason': 'Tactical Shift', 'end_reason': 'Final Whistle'}]",70221,La Liga,2011/2012
5503,Lionel Andrés Messi Cuccittini,Lionel Messi,10,Argentina,[],"[{'position_id': 23, 'position': 'Center Forward', 'from': '00:00', 'to': None, 'from_period': 1, 'to_period': None, 'start_reason': 'Starting XI', 'end_reason': 'Final Whistle'}]",69323,La Liga,2011/2012
5503,Lionel Andrés Messi Cuccittini,Lionel Messi,10,Argentina,"[{'time': '67:42', 'card_type': 'Yellow Card', 'reason': 'Bad Behaviour', 'period': 2}]","[{'position_id': 23, 'position': 'Center Forward', 'from': '00:00', 'to': None, 'from_period': 1, 'to_period': None, 'start_reason': 'Starting XI', 'end_reason': 'Final Whistle'}]",69276,La Liga,2010/2011
5503,Lionel Andrés Messi Cuccittini,Lionel Messi,10,Argentina,[],"[{'position_id': 15, 'position': 'Left Center Midfield', 'from': '52:26', 'to': '52:33', 'from_period': 2, 'to_period': 2, 'start_reason': 'Substitution - On (Tactical)', 'end_reason': 'Tactical Shift'}, {'position_id': 23, 'position': 'Center Forward', 'from': '52:33', 'to': None, 'from_period': 2, 'to_period': None, 'start_reason': 'Tactical Shift', 'end_reason': 'Final Whistle'}]",69304,La Liga,2010/2011
5503,Lionel Andrés Messi Cuccittini,Lionel Messi,10,Argentina,[],"[{'position_id': 23, 'position': 'Center Forward', 'from': '00:00', 'to': '87:37', 'from_period': 1, 'to_period': 2, 'start_reason': 'Starting XI', 'end_reason': 'Tactical Shift'}, {'position_id': 17, 'position': 'Right Wing', 'from': '87:37', 'to': None, 'from_period': 2, 'to_period': None, 'start_reason': 'Tactical Shift', 'end_reason': 'Final Whistle'}]",69307,La Liga,2010/2011
5503,Lionel Andrés Messi Cuccittini,Lionel Messi,10,Argentina,[],"[{'position_id': 23, 'position': 'Center Forward', 'from': '59:25', 'to': None, 'from_period': 2, 'to_period': None, 'start_reason': 'Substitution - On (Tactical)', 'end_reason': 'Final Whistle'}]",69271,La Liga,2010/2011
5503,Lionel Andrés Messi Cuccittini,Lionel Messi,10,Argentina,[],"[{'position_id': 23, 'position': 'Center Forward', 'from': '00:00', 'to': None, 'from_period': 1, 'to_period': None, 'start_reason': 'Starting XI', 'end_reason': 'Final Whistle'}]",69305,La Liga,2010/2011
5503,Lionel Andrés Messi Cuccittini,Lionel Messi,10,Argentina,[],"[{'position_id': 23, 'position': 'Center Forward', 'from': '00:00', 'to': None, 'from_period': 1, 'to_period': None, 'start_reason': 'Starting XI', 'end_reason': 'Final Whistle'}]",69278,La Liga,2010/2011
5503,Lionel Andrés Messi Cuccittini,Lionel Messi,10,Argentina,[],"[{'position_id': 23, 'position': 'Center Forward', 'from': '00:00', 'to': None, 'from_period': 1, 'to_period': None, 'start_reason': 'Starting XI', 'end_reason': 'Final Whistle'}]",69275,La Liga,2010/2011
5503,Lionel Andrés Messi Cuccittini,Lionel Messi,10,Argentina,"[{'time': '33:25', 'card_type': 'Yellow Card', 'reason': 'Bad Behaviour', 'period': 1}]","[{'position_id': 23, 'position': 'Center Forward', 'from': '00:00', 'to': None, 'from_period': 1, 'to_period': None, 'start_reason': 'Starting XI', 'end_reason': 'Final Whistle'}]",69295,La Liga,2010/2011
5503,Lionel Andrés Messi Cuccittini,Lionel Messi,10,Argentina,[],"[{'position_id': 23, 'position': 'Center Forward', 'from': '00:00', 'to': None, 'from_period': 1, 'to_period': None, 'start_reason': 'Starting XI', 'end_reason': 'Final Whistle'}]",69270,La Liga,2010/2011
5503,Lionel Andrés Messi Cuccittini,Lionel Messi,10,Argentina,[],"[{'position_id': 17, 'position': 'Right Wing', 'from': '00:00', 'to': '89:29', 'from_period': 1, 'to_period': 2, 'start_reason': 'Starting XI', 'end_reason': 'Tactical Shift'}, {'position_id': 23, 'position': 'Center Forward', 'from': '89:29', 'to': None, 'from_period': 2, 'to_period': None, 'start_reason': 'Tactical Shift', 'end_reason': 'Final Whistle'}]",69303,La Liga,2010/2011
5207,Cristiano Ronaldo dos Santos Aveiro,Cristiano Ronaldo,7,Portugal,[],"[{'position_id': 17, 'position': 'Right Wing', 'from': '00:00', 'to': '66:19', 'from_period': 1, 'to_period': 2, 'start_reason': 'Starting XI', 'end_reason': 'Tactical Shift'}, {'position_id': 21, 'position': 'Left Wing', 'from': '66:19', 'to': None, 'from_period': 2, 'to_period': None, 'start_reason': 'Tactical Shift', 'end_reason': 'Final Whistle'}]",69245,La Liga,2010/2011
5503,Lionel Andrés Messi Cuccittini,Lionel Messi,10,Argentina,[],"[{'position_id': 23, 'position': 'Center Forward', 'from': '00:00', 'to': None, 'from_period': 1, 'to_period': None, 'start_reason': 'Starting XI', 'end_reason': 'Final Whistle'}]",69245,La Liga,2010/2011
5503,Lionel Andrés Messi Cuccittini,Lionel Messi,10,Argentina,[],"[{'position_id': 17, 'position': 'Right Wing', 'from': '00:00', 'to': '70:41', 'from_period': 1, 'to_period': 2, 'start_reason': 'Starting XI', 'end_reason': 'Tactical Shift'}, {'position_id': 19, 'position': 'Center Attacking Midfield', 'from': '70:41', 'to': None, 'from_period': 2, 'to_period': None, 'start_reason': 'Tactical Shift', 'end_reason': 'Final Whistle'}]",69287,La Liga,2010/2011
5503,Lionel Andrés Messi Cuccittini,Lionel Messi,10,Argentina,[],"[{'position_id': 23, 'position': 'Center Forward', 'from': '00:00', 'to': None, 'from_period': 1, 'to_period': None, 'start_reason': 'Starting XI', 'end_reason': 'Final Whistle'}]",69296,La Liga,2010/2011
5503,Lionel Andrés Messi Cuccittini,Lionel Messi,10,Argentina,[],"[{'position_id': 17, 'position': 'Right Wing', 'from': '00:00', 'to': None, 'from_period': 1, 'to_period': None, 'start_reason': 'Starting XI', 'end_reason': 'Final Whistle'}]",69260,La Liga,2010/2011
5503,Lionel Andrés Messi Cuccittini,Lionel Messi,10,Argentina,[],"[{'position_id': 19, 'position': 'Center Attacking Midfield', 'from': '00:00', 'to': '78:01', 'from_period': 1, 'to_period': 2, 'start_reason': 'Starting XI', 'end_reason': 'Tactical Shift'}, {'position_id': 17, 'position': 'Right Wing', 'from': '78:01', 'to': '94:30', 'from_period': 2, 'to_period': 2, 'start_reason': 'Tactical Shift', 'end_reason': 'Substitution - Off (Injury)'}]",69269,La Liga,2010/2011
5503,Lionel Andrés Messi Cuccittini,Lionel Messi,10,Argentina,[],"[{'position_id': 23, 'position': 'Center Forward', 'from': '00:00', 'to': None, 'from_period': 1, 'to_period': None, 'start_reason': 'Starting XI', 'end_reason': 'Final Whistle'}]",69246,La Liga,2010/2011
5503,Lionel Andrés Messi Cuccittini,Lionel Messi,10,Argentina,[],"[{'position_id': 23, 'position': 'Center Forward', 'from': '00:00', 'to': None, 'from_period': 1, 'to_period': None, 'start_reason': 'Starting XI', 'end_reason': 'Final Whistle'}]",69302,La Liga,2010/2011
5503,Lionel Andrés Messi Cuccittini,Lionel Messi,10,Argentina,[],"[{'position_id': 17, 'position': 'Right Wing', 'from': '00:00', 'to': '64:29', 'from_period': 1, 'to_period': 2, 'start_reason': 'Starting XI', 'end_reason': 'Tactical Shift'}, {'position_id': 23, 'position': 'Center Forward', 'from': '64:29', 'to': None, 'from_period': 2, 'to_period': None, 'start_reason': 'Tactical Shift', 'end_reason': 'Final Whistle'}]",69282,La Liga,2010/2011
5503,Lionel Andrés Messi Cuccittini,Lionel Messi,10,Argentina,"[{'time': '63:58', 'card_type': 'Yellow Card', 'reason': 'Bad Behaviour', 'period': 2}]","[{'position_id': 19, 'position': 'Center Attacking Midfield', 'from': '00:00', 'to': '62:04', 'from_period': 1, 'to_period': 2, 'start_reason': 'Starting XI', 'end_reason': 'Tactical Shift'}, {'position_id': 23, 'position': 'Center Forward', 'from': '62:04', 'to': None, 'from_period': 2, 'to_period': None, 'start_reason': 'Tactical Shift', 'end_reason': 'Final Whistle'}]",69274,La Liga,2010/2011
5503,Lionel Andrés Messi Cuccittini,Lionel Messi,10,Argentina,[],"[{'position_id': 23, 'position': 'Center Forward', 'from': '00:00', 'to': None, 'from_period': 1, 'to_period': None, 'start_reason': 'Starting XI', 'end_reason': 'Final Whistle'}]",69283,La Liga,2010/2011
5503,Lionel Andrés Messi Cuccittini,Lionel Messi,10,Argentina,[],"[{'position_id': 23, 'position': 'Center Forward', 'from': '00:00', 'to': None, 'from_period': 1, 'to_period': None, 'start_reason': 'Starting XI', 'end_reason': 'Final Whistle'}]",69280,La Liga,2010/2011
5503,Lionel Andrés Messi Cuccittini,Lionel Messi,10,Argentina,[],"[{'position_id': 17, 'position': 'Right Wing', 'from': '00:00', 'to': None, 'from_period': 1, 'to_period': None, 'start_reason': 'Starting XI', 'end_reason': 'Final Whistle'}]",69286,La Liga,2010/2011
5503,Lionel Andrés Messi Cuccittini,Lionel Messi,10,Argentina,[],"[{'position_id': 17, 'position': 'Right Wing', 'from': '00:00', 'to': '05:39', 'from_period': 1, 'to_period': 1, 'start_reason': 'Starting XI', 'end_reason': 'Tactical Shift'}, {'position_id': 19, 'position': 'Center Attacking Midfield', 'from': '05:39', 'to': None, 'from_period': 1, 'to_period': None, 'start_reason': 'Tactical Shift', 'end_reason': 'Final Whistle'}]",69291,La Liga,2010/2011
5503,Lionel Andrés Messi Cuccittini,Lionel Messi,10,Argentina,[],"[{'position_id': 23, 'position': 'Center Forward', 'from': '00:00', 'to': '89:43', 'from_period': 1, 'to_period': 2, 'start_reason': 'Starting XI', 'end_reason': 'Tactical Shift'}, {'position_id': 19, 'position': 'Center Attacking Midfield', 'from': '89:43', 'to': None, 'from_period': 2, 'to_period': None, 'start_reason': 'Tactical Shift', 'end_reason': 'Final Whistle'}]",69236,La Liga,2010/2011
5503,Lionel Andrés Messi Cuccittini,Lionel Messi,10,Argentina,[],"[{'position_id': 23, 'position': 'Center Forward', 'from': '00:00', 'to': None, 'from_period': 1, 'to_period': None, 'start_reason': 'Starting XI', 'end_reason': 'Final Whistle'}]",69234,La Liga,2010/2011
5503,Lionel Andrés Messi Cuccittini,Lionel Messi,10,Argentina,[],"[{'position_id': 23, 'position': 'Center Forward', 'from': '00:00', 'to': None, 'from_period': 1, 'to_period': None, 'start_reason': 'Starting XI', 'end_reason': 'Final Whistle'}]",69272,La Liga,2010/2011
5503,Lionel Andrés Messi Cuccittini,Lionel Messi,10,Argentina,[],"[{'position_id': 23, 'position': 'Center Forward', 'from': '00:00', 'to': '71:36', 'from_period': 1, 'to_period': 2, 'start_reason': 'Starting XI', 'end_reason': 'Tactical Shift'}, {'position_id': 22, 'position': 'Right Center Forward', 'from': '71:36', 'to': None, 'from_period': 2, 'to_period': None, 'start_reason': 'Tactical Shift', 'end_reason': 'Final Whistle'}]",69308,La Liga,2010/2011
5207,Cristiano Ronaldo dos Santos Aveiro,Cristiano Ronaldo,7,Portugal,"[{'time': '32:04', 'card_type': 'Yellow Card', 'reason': 'Bad Behaviour', 'period': 1}]","[{'position_id': 17, 'position': 'Right Wing', 'from': '00:00', 'to': None, 'from_period': 1, 'to_period': None, 'start_reason': 'Starting XI', 'end_reason': 'Final Whistle'}]",69299,La Liga,2010/2011
5503,Lionel Andrés Messi Cuccittini,Lionel Messi,10,Argentina,"[{'time': '44:16', 'card_type': 'Yellow Card', 'reason': 'Foul Committed', 'period': 1}]","[{'position_id': 23, 'position': 'Center Forward', 'from': '00:00', 'to': '93:59', 'from_period': 1, 'to_period': 2, 'start_reason': 'Starting XI', 'end_reason': 'Player Off (Permanent)'}]",69299,La Liga,2010/2011
5503,Lionel Andrés Messi Cuccittini,Lionel Messi,10,Argentina,[],"[{'position_id': 17, 'position': 'Right Wing', 'from': '00:00', 'to': None, 'from_period': 1, 'to_period': None, 'start_reason': 'Starting XI', 'end_reason': 'Final Whistle'}]",69300,La Liga,2010/2011
5503,Lionel Andrés Messi Cuccittini,Lionel Messi,10,Argentina,[],"[{'position_id': 17, 'position': 'Right Wing', 'from': '00:00', 'to': None, 'from_period': 1, 'to_period': None, 'start_reason': 'Starting XI', 'end_reason': 'Final Whistle'}]",69289,La Liga,2010/2011
5503,Lionel Andrés Messi Cuccittini,Lionel Messi,10,Argentina,[],"[{'position_id': 19, 'position': 'Center Attacking Midfield', 'from': '00:00', 'to': '81:33', 'from_period': 1, 'to_period': 2, 'start_reason': 'Starting XI', 'end_reason': 'Tactical Shift'}, {'position_id': 23, 'position': 'Center Forward', 'from': '81:33', 'to': None, 'from_period': 2, 'to_period': None, 'start_reason': 'Tactical Shift', 'end_reason': 'Final Whistle'}]",69263,La Liga,2010/2011
5503,Lionel Andrés Messi Cuccittini,Lionel Messi,10,Argentina,[],"[{'position_id': 23, 'position': 'Center Forward', 'from': '00:00', 'to': '74:15', 'from_period': 1, 'to_period': 2, 'start_reason': 'Starting XI', 'end_reason': 'Tactical Shift'}, {'position_id': 17, 'position': 'Right Wing', 'from': '74:15', 'to': None, 'from_period': 2, 'to_period': None, 'start_reason': 'Tactical Shift', 'end_reason': 'Final Whistle'}]",69306,La Liga,2010/2011
5503,Lionel Andrés Messi Cuccittini,Lionel Messi,10,Argentina,[],"[{'position_id': 23, 'position': 'Center Forward', 'from': '00:00', 'to': None, 'from_period': 1, 'to_period': None, 'start_reason': 'Starting XI', 'end_reason': 'Final Whistle'}]",69248,La Liga,2010/2011
5503,Lionel Andrés Messi Cuccittini,Lionel Messi,10,Argentina,[],"[{'position_id': 19, 'position': 'Center Attacking Midfield', 'from': '00:00', 'to': None, 'from_period': 1, 'to_period': None, 'start_reason': 'Starting XI', 'end_reason': 'Final Whistle'}]",69238,La Liga,2009/2010
5503,Lionel Andrés Messi Cuccittini,Lionel Messi,10,Argentina,[],"[{'position_id': 17, 'position': 'Right Wing', 'from': '00:00', 'to': None, 'from_period': 1, 'to_period': None, 'start_reason': 'Starting XI', 'end_reason': 'Final Whistle'}]",69243,La Liga,2009/2010
5503,Lionel Andrés Messi Cuccittini,Lionel Messi,10,Argentina,[],"[{'position_id': 17, 'position': 'Right Wing', 'from': '00:00', 'to': '45:00', 'from_period': 1, 'to_period': 2, 'start_reason': 'Starting XI', 'end_reason': 'Tactical Shift'}, {'position_id': 19, 'position': 'Center Attacking Midfield', 'from': '45:00', 'to': '45:00', 'from_period': 2, 'to_period': 2, 'start_reason': 'Tactical Shift', 'end_reason': 'Tactical Shift'}, {'position_id': 17, 'position': 'Right Wing', 'from': '45:00', 'to': '74:56', 'from_period': 2, 'to_period': 2, 'start_reason': 'Tactical Shift', 'end_reason': 'Tactical Shift'}, {'position_id': 23, 'position': 'Center Forward', 'from': '74:56', 'to': None, 'from_period': 2, 'to_period': None, 'start_reason': 'Tactical Shift', 'end_reason': 'Final Whistle'}]",69241,La Liga,2009/2010
5503,Lionel Andrés Messi Cuccittini,Lionel Messi,10,Argentina,[],"[{'position_id': 17, 'position': 'Right Wing', 'from': '00:00', 'to': None, 'from_period': 1, 'to_period': None, 'start_reason': 'Starting XI', 'end_reason': 'Final Whistle'}]",69239,La Liga,2009/2010
5503,Lionel Andrés Messi Cuccittini,Lionel Messi,10,Argentina,"[{'time': '84:55', 'card_type': 'Yellow Card', 'reason': 'Bad Behaviour', 'period': 2}]","[{'position_id': 17, 'position': 'Right Wing', 'from': '00:00', 'to': None, 'from_period': 1, 'to_period': None, 'start_reason': 'Starting XI', 'end_reason': 'Final Whistle'}]",69257,La Liga,2009/2010
5503,Lionel Andrés Messi Cuccittini,Lionel Messi,10,Argentina,[],"[{'position_id': 17, 'position': 'Right Wing', 'from': '00:00', 'to': None, 'from_period': 1, 'to_period': None, 'start_reason': 'Starting XI', 'end_reason': 'Final Whistle'}]",69253,La Liga,2009/2010
5503,Lionel Andrés Messi Cuccittini,Lionel Messi,10,Argentina,[],"[{'position_id': 17, 'position': 'Right Wing', 'from': '00:00', 'to': '89:30', 'from_period': 1, 'to_period': 2, 'start_reason': 'Starting XI', 'end_reason': 'Substitution - Off (Tactical)'}]",69244,La Liga,2009/2010
5503,Lionel Andrés Messi Cuccittini,Lionel Messi,10,Argentina,[],"[{'position_id': 17, 'position': 'Right Wing', 'from': '00:00', 'to': None, 'from_period': 1, 'to_period': None, 'start_reason': 'Starting XI', 'end_reason': 'Final Whistle'}]",69277,La Liga,2009/2010
5503,Lionel Andrés Messi Cuccittini,Lionel Messi,10,Argentina,[],"[{'position_id': 21, 'position': 'Left Wing', 'from': '57:41', 'to': '58:09', 'from_period': 2, 'to_period': 2, 'start_reason': 'Substitution - On (Tactical)', 'end_reason': 'Tactical Shift'}, {'position_id': 17, 'position': 'Right Wing', 'from': '58:09', 'to': None, 'from_period': 2, 'to_period': None, 'start_reason': 'Tactical Shift', 'end_reason': 'Final Whistle'}]",69229,La Liga,2009/2010
5503,Lionel Andrés Messi Cuccittini,Lionel Messi,10,Argentina,[],"[{'position_id': 17, 'position': 'Right Wing', 'from': '00:00', 'to': None, 'from_period': 1, 'to_period': None, 'start_reason': 'Starting XI', 'end_reason': 'Final Whistle'}]",69219,La Liga,2009/2010
5503,Lionel Andrés Messi Cuccittini,Lionel Messi,10,Argentina,[],"[{'position_id': 17, 'position': 'Right Wing', 'from': '00:00', 'to': None, 'from_period': 1, 'to_period': None, 'start_reason': 'Starting XI', 'end_reason': 'Final Whistle'}]",69218,La Liga,2009/2010
5503,Lionel Andrés Messi Cuccittini,Lionel Messi,10,Argentina,[],"[{'position_id': 17, 'position': 'Right Wing', 'from': '50:24', 'to': None, 'from_period': 2, 'to_period': None, 'start_reason': 'Substitution - On (Tactical)', 'end_reason': 'Final Whistle'}]",69250,La Liga,2009/2010
5503,Lionel Andrés Messi Cuccittini,Lionel Messi,10,Argentina,[],"[{'position_id': 17, 'position': 'Right Wing', 'from': '00:00', 'to': '19:07', 'from_period': 1, 'to_period': 1, 'start_reason': 'Starting XI', 'end_reason': 'Tactical Shift'}, {'position_id': 23, 'position': 'Center Forward', 'from': '19:07', 'to': None, 'from_period': 1, 'to_period': None, 'start_reason': 'Tactical Shift', 'end_reason': 'Final Whistle'}]",69242,La Liga,2009/2010
5503,Lionel Andrés Messi Cuccittini,Lionel Messi,10,Argentina,[],"[{'position_id': 17, 'position': 'Right Wing', 'from': '00:00', 'to': None, 'from_period': 1, 'to_period': None, 'start_reason': 'Starting XI', 'end_reason': 'Final Whistle'}]",69256,La Liga,2009/2010
5503,Lionel Andrés Messi Cuccittini,Lionel Messi,10,Argentina,[],"[{'position_id': 13, 'position': 'Right Center Midfield', 'from': '50:22', 'to': '75:32', 'from_period': 2, 'to_period': 2, 'start_reason': 'Substitution - On (Tactical)', 'end_reason': 'Tactical Shift'}, {'position_id': 17, 'position': 'Right Wing', 'from': '75:32', 'to': None, 'from_period': 2, 'to_period': None, 'start_reason': 'Tactical Shift', 'end_reason': 'Final Whistle'}]",69298,La Liga,2009/2010
5503,Lionel Andrés Messi Cuccittini,Lionel Messi,10,Argentina,"[{'time': '19:03', 'card_type': 'Yellow Card', 'reason': 'Foul Committed', 'period': 1}]","[{'position_id': 23, 'position': 'Center Forward', 'from': '00:00', 'to': None, 'from_period': 1, 'to_period': None, 'start_reason': 'Starting XI', 'end_reason': 'Final Whistle'}]",69259,La Liga,2009/2010
5207,Cristiano Ronaldo dos Santos Aveiro,Cristiano Ronaldo,9,Portugal,[],"[{'position_id': 24, 'position': 'Left Center Forward', 'from': '00:00', 'to': None, 'from_period': 1, 'to_period': None, 'start_reason': 'Starting XI', 'end_reason': 'Final Whistle'}]",69259,La Liga,2009/2010
5503,Lionel Andrés Messi Cuccittini,Lionel Messi,10,Argentina,[],"[{'position_id': 23, 'position': 'Center Forward', 'from': '00:00', 'to': '88:15', 'from_period': 1, 'to_period': 2, 'start_reason': 'Starting XI', 'end_reason': 'Substitution - Off (Tactical)'}]",69224,La Liga,2009/2010
5503,Lionel Andrés Messi Cuccittini,Lionel Messi,10,Argentina,[],"[{'position_id': 17, 'position': 'Right Wing', 'from': '00:00', 'to': None, 'from_period': 1, 'to_period': None, 'start_reason': 'Starting XI', 'end_reason': 'Final Whistle'}]",69210,La Liga,2009/2010
5503,Lionel Andrés Messi Cuccittini,Lionel Messi,19,Argentina,"[{'time': '80:10', 'card_type': 'Yellow Card', 'reason': 'Foul Committed', 'period': 2}]","[{'position_id': 17, 'position': 'Right Wing', 'from': '00:00', 'to': None, 'from_period': 1, 'to_period': None, 'start_reason': 'Starting XI', 'end_reason': 'Final Whistle'}]",69220,La Liga,2009/2010
5503,Lionel Andrés Messi Cuccittini,Lionel Messi,10,Argentina,[],"[{'position_id': 17, 'position': 'Right Wing', 'from': '00:00', 'to': None, 'from_period': 1, 'to_period': None, 'start_reason': 'Starting XI', 'end_reason': 'Final Whistle'}]",69237,La Liga,2009/2010
5503,Lionel Andrés Messi Cuccittini,Lionel Messi,10,Argentina,[],"[{'position_id': 17, 'position': 'Right Wing', 'from': '00:00', 'to': '60:25', 'from_period': 1, 'to_period': 2, 'start_reason': 'Starting XI', 'end_reason': 'Tactical Shift'}, {'position_id': 23, 'position': 'Center Forward', 'from': '60:25', 'to': None, 'from_period': 2, 'to_period': None, 'start_reason': 'Tactical Shift', 'end_reason': 'Final Whistle'}]",69226,La Liga,2009/2010
5503,Lionel Andrés Messi Cuccittini,Lionel Messi,10,Argentina,[],"[{'position_id': 23, 'position': 'Center Forward', 'from': '00:00', 'to': None, 'from_period': 1, 'to_period': None, 'start_reason': 'Starting XI', 'end_reason': 'Final Whistle'}]",69252,La Liga,2009/2010
5503,Lionel Andrés Messi Cuccittini,Lionel Messi,10,Argentina,[],"[{'position_id': 17, 'position': 'Right Wing', 'from': '00:00', 'to': None, 'from_period': 1, 'to_period': None, 'start_reason': 'Starting XI', 'end_reason': 'Final Whistle'}]",69255,La Liga,2009/2010
5503,Lionel Andrés Messi Cuccittini,Lionel Messi,10,Argentina,[],"[{'position_id': 17, 'position': 'Right Wing', 'from': '51:35', 'to': None, 'from_period': 2, 'to_period': None, 'start_reason': 'Substitution - On (Tactical)', 'end_reason': 'Final Whistle'}]",69214,La Liga,2009/2010
5503,Lionel Andrés Messi Cuccittini,Lionel Messi,10,Argentina,[],"[{'position_id': 17, 'position': 'Right Wing', 'from': '00:00', 'to': None, 'from_period': 1, 'to_period': None, 'start_reason': 'Starting XI', 'end_reason': 'Final Whistle'}]",69262,La Liga,2009/2010
5207,Cristiano Ronaldo dos Santos Aveiro,Cristiano Ronaldo,9,Portugal,[],"[{'position_id': 17, 'position': 'Right Wing', 'from': '00:00', 'to': '66:04', 'from_period': 1, 'to_period': 2, 'start_reason': 'Starting XI', 'end_reason': 'Substitution - Off (Tactical)'}]",69262,La Liga,2009/2010
5503,Lionel Andrés Messi Cuccittini,Lionel Messi,10,Argentina,[],"[{'position_id': 17, 'position': 'Right Wing', 'from': '00:00', 'to': '52:12', 'from_period': 1, 'to_period': 2, 'start_reason': 'Starting XI', 'end_reason': 'Tactical Shift'}, {'position_id': 22, 'position': 'Right Center Forward', 'from': '52:12', 'to': None, 'from_period': 2, 'to_period': None, 'start_reason': 'Tactical Shift', 'end_reason': 'Final Whistle'}]",69240,La Liga,2009/2010
5503,Lionel Andrés Messi Cuccittini,Lionel Messi,10,Argentina,[],"[{'position_id': 17, 'position': 'Right Wing', 'from': '00:00', 'to': None, 'from_period': 1, 'to_period': None, 'start_reason': 'Starting XI', 'end_reason': 'Final Whistle'}]",69233,La Liga,2009/2010
5503,Lionel Andrés Messi Cuccittini,Lionel Messi,10,Argentina,[],"[{'position_id': 23, 'position': 'Center Forward', 'from': '00:00', 'to': '58:25', 'from_period': 1, 'to_period': 2, 'start_reason': 'Starting XI', 'end_reason': 'Tactical Shift'}, {'position_id': 13, 'position': 'Right Center Midfield', 'from': '58:25', 'to': None, 'from_period': 2, 'to_period': None, 'start_reason': 'Tactical Shift', 'end_reason': 'Final Whistle'}]",69213,La Liga,2009/2010
5503,Lionel Andrés Messi Cuccittini,Lionel Messi,10,Argentina,[],"[{'position_id': 17, 'position': 'Right Wing', 'from': '54:27', 'to': None, 'from_period': 2, 'to_period': None, 'start_reason': 'Substitution - On (Tactical)', 'end_reason': 'Final Whistle'}]",69267,La Liga,2009/2010
5503,Lionel Andrés Messi Cuccittini,Lionel Messi,10,Argentina,[],"[{'position_id': 23, 'position': 'Center Forward', 'from': '00:00', 'to': '21:27', 'from_period': 1, 'to_period': 1, 'start_reason': 'Starting XI', 'end_reason': 'Player Off'}, {'position_id': 23, 'position': 'Center Forward', 'from': '21:57', 'to': '75:25', 'from_period': 1, 'to_period': 2, 'start_reason': 'Player On', 'end_reason': 'Substitution - Off (Injury)'}]",69288,La Liga,2009/2010
5503,Lionel Andrés Messi Cuccittini,Lionel Messi,10,Argentina,[],"[{'position_id': 17, 'position': 'Right Wing', 'from': '00:00', 'to': '63:33', 'from_period': 1, 'to_period': 2, 'start_reason': 'Starting XI', 'end_reason': 'Substitution - Off (Tactical)'}]",69254,La Liga,2009/2010
5503,Lionel Andrés Messi Cuccittini,Lionel Messi,10,Argentina,[],"[{'position_id': 17, 'position': 'Right Wing', 'from': '00:00', 'to': None, 'from_period': 1, 'to_period': None, 'start_reason': 'Starting XI', 'end_reason': 'Final Whistle'}]",69292,La Liga,2009/2010
5503,Lionel Andrés Messi Cuccittini,Lionel Messi,10,Argentina,[],"[{'position_id': 17, 'position': 'Right Wing', 'from': '00:00', 'to': None, 'from_period': 1, 'to_period': None, 'start_reason': 'Starting XI', 'end_reason': 'Final Whistle'}]",69227,La Liga,2009/2010
5503,Lionel Andrés Messi Cuccittini,Lionel Messi,10,Argentina,[],"[{'position_id': 22, 'position': 'Right Center Forward', 'from': '00:00', 'to': None, 'from_period': 1, 'to_period': None, 'start_reason': 'Starting XI', 'end_reason': 'Final Whistle'}]",69247,La Liga,2009/2010
5503,Lionel Andrés Messi Cuccittini,Lionel Messi,10,Argentina,[],"[{'position_id': 13, 'position': 'Right Center Midfield', 'from': '00:00', 'to': '50:18', 'from_period': 1, 'to_period': 2, 'start_reason': 'Starting XI', 'end_reason': 'Tactical Shift'}, {'position_id': 17, 'position': 'Right Wing', 'from': '50:18', 'to': '74:07', 'from_period': 2, 'to_period': 2, 'start_reason': 'Tactical Shift', 'end_reason': 'Tactical Shift'}, {'position_id': 19, 'position': 'Center Attacking Midfield', 'from': '74:07', 'to': None, 'from_period': 2, 'to_period': None, 'start_reason': 'Tactical Shift', 'end_reason': 'Final Whistle'}]",69221,La Liga,2009/2010
5503,Lionel Andrés Messi Cuccittini,Lionel Messi,10,Argentina,[],"[{'position_id': 17, 'position': 'Right Wing', 'from': '00:00', 'to': None, 'from_period': 1, 'to_period': None, 'start_reason': 'Starting XI', 'end_reason': 'Final Whistle'}]",69222,La Liga,2008/2009
5503,Lionel Andrés Messi Cuccittini,Lionel Messi,10,Argentina,"[{'time': '92:26', 'card_type': 'Yellow Card', 'reason': 'Bad Behaviour', 'period': 2}]","[{'position_id': 17, 'position': 'Right Wing', 'from': '00:00', 'to': None, 'from_period': 1, 'to_period': None, 'start_reason': 'Starting XI', 'end_reason': 'Final Whistle'}]",69225,La Liga,2008/2009
5503,Lionel Andrés Messi Cuccittini,Lionel Messi,10,Argentina,[],"[{'position_id': 17, 'position': 'Right Wing', 'from': '00:00', 'to': None, 'from_period': 1, 'to_period': None, 'start_reason': 'Starting XI', 'end_reason': 'Final Whistle'}]",69189,La Liga,2008/2009
5503,Lionel Andrés Messi Cuccittini,Lionel Messi,10,Argentina,[],"[{'position_id': 17, 'position': 'Right Wing', 'from': '00:00', 'to': None, 'from_period': 1, 'to_period': None, 'start_reason': 'Starting XI', 'end_reason': 'Final Whistle'}]",69211,La Liga,2008/2009
5503,Lionel Andrés Messi Cuccittini,Lionel Messi,10,Argentina,[],"[{'position_id': 17, 'position': 'Right Wing', 'from': '00:00', 'to': '70:58', 'from_period': 1, 'to_period': 2, 'start_reason': 'Starting XI', 'end_reason': 'Tactical Shift'}, {'position_id': 23, 'position': 'Center Forward', 'from': '70:58', 'to': None, 'from_period': 2, 'to_period': None, 'start_reason': 'Tactical Shift', 'end_reason': 'Final Whistle'}]",69138,La Liga,2008/2009
5503,Lionel Andrés Messi Cuccittini,Lionel Messi,10,Argentina,[],"[{'position_id': 17, 'position': 'Right Wing', 'from': '00:00', 'to': '69:50', 'from_period': 1, 'to_period': 2, 'start_reason': 'Starting XI', 'end_reason': 'Substitution - Off (Tactical)'}]",69212,La Liga,2008/2009
5503,Lionel Andrés Messi Cuccittini,Lionel Messi,10,Argentina,[],"[{'position_id': 17, 'position': 'Right Wing', 'from': '00:00', 'to': '78:56', 'from_period': 1, 'to_period': 2, 'start_reason': 'Starting XI', 'end_reason': 'Substitution - Off (Tactical)'}]",69235,La Liga,2008/2009
5503,Lionel Andrés Messi Cuccittini,Lionel Messi,10,Argentina,[],"[{'position_id': 17, 'position': 'Right Wing', 'from': '00:00', 'to': None, 'from_period': 1, 'to_period': None, 'start_reason': 'Starting XI', 'end_reason': 'Final Whistle'}]",69232,La Liga,2008/2009
5503,Lionel Andrés Messi Cuccittini,Lionel Messi,10,Argentina,[],"[{'position_id': 17, 'position': 'Right Wing', 'from': '00:00', 'to': None, 'from_period': 1, 'to_period': None, 'start_reason': 'Starting XI', 'end_reason': 'Final Whistle'}]",69216,La Liga,2008/2009
5503,Lionel Andrés Messi Cuccittini,Lionel Messi,10,Argentina,[],"[{'position_id': 13, 'position': 'Right Center Midfield', 'from': '58:47', 'to': '63:26', 'from_period': 2, 'to_period': 2, 'start_reason': 'Substitution - On (Tactical)', 'end_reason': 'Tactical Shift'}, {'position_id': 17, 'position': 'Right Wing', 'from': '63:26', 'to': None, 'from_period': 2, 'to_period': None, 'start_reason': 'Tactical Shift', 'end_reason': 'Final Whistle'}]",69209,La Liga,2008/2009
5503,Lionel Andrés Messi Cuccittini,Lionel Messi,10,Argentina,[],"[{'position_id': 17, 'position': 'Right Wing', 'from': '00:00', 'to': None, 'from_period': 1, 'to_period': None, 'start_reason': 'Starting XI', 'end_reason': 'Final Whistle'}]",69231,La Liga,2008/2009
5503,Lionel Andrés Messi Cuccittini,Lionel Messi,19,Argentina,[],"[{'position_id': 17, 'position': 'Right Wing', 'from': '00:00', 'to': '79:51', 'from_period': 1, 'to_period': 2, 'start_reason': 'Starting XI', 'end_reason': 'Tactical Shift'}, {'position_id': 23, 'position': 'Center Forward', 'from': '79:51', 'to': '89:22', 'from_period': 2, 'to_period': 2, 'start_reason': 'Tactical Shift', 'end_reason': 'Substitution - Off (Tactical)'}]",69217,La Liga,2008/2009
5503,Lionel Andrés Messi Cuccittini,Lionel Messi,10,Argentina,[],"[{'position_id': 17, 'position': 'Right Wing', 'from': '58:54', 'to': None, 'from_period': 2, 'to_period': None, 'start_reason': 'Substitution - On (Tactical)', 'end_reason': 'Final Whistle'}]",69273,La Liga,2008/2009
5503,Lionel Andrés Messi Cuccittini,Lionel Messi,10,Argentina,[],"[{'position_id': 17, 'position': 'Right Wing', 'from': '00:00', 'to': None, 'from_period': 1, 'to_period': None, 'start_reason': 'Starting XI', 'end_reason': 'Final Whistle'}]",69223,La Liga,2008/2009
5503,Lionel Andrés Messi Cuccittini,Lionel Messi,10,Argentina,[],"[{'position_id': 17, 'position': 'Right Wing', 'from': '56:53', 'to': '80:56', 'from_period': 2, 'to_period': 2, 'start_reason': 'Substitution - On (Tactical)', 'end_reason': 'Tactical Shift'}, {'position_id': 19, 'position': 'Center Attacking Midfield', 'from': '80:56', 'to': None, 'from_period': 2, 'to_period': None, 'start_reason': 'Tactical Shift', 'end_reason': 'Final Whistle'}]",69195,La Liga,2008/2009
5503,Lionel Andrés Messi Cuccittini,Lionel Messi,10,Argentina,[],"[{'position_id': 17, 'position': 'Right Wing', 'from': '00:00', 'to': None, 'from_period': 1, 'to_period': None, 'start_reason': 'Starting XI', 'end_reason': 'Final Whistle'}]",69251,La Liga,2008/2009
5503,Lionel Andrés Messi Cuccittini,Lionel Messi,19,Argentina,"[{'time': '91:54', 'card_type': 'Yellow Card', 'reason': 'Foul Committed', 'period': 2}]","[{'position_id': 17, 'position': 'Right Wing', 'from': '00:00', 'to': None, 'from_period': 1, 'to_period': None, 'start_reason': 'Starting XI', 'end_reason': 'Final Whistle'}]",69185,La Liga,2008/2009
5503,Lionel Andrés Messi Cuccittini,Lionel Messi,10,Argentina,[],"[{'position_id': 17, 'position': 'Right Wing', 'from': '00:00', 'to': None, 'from_period': 1, 'to_period': None, 'start_reason': 'Starting XI', 'end_reason': 'Final Whistle'}]",69142,La Liga,2008/2009
5503,Lionel Andrés Messi Cuccittini,Lionel Messi,10,Argentina,[],"[{'position_id': 17, 'position': 'Right Wing', 'from': '00:00', 'to': '51:14', 'from_period': 1, 'to_period': 2, 'start_reason': 'Starting XI', 'end_reason': 'Tactical Shift'}, {'position_id': 23, 'position': 'Center Forward', 'from': '51:14', 'to': None, 'from_period': 2, 'to_period': None, 'start_reason': 'Tactical Shift', 'end_reason': 'Final Whistle'}]",69139,La Liga,2008/2009
5503,Lionel Andrés Messi Cuccittini,Lionel Messi,10,Argentina,[],"[{'position_id': 17, 'position': 'Right Wing', 'from': '00:00', 'to': None, 'from_period': 1, 'to_period': None, 'start_reason': 'Starting XI', 'end_reason': 'Final Whistle'}]",69171,La Liga,2008/2009
5503,Lionel Andrés Messi Cuccittini,Lionel Messi,10,Argentina,[],"[{'position_id': 17, 'position': 'Right Wing', 'from': '00:00', 'to': '60:44', 'from_period': 1, 'to_period': 2, 'start_reason': 'Starting XI', 'end_reason': 'Tactical Shift'}, {'position_id': 23, 'position': 'Center Forward', 'from': '60:44', 'to': None, 'from_period': 2, 'to_period': None, 'start_reason': 'Tactical Shift', 'end_reason': 'Final Whistle'}]",69249,La Liga,2008/2009
5503,Lionel Andrés Messi Cuccittini,Lionel Messi,10,Argentina,[],"[{'position_id': 15, 'position': 'Left Center Midfield', 'from': '58:37', 'to': '59:02', 'from_period': 2, 'to_period': 2, 'start_reason': 'Substitution - On (Tactical)', 'end_reason': 'Tactical Shift'}, {'position_id': 17, 'position': 'Right Wing', 'from': '59:02', 'to': '85:47', 'from_period': 2, 'to_period': 2, 'start_reason': 'Tactical Shift', 'end_reason': 'Tactical Shift'}, {'position_id': 7, 'position': 'Right Wing Back', 'from': '85:47', 'to': None, 'from_period': 2, 'to_period': None, 'start_reason': 'Tactical Shift', 'end_reason': 'Final Whistle'}]",69215,La Liga,2008/2009
5503,Lionel Andrés Messi Cuccittini,Lionel Messi,10,Argentina,[],"[{'position_id': 17, 'position': 'Right Wing', 'from': '00:00', 'to': None, 'from_period': 1, 'to_period': None, 'start_reason': 'Starting XI', 'end_reason': 'Final Whistle'}]",69147,La Liga,2008/2009
5503,Lionel Andrés Messi Cuccittini,Lionel Messi,10,Argentina,[],"[{'position_id': 17, 'position': 'Right Wing', 'from': '00:00', 'to': None, 'from_period': 1, 'to_period': None, 'start_reason': 'Starting XI', 'end_reason': 'Final Whistle'}]",69177,La Liga,2008/2009
5503,Lionel Andrés Messi Cuccittini,Lionel Messi,10,Argentina,[],"[{'position_id': 17, 'position': 'Right Wing', 'from': '00:00', 'to': '77:06', 'from_period': 1, 'to_period': 2, 'start_reason': 'Starting XI', 'end_reason': 'Tactical Shift'}, {'position_id': 23, 'position': 'Center Forward', 'from': '77:06', 'to': None, 'from_period': 2, 'to_period': None, 'start_reason': 'Tactical Shift', 'end_reason': 'Final Whistle'}]",69207,La Liga,2008/2009
5503,Lionel Andrés Messi Cuccittini,Lionel Messi,10,Argentina,[],"[{'position_id': 17, 'position': 'Right Wing', 'from': '00:00', 'to': None, 'from_period': 1, 'to_period': None, 'start_reason': 'Starting XI', 'end_reason': 'Final Whistle'}]",69228,La Liga,2008/2009
5503,Lionel Andrés Messi Cuccittini,Lionel Messi,10,Argentina,[],"[{'position_id': 17, 'position': 'Right Wing', 'from': '00:00', 'to': None, 'from_period': 1, 'to_period': None, 'start_reason': 'Starting XI', 'end_reason': 'Final Whistle'}]",69183,La Liga,2008/2009
5503,Lionel Andrés Messi Cuccittini,Lionel Messi,10,Argentina,[],"[{'position_id': 17, 'position': 'Right Wing', 'from': '00:00', 'to': None, 'from_period': 1, 'to_period': None, 'start_reason': 'Starting XI', 'end_reason': 'Final Whistle'}]",69279,La Liga,2008/2009
5503,Lionel Andrés Messi Cuccittini,Lionel Messi,10,Argentina,[],"[{'position_id': 17, 'position': 'Right Wing', 'from': '00:00', 'to': None, 'from_period': 1, 'to_period': None, 'start_reason': 'Starting XI', 'end_reason': 'Final Whistle'}]",69285,La Liga,2008/2009
5503,Lionel Andrés Messi Cuccittini,Lionel Messi,19,Argentina,[],"[{'position_id': 17, 'position': 'Right Wing', 'from': '00:00', 'to': '64:36', 'from_period': 1, 'to_period': 2, 'start_reason': 'Starting XI', 'end_reason': 'Tactical Shift'}, {'position_id': 22, 'position': 'Right Center Forward', 'from': '64:36', 'to': '76:27', 'from_period': 2, 'to_period': 2, 'start_reason': 'Tactical Shift', 'end_reason': 'Tactical Shift'}, {'position_id': 17, 'position': 'Right Wing', 'from': '76:27', 'to': '89:00', 'from_period': 2, 'to_period': 2, 'start_reason': 'Tactical Shift', 'end_reason': 'Tactical Shift'}, {'position_id': 22, 'position': 'Right Center Forward', 'from': '89:00', 'to': None, 'from_period': 2, 'to_period': None, 'start_reason': 'Tactical Shift', 'end_reason': 'Final Whistle'}]",69230,La Liga,2008/2009
5503,Lionel Andrés Messi Cuccittini,Lionel Messi,10,Argentina,[],"[{'position_id': 17, 'position': 'Right Wing', 'from': '00:00', 'to': '04:55', 'from_period': 1, 'to_period': 1, 'start_reason': 'Starting XI', 'end_reason': 'Tactical Shift'}, {'position_id': 23, 'position': 'Center Forward', 'from': '04:55', 'to': '81:36', 'from_period': 1, 'to_period': 2, 'start_reason': 'Tactical Shift', 'end_reason': 'Substitution - Off (Tactical)'}]",69149,La Liga,2008/2009
5503,Lionel Andrés Messi Cuccittini,Lionel Messi,19,Argentina,"[{'time': '70:38', 'card_type': 'Yellow Card', 'reason': 'Foul Committed', 'period': 2}]","[{'position_id': 21, 'position': 'Left Wing', 'from': '00:00', 'to': '45:00', 'from_period': 1, 'to_period': 2, 'start_reason': 'Starting XI', 'end_reason': 'Tactical Shift'}, {'position_id': 23, 'position': 'Center Forward', 'from': '45:00', 'to': None, 'from_period': 2, 'to_period': None, 'start_reason': 'Tactical Shift', 'end_reason': 'Final Whistle'}]",69146,La Liga,2007/2008
5503,Lionel Andrés Messi Cuccittini,Lionel Messi,19,Argentina,[],"[{'position_id': 17, 'position': 'Right Wing', 'from': '00:00', 'to': '37:26', 'from_period': 1, 'to_period': 1, 'start_reason': 'Starting XI', 'end_reason': 'Tactical Shift'}, {'position_id': 23, 'position': 'Center Forward', 'from': '37:26', 'to': '51:25', 'from_period': 1, 'to_period': 2, 'start_reason': 'Tactical Shift', 'end_reason': 'Substitution - Off (Tactical)'}]",69151,La Liga,2007/2008
5503,Lionel Andrés Messi Cuccittini,Lionel Messi,19,Argentina,[],"[{'position_id': 17, 'position': 'Right Wing', 'from': '00:00', 'to': None, 'from_period': 1, 'to_period': None, 'start_reason': 'Starting XI', 'end_reason': 'Final Whistle'}]",69144,La Liga,2007/2008
5503,Lionel Andrés Messi Cuccittini,Lionel Messi,19,Argentina,[],"[{'position_id': 17, 'position': 'Right Wing', 'from': '00:00', 'to': '80:34', 'from_period': 1, 'to_period': 2, 'start_reason': 'Starting XI', 'end_reason': 'Tactical Shift'}, {'position_id': 21, 'position': 'Left Wing', 'from': '80:34', 'to': None, 'from_period': 2, 'to_period': None, 'start_reason': 'Tactical Shift', 'end_reason': 'Final Whistle'}]",69169,La Liga,2007/2008
5503,Lionel Andrés Messi Cuccittini,Lionel Messi,19,Argentina,[],"[{'position_id': 17, 'position': 'Right Wing', 'from': '00:00', 'to': '80:55', 'from_period': 1, 'to_period': 2, 'start_reason': 'Starting XI', 'end_reason': 'Substitution - Off (Tactical)'}]",68360,La Liga,2007/2008
5503,Lionel Andrés Messi Cuccittini,Lionel Messi,19,Argentina,[],"[{'position_id': 17, 'position': 'Right Wing', 'from': '00:00', 'to': None, 'from_period': 1, 'to_period': None, 'start_reason': 'Starting XI', 'end_reason': 'Final Whistle'}]",69186,La Liga,2007/2008
5503,Lionel Andrés Messi Cuccittini,Lionel Messi,19,Argentina,[],"[{'position_id': 17, 'position': 'Right Wing', 'from': '00:00', 'to': '61:23', 'from_period': 1, 'to_period': 2, 'start_reason': 'Starting XI', 'end_reason': 'Substitution - Off (Tactical)'}]",69180,La Liga,2007/2008
5503,Lionel Andrés Messi Cuccittini,Lionel Messi,19,Argentina,[],"[{'position_id': 17, 'position': 'Right Wing', 'from': '00:00', 'to': None, 'from_period': 1, 'to_period': None, 'start_reason': 'Starting XI', 'end_reason': 'Final Whistle'}]",69181,La Liga,2007/2008
5503,Lionel Andrés Messi Cuccittini,Lionel Messi,30,Argentina,[],"[{'position_id': 23, 'position': 'Center Forward', 'from': '56:33', 'to': None, 'from_period': 2, 'to_period': None, 'start_reason': 'Substitution - On (Tactical)', 'end_reason': 'Final Whistle'}]",68365,La Liga,2007/2008
5503,Lionel Andrés Messi Cuccittini,Lionel Messi,19,Argentina,[],"[{'position_id': 17, 'position': 'Right Wing', 'from': '00:00', 'to': '71:47', 'from_period': 1, 'to_period': 2, 'start_reason': 'Starting XI', 'end_reason': 'Substitution - Off (Tactical)'}]",69178,La Liga,2007/2008
5503,Lionel Andrés Messi Cuccittini,Lionel Messi,19,Argentina,[],"[{'position_id': 17, 'position': 'Right Wing', 'from': '00:00', 'to': '45:00', 'from_period': 1, 'to_period': 2, 'start_reason': 'Starting XI', 'end_reason': 'Tactical Shift'}, {'position_id': 19, 'position': 'Center Attacking Midfield', 'from': '45:00', 'to': '79:53', 'from_period': 2, 'to_period': 2, 'start_reason': 'Tactical Shift', 'end_reason': 'Tactical Shift'}, {'position_id': 17, 'position': 'Right Wing', 'from': '79:53', 'to': None, 'from_period': 2, 'to_period': None, 'start_reason': 'Tactical Shift', 'end_reason': 'Final Whistle'}]",68364,La Liga,2007/2008
5503,Lionel Andrés Messi Cuccittini,Lionel Messi,19,Argentina,[],"[{'position_id': 17, 'position': 'Right Wing', 'from': '00:00', 'to': None, 'from_period': 1, 'to_period': None, 'start_reason': 'Starting XI', 'end_reason': 'Final Whistle'}]",69170,La Liga,2007/2008
5503,Lionel Andrés Messi Cuccittini,Lionel Messi,19,Argentina,"[{'time': '92:17', 'card_type': 'Yellow Card', 'reason': 'Bad Behaviour', 'period': 2}]","[{'position_id': 21, 'position': 'Left Wing', 'from': '45:00', 'to': '47:42', 'from_period': 2, 'to_period': 2, 'start_reason': 'Substitution - On (Tactical)', 'end_reason': 'Tactical Shift'}, {'position_id': 17, 'position': 'Right Wing', 'from': '47:42', 'to': None, 'from_period': 2, 'to_period': None, 'start_reason': 'Tactical Shift', 'end_reason': 'Final Whistle'}]",68359,La Liga,2007/2008
5503,Lionel Andrés Messi Cuccittini,Lionel Messi,19,Argentina,[],"[{'position_id': 17, 'position': 'Right Wing', 'from': '00:00', 'to': None, 'from_period': 1, 'to_period': None, 'start_reason': 'Starting XI', 'end_reason': 'Final Whistle'}]",68356,La Liga,2007/2008
5503,Lionel Andrés Messi Cuccittini,Lionel Messi,19,Argentina,[],"[{'position_id': 21, 'position': 'Left Wing', 'from': '74:30', 'to': None, 'from_period': 2, 'to_period': None, 'start_reason': 'Substitution - On (Tactical)', 'end_reason': 'Final Whistle'}]",69158,La Liga,2007/2008
5503,Lionel Andrés Messi Cuccittini,Lionel Messi,19,Argentina,[],"[{'position_id': 17, 'position': 'Right Wing', 'from': '00:00', 'to': '67:16', 'from_period': 1, 'to_period': 2, 'start_reason': 'Starting XI', 'end_reason': 'Substitution - Off (Tactical)'}]",69187,La Liga,2007/2008
5503,Lionel Andrés Messi Cuccittini,Lionel Messi,19,Argentina,[],"[{'position_id': 17, 'position': 'Right Wing', 'from': '00:00', 'to': None, 'from_period': 1, 'to_period': None, 'start_reason': 'Starting XI', 'end_reason': 'Final Whistle'}]",68363,La Liga,2007/2008
5503,Lionel Andrés Messi Cuccittini,Lionel Messi,19,Argentina,[],"[{'position_id': 17, 'position': 'Right Wing', 'from': '00:00', 'to': None, 'from_period': 1, 'to_period': None, 'start_reason': 'Starting XI', 'end_reason': 'Final Whistle'}]",69166,La Liga,2007/2008
5503,Lionel Andrés Messi Cuccittini,Lionel Messi,19,Argentina,[],"[{'position_id': 17, 'position': 'Right Wing', 'from': '00:00', 'to': '62:38', 'from_period': 1, 'to_period': 2, 'start_reason': 'Starting XI', 'end_reason': 'Substitution - Off (Tactical)'}]",68366,La Liga,2007/2008
5503,Lionel Andrés Messi Cuccittini,Lionel Messi,19,Argentina,[],"[{'position_id': 17, 'position': 'Right Wing', 'from': '00:00', 'to': '63:43', 'from_period': 1, 'to_period': 2, 'start_reason': 'Starting XI', 'end_reason': 'Tactical Shift'}, {'position_id': 23, 'position': 'Center Forward', 'from': '63:43', 'to': '89:14', 'from_period': 2, 'to_period': 2, 'start_reason': 'Tactical Shift', 'end_reason': 'Substitution - Off (Tactical)'}]",69148,La Liga,2007/2008
5503,Lionel Andrés Messi Cuccittini,Lionel Messi,19,Argentina,[],"[{'position_id': 17, 'position': 'Right Wing', 'from': '00:00', 'to': None, 'from_period': 1, 'to_period': None, 'start_reason': 'Starting XI', 'end_reason': 'Final Whistle'}]",69184,La Liga,2007/2008
5503,Lionel Andrés Messi Cuccittini,Lionel Messi,19,Argentina,[],"[{'position_id': 17, 'position': 'Right Wing', 'from': '65:48', 'to': None, 'from_period': 2, 'to_period': None, 'start_reason': 'Substitution - On (Tactical)', 'end_reason': 'Final Whistle'}]",69173,La Liga,2007/2008
5503,Lionel Andrés Messi Cuccittini,Lionel Messi,19,Argentina,[],"[{'position_id': 17, 'position': 'Right Wing', 'from': '00:00', 'to': '79:47', 'from_period': 1, 'to_period': 2, 'start_reason': 'Starting XI', 'end_reason': 'Substitution - Off (Tactical)'}]",69182,La Liga,2007/2008
5503,Lionel Andrés Messi Cuccittini,Lionel Messi,19,Argentina,[],"[{'position_id': 17, 'position': 'Right Wing', 'from': '64:03', 'to': None, 'from_period': 2, 'to_period': None, 'start_reason': 'Substitution - On (Tactical)', 'end_reason': 'Final Whistle'}]",68358,La Liga,2007/2008
5503,Lionel Andrés Messi Cuccittini,Lionel Messi,19,Argentina,[],"[{'position_id': 17, 'position': 'Right Wing', 'from': '00:00', 'to': '23:25', 'from_period': 1, 'to_period': 1, 'start_reason': 'Starting XI', 'end_reason': 'Tactical Shift'}, {'position_id': 19, 'position': 'Center Attacking Midfield', 'from': '23:25', 'to': None, 'from_period': 1, 'to_period': None, 'start_reason': 'Tactical Shift', 'end_reason': 'Final Whistle'}]",68361,La Liga,2007/2008
5503,Lionel Andrés Messi Cuccittini,Lionel Messi,19,Argentina,[],"[{'position_id': 17, 'position': 'Right Wing', 'from': '00:00', 'to': '82:16', 'from_period': 1, 'to_period': 2, 'start_reason': 'Starting XI', 'end_reason': 'Tactical Shift'}, {'position_id': 13, 'position': 'Right Center Midfield', 'from': '82:16', 'to': None, 'from_period': 2, 'to_period': None, 'start_reason': 'Tactical Shift', 'end_reason': 'Final Whistle'}]",69141,La Liga,2007/2008
5503,Lionel Andrés Messi Cuccittini,Lionel Messi,10,Argentina,[],"[{'position_id': 21, 'position': 'Left Wing', 'from': '00:00', 'to': '44:36', 'from_period': 1, 'to_period': 1, 'start_reason': 'Starting XI', 'end_reason': 'Substitution - Off (Injury)'}]",69145,La Liga,2007/2008
5503,Lionel Andrés Messi Cuccittini,Lionel Messi,19,Argentina,[],"[{'position_id': 17, 'position': 'Right Wing', 'from': '00:00', 'to': '81:35', 'from_period': 1, 'to_period': 2, 'start_reason': 'Starting XI', 'end_reason': 'Substitution - Off (Tactical)'}]",68336,La Liga,2006/2007
5503,Lionel Andrés Messi Cuccittini,Lionel Messi,19,Argentina,[],"[{'position_id': 17, 'position': 'Right Wing', 'from': '00:00', 'to': None, 'from_period': 1, 'to_period': None, 'start_reason': 'Starting XI', 'end_reason': 'Final Whistle'}]",69176,La Liga,2006/2007
5503,Lionel Andrés Messi Cuccittini,Lionel Messi,19,Argentina,"[{'time': '23:34', 'card_type': 'Yellow Card', 'reason': 'Foul Committed', 'period': 1}]","[{'position_id': 21, 'position': 'Left Wing', 'from': '00:00', 'to': '65:46', 'from_period': 1, 'to_period': 2, 'start_reason': 'Starting XI', 'end_reason': 'Tactical Shift'}, {'position_id': 17, 'position': 'Right Wing', 'from': '65:46', 'to': None, 'from_period': 2, 'to_period': None, 'start_reason': 'Tactical Shift', 'end_reason': 'Final Whistle'}]",69179,La Liga,2006/2007
5503,Lionel Andrés Messi Cuccittini,Lionel Messi,30,Argentina,[],"[{'position_id': 21, 'position': 'Left Wing', 'from': '00:00', 'to': '68:37', 'from_period': 1, 'to_period': 2, 'start_reason': 'Starting XI', 'end_reason': 'Tactical Shift'}, {'position_id': 17, 'position': 'Right Wing', 'from': '68:37', 'to': '70:28', 'from_period': 2, 'to_period': 2, 'start_reason': 'Tactical Shift', 'end_reason': 'Substitution - Off (Tactical)'}]",68334,La Liga,2006/2007
5503,Lionel Andrés Messi Cuccittini,Lionel Messi,30,Argentina,[],"[{'position_id': 23, 'position': 'Center Forward', 'from': '66:12', 'to': None, 'from_period': 2, 'to_period': None, 'start_reason': 'Substitution - On (Tactical)', 'end_reason': 'Final Whistle'}]",68333,La Liga,2006/2007
5503,Lionel Andrés Messi Cuccittini,Lionel Messi,30,Argentina,[],"[{'position_id': 21, 'position': 'Left Wing', 'from': '00:00', 'to': None, 'from_period': 1, 'to_period': None, 'start_reason': 'Starting XI', 'end_reason': 'Final Whistle'}]",68326,La Liga,2006/2007
5503,Lionel Andrés Messi Cuccittini,Lionel Messi,19,Argentina,[],"[{'position_id': 17, 'position': 'Right Wing', 'from': '00:00', 'to': '68:44', 'from_period': 1, 'to_period': 2, 'start_reason': 'Starting XI', 'end_reason': 'Tactical Shift'}, {'position_id': 21, 'position': 'Left Wing', 'from': '68:44', 'to': '74:22', 'from_period': 2, 'to_period': 2, 'start_reason': 'Tactical Shift', 'end_reason': 'Substitution - Off (Tactical)'}]",69162,La Liga,2006/2007
5503,Lionel Andrés Messi Cuccittini,Lionel Messi,30,Argentina,[],"[{'position_id': 17, 'position': 'Right Wing', 'from': '00:00', 'to': '45:00', 'from_period': 1, 'to_period': 2, 'start_reason': 'Starting XI', 'end_reason': 'Tactical Shift'}, {'position_id': 22, 'position': 'Right Center Forward', 'from': '45:00', 'to': '82:11', 'from_period': 2, 'to_period': 2, 'start_reason': 'Tactical Shift', 'end_reason': 'Tactical Shift'}, {'position_id': 17, 'position': 'Right Wing', 'from': '82:11', 'to': None, 'from_period': 2, 'to_period': None, 'start_reason': 'Tactical Shift', 'end_reason': 'Final Whistle'}]",68335,La Liga,2006/2007
5503,Lionel Andrés Messi Cuccittini,Lionel Messi,30,Argentina,[],"[{'position_id': 23, 'position': 'Center Forward', 'from': '55:43', 'to': None, 'from_period': 2, 'to_period': None, 'start_reason': 'Substitution - On (Tactical)', 'end_reason': 'Final Whistle'}]",68332,La Liga,2006/2007
5503,Lionel Andrés Messi Cuccittini,Lionel Messi,30,Argentina,[],"[{'position_id': 17, 'position': 'Right Wing', 'from': '00:00', 'to': None, 'from_period': 1, 'to_period': None, 'start_reason': 'Starting XI', 'end_reason': 'Final Whistle'}]",68330,La Liga,2006/2007
5503,Lionel Andrés Messi Cuccittini,Lionel Messi,19,Argentina,[],"[{'position_id': 17, 'position': 'Right Wing', 'from': '00:00', 'to': '74:34', 'from_period': 1, 'to_period': 2, 'start_reason': 'Starting XI', 'end_reason': 'Tactical Shift'}, {'position_id': 21, 'position': 'Left Wing', 'from': '74:34', 'to': None, 'from_period': 2, 'to_period': None, 'start_reason': 'Tactical Shift', 'end_reason': 'Final Whistle'}]",68329,La Liga,2006/2007
5503,Lionel Andrés Messi Cuccittini,Lionel Messi,19,Argentina,[],"[{'position_id': 17, 'position': 'Right Wing', 'from': '00:00', 'to': None, 'from_period': 1, 'to_period': None, 'start_reason': 'Starting XI', 'end_reason': 'Final Whistle'}]",68341,La Liga,2006/2007
5503,Lionel Andrés Messi Cuccittini,Lionel Messi,19,Argentina,[],"[{'position_id': 17, 'position': 'Right Wing', 'from': '00:00', 'to': '79:58', 'from_period': 1, 'to_period': 2, 'start_reason': 'Starting XI', 'end_reason': 'Tactical Shift'}, {'position_id': 23, 'position': 'Center Forward', 'from': '79:58', 'to': None, 'from_period': 2, 'to_period': None, 'start_reason': 'Tactical Shift', 'end_reason': 'Final Whistle'}]",69165,La Liga,2006/2007
5503,Lionel Andrés Messi Cuccittini,Lionel Messi,19,Argentina,[],"[{'position_id': 17, 'position': 'Right Wing', 'from': '00:00', 'to': '75:42', 'from_period': 1, 'to_period': 2, 'start_reason': 'Starting XI', 'end_reason': 'Tactical Shift'}, {'position_id': 12, 'position': 'Right Midfield', 'from': '75:42', 'to': None, 'from_period': 2, 'to_period': None, 'start_reason': 'Tactical Shift', 'end_reason': 'Final Whistle'}]",69155,La Liga,2006/2007
5503,Lionel Andrés Messi Cuccittini,Lionel Messi,19,Argentina,[],"[{'position_id': 23, 'position': 'Center Forward', 'from': '67:52', 'to': None, 'from_period': 2, 'to_period': None, 'start_reason': 'Substitution - On (Tactical)', 'end_reason': 'Final Whistle'}]",69154,La Liga,2006/2007
5503,Lionel Andrés Messi Cuccittini,Lionel Messi,19,Argentina,[],"[{'position_id': 17, 'position': 'Right Wing', 'from': '00:00', 'to': None, 'from_period': 1, 'to_period': None, 'start_reason': 'Starting XI', 'end_reason': 'Final Whistle'}]",69156,La Liga,2006/2007
5503,Lionel Andrés Messi Cuccittini,Lionel Messi,19,Argentina,[],"[{'position_id': 21, 'position': 'Left Wing', 'from': '00:00', 'to': '45:27', 'from_period': 1, 'to_period': 2, 'start_reason': 'Starting XI', 'end_reason': 'Tactical Shift'}, {'position_id': 17, 'position': 'Right Wing', 'from': '45:27', 'to': None, 'from_period': 2, 'to_period': None, 'start_reason': 'Tactical Shift', 'end_reason': 'Final Whistle'}]",69159,La Liga,2006/2007
5503,Lionel Andrés Messi Cuccittini,Lionel Messi,19,Argentina,[],"[{'position_id': 17, 'position': 'Right Wing', 'from': '00:00', 'to': '84:12', 'from_period': 1, 'to_period': 2, 'start_reason': 'Starting XI', 'end_reason': 'Substitution - Off (Tactical)'}]",69175,La Liga,2006/2007
5503,Lionel Andrés Messi Cuccittini,Lionel Messi,19,Argentina,[],"[{'position_id': 17, 'position': 'Right Wing', 'from': '00:00', 'to': '92:32', 'from_period': 1, 'to_period': 2, 'start_reason': 'Starting XI', 'end_reason': 'Substitution - Off (Tactical)'}]",69160,La Liga,2006/2007
5503,Lionel Andrés Messi Cuccittini,Lionel Messi,19,Argentina,[],"[{'position_id': 17, 'position': 'Right Wing', 'from': '00:00', 'to': '22:39', 'from_period': 1, 'to_period': 1, 'start_reason': 'Starting XI', 'end_reason': 'Substitution - Off (Injury)'}]",68331,La Liga,2006/2007
5503,Lionel Andrés Messi Cuccittini,Lionel Messi,19,Argentina,[],"[{'position_id': 17, 'position': 'Right Wing', 'from': '00:00', 'to': '84:14', 'from_period': 1, 'to_period': 2, 'start_reason': 'Starting XI', 'end_reason': 'Substitution - Off (Tactical)'}]",68328,La Liga,2006/2007
5503,Lionel Andrés Messi Cuccittini,Lionel Messi,19,Argentina,[],"[{'position_id': 17, 'position': 'Right Wing', 'from': '00:00', 'to': '64:29', 'from_period': 1, 'to_period': 2, 'start_reason': 'Starting XI', 'end_reason': 'Substitution - Off (Tactical)'}]",68340,La Liga,2006/2007
5503,Lionel Andrés Messi Cuccittini,Lionel Messi,19,Argentina,[],"[{'position_id': 17, 'position': 'Right Wing', 'from': '00:00', 'to': '66:41', 'from_period': 1, 'to_period': 2, 'start_reason': 'Starting XI', 'end_reason': 'Tactical Shift'}, {'position_id': 21, 'position': 'Left Wing', 'from': '66:41', 'to': None, 'from_period': 2, 'to_period': None, 'start_reason': 'Tactical Shift', 'end_reason': 'Final Whistle'}]",69174,La Liga,2006/2007
5503,Lionel Andrés Messi Cuccittini,Lionel Messi,19,Argentina,"[{'time': '67:58', 'card_type': 'Yellow Card', 'reason': 'Foul Committed', 'period': 2}]","[{'position_id': 17, 'position': 'Right Wing', 'from': '00:00', 'to': '45:00', 'from_period': 1, 'to_period': 2, 'start_reason': 'Starting XI', 'end_reason': 'Tactical Shift'}, {'position_id': 21, 'position': 'Left Wing', 'from': '45:00', 'to': None, 'from_period': 2, 'to_period': None, 'start_reason': 'Tactical Shift', 'end_reason': 'Final Whistle'}]",68347,La Liga,2006/2007
5503,Lionel Andrés Messi Cuccittini,Lionel Messi,19,Argentina,[],"[{'position_id': 17, 'position': 'Right Wing', 'from': '00:00', 'to': None, 'from_period': 1, 'to_period': None, 'start_reason': 'Starting XI', 'end_reason': 'Final Whistle'}]",68327,La Liga,2006/2007
5503,Lionel Andrés Messi Cuccittini,Lionel Messi,19,Argentina,[],"[{'position_id': 17, 'position': 'Right Wing', 'from': '00:00', 'to': '89:41', 'from_period': 1, 'to_period': 2, 'start_reason': 'Starting XI', 'end_reason': 'Substitution - Off (Tactical)'}]",69157,La Liga,2006/2007
5503,Lionel Andrés Messi Cuccittini,Lionel Messi,19,Argentina,[],"[{'position_id': 17, 'position': 'Right Wing', 'from': '00:00', 'to': '66:20', 'from_period': 1, 'to_period': 2, 'start_reason': 'Starting XI', 'end_reason': 'Substitution - Off (Tactical)'}]",68323,La Liga,2005/2006
5503,Lionel Andrés Messi Cuccittini,Lionel Messi,19,Argentina,"[{'time': '63:37', 'card_type': 'Yellow Card', 'reason': 'Foul Committed', 'period': 2}]","[{'position_id': 17, 'position': 'Right Wing', 'from': '00:00', 'to': None, 'from_period': 1, 'to_period': None, 'start_reason': 'Starting XI', 'end_reason': 'Final Whistle'}]",68318,La Liga,2005/2006
5503,Lionel Andrés Messi Cuccittini,Lionel Messi,19,Argentina,[],"[{'position_id': 23, 'position': 'Center Forward', 'from': '75:42', 'to': '77:07', 'from_period': 2, 'to_period': 2, 'start_reason': 'Substitution - On (Tactical)', 'end_reason': 'Tactical Shift'}, {'position_id': 17, 'position': 'Right Wing', 'from': '77:07', 'to': None, 'from_period': 2, 'to_period': None, 'start_reason': 'Tactical Shift', 'end_reason': 'Final Whistle'}]",69172,La Liga,2005/2006
5503,Lionel Andrés Messi Cuccittini,Lionel Messi,30,Argentina,[],"[{'position_id': 21, 'position': 'Left Wing', 'from': '00:00', 'to': '45:23', 'from_period': 1, 'to_period': 2, 'start_reason': 'Starting XI', 'end_reason': 'Tactical Shift'}, {'position_id': 23, 'position': 'Center Forward', 'from': '45:23', 'to': '65:28', 'from_period': 2, 'to_period': 2, 'start_reason': 'Tactical Shift', 'end_reason': 'Tactical Shift'}, {'position_id': 17, 'position': 'Right Wing', 'from': '65:28', 'to': '81:51', 'from_period': 2, 'to_period': 2, 'start_reason': 'Tactical Shift', 'end_reason': 'Substitution - Off (Tactical)'}]",68322,La Liga,2005/2006
5503,Lionel Andrés Messi Cuccittini,Lionel Messi,30,Argentina,[],"[{'position_id': 17, 'position': 'Right Wing', 'from': '61:35', 'to': None, 'from_period': 2, 'to_period': None, 'start_reason': 'Substitution - On (Tactical)', 'end_reason': 'Final Whistle'}]",69164,La Liga,2005/2006
5503,Lionel Andrés Messi Cuccittini,Lionel Messi,19,Argentina,[],"[{'position_id': 23, 'position': 'Center Forward', 'from': '72:43', 'to': None, 'from_period': 2, 'to_period': None, 'start_reason': 'Substitution - On (Tactical)', 'end_reason': 'Final Whistle'}]",68324,La Liga,2005/2006
5503,Lionel Andrés Messi Cuccittini,Lionel Messi,30,Argentina,[],"[{'position_id': 17, 'position': 'Right Wing', 'from': '00:00', 'to': '79:57', 'from_period': 1, 'to_period': 2, 'start_reason': 'Starting XI', 'end_reason': 'Substitution - Off (Tactical)'}]",68320,La Liga,2005/2006
5503,Lionel Andrés Messi Cuccittini,Lionel Messi,19,Argentina,[],"[{'position_id': 17, 'position': 'Right Wing', 'from': '68:30', 'to': None, 'from_period': 2, 'to_period': None, 'start_reason': 'Substitution - On (Tactical)', 'end_reason': 'Final Whistle'}]",68339,La Liga,2005/2006
5503,Lionel Andrés Messi Cuccittini,Lionel Messi,19,Argentina,[],"[{'position_id': 17, 'position': 'Right Wing', 'from': '00:00', 'to': '77:46', 'from_period': 1, 'to_period': 2, 'start_reason': 'Starting XI', 'end_reason': 'Substitution - Off (Tactical)'}]",68348,La Liga,2005/2006
5503,Lionel Andrés Messi Cuccittini,Lionel Messi,30,Argentina,[],"[{'position_id': 17, 'position': 'Right Wing', 'from': '00:00', 'to': '66:41', 'from_period': 1, 'to_period': 2, 'start_reason': 'Starting XI', 'end_reason': 'Substitution - Off (Tactical)'}]",68354,La Liga,2005/2006
5503,Lionel Andrés Messi Cuccittini,Lionel Messi,19,Argentina,[],"[{'position_id': 17, 'position': 'Right Wing', 'from': '00:00', 'to': '69:24', 'from_period': 1, 'to_period': 2, 'start_reason': 'Starting XI', 'end_reason': 'Substitution - Off (Tactical)'}]",68351,La Liga,2005/2006
5503,Lionel Andrés Messi Cuccittini,Lionel Messi,30,Argentina,[],"[{'position_id': 17, 'position': 'Right Wing', 'from': '66:19', 'to': '70:09', 'from_period': 2, 'to_period': 2, 'start_reason': 'Substitution - On (Tactical)', 'end_reason': 'Tactical Shift'}, {'position_id': 12, 'position': 'Right Midfield', 'from': '70:09', 'to': None, 'from_period': 2, 'to_period': None, 'start_reason': 'Tactical Shift', 'end_reason': 'Final Whistle'}]",68317,La Liga,2005/2006
5503,Lionel Andrés Messi Cuccittini,Lionel Messi,19,Argentina,[],"[{'position_id': 17, 'position': 'Right Wing', 'from': '00:00', 'to': '45:00', 'from_period': 1, 'to_period': 2, 'start_reason': 'Starting XI', 'end_reason': 'Substitution - Off (Tactical)'}]",68350,La Liga,2005/2006
5503,Lionel Andrés Messi Cuccittini,Lionel Messi,19,Argentina,[],"[{'position_id': 23, 'position': 'Center Forward', 'from': '73:13', 'to': None, 'from_period': 2, 'to_period': None, 'start_reason': 'Substitution - On (Tactical)', 'end_reason': 'Final Whistle'}]",68325,La Liga,2005/2006
5503,Lionel Andrés Messi Cuccittini,Lionel Messi,30,Argentina,"[{'time': '12:11', 'card_type': 'Yellow Card', 'reason': 'Foul Committed', 'period': 1}]","[{'position_id': 17, 'position': 'Right Wing', 'from': '00:00', 'to': '62:23', 'from_period': 1, 'to_period': 2, 'start_reason': 'Starting XI', 'end_reason': 'Substitution - Off (Tactical)'}]",68321,La Liga,2005/2006
5503,Lionel Andrés Messi Cuccittini,Lionel Messi,19,Argentina,[],"[{'position_id': 17, 'position': 'Right Wing', 'from': '00:00', 'to': '69:33', 'from_period': 1, 'to_period': 2, 'start_reason': 'Starting XI', 'end_reason': 'Substitution - Off (Tactical)'}]",68319,La Liga,2005/2006
5503,Lionel Andrés Messi Cuccittini,Lionel Messi,19,Argentina,[],"[{'position_id': 17, 'position': 'Right Wing', 'from': '00:00', 'to': '82:50', 'from_period': 1, 'to_period': 2, 'start_reason': 'Starting XI', 'end_reason': 'Substitution - Off (Tactical)'}]",68342,La Liga,2005/2006
5503,Lionel Andrés Messi Cuccittini,Lionel Messi,30,Argentina,[],"[{'position_id': 3, 'position': 'Right Center Back', 'from': '81:52', 'to': '81:54', 'from_period': 2, 'to_period': 2, 'start_reason': 'Substitution - On (Tactical)', 'end_reason': 'Tactical Shift'}, {'position_id': 17, 'position': 'Right Wing', 'from': '81:54', 'to': None, 'from_period': 2, 'to_period': None, 'start_reason': 'Tactical Shift', 'end_reason': 'Final Whistle'}]",68314,La Liga,2004/2005
5503,Lionel Andrés Messi Cuccittini,Lionel Messi,30,Argentina,[],"[{'position_id': 13, 'position': 'Right Center Midfield', 'from': '81:19', 'to': '81:38', 'from_period': 2, 'to_period': 2, 'start_reason': 'Substitution - On (Tactical)', 'end_reason': 'Tactical Shift'}, {'position_id': 17, 'position': 'Right Wing', 'from': '81:38', 'to': None, 'from_period': 2, 'to_period': None, 'start_reason': 'Tactical Shift', 'end_reason': 'Final Whistle'}]",68353,La Liga,2004/2005
5503,Lionel Andrés Messi Cuccittini,Lionel Messi,30,Argentina,[],"[{'position_id': 23, 'position': 'Center Forward', 'from': '87:29', 'to': None, 'from_period': 2, 'to_period': None, 'start_reason': 'Substitution - On (Tactical)', 'end_reason': 'Final Whistle'}]",68316,La Liga,2004/2005
5503,Lionel Andrés Messi Cuccittini,Lionel Messi,30,Argentina,[],"[{'position_id': 21, 'position': 'Left Wing', 'from': '72:27', 'to': None, 'from_period': 2, 'to_period': None, 'start_reason': 'Substitution - On (Tactical)', 'end_reason': 'Final Whistle'}]",68313,La Liga,2004/2005
5503,Lionel Andrés Messi Cuccittini,Lionel Messi,19,Argentina,[],"[{'position_id': 2, 'position': 'Right Back', 'from': '57:44', 'to': '57:52', 'from_period': 2, 'to_period': 2, 'start_reason': 'Substitution - On (Tactical)', 'end_reason': 'Tactical Shift'}, {'position_id': 17, 'position': 'Right Wing', 'from': '57:52', 'to': None, 'from_period': 2, 'to_period': None, 'start_reason': 'Tactical Shift', 'end_reason': 'Final Whistle'}]",68315,La Liga,2004/2005
5503,Lionel Andrés Messi Cuccittini,Lionel Messi,19,Argentina,[],"[{'position_id': 2, 'position': 'Right Back', 'from': '96:15', 'to': None, 'from_period': 2, 'to_period': None, 'start_reason': 'Substitution - On (Tactical)', 'end_reason': 'Final Whistle'}]",69153,La Liga,2004/2005
5503,Lionel Andrés Messi Cuccittini,Lionel Messi,30,Argentina,[],"[{'position_id': 23, 'position': 'Center Forward', 'from': '85:50', 'to': None, 'from_period': 2, 'to_period': None, 'start_reason': 'Substitution - On (Tactical)', 'end_reason': 'Final Whistle'}]",68352,La Liga,2004/2005
3089,Kevin De Bruyne,,17,Belgium,[],"[{'position_id': 12, 'position': 'Right Midfield', 'from': '00:00', 'to': '73:31', 'from_period': 1, 'to_period': 2, 'start_reason': 'Starting XI', 'end_reason': 'Tactical Shift'}, {'position_id': 19, 'position': 'Center Attacking Midfield', 'from': '73:31', 'to': None, 'from_period': 2, 'to_period': None, 'start_reason': 'Tactical Shift', 'end_reason': 'Final Whistle'}]",3754296,Premier League,2015/2016
3089,Kevin De Bruyne,,17,Belgium,"[{'time': '89:26', 'card_type': 'Yellow Card', 'reason': 'Bad Behaviour', 'period': 2}]","[{'position_id': 17, 'position': 'Right Wing', 'from': '00:00', 'to': None, 'from_period': 1, 'to_period': None, 'start_reason': 'Starting XI', 'end_reason': 'Final Whistle'}]",3754045,Premier League,2015/2016
3089,Kevin De Bruyne,,17,Belgium,[],"[{'position_id': 17, 'position': 'Right Wing', 'from': '00:00', 'to': '64:37', 'from_period': 1, 'to_period': 2, 'start_reason': 'Starting XI', 'end_reason': 'Tactical Shift'}, {'position_id': 16, 'position': 'Left Midfield', 'from': '64:37', 'to': None, 'from_period': 2, 'to_period': None, 'start_reason': 'Tactical Shift', 'end_reason': 'Final Whistle'}]",3754135,Premier League,2015/2016
3089,Kevin De Bruyne,,17,Belgium,[],"[{'position_id': 17, 'position': 'Right Wing', 'from': '00:00', 'to': '55:08', 'from_period': 1, 'to_period': 2, 'start_reason': 'Starting XI', 'end_reason': 'Tactical Shift'}, {'position_id': 21, 'position': 'Left Wing', 'from': '55:08', 'to': None, 'from_period': 2, 'to_period': None, 'start_reason': 'Tactical Shift', 'end_reason': 'Final Whistle'}]",3754015,Premier League,2015/2016
3089,Kevin De Bruyne,,17,Belgium,[],"[{'position_id': 17, 'position': 'Right Wing', 'from': '00:00', 'to': '39:54', 'from_period': 1, 'to_period': 1, 'start_reason': 'Starting XI', 'end_reason': 'Tactical Shift'}, {'position_id': 21, 'position': 'Left Wing', 'from': '39:54', 'to': '45:07', 'from_period': 1, 'to_period': 2, 'start_reason': 'Tactical Shift', 'end_reason': 'Tactical Shift'}, {'position_id': 17, 'position': 'Right Wing', 'from': '45:07', 'to': None, 'from_period': 2, 'to_period': None, 'start_reason': 'Tactical Shift', 'end_reason': 'Final Whistle'}]",3754028,Premier League,2015/2016
3089,Kevin De Bruyne,,17,Belgium,[],"[{'position_id': 19, 'position': 'Center Attacking Midfield', 'from': '00:00', 'to': None, 'from_period': 1, 'to_period': None, 'start_reason': 'Starting XI', 'end_reason': 'Final Whistle'}]",3754079,Premier League,2015/2016
3089,Kevin De Bruyne,,17,Belgium,[],"[{'position_id': 19, 'position': 'Center Attacking Midfield', 'from': '00:00', 'to': '84:53', 'from_period': 1, 'to_period': 2, 'start_reason': 'Starting XI', 'end_reason': 'Tactical Shift'}, {'position_id': 15, 'position': 'Left Center Midfield', 'from': '84:53', 'to': None, 'from_period': 2, 'to_period': None, 'start_reason': 'Tactical Shift', 'end_reason': 'Final Whistle'}]",3754077,Premier League,2015/2016
3089,Kevin De Bruyne,,17,Belgium,[],"[{'position_id': 17, 'position': 'Right Wing', 'from': '00:00', 'to': None, 'from_period': 1, 'to_period': None, 'start_reason': 'Starting XI', 'end_reason': 'Final Whistle'}]",3754054,Premier League,2015/2016
3089,Kevin De Bruyne,,17,Belgium,"[{'time': '33:31', 'card_type': 'Yellow Card', 'reason': 'Foul Committed', 'period': 1}]","[{'position_id': 16, 'position': 'Left Midfield', 'from': '00:00', 'to': '72:36', 'from_period': 1, 'to_period': 2, 'start_reason': 'Starting XI', 'end_reason': 'Substitution - Off (Tactical)'}]",3754167,Premier League,2015/2016
3089,Kevin De Bruyne,,17,Belgium,[],"[{'position_id': 21, 'position': 'Left Wing', 'from': '00:00', 'to': '61:48', 'from_period': 1, 'to_period': 2, 'start_reason': 'Starting XI', 'end_reason': 'Substitution - Off (Tactical)'}]",3754193,Premier League,2015/2016
3089,Kevin De Bruyne,,17,Belgium,[],"[{'position_id': 17, 'position': 'Right Wing', 'from': '00:00', 'to': '60:38', 'from_period': 1, 'to_period': 2, 'start_reason': 'Starting XI', 'end_reason': 'Tactical Shift'}, {'position_id': 19, 'position': 'Center Attacking Midfield', 'from': '60:38', 'to': '69:40', 'from_period': 2, 'to_period': 2, 'start_reason': 'Tactical Shift', 'end_reason': 'Tactical Shift'}, {'position_id': 15, 'position': 'Left Center Midfield', 'from': '69:40', 'to': None, 'from_period': 2, 'to_period': None, 'start_reason': 'Tactical Shift', 'end_reason': 'Final Whistle'}]",3754197,Premier League,2015/2016
3089,Kevin De Bruyne,,17,Belgium,[],"[{'position_id': 19, 'position': 'Center Attacking Midfield', 'from': '00:00', 'to': None, 'from_period': 1, 'to_period': None, 'start_reason': 'Starting XI', 'end_reason': 'Final Whistle'}]",3754208,Premier League,2015/2016
3089,Kevin De Bruyne,,17,Belgium,[],"[{'position_id': 24, 'position': 'Left Center Forward', 'from': '24:36', 'to': '46:41', 'from_period': 1, 'to_period': 2, 'start_reason': 'Substitution - On (Tactical)', 'end_reason': 'Tactical Shift'}, {'position_id': 21, 'position': 'Left Wing', 'from': '46:41', 'to': None, 'from_period': 2, 'to_period': None, 'start_reason': 'Tactical Shift', 'end_reason': 'Final Whistle'}]",3754257,Premier League,2015/2016
3089,Kevin De Bruyne,,17,Belgium,[],"[{'position_id': 19, 'position': 'Center Attacking Midfield', 'from': '66:51', 'to': None, 'from_period': 2, 'to_period': None, 'start_reason': 'Substitution - On (Tactical)', 'end_reason': 'Final Whistle'}]",3754328,Premier League,2015/2016
3089,Kevin De Bruyne,,17,Belgium,[],"[{'position_id': 24, 'position': 'Left Center Forward', 'from': '59:12', 'to': None, 'from_period': 2, 'to_period': None, 'start_reason': 'Substitution - On (Tactical)', 'end_reason': 'Final Whistle'}]",3754035,Premier League,2015/2016
3089,Kevin De Bruyne,,17,Belgium,[],"[{'position_id': 21, 'position': 'Left Wing', 'from': '00:00', 'to': '67:03', 'from_period': 1, 'to_period': 2, 'start_reason': 'Starting XI', 'end_reason': 'Tactical Shift'}, {'position_id': 17, 'position': 'Right Wing', 'from': '67:03', 'to': None, 'from_period': 2, 'to_period': None, 'start_reason': 'Tactical Shift', 'end_reason': 'Final Whistle'}]",3754110,Premier League,2015/2016
3089,Kevin De Bruyne,,17,Belgium,[],"[{'position_id': 16, 'position': 'Left Midfield', 'from': '00:00', 'to': '45:28', 'from_period': 1, 'to_period': 2, 'start_reason': 'Starting XI', 'end_reason': 'Tactical Shift'}, {'position_id': 22, 'position': 'Right Center Forward', 'from': '45:28', 'to': '73:04', 'from_period': 2, 'to_period': 2, 'start_reason': 'Tactical Shift', 'end_reason': 'Substitution - Off (Tactical)'}]",3754142,Premier League,2015/2016
3089,Kevin De Bruyne,,17,Belgium,[],"[{'position_id': 19, 'position': 'Center Attacking Midfield', 'from': '00:00', 'to': '56:24', 'from_period': 1, 'to_period': 2, 'start_reason': 'Starting XI', 'end_reason': 'Substitution - Off (Tactical)'}]",3754144,Premier League,2015/2016
3089,Kevin De Bruyne,,17,Belgium,[],"[{'position_id': 16, 'position': 'Left Midfield', 'from': '00:00', 'to': '91:17', 'from_period': 1, 'to_period': 2, 'start_reason': 'Starting XI', 'end_reason': 'Tactical Shift'}, {'position_id': 23, 'position': 'Center Forward', 'from': '91:17', 'to': None, 'from_period': 2, 'to_period': None, 'start_reason': 'Tactical Shift', 'end_reason': 'Final Whistle'}]",3754149,Premier League,2015/2016
3089,Kevin De Bruyne,,17,Belgium,[],"[{'position_id': 19, 'position': 'Center Attacking Midfield', 'from': '00:00', 'to': None, 'from_period': 1, 'to_period': None, 'start_reason': 'Starting XI', 'end_reason': 'Final Whistle'}]",3754206,Premier League,2015/2016
3089,Kevin De Bruyne,,17,Belgium,[],"[{'position_id': 12, 'position': 'Right Midfield', 'from': '00:00', 'to': '58:50', 'from_period': 1, 'to_period': 2, 'start_reason': 'Starting XI', 'end_reason': 'Tactical Shift'}, {'position_id': 21, 'position': 'Left Wing', 'from': '58:50', 'to': '63:04', 'from_period': 2, 'to_period': 2, 'start_reason': 'Tactical Shift', 'end_reason': 'Tactical Shift'}, {'position_id': 17, 'position': 'Right Wing', 'from': '63:04', 'to': None, 'from_period': 2, 'to_period': None, 'start_reason': 'Tactical Shift', 'end_reason': 'Final Whistle'}]",3754260,Premier League,2015/2016
3089,Kevin De Bruyne,,17,Belgium,[],[],3754307,Premier League,2015/2016
3089,Kevin De Bruyne,,17,Belgium,[],"[{'position_id': 16, 'position': 'Left Midfield', 'from': '00:00', 'to': '78:26', 'from_period': 1, 'to_period': 2, 'start_reason': 'Starting XI', 'end_reason': 'Tactical Shift'}, {'position_id': 12, 'position': 'Right Midfield', 'from': '78:26', 'to': None, 'from_period': 2, 'to_period': None, 'start_reason': 'Tactical Shift', 'end_reason': 'Final Whistle'}]",3754314,Premier League,2015/2016
3089,Kevin De Bruyne,,17,Belgium,[],"[{'position_id': 19, 'position': 'Center Attacking Midfield', 'from': '00:00', 'to': None, 'from_period': 1, 'to_period': None, 'start_reason': 'Starting XI', 'end_reason': 'Final Whistle'}]",3754322,Premier League,2015/2016
3089,Kevin De Bruyne,,17,Belgium,[],"[{'position_id': 17, 'position': 'Right Wing', 'from': '00:00', 'to': '60:33', 'from_period': 1, 'to_period': 2, 'start_reason': 'Starting XI', 'end_reason': 'Tactical Shift'}, {'position_id': 21, 'position': 'Left Wing', 'from': '60:33', 'to': '74:33', 'from_period': 2, 'to_period': 2, 'start_reason': 'Tactical Shift', 'end_reason': 'Tactical Shift'}, {'position_id': 16, 'position': 'Left Midfield', 'from': '74:33', 'to': '85:42', 'from_period': 2, 'to_period': 2, 'start_reason': 'Tactical Shift', 'end_reason': 'Tactical Shift'}, {'position_id': 21, 'position': 'Left Wing', 'from': '85:42', 'to': None, 'from_period': 2, 'to_period': None, 'start_reason': 'Tactical Shift', 'end_reason': 'Final Whistle'}]",3754346,Premier League,2015/2016
3089,Kevin De Bruyne,,17,Belgium,[],"[{'position_id': 17, 'position': 'Right Wing', 'from': '00:00', 'to': '24:24', 'from_period': 1, 'to_period': 1, 'start_reason': 'Starting XI', 'end_reason': 'Tactical Shift'}, {'position_id': 23, 'position': 'Center Forward', 'from': '24:24', 'to': '45:00', 'from_period': 1, 'to_period': 2, 'start_reason': 'Tactical Shift', 'end_reason': 'Tactical Shift'}, {'position_id': 21, 'position': 'Left Wing', 'from': '45:00', 'to': None, 'from_period': 2, 'to_period': None, 'start_reason': 'Tactical Shift', 'end_reason': 'Final Whistle'}]",3754258,Premier League,2015/2016
5207,Cristiano Ronaldo dos Santos Aveiro,Cristiano Ronaldo,7,Portugal,"[{'time': '83:33', 'card_type': 'Yellow Card', 'reason': 'Foul Committed', 'period': 2}]","[{'position_id': 18, 'position': 'Right Attacking Midfield', 'from': '00:00', 'to': '75:37', 'from_period': 1, 'to_period': 2, 'start_reason': 'Starting XI', 'end_reason': 'Tactical Shift'}, {'position_id': 17, 'position': 'Right Wing', 'from': '75:37', 'to': None, 'from_period': 2, 'to_period': None, 'start_reason': 'Tactical Shift', 'end_reason': 'Final Whistle'}]",3749552,Premier League,2003/2004
5207,Cristiano Ronaldo dos Santos Aveiro,Cristiano Ronaldo,7,Portugal,[],"[{'position_id': 22, 'position': 'Right Center Forward', 'from': '00:00', 'to': None, 'from_period': 1, 'to_period': None, 'start_reason': 'Starting XI', 'end_reason': 'Final Whistle'}]",3930166,UEFA Euro,2024
5463,Luka Modrić,,10,Croatia,"[{'time': '59:29', 'card_type': 'Yellow Card', 'reason': 'Foul Committed', 'period': 2}]","[{'position_id': 13, 'position': 'Right Center Midfield', 'from': '00:00', 'to': '80:02', 'from_period': 1, 'to_period': 2, 'start_reason': 'Starting XI', 'end_reason': 'Substitution - Off (Tactical)'}]",3930178,UEFA Euro,2024
5463,Luka Modrić,,10,Croatia,[],"[{'position_id': 13, 'position': 'Right Center Midfield', 'from': '00:00', 'to': '64:32', 'from_period': 1, 'to_period': 2, 'start_reason': 'Starting XI', 'end_reason': 'Substitution - Off (Tactical)'}]",3930160,UEFA Euro,2024
3009,Kylian Mbappé Lottin,Kylian Mbappé,10,France,[],"[{'position_id': 23, 'position': 'Center Forward', 'from': '00:00', 'to': '61:00', 'from_period': 1, 'to_period': 2, 'start_reason': 'Starting XI', 'end_reason': 'Tactical Shift'}, {'position_id': 21, 'position': 'Left Wing', 'from': '61:00', 'to': None, 'from_period': 2, 'to_period': None, 'start_reason': 'Tactical Shift', 'end_reason': 'Final Whistle'}]",3938643,UEFA Euro,2024
5668,Robert Lewandowski,,9,Poland,[],"[{'position_id': 24, 'position': 'Left Center Forward', 'from': '00:00', 'to': None, 'from_period': 1, 'to_period': None, 'start_reason': 'Starting XI', 'end_reason': 'Final Whistle'}]",3938643,UEFA Euro,2024
5668,Robert Lewandowski,,9,Poland,"[{'time': '63:37', 'card_type': 'Yellow Card', 'reason': 'Foul Committed', 'period': 2}]","[{'position_id': 24, 'position': 'Left Center Forward', 'from': '59:17', 'to': None, 'from_period': 2, 'to_period': None, 'start_reason': 'Substitution - On (Tactical)', 'end_reason': 'Final Whistle'}]",3938641,UEFA Euro,2024
5668,Robert Lewandowski,,9,Poland,[],[],3938637,UEFA Euro,2024
5207,Cristiano Ronaldo dos Santos Aveiro,Cristiano Ronaldo,7,Portugal,"[{'time': '27:32', 'card_type': 'Yellow Card', 'reason': 'Bad Behaviour', 'period': 1}]","[{'position_id': 23, 'position': 'Center Forward', 'from': '00:00', 'to': '65:04', 'from_period': 1, 'to_period': 2, 'start_reason': 'Starting XI', 'end_reason': 'Substitution - Off (Tactical)'}]",3938644,UEFA Euro,2024
3089,Kevin De Bruyne,,7,Belgium,[],"[{'position_id': 11, 'position': 'Left Defensive Midfield', 'from': '00:00', 'to': '62:37', 'from_period': 1, 'to_period': 2, 'start_reason': 'Starting XI', 'end_reason': 'Tactical Shift'}, {'position_id': 24, 'position': 'Left Center Forward', 'from': '62:37', 'to': '88:05', 'from_period': 2, 'to_period': 2, 'start_reason': 'Tactical Shift', 'end_reason': 'Tactical Shift'}, {'position_id': 12, 'position': 'Right Midfield', 'from': '88:05', 'to': None, 'from_period': 2, 'to_period': None, 'start_reason': 'Tactical Shift', 'end_reason': 'Final Whistle'}]",3941019,UEFA Euro,2024
3009,Kylian Mbappé Lottin,Kylian Mbappé,10,France,[],"[{'position_id': 21, 'position': 'Left Wing', 'from': '00:00', 'to': None, 'from_period': 1, 'to_period': None, 'start_reason': 'Starting XI', 'end_reason': 'Final Whistle'}]",3941019,UEFA Euro,2024
5207,Cristiano Ronaldo dos Santos Aveiro,Cristiano Ronaldo,7,Portugal,[],"[{'position_id': 23, 'position': 'Center Forward', 'from': '00:00', 'to': None, 'from_period': 1, 'to_period': None, 'start_reason': 'Starting XI', 'end_reason': 'Final Whistle'}]",3930174,UEFA Euro,2024
3009,Kylian Mbappé Lottin,Kylian Mbappé,10,France,[],"[{'position_id': 21, 'position': 'Left Wing', 'from': '00:00', 'to': '62:27', 'from_period': 1, 'to_period': 2, 'start_reason': 'Starting XI', 'end_reason': 'Tactical Shift'}, {'position_id': 23, 'position': 'Center Forward', 'from': '62:27', 'to': '78:07', 'from_period': 2, 'to_period': 2, 'start_reason': 'Tactical Shift', 'end_reason': 'Tactical Shift'}, {'position_id': 24, 'position': 'Left Center Forward', 'from': '78:07', 'to': None, 'from_period': 2, 'to_period': None, 'start_reason': 'Tactical Shift', 'end_reason': 'Final Whistle'}]",3942752,UEFA Euro,2024
3009,Kylian Mbappé Lottin,Kylian Mbappé,10,France,[],"[{'position_id': 24, 'position': 'Left Center Forward', 'from': '00:00', 'to': '105:00', 'from_period': 1, 'to_period': 4, 'start_reason': 'Starting XI', 'end_reason': 'Substitution - Off (Injury)'}, {'position_id': 24, 'position': 'Left Center Forward', 'from': '16:42', 'to': '56:08', 'from_period': 1, 'to_period': 2, 'start_reason': 'Tactical Shift', 'end_reason': 'Player Off'}, {'position_id': 24, 'position': 'Left Center Forward', 'from': '56:24', 'to': '66:06', 'from_period': 2, 'to_period': 2, 'start_reason': 'Player On', 'end_reason': 'Tactical Shift'}, {'position_id': 21, 'position': 'Left Wing', 'from': '66:06', 'to': None, 'from_period': 2, 'to_period': None, 'start_reason': 'Tactical Shift', 'end_reason': 'Final Whistle'}]",3942349,UEFA Euro,2024
5207,Cristiano Ronaldo dos Santos Aveiro,Cristiano Ronaldo,7,Portugal,[],"[{'position_id': 23, 'position': 'Center Forward', 'from': '00:00', 'to': None, 'from_period': 1, 'to_period': None, 'start_reason': 'Starting XI', 'end_reason': 'Final Whistle'}]",3942349,UEFA Euro,2024
3089,Kevin De Bruyne,,7,Belgium,[],"[{'position_id': 19, 'position': 'Center Attacking Midfield', 'from': '00:00', 'to': None, 'from_period': 1, 'to_period': None, 'start_reason': 'Starting XI', 'end_reason': 'Final Whistle'}]",3938645,UEFA Euro,2024
5207,Cristiano Ronaldo dos Santos Aveiro,Cristiano Ronaldo,7,Portugal,[],"[{'position_id': 23, 'position': 'Center Forward', 'from': '00:00', 'to': None, 'from_period': 1, 'to_period': None, 'start_reason': 'Starting XI', 'end_reason': 'Final Whistle'}]",3941020,UEFA Euro,2024
3009,Kylian Mbappé Lottin,Kylian Mbappé,10,France,[],[],3930173,UEFA Euro,2024
5463,Luka Modrić,,10,Croatia,[],"[{'position_id': 13, 'position': 'Right Center Midfield', 'from': '00:00', 'to': '45:00', 'from_period': 1, 'to_period': 2, 'start_reason': 'Starting XI', 'end_reason': 'Tactical Shift'}, {'position_id': 9, 'position': 'Right Defensive Midfield', 'from': '45:00', 'to': None, 'from_period': 2, 'to_period': None, 'start_reason': 'Tactical Shift', 'end_reason': 'Final Whistle'}]",3930167,UEFA Euro,2024
3009,Kylian Mbappé Lottin,Kylian Mbappé,10,France,"[{'time': '89:33', 'card_type': 'Yellow Card', 'reason': 'Bad Behaviour', 'period': 2}]","[{'position_id': 23, 'position': 'Center Forward', 'from': '00:00', 'to': '87:36', 'from_period': 1, 'to_period': 2, 'start_reason': 'Starting XI', 'end_reason': 'Player Off'}, {'position_id': 23, 'position': 'Center Forward', 'from': '88:43', 'to': '89:53', 'from_period': 2, 'to_period': 2, 'start_reason': 'Player On', 'end_reason': 'Substitution - Off (Injury)'}]",3930165,UEFA Euro,2024
3089,Kevin De Bruyne,,7,Belgium,[],"[{'position_id': 19, 'position': 'Center Attacking Midfield', 'from': '00:00', 'to': '56:58', 'from_period': 1, 'to_period': 2, 'start_reason': 'Starting XI', 'end_reason': 'Tactical Shift'}, {'position_id': 11, 'position': 'Left Defensive Midfield', 'from': '56:58', 'to': '74:24', 'from_period': 2, 'to_period': 2, 'start_reason': 'Tactical Shift', 'end_reason': 'Tactical Shift'}, {'position_id': 19, 'position': 'Center Attacking Midfield', 'from': '74:24', 'to': None, 'from_period': 2, 'to_period': None, 'start_reason': 'Tactical Shift', 'end_reason': 'Final Whistle'}]",3930164,UEFA Euro,2024
3089,Kevin De Bruyne,,7,Belgium,[],"[{'position_id': 19, 'position': 'Center Attacking Midfield', 'from': '00:00', 'to': None, 'from_period': 1, 'to_period': None, 'start_reason': 'Starting XI', 'end_reason': 'Final Whistle'}]",3930175,UEFA Euro,2024
5207,Cristiano Ronaldo dos Santos Aveiro,Cristiano Ronaldo,7,Portugal,[],"[{'position_id': 23, 'position': 'Center Forward', 'from': '00:00', 'to': None, 'from_period': 1, 'to_period': None, 'start_reason': 'Starting XI', 'end_reason': 'Final Whistle'}]",3788773,UEFA Euro,2020
3009,Kylian Mbappé Lottin,Kylian Mbappé,10,France,[],"[{'position_id': 21, 'position': 'Left Wing', 'from': '00:00', 'to': '91:09', 'from_period': 1, 'to_period': 2, 'start_reason': 'Starting XI', 'end_reason': 'Tactical Shift'}, {'position_id': 23, 'position': 'Center Forward', 'from': '91:09', 'to': None, 'from_period': 2, 'to_period': None, 'start_reason': 'Tactical Shift', 'end_reason': 'Final Whistle'}]",3788773,UEFA Euro,2020
5463,Luka Modrić,,10,Croatia,[],"[{'position_id': 13, 'position': 'Right Center Midfield', 'from': '00:00', 'to': None, 'from_period': 1, 'to_period': None, 'start_reason': 'Starting XI', 'end_reason': 'Final Whistle'}]",3788760,UEFA Euro,2020
5207,Cristiano Ronaldo dos Santos Aveiro,Cristiano Ronaldo,7,Portugal,[],"[{'position_id': 23, 'position': 'Center Forward', 'from': '00:00', 'to': '70:22', 'from_period': 1, 'to_period': 2, 'start_reason': 'Starting XI', 'end_reason': 'Tactical Shift'}, {'position_id': 21, 'position': 'Left Wing', 'from': '70:22', 'to': None, 'from_period': 2, 'to_period': None, 'start_reason': 'Tactical Shift', 'end_reason': 'Final Whistle'}]",3794687,UEFA Euro,2020
3089,Kevin De Bruyne,,7,Belgium,[],"[{'position_id': 18, 'position': 'Right Attacking Midfield', 'from': '00:00', 'to': '47:36', 'from_period': 1, 'to_period': 2, 'start_reason': 'Starting XI', 'end_reason': 'Substitution - Off (Injury)'}]",3794687,UEFA Euro,2020
3089,Kevin De Bruyne,,7,Belgium,[],"[{'position_id': 18, 'position': 'Right Attacking Midfield', 'from': '00:00', 'to': '69:53', 'from_period': 1, 'to_period': 2, 'start_reason': 'Starting XI', 'end_reason': 'Tactical Shift'}, {'position_id': 9, 'position': 'Right Defensive Midfield', 'from': '69:53', 'to': None, 'from_period': 2, 'to_period': None, 'start_reason': 'Tactical Shift', 'end_reason': 'Final Whistle'}]",3795107,UEFA Euro,2020
5463,Luka Modrić,,10,Croatia,[],"[{'position_id': 13, 'position': 'Right Center Midfield', 'from': '00:00', 'to': '113:02', 'from_period': 1, 'to_period': 4, 'start_reason': 'Starting XI', 'end_reason': 'Substitution - Off (Tactical)'}]",3794686,UEFA Euro,2020
3009,Kylian Mbappé Lottin,Kylian Mbappé,10,France,[],"[{'position_id': 21, 'position': 'Left Wing', 'from': '00:00', 'to': '87:08', 'from_period': 1, 'to_period': 2, 'start_reason': 'Starting XI', 'end_reason': 'Tactical Shift'}, {'position_id': 17, 'position': 'Right Wing', 'from': '87:08', 'to': None, 'from_period': 2, 'to_period': None, 'start_reason': 'Tactical Shift', 'end_reason': 'Final Whistle'}]",3788763,UEFA Euro,2020
5207,Cristiano Ronaldo dos Santos Aveiro,Cristiano Ronaldo,7,Portugal,[],"[{'position_id': 23, 'position': 'Center Forward', 'from': '00:00', 'to': '82:39', 'from_period': 1, 'to_period': 2, 'start_reason': 'Starting XI', 'end_reason': 'Tactical Shift'}, {'position_id': 22, 'position': 'Right Center Forward', 'from': '82:39', 'to': None, 'from_period': 2, 'to_period': None, 'start_reason': 'Tactical Shift', 'end_reason': 'Final Whistle'}]",3788764,UEFA Euro,2020
5668,Robert Lewandowski,,9,Poland,"[{'time': '92:50', 'card_type': 'Yellow Card', 'reason': 'Foul Committed', 'period': 2}]","[{'position_id': 24, 'position': 'Left Center Forward', 'from': '00:00', 'to': '61:58', 'from_period': 1, 'to_period': 2, 'start_reason': 'Starting XI', 'end_reason': 'Tactical Shift'}, {'position_id': 23, 'position': 'Center Forward', 'from': '61:58', 'to': None, 'from_period': 2, 'to_period': None, 'start_reason': 'Tactical Shift', 'end_reason': 'Final Whistle'}]",3788762,UEFA Euro,2020
5463,Luka Modrić,,10,Croatia,[],"[{'position_id': 13, 'position': 'Right Center Midfield', 'from': '00:00', 'to': None, 'from_period': 1, 'to_period': None, 'start_reason': 'Starting XI', 'end_reason': 'Final Whistle'}]",3788771,UEFA Euro,2020
3089,Kevin De Bruyne,,7,Belgium,[],"[{'position_id': 9, 'position': 'Right Defensive Midfield', 'from': '00:00', 'to': '90:29', 'from_period': 1, 'to_period': 2, 'start_reason': 'Starting XI', 'end_reason': 'Substitution - Off (Tactical)'}]",3788768,UEFA Euro,2020
3089,Kevin De Bruyne,,7,Belgium,[],"[{'position_id': 18, 'position': 'Right Attacking Midfield', 'from': '45:00', 'to': None, 'from_period': 2, 'to_period': None, 'start_reason': 'Substitution - On (Tactical)', 'end_reason': 'Final Whistle'}]",3788757,UEFA Euro,2020
5463,Luka Modrić,,10,Croatia,[],"[{'position_id': 13, 'position': 'Right Center Midfield', 'from': '00:00', 'to': None, 'from_period': 1, 'to_period': None, 'start_reason': 'Starting XI', 'end_reason': 'Final Whistle'}]",3788745,UEFA Euro,2020
3009,Kylian Mbappé Lottin,Kylian Mbappé,10,France,[],"[{'position_id': 24, 'position': 'Left Center Forward', 'from': '00:00', 'to': None, 'from_period': 1, 'to_period': None, 'start_reason': 'Starting XI', 'end_reason': 'Final Whistle'}]",3794691,UEFA Euro,2020
5668,Robert Lewandowski,,9,Poland,[],"[{'position_id': 22, 'position': 'Right Center Forward', 'from': '00:00', 'to': None, 'from_period': 1, 'to_period': None, 'start_reason': 'Starting XI', 'end_reason': 'Final Whistle'}]",3788749,UEFA Euro,2020
3009,Kylian Mbappé Lottin,Kylian Mbappé,10,France,[],"[{'position_id': 21, 'position': 'Left Wing', 'from': '00:00', 'to': None, 'from_period': 1, 'to_period': None, 'start_reason': 'Starting XI', 'end_reason': 'Final Whistle'}]",3788751,UEFA Euro,2020
5207,Cristiano Ronaldo dos Santos Aveiro,Cristiano Ronaldo,7,Portugal,[],"[{'position_id': 23, 'position': 'Center Forward', 'from': '00:00', 'to': None, 'from_period': 1, 'to_period': None, 'start_reason': 'Starting XI', 'end_reason': 'Final Whistle'}]",3788752,UEFA Euro,2020
5668,Robert Lewandowski,,9,Poland,[],"[{'position_id': 24, 'position': 'Left Center Forward', 'from': '00:00', 'to': None, 'from_period': 1, 'to_period': None, 'start_reason': 'Starting XI', 'end_reason': 'Final Whistle'}]",3788776,UEFA Euro,2020
