canonical_id,canonical_name,source_dataset,source_column,source_player_name,source_record_count,confidence_tier,updated_at,notes
GOAT000001,Lionel Messi,statistical_match_stats,common_name,Lionel Messi,538,Tier 1 - Exact Match,2026-08-05 17:50:49,
GOAT000001,Lionel Messi,spatial_passing_centrality,common_name,Lionel Messi,538,Tier 1 - Exact Match,2026-08-05 17:50:49,
GOAT000001,Lionel Messi,spatial_passing_centrality,statsbomb_player,Lionel Andrés Messi Cuccittini,538,Tier 3 - Known Alias,2026-08-05 17:50:49,
GOAT000002,Sergio Busquets i Burgos,spatial_passing_centrality,statsbomb_player,Sergio Busquets i Burgos,390,Tier 1 - Exact Match,2026-08-05 17:50:49,
GOAT000004,Gerard Piqué Bernabéu,spatial_passing_centrality,statsbomb_player,Gerard Piqué Bernabéu,337,Tier 1 - Exact Match,2026-08-05 17:50:49,
GOAT000005,Andrés Iniesta Luján,spatial_passing_centrality,statsbomb_player,Andrés Iniesta Luján,335,Tier 1 - Exact Match,2026-08-05 17:50:49,
GOAT000006,Xavier Hernández Creus,spatial_passing_centrality,statsbomb_player,Xavier Hernández Creus,263,Tier 1 - Exact Match,2026-08-05 17:50:49,
GOAT000007,Víctor Valdés Arribas,spatial_passing_centrality,statsbomb_player,Víctor Valdés Arribas,254,Tier 1 - Exact Match,2026-08-05 17:50:49,
GOAT000008,Jordi Alba Ramos,spatial_passing_centrality,statsbomb_player,Jordi Alba Ramos,247,Tier 1 - Exact Match,2026-08-05 17:50:49,
GOAT000010,Daniel Alves da Silva,spatial_passing_centrality,statsbomb_player,Daniel Alves da Silva,234,Tier 1 - Exact Match,2026-08-05 17:50:49,
GOAT000012,Ivan Rakitić,spatial_passing_centrality,statsbomb_player,Ivan Rakitić,208,Tier 1 - Exact Match,2026-08-05 17:50:49,
GOAT000013,Javier Alejandro Mascherano,spatial_passing_centrality,statsbomb_player,Javier Alejandro Mascherano,195,Tier 1 - Exact Match,2026-08-05 17:50:49,
GOAT000014,Luis Alberto Suárez Díaz,spatial_passing_centrality,statsbomb_player,Luis Alberto Suárez Díaz,186,Tier 1 - Exact Match,2026-08-05 17:50:49,
GOAT000016,Pedro Eliezer Rodríguez Ledesma,spatial_passing_centrality,statsbomb_player,Pedro Eliezer Rodríguez Ledesma,182,Tier 1 - Exact Match,2026-08-05 17:50:49,
GOAT000015,Carles Puyol i Saforcada,spatial_passing_centrality,statsbomb_player,Carles Puyol i Saforcada,182,Tier 1 - Exact Match,2026-08-05 17:50:49,
GOAT000017,Sergi Roberto Carnicer,spatial_passing_centrality,statsbomb_player,Sergi Roberto Carnicer,179,Tier 1 - Exact Match,2026-08-05 17:50:49,
GOAT000018,Marc-André ter Stegen,spatial_passing_centrality,statsbomb_player,Marc-André ter Stegen,167,Tier 1 - Exact Match,2026-08-05 17:50:49,
GOAT000003,Neymar,statistical_match_stats,common_name,Neymar,122,Tier 1 - Exact Match,2026-08-05 17:50:49,
GOAT000003,Neymar,spatial_passing_centrality,common_name,Neymar,122,Tier 1 - Exact Match,2026-08-05 17:50:49,
GOAT000003,Neymar,spatial_passing_centrality,statsbomb_player,Neymar da Silva Santos Junior,122,Tier 3 - Known Alias,2026-08-05 17:50:49,
GOAT000020,Adriano Correia Claro,spatial_passing_centrality,statsbomb_player,Adriano Correia Claro,112,Tier 1 - Exact Match,2026-08-05 17:50:49,
GOAT000021,Seydou Kéita,spatial_passing_centrality,statsbomb_player,Seydou Kéita,110,Tier 1 - Exact Match,2026-08-05 17:50:49,
GOAT000022,Antoine Griezmann,spatial_passing_centrality,statsbomb_player,Antoine Griezmann,108,Tier 1 - Exact Match,2026-08-05 17:50:49,
GOAT000023,Eric-Sylvain Bilal Abidal,spatial_passing_centrality,statsbomb_player,Eric-Sylvain Bilal Abidal,104,Tier 1 - Exact Match,2026-08-05 17:50:49,
GOAT000024,Samuel Yves Umtiti,spatial_passing_centrality,statsbomb_player,Samuel Yves Umtiti,91,Tier 1 - Exact Match,2026-08-05 17:50:49,
GOAT000025,Ousmane Dembélé,spatial_passing_centrality,statsbomb_player,Ousmane Dembélé,88,Tier 1 - Exact Match,2026-08-05 17:50:49,
GOAT000026,Rafael Márquez Álvarez,spatial_passing_centrality,statsbomb_player,Rafael Márquez Álvarez,87,Tier 1 - Exact Match,2026-08-05 17:50:49,
GOAT000027,Francesc Fàbregas i Soler,spatial_passing_centrality,statsbomb_player,Francesc Fàbregas i Soler,83,Tier 1 - Exact Match,2026-08-05 17:50:49,
GOAT000028,Gnégnéri Yaya Touré,spatial_passing_centrality,statsbomb_player,Gnégnéri Yaya Touré,82,Tier 1 - Exact Match,2026-08-05 17:50:49,
GOAT000029,Nélson Cabral Semedo,spatial_passing_centrality,statsbomb_player,Nélson Cabral Semedo,81,Tier 1 - Exact Match,2026-08-05 17:50:49,
GOAT000030,Claudio Andrés Bravo Muñoz,spatial_passing_centrality,statsbomb_player,Claudio Andrés Bravo Muñoz,81,Tier 1 - Exact Match,2026-08-05 17:50:49,
GOAT000031,Clément Lenglet,spatial_passing_centrality,statsbomb_player,Clément Lenglet,80,Tier 1 - Exact Match,2026-08-05 17:50:49,
GOAT000032,David Villa Sánchez,spatial_passing_centrality,statsbomb_player,David Villa Sánchez,78,Tier 1 - Exact Match,2026-08-05 17:50:49,
GOAT000034,Samuel Eto''o Fils,spatial_passing_centrality,statsbomb_player,Samuel Eto''o Fils,78,Tier 1 - Exact Match,2026-08-05 17:50:49,
GOAT000035,Bojan Krkíc Pérez,spatial_passing_centrality,statsbomb_player,Bojan Krkíc Pérez,78,Tier 1 - Exact Match,2026-08-05 17:50:49,
GOAT000036,Alexis Alejandro Sánchez Sánchez,spatial_passing_centrality,statsbomb_player,Alexis Alejandro Sánchez Sánchez,77,Tier 1 - Exact Match,2026-08-05 17:50:49,
GOAT000009,Cristiano Ronaldo,statistical_match_stats,common_name,Cristiano Ronaldo,76,Tier 1 - Exact Match,2026-08-05 17:50:49,
GOAT000009,Cristiano Ronaldo,spatial_passing_centrality,common_name,Cristiano Ronaldo,76,Tier 1 - Exact Match,2026-08-05 17:50:49,
GOAT000009,Cristiano Ronaldo,spatial_passing_centrality,statsbomb_player,Cristiano Ronaldo dos Santos Aveiro,76,Tier 3 - Known Alias,2026-08-05 17:50:49,
GOAT000011,Luka Modrić,statistical_match_stats,common_name,Luka Modrić,71,Tier 1 - Exact Match,2026-08-05 17:50:49,
GOAT000011,Luka Modrić,spatial_passing_centrality,statsbomb_player,Luka Modrić,71,Tier 1 - Exact Match,2026-08-05 17:50:49,
GOAT000037,Thierry Henry,spatial_passing_centrality,statsbomb_player,Thierry Henry,66,Tier 1 - Exact Match,2026-08-05 17:50:49,
GOAT000039,Philippe Coutinho Correia,spatial_passing_centrality,statsbomb_player,Philippe Coutinho Correia,65,Tier 1 - Exact Match,2026-08-05 17:50:49,
GOAT000038,Jérémy Mathieu,spatial_passing_centrality,statsbomb_player,Jérémy Mathieu,65,Tier 1 - Exact Match,2026-08-05 17:50:49,
GOAT000040,Arturo Erasmo Vidal Pardo,spatial_passing_centrality,statsbomb_player,Arturo Erasmo Vidal Pardo,60,Tier 1 - Exact Match,2026-08-05 17:50:49,
GOAT000041,Ronaldo de Assis Moreira,spatial_passing_centrality,statsbomb_player,Ronaldo de Assis Moreira,59,Tier 1 - Exact Match,2026-08-05 17:50:49,
GOAT000042,Frenkie de Jong,spatial_passing_centrality,statsbomb_player,Frenkie de Jong,59,Tier 1 - Exact Match,2026-08-05 17:50:49,
GOAT000043,Thiago Alcântara do Nascimento,spatial_passing_centrality,statsbomb_player,Thiago Alcântara do Nascimento,58,Tier 1 - Exact Match,2026-08-05 17:50:49,
GOAT000044,Raphaël Varane,spatial_passing_centrality,statsbomb_player,Raphaël Varane,57,Tier 1 - Exact Match,2026-08-05 17:50:49,
GOAT000045,Anderson Luís de Souza,spatial_passing_centrality,statsbomb_player,Anderson Luís de Souza,56,Tier 1 - Exact Match,2026-08-05 17:50:49,
GOAT000046,Karim Benzema,spatial_passing_centrality,statsbomb_player,Karim Benzema,56,Tier 1 - Exact Match,2026-08-05 17:50:49,
GOAT000048,Cristian Tello Herrera,spatial_passing_centrality,statsbomb_player,Cristian Tello Herrera,55,Tier 1 - Exact Match,2026-08-05 17:50:49,
GOAT000047,Marcelo Vieira da Silva Júnior,spatial_passing_centrality,statsbomb_player,Marcelo Vieira da Silva Júnior,55,Tier 1 - Exact Match,2026-08-05 17:50:49,
GOAT000050,Marc Bartra Aregall,spatial_passing_centrality,statsbomb_player,Marc Bartra Aregall,54,Tier 1 - Exact Match,2026-08-05 17:50:49,
GOAT000049,Sergio Ramos García,spatial_passing_centrality,statsbomb_player,Sergio Ramos García,54,Tier 1 - Exact Match,2026-08-05 17:50:49,
GOAT000051,Denis Suárez Fernández,spatial_passing_centrality,statsbomb_player,Denis Suárez Fernández,51,Tier 1 - Exact Match,2026-08-05 17:50:49,
GOAT000052,Kléper Laveran Lima Ferreira,spatial_passing_centrality,statsbomb_player,Kléper Laveran Lima Ferreira,50,Tier 1 - Exact Match,2026-08-05 17:50:49,
GOAT000053,Maxwell Scherrer Cabelino Andrade,spatial_passing_centrality,statsbomb_player,Maxwell Scherrer Cabelino Andrade,50,Tier 1 - Exact Match,2026-08-05 17:50:49,
GOAT000054,Eiður Smári Guðjohnsen,spatial_passing_centrality,statsbomb_player,Eiður Smári Guðjohnsen,49,Tier 1 - Exact Match,2026-08-05 17:50:49,
GOAT000055,Rafael Alcântara do Nascimento,spatial_passing_centrality,statsbomb_player,Rafael Alcântara do Nascimento,48,Tier 1 - Exact Match,2026-08-05 17:50:49,
GOAT000060,Oleguer Presas Renom,spatial_passing_centrality,statsbomb_player,Oleguer Presas Renom,47,Tier 1 - Exact Match,2026-08-05 17:50:49,
GOAT000057,Mateo Kovačić,spatial_passing_centrality,statsbomb_player,Mateo Kovačić,47,Tier 1 - Exact Match,2026-08-05 17:50:49,
GOAT000059,Francisco Román Alarcón Suárez,spatial_passing_centrality,statsbomb_player,Francisco Román Alarcón Suárez,47,Tier 1 - Exact Match,2026-08-05 17:50:49,
GOAT000058,Toni Kroos,spatial_passing_centrality,statsbomb_player,Toni Kroos,47,Tier 1 - Exact Match,2026-08-05 17:50:49,
GOAT000061,André Filipe Tavares Gomes,spatial_passing_centrality,statsbomb_player,André Filipe Tavares Gomes,46,Tier 1 - Exact Match,2026-08-05 17:50:49,
GOAT000062,Jesús Navas González,spatial_passing_centrality,statsbomb_player,Jesús Navas González,45,Tier 1 - Exact Match,2026-08-05 17:50:49,
GOAT000063,Keylor Navas Gamboa,spatial_passing_centrality,statsbomb_player,Keylor Navas Gamboa,44,Tier 1 - Exact Match,2026-08-05 17:50:49,
GOAT000064,Gabriel Alejandro Milito,spatial_passing_centrality,statsbomb_player,Gabriel Alejandro Milito,43,Tier 1 - Exact Match,2026-08-05 17:50:49,
GOAT000066,Gianluca Zambrotta,spatial_passing_centrality,statsbomb_player,Gianluca Zambrotta,43,Tier 1 - Exact Match,2026-08-05 17:50:49,
GOAT000065,Martin Braithwaite Christensen,spatial_passing_centrality,statsbomb_player,Martin Braithwaite Christensen,43,Tier 1 - Exact Match,2026-08-05 17:50:49,
GOAT000019,Kevin De Bruyne,statistical_match_stats,common_name,Kevin De Bruyne,42,Tier 1 - Exact Match,2026-08-05 17:50:49,
GOAT000019,Kevin De Bruyne,spatial_passing_centrality,statsbomb_player,Kevin De Bruyne,42,Tier 1 - Exact Match,2026-08-05 17:50:49,
GOAT000069,Sylvio Mendes Campos Junior,spatial_passing_centrality,statsbomb_player,Sylvio Mendes Campos Junior,42,Tier 1 - Exact Match,2026-08-05 17:50:49,
GOAT000067,Francisco Alcácer García,spatial_passing_centrality,statsbomb_player,Francisco Alcácer García,42,Tier 1 - Exact Match,2026-08-05 17:50:49,
GOAT000068,Carlos Henrique Casimiro,spatial_passing_centrality,statsbomb_player,Carlos Henrique Casimiro,42,Tier 1 - Exact Match,2026-08-05 17:50:49,
GOAT000072,José Edmílson Gomes de Moraes,spatial_passing_centrality,statsbomb_player,José Edmílson Gomes de Moraes,41,Tier 1 - Exact Match,2026-08-05 17:50:49,
GOAT000071,Arda Turan,spatial_passing_centrality,statsbomb_player,Arda Turan,41,Tier 1 - Exact Match,2026-08-05 17:50:49,
GOAT000070,Arthur Henrique Ramos de Oliveira Melo,spatial_passing_centrality,statsbomb_player,Arthur Henrique Ramos de Oliveira Melo,41,Tier 1 - Exact Match,2026-08-05 17:50:49,
GOAT000073,Nicolás Hernán Otamendi,spatial_passing_centrality,statsbomb_player,Nicolás Hernán Otamendi,40,Tier 1 - Exact Match,2026-08-05 17:50:49,
GOAT000074,Martín Montoya Torralbo,spatial_passing_centrality,statsbomb_player,Martín Montoya Torralbo,40,Tier 1 - Exact Match,2026-08-05 17:50:49,
GOAT000075,Munir El Haddadi Mohamed,spatial_passing_centrality,statsbomb_player,Munir El Haddadi Mohamed,39,Tier 1 - Exact Match,2026-08-05 17:50:49,
GOAT000078,José Paulo Bezzera Maciel Júnior,spatial_passing_centrality,statsbomb_player,José Paulo Bezzera Maciel Júnior,38,Tier 1 - Exact Match,2026-08-05 17:50:49,
GOAT000077,Thomas Vermaelen,spatial_passing_centrality,statsbomb_player,Thomas Vermaelen,38,Tier 1 - Exact Match,2026-08-05 17:50:49,
GOAT000076,Pedro González López,spatial_passing_centrality,statsbomb_player,Pedro González López,38,Tier 1 - Exact Match,2026-08-05 17:50:49,
GOAT000079,Daniel Carvajal Ramos,spatial_passing_centrality,statsbomb_player,Daniel Carvajal Ramos,37,Tier 1 - Exact Match,2026-08-05 17:50:49,
GOAT000080,Gareth Frank Bale,spatial_passing_centrality,statsbomb_player,Gareth Frank Bale,35,Tier 1 - Exact Match,2026-08-05 17:50:49,
GOAT000081,Aleix Vidal Parreu,spatial_passing_centrality,statsbomb_player,Aleix Vidal Parreu,34,Tier 1 - Exact Match,2026-08-05 17:50:49,
GOAT000082,Lucas Vázquez Iglesias,spatial_passing_centrality,statsbomb_player,Lucas Vázquez Iglesias,34,Tier 1 - Exact Match,2026-08-05 17:50:49,
GOAT000084,Jesé Rodríguez Ruiz,spatial_passing_centrality,statsbomb_player,Jesé Rodríguez Ruiz,32,Tier 1 - Exact Match,2026-08-05 17:50:49,
GOAT000083,Giovanni van Bronckhorst,spatial_passing_centrality,statsbomb_player,Giovanni van Bronckhorst,32,Tier 1 - Exact Match,2026-08-05 17:50:49,
GOAT000085,Sergio Leonel Agüero del Castillo,spatial_passing_centrality,statsbomb_player,Sergio Leonel Agüero del Castillo,31,Tier 1 - Exact Match,2026-08-05 17:50:49,
GOAT000086,James David Rodríguez Rubio,spatial_passing_centrality,statsbomb_player,James David Rodríguez Rubio,30,Tier 1 - Exact Match,2026-08-05 17:50:49,
GOAT000087,Alexandre Dimitri Song-Billong,spatial_passing_centrality,statsbomb_player,Alexandre Dimitri Song-Billong,30,Tier 1 - Exact Match,2026-08-05 17:50:49,
GOAT000089,Danilo Luiz da Silva,spatial_passing_centrality,statsbomb_player,Danilo Luiz da Silva,29,Tier 1 - Exact Match,2026-08-05 17:50:49,
GOAT000088,Lilian Thuram,spatial_passing_centrality,statsbomb_player,Lilian Thuram,29,Tier 1 - Exact Match,2026-08-05 17:50:49,
GOAT000091,Anssumane Fati,spatial_passing_centrality,statsbomb_player,Anssumane Fati,28,Tier 1 - Exact Match,2026-08-05 17:50:49,
GOAT000092,Ludovic Giuly,spatial_passing_centrality,statsbomb_player,Ludovic Giuly,28,Tier 1 - Exact Match,2026-08-05 17:50:49,
GOAT000093,Lucas Digne,spatial_passing_centrality,statsbomb_player,Lucas Digne,28,Tier 1 - Exact Match,2026-08-05 17:50:49,
GOAT000090,Sergino Dest,spatial_passing_centrality,statsbomb_player,Sergino Dest,28,Tier 1 - Exact Match,2026-08-05 17:50:49,
GOAT000094,Thibaut Courtois,spatial_passing_centrality,statsbomb_player,Thibaut Courtois,27,Tier 1 - Exact Match,2026-08-05 17:50:49,
GOAT000096,Diego Roberto Godín Leal,spatial_passing_centrality,statsbomb_player,Diego Roberto Godín Leal,27,Tier 1 - Exact Match,2026-08-05 17:50:49,
GOAT000095,Ronald Federico Araújo da Silva,spatial_passing_centrality,statsbomb_player,Ronald Federico Araújo da Silva,27,Tier 1 - Exact Match,2026-08-05 17:50:49,
GOAT000098,Jorge Resurrección Merodio,spatial_passing_centrality,statsbomb_player,Jorge Resurrección Merodio,26,Tier 1 - Exact Match,2026-08-05 17:50:49,
GOAT000097,Zlatan Ibrahimović,spatial_passing_centrality,statsbomb_player,Zlatan Ibrahimović,26,Tier 1 - Exact Match,2026-08-05 17:50:49,
GOAT000102,Raúl García Escudero,spatial_passing_centrality,statsbomb_player,Raúl García Escudero,25,Tier 1 - Exact Match,2026-08-05 17:50:49,
GOAT000100,Francisco António Machado Mota de Castro Trincão,spatial_passing_centrality,statsbomb_player,Francisco António Machado Mota de Castro Trincão,25,Tier 1 - Exact Match,2026-08-05 17:50:49,
GOAT000099,José Manuel Pinto Colorado,spatial_passing_centrality,statsbomb_player,José Manuel Pinto Colorado,25,Tier 1 - Exact Match,2026-08-05 17:50:49,
GOAT000101,José Ignacio Fernández Iglesias,spatial_passing_centrality,statsbomb_player,José Ignacio Fernández Iglesias,25,Tier 1 - Exact Match,2026-08-05 17:50:49,
GOAT000103,Gabriel Fernández Arenas,spatial_passing_centrality,statsbomb_player,Gabriel Fernández Arenas,24,Tier 1 - Exact Match,2026-08-05 17:50:49,
GOAT000105,Óscar Mingueza García,spatial_passing_centrality,statsbomb_player,Óscar Mingueza García,24,Tier 1 - Exact Match,2026-08-05 17:50:49,
GOAT000104,Carles Aleña Castillo,spatial_passing_centrality,statsbomb_player,Carles Aleña Castillo,24,Tier 1 - Exact Match,2026-08-05 17:50:49,
GOAT000033,Kylian Mbappé,statistical_match_stats,common_name,Kylian Mbappé,23,Tier 1 - Exact Match,2026-08-05 17:50:49,
GOAT000033,Kylian Mbappé,spatial_passing_centrality,common_name,Kylian Mbappé,23,Tier 1 - Exact Match,2026-08-05 17:50:49,
GOAT000033,Kylian Mbappé,spatial_passing_centrality,statsbomb_player,Kylian Mbappé Lottin,23,Tier 3 - Known Alias,2026-08-05 17:50:49,
GOAT000107,Joe Hart,spatial_passing_centrality,statsbomb_player,Joe Hart,23,Tier 1 - Exact Match,2026-08-05 17:50:49,
GOAT000106,Raheem Sterling,spatial_passing_centrality,statsbomb_player,Raheem Sterling,23,Tier 1 - Exact Match,2026-08-05 17:50:49,
GOAT000108,Giovani dos Santos Ramírez,spatial_passing_centrality,statsbomb_player,Giovani dos Santos Ramírez,22,Tier 1 - Exact Match,2026-08-05 17:50:49,
GOAT000112,Yannick Ferreira Carrasco,spatial_passing_centrality,statsbomb_player,Yannick Ferreira Carrasco,22,Tier 1 - Exact Match,2026-08-05 17:50:49,
GOAT000111,Juan Francisco Torres Belén,spatial_passing_centrality,statsbomb_player,Juan Francisco Torres Belén,22,Tier 1 - Exact Match,2026-08-05 17:50:49,
GOAT000109,Ricard Puig Martí,spatial_passing_centrality,statsbomb_player,Ricard Puig Martí,22,Tier 1 - Exact Match,2026-08-05 17:50:49,
GOAT000110,Fernando Francisco Reges,spatial_passing_centrality,statsbomb_player,Fernando Francisco Reges,22,Tier 1 - Exact Match,2026-08-05 17:50:49,
GOAT000113,David Josué Jiménez Silva,spatial_passing_centrality,statsbomb_player,David Josué Jiménez Silva,22,Tier 1 - Exact Match,2026-08-05 17:50:49,
GOAT000114,Filipe Luís Kasmirski,spatial_passing_centrality,statsbomb_player,Filipe Luís Kasmirski,22,Tier 1 - Exact Match,2026-08-05 17:50:49,
GOAT000118,Víctor Sánchez Mata,spatial_passing_centrality,statsbomb_player,Víctor Sánchez Mata,21,Tier 1 - Exact Match,2026-08-05 17:50:49,
GOAT000115,Héctor Junior Firpo Adames,spatial_passing_centrality,statsbomb_player,Héctor Junior Firpo Adames,21,Tier 1 - Exact Match,2026-08-05 17:50:49,
GOAT000121,Juliano Haus Belletti,spatial_passing_centrality,statsbomb_player,Juliano Haus Belletti,21,Tier 1 - Exact Match,2026-08-05 17:50:49,
GOAT000116,Andrej Kramarić,spatial_passing_centrality,statsbomb_player,Andrej Kramarić,21,Tier 1 - Exact Match,2026-08-05 17:50:49,
GOAT000119,Éver Maximiliano David Banega,spatial_passing_centrality,statsbomb_player,Éver Maximiliano David Banega,21,Tier 1 - Exact Match,2026-08-05 17:50:49,
GOAT000117,Ángel Fabián Di María Hernández,spatial_passing_centrality,statsbomb_player,Ángel Fabián Di María Hernández,21,Tier 1 - Exact Match,2026-08-05 17:50:49,
GOAT000120,Aleksandar Kolarov,spatial_passing_centrality,statsbomb_player,Aleksandar Kolarov,21,Tier 1 - Exact Match,2026-08-05 17:50:49,
GOAT000125,Ibrahim Afellay,spatial_passing_centrality,statsbomb_player,Ibrahim Afellay,20,Tier 1 - Exact Match,2026-08-05 17:50:49,
GOAT000127,Sandro Ramírez Castillo,spatial_passing_centrality,statsbomb_player,Sandro Ramírez Castillo,20,Tier 1 - Exact Match,2026-08-05 17:50:49,
GOAT000123,Fernando Luiz Rosa,spatial_passing_centrality,statsbomb_player,Fernando Luiz Rosa,20,Tier 1 - Exact Match,2026-08-05 17:50:49,
GOAT000126,Markel Susaeta Laskurain,spatial_passing_centrality,statsbomb_player,Markel Susaeta Laskurain,20,Tier 1 - Exact Match,2026-08-05 17:50:49,
GOAT000130,Ivan Perišić,spatial_passing_centrality,statsbomb_player,Ivan Perišić,20,Tier 1 - Exact Match,2026-08-05 17:50:49,
GOAT000122,Óscar de Marcos Arana,spatial_passing_centrality,statsbomb_player,Óscar de Marcos Arana,20,Tier 1 - Exact Match,2026-08-05 17:50:49,
GOAT000129,Bacary Sagna,spatial_passing_centrality,statsbomb_player,Bacary Sagna,20,Tier 1 - Exact Match,2026-08-05 17:50:49,
GOAT000124,Daniel Parejo Muñoz,spatial_passing_centrality,statsbomb_player,Daniel Parejo Muñoz,20,Tier 1 - Exact Match,2026-08-05 17:50:49,
GOAT000128,Olivier Giroud,spatial_passing_centrality,statsbomb_player,Olivier Giroud,20,Tier 1 - Exact Match,2026-08-05 17:50:49,
GOAT000131,Xabier Prieto Argarate,spatial_passing_centrality,statsbomb_player,Xabier Prieto Argarate,19,Tier 1 - Exact Match,2026-08-05 17:50:49,
GOAT000137,Gorka Iraizoz Moreno,spatial_passing_centrality,statsbomb_player,Gorka Iraizoz Moreno,19,Tier 1 - Exact Match,2026-08-05 17:50:49,
GOAT000132,Kelechi Promise Iheanacho,spatial_passing_centrality,statsbomb_player,Kelechi Promise Iheanacho,19,Tier 1 - Exact Match,2026-08-05 17:50:49,
GOAT000136,Fernando Navarro i Corbacho,spatial_passing_centrality,statsbomb_player,Fernando Navarro i Corbacho,19,Tier 1 - Exact Match,2026-08-05 17:50:49,
GOAT000134,Marcelo Brozović,spatial_passing_centrality,statsbomb_player,Marcelo Brozović,19,Tier 1 - Exact Match,2026-08-05 17:50:49,
GOAT000135,Eliaquim Mangala,spatial_passing_centrality,statsbomb_player,Eliaquim Mangala,19,Tier 1 - Exact Match,2026-08-05 17:50:49,
GOAT000138,Aritz Aduriz Zubeldia,spatial_passing_centrality,statsbomb_player,Aritz Aduriz Zubeldia,19,Tier 1 - Exact Match,2026-08-05 17:50:49,
GOAT000141,Papa Kouly Diop,spatial_passing_centrality,statsbomb_player,Papa Kouly Diop,18,Tier 1 - Exact Match,2026-08-05 17:50:49,
GOAT000144,Miralem Pjanić,spatial_passing_centrality,statsbomb_player,Miralem Pjanić,18,Tier 1 - Exact Match,2026-08-05 17:50:49,
GOAT000143,Víctor Ruíz Torre,spatial_passing_centrality,statsbomb_player,Víctor Ruíz Torre,18,Tier 1 - Exact Match,2026-08-05 17:50:49,
GOAT000146,Alexis Ruano Delgado,spatial_passing_centrality,statsbomb_player,Alexis Ruano Delgado,18,Tier 1 - Exact Match,2026-08-05 17:50:49,
GOAT000140,Juan Isaac Cuenca López,spatial_passing_centrality,statsbomb_player,Juan Isaac Cuenca López,18,Tier 1 - Exact Match,2026-08-05 17:50:49,
GOAT000139,Fabián Ariel Orellana Valenzuela,spatial_passing_centrality,statsbomb_player,Fabián Ariel Orellana Valenzuela,18,Tier 1 - Exact Match,2026-08-05 17:50:49,
GOAT000142,Wilfried Guemiand Bony,spatial_passing_centrality,statsbomb_player,Wilfried Guemiand Bony,18,Tier 1 - Exact Match,2026-08-05 17:50:49,
GOAT000145,Sergio Canales Madrazo,spatial_passing_centrality,statsbomb_player,Sergio Canales Madrazo,18,Tier 1 - Exact Match,2026-08-05 17:50:49,
GOAT000154,Roberto Soldado Rillo,spatial_passing_centrality,statsbomb_player,Roberto Soldado Rillo,17,Tier 1 - Exact Match,2026-08-05 17:50:49,
GOAT000156,Sergio Asenjo Andrés,spatial_passing_centrality,statsbomb_player,Sergio Asenjo Andrés,17,Tier 1 - Exact Match,2026-08-05 17:50:49,
GOAT000152,Adrián López Álvarez,spatial_passing_centrality,statsbomb_player,Adrián López Álvarez,17,Tier 1 - Exact Match,2026-08-05 17:50:49,
GOAT000153,Jonathan dos Santos Ramírez,spatial_passing_centrality,statsbomb_player,Jonathan dos Santos Ramírez,17,Tier 1 - Exact Match,2026-08-05 17:50:49,
GOAT000147,Martín Gastón Demichelis,spatial_passing_centrality,statsbomb_player,Martín Gastón Demichelis,17,Tier 1 - Exact Match,2026-08-05 17:50:49,
GOAT000150,Thiago Motta,spatial_passing_centrality,statsbomb_player,Thiago Motta,17,Tier 1 - Exact Match,2026-08-05 17:50:49,
GOAT000158,Dejan Lovren,spatial_passing_centrality,statsbomb_player,Dejan Lovren,17,Tier 1 - Exact Match,2026-08-05 17:50:49,
GOAT000151,Diego López Rodríguez,spatial_passing_centrality,statsbomb_player,Diego López Rodríguez,17,Tier 1 - Exact Match,2026-08-05 17:50:49,
GOAT000159,Hugo Lloris,spatial_passing_centrality,statsbomb_player,Hugo Lloris,17,Tier 1 - Exact Match,2026-08-05 17:50:49,
GOAT000157,Idriss Carlos Kameni,spatial_passing_centrality,statsbomb_player,Idriss Carlos Kameni,17,Tier 1 - Exact Match,2026-08-05 17:50:49,
GOAT000149,Romelu Lukaku Menama,spatial_passing_centrality,statsbomb_player,Romelu Lukaku Menama,17,Tier 1 - Exact Match,2026-08-05 17:50:49,
GOAT000155,Jan Oblak,spatial_passing_centrality,statsbomb_player,Jan Oblak,17,Tier 1 - Exact Match,2026-08-05 17:50:49,
GOAT000148,Bernardo Mota Veiga de Carvalho e Silva,spatial_passing_centrality,statsbomb_player,Bernardo Mota Veiga de Carvalho e Silva,17,Tier 1 - Exact Match,2026-08-05 17:50:49,
GOAT000162,Beñat Etxebarria Urkiaga,spatial_passing_centrality,statsbomb_player,Beñat Etxebarria Urkiaga,16,Tier 1 - Exact Match,2026-08-05 17:50:49,
GOAT000169,Jeffren Isaac Suárez Bermúdez,spatial_passing_centrality,statsbomb_player,Jeffren Isaac Suárez Bermúdez,16,Tier 1 - Exact Match,2026-08-05 17:50:49,
GOAT000173,Nicolás Alejandro Tagliafico,spatial_passing_centrality,statsbomb_player,Nicolás Alejandro Tagliafico,16,Tier 1 - Exact Match,2026-08-05 17:50:49,
GOAT000166,Joaquín Sánchez Rodríguez,spatial_passing_centrality,statsbomb_player,Joaquín Sánchez Rodríguez,16,Tier 1 - Exact Match,2026-08-05 17:50:49,
GOAT000171,Mikel Oyarzabal Ugarte,spatial_passing_centrality,statsbomb_player,Mikel Oyarzabal Ugarte,16,Tier 1 - Exact Match,2026-08-05 17:50:49,
GOAT000160,Mario Gaspar Pérez Martínez,spatial_passing_centrality,statsbomb_player,Mario Gaspar Pérez Martínez,16,Tier 1 - Exact Match,2026-08-05 17:50:49,
GOAT000168,Jan Vertonghen,spatial_passing_centrality,statsbomb_player,Jan Vertonghen,16,Tier 1 - Exact Match,2026-08-05 17:50:49,
GOAT000165,Íñigo Martínez Berridi,spatial_passing_centrality,statsbomb_player,Íñigo Martínez Berridi,16,Tier 1 - Exact Match,2026-08-05 17:50:49,
GOAT000161,Bruno Soriano Llido,spatial_passing_centrality,statsbomb_player,Bruno Soriano Llido,16,Tier 1 - Exact Match,2026-08-05 17:50:49,
GOAT000167,Saúl Ñíguez Esclapez,spatial_passing_centrality,statsbomb_player,Saúl Ñíguez Esclapez,16,Tier 1 - Exact Match,2026-08-05 17:50:49,
GOAT000170,Iker Casillas Fernández,spatial_passing_centrality,statsbomb_player,Iker Casillas Fernández,16,Tier 1 - Exact Match,2026-08-05 17:50:49,
GOAT000172,Diego Alves Carreira,spatial_passing_centrality,statsbomb_player,Diego Alves Carreira,16,Tier 1 - Exact Match,2026-08-05 17:50:49,
GOAT000164,Diego da Silva Costa,spatial_passing_centrality,statsbomb_player,Diego da Silva Costa,16,Tier 1 - Exact Match,2026-08-05 17:50:49,
GOAT000163,Jules Koundé,spatial_passing_centrality,statsbomb_player,Jules Koundé,16,Tier 1 - Exact Match,2026-08-05 17:50:49,
GOAT000182,Rodrigo Javier De Paul,spatial_passing_centrality,statsbomb_player,Rodrigo Javier De Paul,15,Tier 1 - Exact Match,2026-08-05 17:50:49,
GOAT000176,Vicente Iborra De La Fuente,spatial_passing_centrality,statsbomb_player,Vicente Iborra De La Fuente,15,Tier 1 - Exact Match,2026-08-05 17:50:49,
GOAT000177,Fabian Delph,spatial_passing_centrality,statsbomb_player,Fabian Delph,15,Tier 1 - Exact Match,2026-08-05 17:50:49,
GOAT000186,José Martín Cáceres Silva,spatial_passing_centrality,statsbomb_player,José Martín Cáceres Silva,15,Tier 1 - Exact Match,2026-08-05 17:50:49,
GOAT000178,Javier Fuego Martínez,spatial_passing_centrality,statsbomb_player,Javier Fuego Martínez,15,Tier 1 - Exact Match,2026-08-05 17:50:49,
GOAT000175,Iker Muniain Goñi,spatial_passing_centrality,statsbomb_player,Iker Muniain Goñi,15,Tier 1 - Exact Match,2026-08-05 17:50:49,
GOAT000185,Sergio García De La Fuente,spatial_passing_centrality,statsbomb_player,Sergio García De La Fuente,15,Tier 1 - Exact Match,2026-08-05 17:50:49,
GOAT000184,Adrien Rabiot,spatial_passing_centrality,statsbomb_player,Adrien Rabiot,15,Tier 1 - Exact Match,2026-08-05 17:50:49,
GOAT000180,Álvaro Arbeloa Coca,spatial_passing_centrality,statsbomb_player,Álvaro Arbeloa Coca,15,Tier 1 - Exact Match,2026-08-05 17:50:49,
GOAT000133,N'Golo Kanté,spatial_passing_centrality,statsbomb_player,N'Golo Kanté,15,Tier 1 - Exact Match,2026-08-05 17:50:49,
GOAT000179,Manuel Agudo Durán,spatial_passing_centrality,statsbomb_player,Manuel Agudo Durán,15,Tier 1 - Exact Match,2026-08-05 17:50:49,
GOAT000174,Pablo Sarabia García,spatial_passing_centrality,statsbomb_player,Pablo Sarabia García,15,Tier 1 - Exact Match,2026-08-05 17:50:49,
GOAT000183,Theo Bernard François Hernández,spatial_passing_centrality,statsbomb_player,Theo Bernard François Hernández,15,Tier 1 - Exact Match,2026-08-05 17:50:49,
GOAT000181,Fernando Llorente Torres,spatial_passing_centrality,statsbomb_player,Fernando Llorente Torres,15,Tier 1 - Exact Match,2026-08-05 17:50:49,
GOAT000203,Joško Gvardiol,spatial_passing_centrality,statsbomb_player,Joško Gvardiol,14,Tier 1 - Exact Match,2026-08-05 17:50:49,
GOAT000188,José Andrés Guardado Hernández,spatial_passing_centrality,statsbomb_player,José Andrés Guardado Hernández,14,Tier 1 - Exact Match,2026-08-05 17:50:49,
GOAT000207,Hugo Mallo Novegil,spatial_passing_centrality,statsbomb_player,Hugo Mallo Novegil,14,Tier 1 - Exact Match,2026-08-05 17:50:49,
GOAT000195,Javier López Rodríguez,spatial_passing_centrality,statsbomb_player,Javier López Rodríguez,14,Tier 1 - Exact Match,2026-08-05 17:50:49,
GOAT000208,Iago Aspas Juncal,spatial_passing_centrality,statsbomb_player,Iago Aspas Juncal,14,Tier 1 - Exact Match,2026-08-05 17:50:49,
GOAT000194,Grzegorz Krychowiak,spatial_passing_centrality,statsbomb_player,Grzegorz Krychowiak,14,Tier 1 - Exact Match,2026-08-05 17:50:49,
GOAT000201,João Pedro Cavaco Cancelo,spatial_passing_centrality,statsbomb_player,João Pedro Cavaco Cancelo,14,Tier 1 - Exact Match,2026-08-05 17:50:49,
GOAT000192,Carlos Alberto Vela Garrido,spatial_passing_centrality,statsbomb_player,Carlos Alberto Vela Garrido,14,Tier 1 - Exact Match,2026-08-05 17:50:49,
GOAT000196,Bruno Miguel Borges Fernandes,spatial_passing_centrality,statsbomb_player,Bruno Miguel Borges Fernandes,14,Tier 1 - Exact Match,2026-08-05 17:50:49,
GOAT000209,William Silva de Carvalho,spatial_passing_centrality,statsbomb_player,William Silva de Carvalho,14,Tier 1 - Exact Match,2026-08-05 17:50:49,
GOAT000190,Pedro León Sánchez Gil,spatial_passing_centrality,statsbomb_player,Pedro León Sánchez Gil,14,Tier 1 - Exact Match,2026-08-05 17:50:49,
GOAT000191,Juan Antonio Rodríguez Villamuela,spatial_passing_centrality,statsbomb_player,Juan Antonio Rodríguez Villamuela,14,Tier 1 - Exact Match,2026-08-05 17:50:49,
GOAT000193,Manuel Trigueros Muñoz,spatial_passing_centrality,statsbomb_player,Manuel Trigueros Muñoz,14,Tier 1 - Exact Match,2026-08-05 17:50:49,
GOAT000211,Kevin Gameiro,spatial_passing_centrality,statsbomb_player,Kevin Gameiro,14,Tier 1 - Exact Match,2026-08-05 17:50:49,
GOAT000198,Francisco Puñal Martínez,spatial_passing_centrality,statsbomb_player,Francisco Puñal Martínez,14,Tier 1 - Exact Match,2026-08-05 17:50:49,
GOAT000205,Ander Iturraspe Derteano,spatial_passing_centrality,statsbomb_player,Ander Iturraspe Derteano,14,Tier 1 - Exact Match,2026-08-05 17:50:49,
GOAT000197,Pablo Daniel Piatti,spatial_passing_centrality,statsbomb_player,Pablo Daniel Piatti,14,Tier 1 - Exact Match,2026-08-05 17:50:49,
GOAT000199,Daniel García Carrillo,spatial_passing_centrality,statsbomb_player,Daniel García Carrillo,14,Tier 1 - Exact Match,2026-08-05 17:50:49,
GOAT000189,Dominik Livaković,spatial_passing_centrality,statsbomb_player,Dominik Livaković,14,Tier 1 - Exact Match,2026-08-05 17:50:49,
GOAT000206,Mehdi Lacen,spatial_passing_centrality,statsbomb_player,Mehdi Lacen,14,Tier 1 - Exact Match,2026-08-05 17:50:49,
GOAT000200,Mario Pašalić,spatial_passing_centrality,statsbomb_player,Mario Pašalić,14,Tier 1 - Exact Match,2026-08-05 17:50:49,
GOAT000202,Toby Alderweireld,spatial_passing_centrality,statsbomb_player,Toby Alderweireld,14,Tier 1 - Exact Match,2026-08-05 17:50:49,
GOAT000210,Nabil El Zhar,spatial_passing_centrality,statsbomb_player,Nabil El Zhar,14,Tier 1 - Exact Match,2026-08-05 17:50:49,
GOAT000204,Mikel Balenziaga Oruesagasti,spatial_passing_centrality,statsbomb_player,Mikel Balenziaga Oruesagasti,14,Tier 1 - Exact Match,2026-08-05 17:50:49,
GOAT000187,Rubén Gracia Calmache,spatial_passing_centrality,statsbomb_player,Rubén Gracia Calmache,14,Tier 1 - Exact Match,2026-08-05 17:50:49,
GOAT000056,Robert Lewandowski,statistical_match_stats,common_name,Robert Lewandowski,13,Tier 1 - Exact Match,2026-08-05 17:50:49,
GOAT000056,Robert Lewandowski,spatial_passing_centrality,statsbomb_player,Robert Lewandowski,13,Tier 1 - Exact Match,2026-08-05 17:50:49,
GOAT000233,Aymeric Laporte,spatial_passing_centrality,statsbomb_player,Aymeric Laporte,13,Tier 1 - Exact Match,2026-08-05 17:50:49,
GOAT000231,Axel Witsel,spatial_passing_centrality,statsbomb_player,Axel Witsel,13,Tier 1 - Exact Match,2026-08-05 17:50:49,
GOAT000221,Rubén Castro Martín,spatial_passing_centrality,statsbomb_player,Rubén Castro Martín,13,Tier 1 - Exact Match,2026-08-05 17:50:49,
GOAT000222,Rubén Salvador Pérez Del Mármol,spatial_passing_centrality,statsbomb_player,Rubén Salvador Pérez Del Mármol,13,Tier 1 - Exact Match,2026-08-05 17:50:49,
GOAT000223,Santiago Mina Lorenzo,spatial_passing_centrality,statsbomb_player,Santiago Mina Lorenzo,13,Tier 1 - Exact Match,2026-08-05 17:50:49,
GOAT000234,Adrián González Morales,spatial_passing_centrality,statsbomb_player,Adrián González Morales,13,Tier 1 - Exact Match,2026-08-05 17:50:49,
GOAT000226,Tiago Cardoso Mendes,spatial_passing_centrality,statsbomb_player,Tiago Cardoso Mendes,13,Tier 1 - Exact Match,2026-08-05 17:50:49,
GOAT000238,Moriba Kourouma Kourouma,spatial_passing_centrality,statsbomb_player,Moriba Kourouma Kourouma,13,Tier 1 - Exact Match,2026-08-05 17:50:49,
GOAT000236,Malcom Filipe Silva de Oliveira,spatial_passing_centrality,statsbomb_player,Malcom Filipe Silva de Oliveira,13,Tier 1 - Exact Match,2026-08-05 17:50:49,
GOAT000212,Damián Emiliano Martínez,spatial_passing_centrality,statsbomb_player,Damián Emiliano Martínez,13,Tier 1 - Exact Match,2026-08-05 17:50:49,
GOAT000239,Mikel San José Domínguez,spatial_passing_centrality,statsbomb_player,Mikel San José Domínguez,13,Tier 1 - Exact Match,2026-08-05 17:50:49,
GOAT000241,Sérgio Paulo Barbosa Valente,spatial_passing_centrality,statsbomb_player,Sérgio Paulo Barbosa Valente,13,Tier 1 - Exact Match,2026-08-05 17:50:49,
GOAT000228,Álvaro González Soberón,spatial_passing_centrality,statsbomb_player,Álvaro González Soberón,13,Tier 1 - Exact Match,2026-08-05 17:50:49,
GOAT000227,José Luis García del Pozo,spatial_passing_centrality,statsbomb_player,José Luis García del Pozo,13,Tier 1 - Exact Match,2026-08-05 17:50:49,
GOAT000224,Asier Illarramendi Andonegi,spatial_passing_centrality,statsbomb_player,Asier Illarramendi Andonegi,13,Tier 1 - Exact Match,2026-08-05 17:50:49,
GOAT000213,Ángel Martín Correa,spatial_passing_centrality,statsbomb_player,Ángel Martín Correa,13,Tier 1 - Exact Match,2026-08-05 17:50:49,
GOAT000214,Ángel Lafita Castillo,spatial_passing_centrality,statsbomb_player,Ángel Lafita Castillo,13,Tier 1 - Exact Match,2026-08-05 17:50:49,
GOAT000232,José Luis Gayà Peña,spatial_passing_centrality,statsbomb_player,José Luis Gayà Peña,13,Tier 1 - Exact Match,2026-08-05 17:50:49,
GOAT000215,Gerard Moreno Balaguero,spatial_passing_centrality,statsbomb_player,Gerard Moreno Balaguero,13,Tier 1 - Exact Match,2026-08-05 17:50:49,
GOAT000218,Piotr Zieliński,spatial_passing_centrality,statsbomb_player,Piotr Zieliński,13,Tier 1 - Exact Match,2026-08-05 17:50:49,
GOAT000220,Gerard Deulofeu Lázaro,spatial_passing_centrality,statsbomb_player,Gerard Deulofeu Lázaro,13,Tier 1 - Exact Match,2026-08-05 17:50:49,
GOAT000219,Lucas Hernández Pi,spatial_passing_centrality,statsbomb_player,Lucas Hernández Pi,13,Tier 1 - Exact Match,2026-08-05 17:50:49,
GOAT000230,Gonzalo Castro Irizábal,spatial_passing_centrality,statsbomb_player,Gonzalo Castro Irizábal,13,Tier 1 - Exact Match,2026-08-05 17:50:49,
GOAT000217,José María Giménez de Vargas,spatial_passing_centrality,statsbomb_player,José María Giménez de Vargas,13,Tier 1 - Exact Match,2026-08-05 17:50:49,
GOAT000229,Gonzalo Gerardo Higuaín,spatial_passing_centrality,statsbomb_player,Gonzalo Gerardo Higuaín,13,Tier 1 - Exact Match,2026-08-05 17:50:49,
GOAT000240,Alberto Lopo García,spatial_passing_centrality,statsbomb_player,Alberto Lopo García,13,Tier 1 - Exact Match,2026-08-05 17:50:49,
GOAT000237,Henrik Larsson,spatial_passing_centrality,statsbomb_player,Henrik Larsson,13,Tier 1 - Exact Match,2026-08-05 17:50:49,
GOAT000225,Iván Cuéllar Sacristán,spatial_passing_centrality,statsbomb_player,Iván Cuéllar Sacristán,13,Tier 1 - Exact Match,2026-08-05 17:50:49,
GOAT000235,Ignacio Monreal Eraso,spatial_passing_centrality,statsbomb_player,Ignacio Monreal Eraso,13,Tier 1 - Exact Match,2026-08-05 17:50:49,
GOAT000216,Youri Tielemans,spatial_passing_centrality,statsbomb_player,Youri Tielemans,13,Tier 1 - Exact Match,2026-08-05 17:50:49,
GOAT000254,Norberto Murara Neto,spatial_passing_centrality,statsbomb_player,Norberto Murara Neto,12,Tier 1 - Exact Match,2026-08-05 17:50:49,
GOAT000244,Daniel Wass,spatial_passing_centrality,statsbomb_player,Daniel Wass,12,Tier 1 - Exact Match,2026-08-05 17:50:49,
GOAT000275,Antonio Rodríguez Martínez,spatial_passing_centrality,statsbomb_player,Antonio Rodríguez Martínez,12,Tier 1 - Exact Match,2026-08-05 17:50:49,
GOAT000246,Gustavo Daniel Cabral Cáceres,spatial_passing_centrality,statsbomb_player,Gustavo Daniel Cabral Cáceres,12,Tier 1 - Exact Match,2026-08-05 17:50:49,
GOAT000253,Bruno Petković,spatial_passing_centrality,statsbomb_player,Bruno Petković,12,Tier 1 - Exact Match,2026-08-05 17:50:49,
GOAT000270,Raúl Tamudo Montero,spatial_passing_centrality,statsbomb_player,Raúl Tamudo Montero,12,Tier 1 - Exact Match,2026-08-05 17:50:49,
GOAT000252,Dmytro Chygrynskiy,spatial_passing_centrality,statsbomb_player,Dmytro Chygrynskiy,12,Tier 1 - Exact Match,2026-08-05 17:50:49,
GOAT000274,Sidnei Rechel da Silva Júnior,spatial_passing_centrality,statsbomb_player,Sidnei Rechel da Silva Júnior,12,Tier 1 - Exact Match,2026-08-05 17:50:49,
GOAT000277,Enzo Fernandez,spatial_passing_centrality,statsbomb_player,Enzo Fernandez,12,Tier 1 - Exact Match,2026-08-05 17:50:49,
GOAT000257,Anaitz Arbilla Zabala,spatial_passing_centrality,statsbomb_player,Anaitz Arbilla Zabala,12,Tier 1 - Exact Match,2026-08-05 17:50:49,
GOAT000242,Aliaksandr Hleb,spatial_passing_centrality,statsbomb_player,Aliaksandr Hleb,12,Tier 1 - Exact Match,2026-08-05 17:50:49,
GOAT000258,Ander Capa Rodríguez,spatial_passing_centrality,statsbomb_player,Ander Capa Rodríguez,12,Tier 1 - Exact Match,2026-08-05 17:50:49,
GOAT000248,Andoni Iraola Sagarna,spatial_passing_centrality,statsbomb_player,Andoni Iraola Sagarna,12,Tier 1 - Exact Match,2026-08-05 17:50:49,
GOAT000250,Eden Hazard,spatial_passing_centrality,statsbomb_player,Eden Hazard,12,Tier 1 - Exact Match,2026-08-05 17:50:49,
GOAT000259,Miguel Torres Gómez,spatial_passing_centrality,statsbomb_player,Miguel Torres Gómez,12,Tier 1 - Exact Match,2026-08-05 17:50:49,
GOAT000263,Thomas Meunier,spatial_passing_centrality,statsbomb_player,Thomas Meunier,12,Tier 1 - Exact Match,2026-08-05 17:50:49,
GOAT000261,Nahuel Molina Lucero,spatial_passing_centrality,statsbomb_player,Nahuel Molina Lucero,12,Tier 1 - Exact Match,2026-08-05 17:50:49,
GOAT000271,Takashi Inui,spatial_passing_centrality,statsbomb_player,Takashi Inui,12,Tier 1 - Exact Match,2026-08-05 17:50:49,
GOAT000265,Aurélien Djani Tchouaméni,spatial_passing_centrality,statsbomb_player,Aurélien Djani Tchouaméni,12,Tier 1 - Exact Match,2026-08-05 17:50:49,
GOAT000269,Roque Mesa Quevedo,spatial_passing_centrality,statsbomb_player,Roque Mesa Quevedo,12,Tier 1 - Exact Match,2026-08-05 17:50:49,
GOAT000278,Rúben Santos Gato Alves Dias,spatial_passing_centrality,statsbomb_player,Rúben Santos Gato Alves Dias,12,Tier 1 - Exact Match,2026-08-05 17:50:49,
GOAT000273,Javier Pedro Saviola Fernández,spatial_passing_centrality,statsbomb_player,Javier Pedro Saviola Fernández,12,Tier 1 - Exact Match,2026-08-05 17:50:49,
GOAT000280,Damián Nicolás Suárez Suárez,spatial_passing_centrality,statsbomb_player,Damián Nicolás Suárez Suárez,12,Tier 1 - Exact Match,2026-08-05 17:50:49,
GOAT000243,Manuel del Moral Fernández,spatial_passing_centrality,statsbomb_player,Manuel del Moral Fernández,12,Tier 1 - Exact Match,2026-08-05 17:50:49,
GOAT000264,José Antonio Reyes Calderón,spatial_passing_centrality,statsbomb_player,José Antonio Reyes Calderón,12,Tier 1 - Exact Match,2026-08-05 17:50:49,
GOAT000276,Javier Camuñas Gallego,spatial_passing_centrality,statsbomb_player,Javier Camuñas Gallego,12,Tier 1 - Exact Match,2026-08-05 17:50:49,
GOAT000268,Jorge Andújar Moreno,spatial_passing_centrality,statsbomb_player,Jorge Andújar Moreno,12,Tier 1 - Exact Match,2026-08-05 17:50:49,
GOAT000267,Jorge Molina Vidal,spatial_passing_centrality,statsbomb_player,Jorge Molina Vidal,12,Tier 1 - Exact Match,2026-08-05 17:50:49,
GOAT000245,Cristian Gabriel Romero,spatial_passing_centrality,statsbomb_player,Cristian Gabriel Romero,12,Tier 1 - Exact Match,2026-08-05 17:50:49,
GOAT000260,Lautaro Javier Martínez,spatial_passing_centrality,statsbomb_player,Lautaro Javier Martínez,12,Tier 1 - Exact Match,2026-08-05 17:50:49,
GOAT000247,Víctor Machín Pérez,spatial_passing_centrality,statsbomb_player,Víctor Machín Pérez,12,Tier 1 - Exact Match,2026-08-05 17:50:49,
GOAT000272,Esteban Félix Granero Molina,spatial_passing_centrality,statsbomb_player,Esteban Félix Granero Molina,12,Tier 1 - Exact Match,2026-08-05 17:50:49,
GOAT000262,Raphaël Adelino José Guerreiro,spatial_passing_centrality,statsbomb_player,Raphaël Adelino José Guerreiro,12,Tier 1 - Exact Match,2026-08-05 17:50:49,
GOAT000251,João Miranda de Souza Filho,spatial_passing_centrality,statsbomb_player,João Miranda de Souza Filho,12,Tier 1 - Exact Match,2026-08-05 17:50:49,
GOAT000255,Julián Álvarez,spatial_passing_centrality,statsbomb_player,Julián Álvarez,12,Tier 1 - Exact Match,2026-08-05 17:50:49,
GOAT000249,Raúl Albiol i Tortajada,spatial_passing_centrality,statsbomb_player,Raúl Albiol i Tortajada,12,Tier 1 - Exact Match,2026-08-05 17:50:49,
GOAT000256,Víctor Casadesús Castaño,spatial_passing_centrality,statsbomb_player,Víctor Casadesús Castaño,12,Tier 1 - Exact Match,2026-08-05 17:50:49,
GOAT000279,Álvaro Negredo Sánchez,spatial_passing_centrality,statsbomb_player,Álvaro Negredo Sánchez,12,Tier 1 - Exact Match,2026-08-05 17:50:49,
GOAT000313,Dries Mertens,spatial_passing_centrality,statsbomb_player,Dries Mertens,11,Tier 1 - Exact Match,2026-08-05 17:50:49,
GOAT000289,David Barral Torres,spatial_passing_centrality,statsbomb_player,David Barral Torres,11,Tier 1 - Exact Match,2026-08-05 17:50:49,
GOAT000314,Álvaro Borja Morata Martín,spatial_passing_centrality,statsbomb_player,Álvaro Borja Morata Martín,11,Tier 1 - Exact Match,2026-08-05 17:50:49,
GOAT000304,Joan Verdú Fernández,spatial_passing_centrality,statsbomb_player,Joan Verdú Fernández,11,Tier 1 - Exact Match,2026-08-05 17:50:49,
GOAT000305,Joan Jordán Moreno,spatial_passing_centrality,statsbomb_player,Joan Jordán Moreno,11,Tier 1 - Exact Match,2026-08-05 17:50:49,
GOAT000308,Álvaro Cejudo Carmona,spatial_passing_centrality,statsbomb_player,Álvaro Cejudo Carmona,11,Tier 1 - Exact Match,2026-08-05 17:50:49,
GOAT000287,Javier Varas Herrera,spatial_passing_centrality,statsbomb_player,Javier Varas Herrera,11,Tier 1 - Exact Match,2026-08-05 17:50:49,
GOAT000319,Iñaki Williams Arthuer,spatial_passing_centrality,statsbomb_player,Iñaki Williams Arthuer,11,Tier 1 - Exact Match,2026-08-05 17:50:49,
GOAT000306,Markel Bergara Larrañaga,spatial_passing_centrality,statsbomb_player,Markel Bergara Larrañaga,11,Tier 1 - Exact Match,2026-08-05 17:50:49,
GOAT000321,Thomas Teye Partey,spatial_passing_centrality,statsbomb_player,Thomas Teye Partey,11,Tier 1 - Exact Match,2026-08-05 17:50:49,
GOAT000288,David Albelda Aliqués,spatial_passing_centrality,statsbomb_player,David Albelda Aliqués,11,Tier 1 - Exact Match,2026-08-05 17:50:49,
GOAT000285,Mikel González de Martín Martínez,spatial_passing_centrality,statsbomb_player,Mikel González de Martín Martínez,11,Tier 1 - Exact Match,2026-08-05 17:50:49,
GOAT000329,Andrés Eduardo Fernández Moreno,spatial_passing_centrality,statsbomb_player,Andrés Eduardo Fernández Moreno,11,Tier 1 - Exact Match,2026-08-05 17:50:49,
GOAT000301,Mikel Rico Moreno,spatial_passing_centrality,statsbomb_player,Mikel Rico Moreno,11,Tier 1 - Exact Match,2026-08-05 17:50:49,
GOAT000297,Bartosz Bereszyński,spatial_passing_centrality,statsbomb_player,Bartosz Bereszyński,11,Tier 1 - Exact Match,2026-08-05 17:50:49,
GOAT000290,Augusto Matías Fernández,spatial_passing_centrality,statsbomb_player,Augusto Matías Fernández,11,Tier 1 - Exact Match,2026-08-05 17:50:49,
GOAT000292,David Zurutuza Veillet,spatial_passing_centrality,statsbomb_player,David Zurutuza Veillet,11,Tier 1 - Exact Match,2026-08-05 17:50:49,
GOAT000299,Dayotchanculle Upamecano,spatial_passing_centrality,statsbomb_player,Dayotchanculle Upamecano,11,Tier 1 - Exact Match,2026-08-05 17:50:49,
GOAT000320,Fernando José Torres Sanz,spatial_passing_centrality,statsbomb_player,Fernando José Torres Sanz,11,Tier 1 - Exact Match,2026-08-05 17:50:49,
GOAT000284,Lucas Pérez Martínez,spatial_passing_centrality,statsbomb_player,Lucas Pérez Martínez,11,Tier 1 - Exact Match,2026-08-05 17:50:49,
GOAT000310,Marco Asensio Willemsen,spatial_passing_centrality,statsbomb_player,Marco Asensio Willemsen,11,Tier 1 - Exact Match,2026-08-05 17:50:49,
GOAT000323,Tomás Pina Isla,spatial_passing_centrality,statsbomb_player,Tomás Pina Isla,11,Tier 1 - Exact Match,2026-08-05 17:50:49,
GOAT000327,Wojciech Szczęsny,spatial_passing_centrality,statsbomb_player,Wojciech Szczęsny,11,Tier 1 - Exact Match,2026-08-05 17:50:49,
GOAT000311,Gerónimo Rulli,spatial_passing_centrality,statsbomb_player,Gerónimo Rulli,11,Tier 1 - Exact Match,2026-08-05 17:50:49,
GOAT000317,Pedro López Muñoz,spatial_passing_centrality,statsbomb_player,Pedro López Muñoz,11,Tier 1 - Exact Match,2026-08-05 17:50:49,
GOAT000293,Charles Días Barbosa de Oliveira,spatial_passing_centrality,statsbomb_player,Charles Días Barbosa de Oliveira,11,Tier 1 - Exact Match,2026-08-05 17:50:49,
GOAT000291,Weligton Róbson Pena de Oliveira,spatial_passing_centrality,statsbomb_player,Weligton Róbson Pena de Oliveira,11,Tier 1 - Exact Match,2026-08-05 17:50:49,
GOAT000309,Alexis Mac Allister,spatial_passing_centrality,statsbomb_player,Alexis Mac Allister,11,Tier 1 - Exact Match,2026-08-05 17:50:49,
GOAT000328,Vincent Kompany,spatial_passing_centrality,statsbomb_player,Vincent Kompany,11,Tier 1 - Exact Match,2026-08-05 17:50:49,
GOAT000303,Ezequiel Marcelo Garay,spatial_passing_centrality,statsbomb_player,Ezequiel Marcelo Garay,11,Tier 1 - Exact Match,2026-08-05 17:50:49,
GOAT000312,Allan Romeo Nyom,spatial_passing_centrality,statsbomb_player,Allan Romeo Nyom,11,Tier 1 - Exact Match,2026-08-05 17:50:49,
GOAT000325,Vicente Guaita Panadero,spatial_passing_centrality,statsbomb_player,Vicente Guaita Panadero,11,Tier 1 - Exact Match,2026-08-05 17:50:49,
GOAT000282,Frédéric Oumar Kanouté,spatial_passing_centrality,statsbomb_player,Frédéric Oumar Kanouté,11,Tier 1 - Exact Match,2026-08-05 17:50:49,
GOAT000316,Paul Pogba,spatial_passing_centrality,statsbomb_player,Paul Pogba,11,Tier 1 - Exact Match,2026-08-05 17:50:49,
GOAT000298,Pablo Javier Zabaleta Girod,spatial_passing_centrality,statsbomb_player,Pablo Javier Zabaleta Girod,11,Tier 1 - Exact Match,2026-08-05 17:50:49,
GOAT000300,Willian José da Silva,spatial_passing_centrality,statsbomb_player,Willian José da Silva,11,Tier 1 - Exact Match,2026-08-05 17:50:49,
GOAT000322,Alejandro Arribas Garrido,spatial_passing_centrality,statsbomb_player,Alejandro Arribas Garrido,11,Tier 1 - Exact Match,2026-08-05 17:50:49,
GOAT000315,Juan Francisco García García,spatial_passing_centrality,statsbomb_player,Juan Francisco García García,11,Tier 1 - Exact Match,2026-08-05 17:50:49,
GOAT000326,João Félix Sequeira,spatial_passing_centrality,statsbomb_player,João Félix Sequeira,11,Tier 1 - Exact Match,2026-08-05 17:50:49,
GOAT000330,José Luis Morales Nogales,spatial_passing_centrality,statsbomb_player,José Luis Morales Nogales,11,Tier 1 - Exact Match,2026-08-05 17:50:49,
GOAT000307,Gonzalo Escalante,spatial_passing_centrality,statsbomb_player,Gonzalo Escalante,11,Tier 1 - Exact Match,2026-08-05 17:50:49,
GOAT000286,Sergio Enrich Ametller,spatial_passing_centrality,statsbomb_player,Sergio Enrich Ametller,11,Tier 1 - Exact Match,2026-08-05 17:50:49,
GOAT000296,Jose Luis Martí Soler,spatial_passing_centrality,statsbomb_player,Jose Luis Martí Soler,11,Tier 1 - Exact Match,2026-08-05 17:50:49,
GOAT000324,Gonzalo Colsa Albendea,spatial_passing_centrality,statsbomb_player,Gonzalo Colsa Albendea,11,Tier 1 - Exact Match,2026-08-05 17:50:49,
GOAT000318,Roberto Román Triguero,spatial_passing_centrality,statsbomb_player,Roberto Román Triguero,11,Tier 1 - Exact Match,2026-08-05 17:50:49,
GOAT000281,Youssef En-Nesyri,spatial_passing_centrality,statsbomb_player,Youssef En-Nesyri,11,Tier 1 - Exact Match,2026-08-05 17:50:49,
GOAT000302,Santiago Cazorla González,spatial_passing_centrality,statsbomb_player,Santiago Cazorla González,11,Tier 1 - Exact Match,2026-08-05 17:50:49,
GOAT000294,Rodrigo Moreno Machado,spatial_passing_centrality,statsbomb_player,Rodrigo Moreno Machado,11,Tier 1 - Exact Match,2026-08-05 17:50:49,
GOAT000295,Rodrigo Hernández Cascante,spatial_passing_centrality,statsbomb_player,Rodrigo Hernández Cascante,11,Tier 1 - Exact Match,2026-08-05 17:50:49,
GOAT000283,Javier Martínez Aginaga,spatial_passing_centrality,statsbomb_player,Javier Martínez Aginaga,11,Tier 1 - Exact Match,2026-08-05 17:50:49,
GOAT000345,Miguel Flaño Bezunartea,spatial_passing_centrality,statsbomb_player,Miguel Flaño Bezunartea,10,Tier 1 - Exact Match,2026-08-05 17:50:49,
GOAT000350,Andreu Fontàs Prat,spatial_passing_centrality,statsbomb_player,Andreu Fontàs Prat,10,Tier 1 - Exact Match,2026-08-05 17:50:49,
GOAT000354,Denis Cheryshev,spatial_passing_centrality,statsbomb_player,Denis Cheryshev,10,Tier 1 - Exact Match,2026-08-05 17:50:49,
GOAT000358,Rúben Diogo Da Silva Neves,spatial_passing_centrality,statsbomb_player,Rúben Diogo Da Silva Neves,10,Tier 1 - Exact Match,2026-08-05 17:50:49,
GOAT000371,Domagoj Vida,spatial_passing_centrality,statsbomb_player,Domagoj Vida,10,Tier 1 - Exact Match,2026-08-05 17:50:49,
GOAT000381,Ignacio Camacho Barnola,spatial_passing_centrality,statsbomb_player,Ignacio Camacho Barnola,10,Tier 1 - Exact Match,2026-08-05 17:50:49,
GOAT000352,Jonathan Viera Ramos,spatial_passing_centrality,statsbomb_player,Jonathan Viera Ramos,10,Tier 1 - Exact Match,2026-08-05 17:50:49,
GOAT000377,Andrés Palop Cervera,spatial_passing_centrality,statsbomb_player,Andrés Palop Cervera,10,Tier 1 - Exact Match,2026-08-05 17:50:49,
GOAT000367,Rubén Duarte Sánchez,spatial_passing_centrality,statsbomb_player,Rubén Duarte Sánchez,10,Tier 1 - Exact Match,2026-08-05 17:50:49,
GOAT000363,David Rodríguez Lombán,spatial_passing_centrality,statsbomb_player,David Rodríguez Lombán,10,Tier 1 - Exact Match,2026-08-05 17:50:49,
GOAT000380,Benjamin Pavard,spatial_passing_centrality,statsbomb_player,Benjamin Pavard,10,Tier 1 - Exact Match,2026-08-05 17:50:49,
GOAT000362,Rubén Iván Martínez Andrade,spatial_passing_centrality,statsbomb_player,Rubén Iván Martínez Andrade,10,Tier 1 - Exact Match,2026-08-05 17:50:49,
GOAT000366,Jonathan Castro Otto,spatial_passing_centrality,statsbomb_player,Jonathan Castro Otto,10,Tier 1 - Exact Match,2026-08-05 17:50:49,
GOAT000373,Rubén Pardo Gutiérrez,spatial_passing_centrality,statsbomb_player,Rubén Pardo Gutiérrez,10,Tier 1 - Exact Match,2026-08-05 17:50:49,
GOAT000357,Rubén Rochina Naixes,spatial_passing_centrality,statsbomb_player,Rubén Rochina Naixes,10,Tier 1 - Exact Match,2026-08-05 17:50:49,
GOAT000356,Sami Khedira,spatial_passing_centrality,statsbomb_player,Sami Khedira,10,Tier 1 - Exact Match,2026-08-05 17:50:49,
GOAT000372,Diogo Meireles Costa,spatial_passing_centrality,statsbomb_player,Diogo Meireles Costa,10,Tier 1 - Exact Match,2026-08-05 17:50:49,
GOAT000376,Ferrán Corominas Telechea,spatial_passing_centrality,statsbomb_player,Ferrán Corominas Telechea,10,Tier 1 - Exact Match,2026-08-05 17:50:49,
GOAT000333,Germán Alejandro Pezzella,spatial_passing_centrality,statsbomb_player,Germán Alejandro Pezzella,10,Tier 1 - Exact Match,2026-08-05 17:50:49,
GOAT000337,Cristhian Ricardo Stuani Curbelo,spatial_passing_centrality,statsbomb_player,Cristhian Ricardo Stuani Curbelo,10,Tier 1 - Exact Match,2026-08-05 17:50:49,
GOAT000369,Leonardo Carrilho Baptistão,spatial_passing_centrality,statsbomb_player,Leonardo Carrilho Baptistão,10,Tier 1 - Exact Match,2026-08-05 17:50:49,
GOAT000361,Lisandro Martínez,spatial_passing_centrality,statsbomb_player,Lisandro Martínez,10,Tier 1 - Exact Match,2026-08-05 17:50:49,
GOAT000368,Javier Eraso Goñi,spatial_passing_centrality,statsbomb_player,Javier Eraso Goñi,10,Tier 1 - Exact Match,2026-08-05 17:50:49,
GOAT000349,Juan Miguel Jiménez López,spatial_passing_centrality,statsbomb_player,Juan Miguel Jiménez López,10,Tier 1 - Exact Match,2026-08-05 17:50:49,
GOAT000340,Manuel Jesús Ortiz Toribio,spatial_passing_centrality,statsbomb_player,Manuel Jesús Ortiz Toribio,10,Tier 1 - Exact Match,2026-08-05 17:50:49,
GOAT000346,Luis García Fernández,spatial_passing_centrality,statsbomb_player,Luis García Fernández,10,Tier 1 - Exact Match,2026-08-05 17:50:49,
GOAT000336,Luís Miguel Brito Garcia Monteiro,spatial_passing_centrality,statsbomb_player,Luís Miguel Brito Garcia Monteiro,10,Tier 1 - Exact Match,2026-08-05 17:50:49,
GOAT000383,Carlos Arturo Bacca Ahumada,spatial_passing_centrality,statsbomb_player,Carlos Arturo Bacca Ahumada,10,Tier 1 - Exact Match,2026-08-05 17:50:49,
GOAT000344,Fayçal Fajr,spatial_passing_centrality,statsbomb_player,Fayçal Fajr,10,Tier 1 - Exact Match,2026-08-05 17:50:49,
GOAT000386,Antonio López Guerrero,spatial_passing_centrality,statsbomb_player,Antonio López Guerrero,10,Tier 1 - Exact Match,2026-08-05 17:50:49,
GOAT000335,Gonzalo Ariel Montiel,spatial_passing_centrality,statsbomb_player,Gonzalo Ariel Montiel,10,Tier 1 - Exact Match,2026-08-05 17:50:49,
GOAT000339,Mark van Bommel,spatial_passing_centrality,statsbomb_player,Mark van Bommel,10,Tier 1 - Exact Match,2026-08-05 17:50:49,
GOAT000353,Josip Juranović,spatial_passing_centrality,statsbomb_player,Josip Juranović,10,Tier 1 - Exact Match,2026-08-05 17:50:49,
GOAT000384,Roberto José Rosales Altuve,spatial_passing_centrality,statsbomb_player,Roberto José Rosales Altuve,10,Tier 1 - Exact Match,2026-08-05 17:50:49,
GOAT000338,Mario Mandžukić,spatial_passing_centrality,statsbomb_player,Mario Mandžukić,10,Tier 1 - Exact Match,2026-08-05 17:50:49,
GOAT000364,Ander Herrera Agüera,spatial_passing_centrality,statsbomb_player,Ander Herrera Agüera,10,Tier 1 - Exact Match,2026-08-05 17:50:49,
GOAT000334,Marcos Javier Acuña,spatial_passing_centrality,statsbomb_player,Marcos Javier Acuña,10,Tier 1 - Exact Match,2026-08-05 17:50:49,
GOAT000351,Nikola Vlašić,spatial_passing_centrality,statsbomb_player,Nikola Vlašić,10,Tier 1 - Exact Match,2026-08-05 17:50:49,
GOAT000370,Ante Rebić,spatial_passing_centrality,statsbomb_player,Ante Rebić,10,Tier 1 - Exact Match,2026-08-05 17:50:49,
GOAT000379,Roberto Trashorras Gayoso,spatial_passing_centrality,statsbomb_player,Roberto Trashorras Gayoso,10,Tier 1 - Exact Match,2026-08-05 17:50:49,
GOAT000342,Dudú Aouate,spatial_passing_centrality,statsbomb_player,Dudú Aouate,10,Tier 1 - Exact Match,2026-08-05 17:50:49,
GOAT000355,Nemanja Radoja,spatial_passing_centrality,statsbomb_player,Nemanja Radoja,10,Tier 1 - Exact Match,2026-08-05 17:50:49,
GOAT000378,Borja Mayoral Moya,spatial_passing_centrality,statsbomb_player,Borja Mayoral Moya,10,Tier 1 - Exact Match,2026-08-05 17:50:49,
GOAT000375,Dídac Vilá Rosselló,spatial_passing_centrality,statsbomb_player,Dídac Vilá Rosselló,10,Tier 1 - Exact Match,2026-08-05 17:50:49,
GOAT000360,Héctor Alfredo Moreno Herrera,spatial_passing_centrality,statsbomb_player,Héctor Alfredo Moreno Herrera,10,Tier 1 - Exact Match,2026-08-05 17:50:49,
GOAT000359,Ibai Gómez Pérez,spatial_passing_centrality,statsbomb_player,Ibai Gómez Pérez,10,Tier 1 - Exact Match,2026-08-05 17:50:49,
GOAT000341,Mateo Pablo Musacchio,spatial_passing_centrality,statsbomb_player,Mateo Pablo Musacchio,10,Tier 1 - Exact Match,2026-08-05 17:50:49,
GOAT000374,Francisco Casilla Cortés,spatial_passing_centrality,statsbomb_player,Francisco Casilla Cortés,10,Tier 1 - Exact Match,2026-08-05 17:50:49,
GOAT000365,Francisco Javier Casquero Paredes,spatial_passing_centrality,statsbomb_player,Francisco Javier Casquero Paredes,10,Tier 1 - Exact Match,2026-08-05 17:50:49,
GOAT000382,Przemysław Frankowski,spatial_passing_centrality,statsbomb_player,Przemysław Frankowski,10,Tier 1 - Exact Match,2026-08-05 17:50:49,
GOAT000332,Gabriel Armando de Abreu,spatial_passing_centrality,statsbomb_player,Gabriel Armando de Abreu,10,Tier 1 - Exact Match,2026-08-05 17:50:49,
GOAT000385,Iván Ramis Barrios,spatial_passing_centrality,statsbomb_player,Iván Ramis Barrios,10,Tier 1 - Exact Match,2026-08-05 17:50:49,
GOAT000348,Jan Bednarek,spatial_passing_centrality,statsbomb_player,Jan Bednarek,10,Tier 1 - Exact Match,2026-08-05 17:50:49,
GOAT000331,Šime Vrsaljko,spatial_passing_centrality,statsbomb_player,Šime Vrsaljko,10,Tier 1 - Exact Match,2026-08-05 17:50:49,
GOAT000347,Pablo Hernández Domínguez,spatial_passing_centrality,statsbomb_player,Pablo Hernández Domínguez,10,Tier 1 - Exact Match,2026-08-05 17:50:49,
GOAT000343,Lovro Majer,spatial_passing_centrality,statsbomb_player,Lovro Majer,10,Tier 1 - Exact Match,2026-08-05 17:50:49,
GOAT000430,Geoffrey Kondogbia,spatial_passing_centrality,statsbomb_player,Geoffrey Kondogbia,9,Tier 1 - Exact Match,2026-08-05 17:50:49,
GOAT000405,Carlos Marchena López,spatial_passing_centrality,statsbomb_player,Carlos Marchena López,9,Tier 1 - Exact Match,2026-08-05 17:50:49,
GOAT000393,Jaume Vicent Costa Jordá,spatial_passing_centrality,statsbomb_player,Jaume Vicent Costa Jordá,9,Tier 1 - Exact Match,2026-08-05 17:50:49,
GOAT000399,Kingsley Coman,spatial_passing_centrality,statsbomb_player,Kingsley Coman,9,Tier 1 - Exact Match,2026-08-05 17:50:49,
GOAT000421,Rafael Alexandre Conceição Leão,spatial_passing_centrality,statsbomb_player,Rafael Alexandre Conceição Leão,9,Tier 1 - Exact Match,2026-08-05 17:50:49,
GOAT000409,Kamil Glik,spatial_passing_centrality,statsbomb_player,Kamil Glik,9,Tier 1 - Exact Match,2026-08-05 17:50:49,
GOAT000426,César Sánchez Domínguez,spatial_passing_centrality,statsbomb_player,César Sánchez Domínguez,9,Tier 1 - Exact Match,2026-08-05 17:50:49,
GOAT000408,Antonio Barragán Fernández,spatial_passing_centrality,statsbomb_player,Antonio Barragán Fernández,9,Tier 1 - Exact Match,2026-08-05 17:50:49,
GOAT000428,Jozabed Sánchez Ruiz,spatial_passing_centrality,statsbomb_player,Jozabed Sánchez Ruiz,9,Tier 1 - Exact Match,2026-08-05 17:50:49,
GOAT000403,Diego Forlán Corazo,spatial_passing_centrality,statsbomb_player,Diego Forlán Corazo,9,Tier 1 - Exact Match,2026-08-05 17:50:49,
GOAT000419,Dimitri Foulquier,spatial_passing_centrality,statsbomb_player,Dimitri Foulquier,9,Tier 1 - Exact Match,2026-08-05 17:50:49,
GOAT000396,Moisés Gómez Bordonado,spatial_passing_centrality,statsbomb_player,Moisés Gómez Bordonado,9,Tier 1 - Exact Match,2026-08-05 17:50:49,
GOAT000397,Rúben Miguel Nunes Vezo,spatial_passing_centrality,statsbomb_player,Rúben Miguel Nunes Vezo,9,Tier 1 - Exact Match,2026-08-05 17:50:49,
GOAT000391,Miguel Alfonso Herrero Javaloyas,spatial_passing_centrality,statsbomb_player,Miguel Alfonso Herrero Javaloyas,9,Tier 1 - Exact Match,2026-08-05 17:50:49,
GOAT000407,Aïssa Mandi,spatial_passing_centrality,statsbomb_player,Aïssa Mandi,9,Tier 1 - Exact Match,2026-08-05 17:50:49,
GOAT000414,Bernardo José Espinosa Zúñiga,spatial_passing_centrality,statsbomb_player,Bernardo José Espinosa Zúñiga,9,Tier 1 - Exact Match,2026-08-05 17:50:49,
GOAT000402,Diego Castro Giménez,spatial_passing_centrality,statsbomb_player,Diego Castro Giménez,9,Tier 1 - Exact Match,2026-08-05 17:50:49,
GOAT000400,David Navarro Pedrós,spatial_passing_centrality,statsbomb_player,David Navarro Pedrós,9,Tier 1 - Exact Match,2026-08-05 17:50:49,
GOAT000422,Ignacio Pérez Santamaría,spatial_passing_centrality,statsbomb_player,Ignacio Pérez Santamaría,9,Tier 1 - Exact Match,2026-08-05 17:50:49,
GOAT000390,Youssouf Fofana,spatial_passing_centrality,statsbomb_player,Youssouf Fofana,9,Tier 1 - Exact Match,2026-08-05 17:50:49,
GOAT000431,Yuri Berchiche Izeta,spatial_passing_centrality,statsbomb_player,Yuri Berchiche Izeta,9,Tier 1 - Exact Match,2026-08-05 17:50:49,
GOAT000392,Francisco Javier Chica Torres,spatial_passing_centrality,statsbomb_player,Francisco Javier Chica Torres,9,Tier 1 - Exact Match,2026-08-05 17:50:49,
GOAT000415,Víctor Camarasa Ferrando,spatial_passing_centrality,statsbomb_player,Víctor Camarasa Ferrando,9,Tier 1 - Exact Match,2026-08-05 17:50:49,
GOAT000395,Salvador Sevilla López,spatial_passing_centrality,statsbomb_player,Salvador Sevilla López,9,Tier 1 - Exact Match,2026-08-05 17:50:49,
GOAT000388,Adil Rami,spatial_passing_centrality,statsbomb_player,Adil Rami,9,Tier 1 - Exact Match,2026-08-05 17:50:49,
GOAT000389,Sergio Escudero Palomo,spatial_passing_centrality,statsbomb_player,Sergio Escudero Palomo,9,Tier 1 - Exact Match,2026-08-05 17:50:49,
GOAT000425,Alejandro Bergantiños García,spatial_passing_centrality,statsbomb_player,Alejandro Bergantiños García,9,Tier 1 - Exact Match,2026-08-05 17:50:49,
GOAT000418,João Maria Lobo Alves Palhinha Gonçalves,spatial_passing_centrality,statsbomb_player,João Maria Lobo Alves Palhinha Gonçalves,9,Tier 1 - Exact Match,2026-08-05 17:50:49,
GOAT000420,Juan Carlos Pérez López,spatial_passing_centrality,statsbomb_player,Juan Carlos Pérez López,9,Tier 1 - Exact Match,2026-08-05 17:50:49,
GOAT000416,Juan Francisco Moreno Fuertes,spatial_passing_centrality,statsbomb_player,Juan Francisco Moreno Fuertes,9,Tier 1 - Exact Match,2026-08-05 17:50:49,
GOAT000424,Valmiro Lópes Rocha,spatial_passing_centrality,statsbomb_player,Valmiro Lópes Rocha,9,Tier 1 - Exact Match,2026-08-05 17:50:49,
GOAT000423,Fernando Pacheco Flores,spatial_passing_centrality,statsbomb_player,Fernando Pacheco Flores,9,Tier 1 - Exact Match,2026-08-05 17:50:49,
GOAT000404,Juan Valera Espín,spatial_passing_centrality,statsbomb_player,Juan Valera Espín,9,Tier 1 - Exact Match,2026-08-05 17:50:49,
GOAT000412,Samir Nasri,spatial_passing_centrality,statsbomb_player,Samir Nasri,9,Tier 1 - Exact Match,2026-08-05 17:50:49,
GOAT000410,Ante Budimir,spatial_passing_centrality,statsbomb_player,Ante Budimir,9,Tier 1 - Exact Match,2026-08-05 17:50:49,
GOAT000387,David López Silva,spatial_passing_centrality,statsbomb_player,David López Silva,9,Tier 1 - Exact Match,2026-08-05 17:50:49,
GOAT000398,Nacer Chadli,spatial_passing_centrality,statsbomb_player,Nacer Chadli,9,Tier 1 - Exact Match,2026-08-05 17:50:49,
GOAT000411,Antonio Adán Garrido,spatial_passing_centrality,statsbomb_player,Antonio Adán Garrido,9,Tier 1 - Exact Match,2026-08-05 17:50:49,
GOAT000401,Alberto De La Bella Madureño,spatial_passing_centrality,statsbomb_player,Alberto De La Bella Madureño,9,Tier 1 - Exact Match,2026-08-05 17:50:49,
GOAT000394,Yassine Bounou,spatial_passing_centrality,statsbomb_player,Yassine Bounou,9,Tier 1 - Exact Match,2026-08-05 17:50:49,
GOAT000406,Joseba Zaldúa Bengoetxea,spatial_passing_centrality,statsbomb_player,Joseba Zaldúa Bengoetxea,9,Tier 1 - Exact Match,2026-08-05 17:50:49,
GOAT000429,Gonçalo Manuel Ganchinho Guedes,spatial_passing_centrality,statsbomb_player,Gonçalo Manuel Ganchinho Guedes,9,Tier 1 - Exact Match,2026-08-05 17:50:49,
GOAT000417,José Ignacio Martínez García,spatial_passing_centrality,statsbomb_player,José Ignacio Martínez García,9,Tier 1 - Exact Match,2026-08-05 17:50:49,
GOAT000432,Daniel Alberto Díaz,spatial_passing_centrality,statsbomb_player,Daniel Alberto Díaz,9,Tier 1 - Exact Match,2026-08-05 17:50:49,
GOAT000413,Fernando Amorebieta Mardaras,spatial_passing_centrality,statsbomb_player,Fernando Amorebieta Mardaras,9,Tier 1 - Exact Match,2026-08-05 17:50:49,
GOAT000427,José Ángel Valdés Díaz,spatial_passing_centrality,statsbomb_player,José Ángel Valdés Díaz,9,Tier 1 - Exact Match,2026-08-05 17:50:49,
GOAT000433,Marcus Thuram,spatial_passing_centrality,statsbomb_player,Marcus Thuram,9,Tier 1 - Exact Match,2026-08-05 17:50:49,
GOAT000503,Mikel Merino Zazón,spatial_passing_centrality,statsbomb_player,Mikel Merino Zazón,8,Tier 1 - Exact Match,2026-08-05 17:50:49,
GOAT000493,Stefan Savić,spatial_passing_centrality,statsbomb_player,Stefan Savić,8,Tier 1 - Exact Match,2026-08-05 17:50:49,
GOAT000266,Steven N''Kemboanza Mike Christopher Nzonzi,spatial_passing_centrality,statsbomb_player,Steven N''Kemboanza Mike Christopher Nzonzi,8,Tier 1 - Exact Match,2026-08-05 17:50:49,
GOAT000477,Michael Krohn-Dehli,spatial_passing_centrality,statsbomb_player,Michael Krohn-Dehli,8,Tier 1 - Exact Match,2026-08-05 17:50:49,
GOAT000504,Miguel Ángel De las Cuevas Barberá,spatial_passing_centrality,statsbomb_player,Miguel Ángel De las Cuevas Barberá,8,Tier 1 - Exact Match,2026-08-05 17:50:49,
GOAT000471,Miguel Ángel Moyà Rumbo,spatial_passing_centrality,statsbomb_player,Miguel Ángel Moyà Rumbo,8,Tier 1 - Exact Match,2026-08-05 17:50:49,
GOAT000462,Thiago Emiliano da Silva,spatial_passing_centrality,statsbomb_player,Thiago Emiliano da Silva,8,Tier 1 - Exact Match,2026-08-05 17:50:49,
GOAT000461,Diego Javier Llorente Ríos,spatial_passing_centrality,statsbomb_player,Diego Javier Llorente Ríos,8,Tier 1 - Exact Match,2026-08-05 17:50:49,
GOAT000474,Maximiliano Gómez González,spatial_passing_centrality,statsbomb_player,Maximiliano Gómez González,8,Tier 1 - Exact Match,2026-08-05 17:50:49,
GOAT000447,Domingo Cisma González,spatial_passing_centrality,statsbomb_player,Domingo Cisma González,8,Tier 1 - Exact Match,2026-08-05 17:50:49,
GOAT000445,Ikechukwu Uche,spatial_passing_centrality,statsbomb_player,Ikechukwu Uche,8,Tier 1 - Exact Match,2026-08-05 17:50:49,
GOAT000478,Maximiliano Rubén Rodríguez,spatial_passing_centrality,statsbomb_player,Maximiliano Rubén Rodríguez,8,Tier 1 - Exact Match,2026-08-05 17:50:49,
GOAT000448,André Miguel Valente Silva,spatial_passing_centrality,statsbomb_player,André Miguel Valente Silva,8,Tier 1 - Exact Match,2026-08-05 17:50:49,
GOAT000451,Jonathan Rodríguez Menéndez,spatial_passing_centrality,statsbomb_player,Jonathan Rodríguez Menéndez,8,Tier 1 - Exact Match,2026-08-05 17:50:49,
GOAT000499,Rui Pedro dos Santos Patrício,spatial_passing_centrality,statsbomb_player,Rui Pedro dos Santos Patrício,8,Tier 1 - Exact Match,2026-08-05 17:50:49,
GOAT000488,Rubén García Santos,spatial_passing_centrality,statsbomb_player,Rubén García Santos,8,Tier 1 - Exact Match,2026-08-05 17:50:49,
GOAT000491,Joan Capdevila Méndez,spatial_passing_centrality,statsbomb_player,Joan Capdevila Méndez,8,Tier 1 - Exact Match,2026-08-05 17:50:49,
GOAT000500,Joaquín Navarro Jiménez,spatial_passing_centrality,statsbomb_player,Joaquín Navarro Jiménez,8,Tier 1 - Exact Match,2026-08-05 17:50:49,
GOAT000470,Ricardo Miguel Moreira da Costa,spatial_passing_centrality,statsbomb_player,Ricardo Miguel Moreira da Costa,8,Tier 1 - Exact Match,2026-08-05 17:50:49,
GOAT000489,Antonio Manuel Luna Rodríguez,spatial_passing_centrality,statsbomb_player,Antonio Manuel Luna Rodríguez,8,Tier 1 - Exact Match,2026-08-05 17:50:49,
GOAT000441,Damià Abella Pérez,spatial_passing_centrality,statsbomb_player,Damià Abella Pérez,8,Tier 1 - Exact Match,2026-08-05 17:50:49,
GOAT000494,Antonio García Aranda,spatial_passing_centrality,statsbomb_player,Antonio García Aranda,8,Tier 1 - Exact Match,2026-08-05 17:50:49,
GOAT000442,Marcos Antonio Senna da Silva,spatial_passing_centrality,statsbomb_player,Marcos Antonio Senna da Silva,8,Tier 1 - Exact Match,2026-08-05 17:50:49,
GOAT000487,Enzo Nicolás Pérez,spatial_passing_centrality,statsbomb_player,Enzo Nicolás Pérez,8,Tier 1 - Exact Match,2026-08-05 17:50:49,
GOAT000492,Guilherme Magdalena Siqueira,spatial_passing_centrality,statsbomb_player,Guilherme Magdalena Siqueira,8,Tier 1 - Exact Match,2026-08-05 17:50:49,
GOAT000450,Nabil Fekir,spatial_passing_centrality,statsbomb_player,Nabil Fekir,8,Tier 1 - Exact Match,2026-08-05 17:50:49,
GOAT000498,Samuel Castillejo Azuaga,spatial_passing_centrality,statsbomb_player,Samuel Castillejo Azuaga,8,Tier 1 - Exact Match,2026-08-05 17:50:49,
GOAT000469,Edgar Antonio Méndez Ortega,spatial_passing_centrality,statsbomb_player,Edgar Antonio Méndez Ortega,8,Tier 1 - Exact Match,2026-08-05 17:50:49,
GOAT000475,Sergi Darder Moll,spatial_passing_centrality,statsbomb_player,Sergi Darder Moll,8,Tier 1 - Exact Match,2026-08-05 17:50:49,
GOAT000486,Sergi Gómez Solà,spatial_passing_centrality,statsbomb_player,Sergi Gómez Solà,8,Tier 1 - Exact Match,2026-08-05 17:50:49,
GOAT000490,Simão Pedro Fonseca Sabrosa,spatial_passing_centrality,statsbomb_player,Simão Pedro Fonseca Sabrosa,8,Tier 1 - Exact Match,2026-08-05 17:50:49,
GOAT000434,Marcos Llorente Moreno,spatial_passing_centrality,statsbomb_player,Marcos Llorente Moreno,8,Tier 1 - Exact Match,2026-08-05 17:50:49,
GOAT000452,Oriol Riera Magem,spatial_passing_centrality,statsbomb_player,Oriol Riera Magem,8,Tier 1 - Exact Match,2026-08-05 17:50:49,
GOAT000476,Sergio Rico González,spatial_passing_centrality,statsbomb_player,Sergio Rico González,8,Tier 1 - Exact Match,2026-08-05 17:50:49,
GOAT000467,José Manuel Jiménez Ortiz,spatial_passing_centrality,statsbomb_player,José Manuel Jiménez Ortiz,8,Tier 1 - Exact Match,2026-08-05 17:50:49,
GOAT000436,Daniel Aranzubia Aguado,spatial_passing_centrality,statsbomb_player,Daniel Aranzubia Aguado,8,Tier 1 - Exact Match,2026-08-05 17:50:49,
GOAT000437,Alisson Ramsés Becker,spatial_passing_centrality,statsbomb_player,Alisson Ramsés Becker,8,Tier 1 - Exact Match,2026-08-05 17:50:49,
GOAT000496,Oier Sanjurjo Mate,spatial_passing_centrality,statsbomb_player,Oier Sanjurjo Mate,8,Tier 1 - Exact Match,2026-08-05 17:50:49,
GOAT000443,Unai Simón Mendibil,spatial_passing_centrality,statsbomb_player,Unai Simón Mendibil,8,Tier 1 - Exact Match,2026-08-05 17:50:49,
GOAT000438,Fabián Ruiz Peña,spatial_passing_centrality,statsbomb_player,Fabián Ruiz Peña,8,Tier 1 - Exact Match,2026-08-05 17:50:49,
GOAT000497,Xavier Torres Buigues,spatial_passing_centrality,statsbomb_player,Xavier Torres Buigues,8,Tier 1 - Exact Match,2026-08-05 17:50:49,
GOAT000446,José Raúl Baena Urdiales,spatial_passing_centrality,statsbomb_player,José Raúl Baena Urdiales,8,Tier 1 - Exact Match,2026-08-05 17:50:49,
GOAT000472,Leandro Daniel Paredes,spatial_passing_centrality,statsbomb_player,Leandro Daniel Paredes,8,Tier 1 - Exact Match,2026-08-05 17:50:49,
GOAT000501,Xabier Alonso Olano,spatial_passing_centrality,statsbomb_player,Xabier Alonso Olano,8,Tier 1 - Exact Match,2026-08-05 17:50:49,
GOAT000459,Juan Manuel Mata García,spatial_passing_centrality,statsbomb_player,Juan Manuel Mata García,8,Tier 1 - Exact Match,2026-08-05 17:50:49,
GOAT000455,Juan Manuel Ortiz Palazón,spatial_passing_centrality,statsbomb_player,Juan Manuel Ortiz Palazón,8,Tier 1 - Exact Match,2026-08-05 17:50:49,
GOAT000453,Celso Borges Mora,spatial_passing_centrality,statsbomb_player,Celso Borges Mora,8,Tier 1 - Exact Match,2026-08-05 17:50:49,
GOAT000465,Juan Jesús Gutiérrez Robles,spatial_passing_centrality,statsbomb_player,Juan Jesús Gutiérrez Robles,8,Tier 1 - Exact Match,2026-08-05 17:50:49,
GOAT000480,Giuseppe Rossi,spatial_passing_centrality,statsbomb_player,Giuseppe Rossi,8,Tier 1 - Exact Match,2026-08-05 17:50:49,
GOAT000444,Fernando Soriano Marco,spatial_passing_centrality,statsbomb_player,Fernando Soriano Marco,8,Tier 1 - Exact Match,2026-08-05 17:50:49,
GOAT000485,Felipe Salvador Caicedo Corozo,spatial_passing_centrality,statsbomb_player,Felipe Salvador Caicedo Corozo,8,Tier 1 - Exact Match,2026-08-05 17:50:49,
GOAT000463,Pablo Pinillos Caro,spatial_passing_centrality,statsbomb_player,Pablo Pinillos Caro,8,Tier 1 - Exact Match,2026-08-05 17:50:49,
GOAT000460,Carlos Martínez Díez,spatial_passing_centrality,statsbomb_player,Carlos Martínez Díez,8,Tier 1 - Exact Match,2026-08-05 17:50:49,
GOAT000449,Carlos Gurpegi Nausia,spatial_passing_centrality,statsbomb_player,Carlos Gurpegi Nausia,8,Tier 1 - Exact Match,2026-08-05 17:50:49,
GOAT000440,Raúl Rodríguez Navas,spatial_passing_centrality,statsbomb_player,Raúl Rodríguez Navas,8,Tier 1 - Exact Match,2026-08-05 17:50:49,
GOAT000468,Raúl González Blanco,spatial_passing_centrality,statsbomb_player,Raúl González Blanco,8,Tier 1 - Exact Match,2026-08-05 17:50:49,
GOAT000439,Víctor Laguardia Cisneros,spatial_passing_centrality,statsbomb_player,Víctor Laguardia Cisneros,8,Tier 1 - Exact Match,2026-08-05 17:50:49,
GOAT000484,Cristian Portugués Manzanera,spatial_passing_centrality,statsbomb_player,Cristian Portugués Manzanera,8,Tier 1 - Exact Match,2026-08-05 17:50:49,
GOAT000435,Gaël Clichy,spatial_passing_centrality,statsbomb_player,Gaël Clichy,8,Tier 1 - Exact Match,2026-08-05 17:50:49,
GOAT000457,Juan Ángel Albín Leites,spatial_passing_centrality,statsbomb_player,Juan Ángel Albín Leites,8,Tier 1 - Exact Match,2026-08-05 17:50:49,
GOAT000464,Pedro Bigas Rigo,spatial_passing_centrality,statsbomb_player,Pedro Bigas Rigo,8,Tier 1 - Exact Match,2026-08-05 17:50:49,
GOAT000473,Laureano Sanabria Ruiz,spatial_passing_centrality,statsbomb_player,Laureano Sanabria Ruiz,8,Tier 1 - Exact Match,2026-08-05 17:50:49,
GOAT000479,Francisco Portillo Soler,spatial_passing_centrality,statsbomb_player,Francisco Portillo Soler,8,Tier 1 - Exact Match,2026-08-05 17:50:49,
GOAT000495,Julien Escudé,spatial_passing_centrality,statsbomb_player,Julien Escudé,8,Tier 1 - Exact Match,2026-08-05 17:50:49,
GOAT000456,Juan Pablo Añor Acosta,spatial_passing_centrality,statsbomb_player,Juan Pablo Añor Acosta,8,Tier 1 - Exact Match,2026-08-05 17:50:49,
GOAT000483,Álvaro Vázquez García,spatial_passing_centrality,statsbomb_player,Álvaro Vázquez García,8,Tier 1 - Exact Match,2026-08-05 17:50:49,
GOAT000458,Pedro Manuel Munitis Álvarez,spatial_passing_centrality,statsbomb_player,Pedro Manuel Munitis Álvarez,8,Tier 1 - Exact Match,2026-08-05 17:50:49,
GOAT000466,Pedro Mosquera Parada,spatial_passing_centrality,statsbomb_player,Pedro Mosquera Parada,8,Tier 1 - Exact Match,2026-08-05 17:50:49,
GOAT000502,Francisco Manuel Rico Castro,spatial_passing_centrality,statsbomb_player,Francisco Manuel Rico Castro,8,Tier 1 - Exact Match,2026-08-05 17:50:49,
GOAT000454,Wilfredo Daniel Caballero,spatial_passing_centrality,statsbomb_player,Wilfredo Daniel Caballero,8,Tier 1 - Exact Match,2026-08-05 17:50:49,
GOAT000482,Óscar Serrano Rodriguez,spatial_passing_centrality,statsbomb_player,Óscar Serrano Rodriguez,8,Tier 1 - Exact Match,2026-08-05 17:50:49,
GOAT000481,Ángel Luis Rodríguez Díaz,spatial_passing_centrality,statsbomb_player,Ángel Luis Rodríguez Díaz,8,Tier 1 - Exact Match,2026-08-05 17:50:49,
GOAT000592,Ángel Domingo López Ruano,spatial_passing_centrality,statsbomb_player,Ángel Domingo López Ruano,7,Tier 1 - Exact Match,2026-08-05 17:50:49,
GOAT000574,Jefferson Andrés Lerma Solís,spatial_passing_centrality,statsbomb_player,Jefferson Andrés Lerma Solís,7,Tier 1 - Exact Match,2026-08-05 17:50:49,
GOAT000570,Jesús Gámez Duarte,spatial_passing_centrality,statsbomb_player,Jesús Gámez Duarte,7,Tier 1 - Exact Match,2026-08-05 17:50:49,
GOAT000569,Jeremy Doku,spatial_passing_centrality,statsbomb_player,Jeremy Doku,7,Tier 1 - Exact Match,2026-08-05 17:50:49,
GOAT000544,Aythami Artiles Oliva,spatial_passing_centrality,statsbomb_player,Aythami Artiles Oliva,7,Tier 1 - Exact Match,2026-08-05 17:50:49,
GOAT000581,Javier Márquez Moreno,spatial_passing_centrality,statsbomb_player,Javier Márquez Moreno,7,Tier 1 - Exact Match,2026-08-05 17:50:49,
GOAT000538,Jakub Piotr Kiwior,spatial_passing_centrality,statsbomb_player,Jakub Piotr Kiwior,7,Tier 1 - Exact Match,2026-08-05 17:50:49,
GOAT000550,Deyverson Brum Silva Acosta,spatial_passing_centrality,statsbomb_player,Deyverson Brum Silva Acosta,7,Tier 1 - Exact Match,2026-08-05 17:50:49,
GOAT000588,Miguel Ángel García Pérez Roldán,spatial_passing_centrality,statsbomb_player,Miguel Ángel García Pérez Roldán,7,Tier 1 - Exact Match,2026-08-05 17:50:49,
GOAT000573,Javad Nekounam,spatial_passing_centrality,statsbomb_player,Javad Nekounam,7,Tier 1 - Exact Match,2026-08-05 17:50:49,
GOAT000507,Pione Sisto Ifolo Emirmija,spatial_passing_centrality,statsbomb_player,Pione Sisto Ifolo Emirmija,7,Tier 1 - Exact Match,2026-08-05 17:50:49,
GOAT000543,Karol Świderski,spatial_passing_centrality,statsbomb_player,Karol Świderski,7,Tier 1 - Exact Match,2026-08-05 17:50:49,
GOAT000510,Pierre Achille Webó Kouamo,spatial_passing_centrality,statsbomb_player,Pierre Achille Webó Kouamo,7,Tier 1 - Exact Match,2026-08-05 17:50:49,
GOAT000525,Pere Pons Riera,spatial_passing_centrality,statsbomb_player,Pere Pons Riera,7,Tier 1 - Exact Match,2026-08-05 17:50:49,
GOAT000597,Óliver Torres Muñoz,spatial_passing_centrality,statsbomb_player,Óliver Torres Muñoz,7,Tier 1 - Exact Match,2026-08-05 17:50:49,
GOAT000524,Pedro Pablo Hernández,spatial_passing_centrality,statsbomb_player,Pedro Pablo Hernández,7,Tier 1 - Exact Match,2026-08-05 17:50:49,
GOAT000540,William Saliba,spatial_passing_centrality,statsbomb_player,William Saliba,7,Tier 1 - Exact Match,2026-08-05 17:50:49,
GOAT000598,Giovani Lo Celso,spatial_passing_centrality,statsbomb_player,Giovani Lo Celso,7,Tier 1 - Exact Match,2026-08-05 17:50:49,
GOAT000559,Renato Dirnei Florencio,spatial_passing_centrality,statsbomb_player,Renato Dirnei Florencio,7,Tier 1 - Exact Match,2026-08-05 17:50:49,
GOAT000571,Aritz Elustondo Irribaria,spatial_passing_centrality,statsbomb_player,Aritz Elustondo Irribaria,7,Tier 1 - Exact Match,2026-08-05 17:50:49,
GOAT000527,Carlos Soler Barragán,spatial_passing_centrality,statsbomb_player,Carlos Soler Barragán,7,Tier 1 - Exact Match,2026-08-05 17:50:49,
GOAT000586,Sergio León Limones,spatial_passing_centrality,statsbomb_player,Sergio León Limones,7,Tier 1 - Exact Match,2026-08-05 17:50:49,
GOAT000517,Alberto Rivera Pizarro,spatial_passing_centrality,statsbomb_player,Alberto Rivera Pizarro,7,Tier 1 - Exact Match,2026-08-05 17:50:49,
GOAT000506,Vitor Machado Ferreira,spatial_passing_centrality,statsbomb_player,Vitor Machado Ferreira,7,Tier 1 - Exact Match,2026-08-05 17:50:49,
GOAT000595,Gaizka Toquero Pinedo,spatial_passing_centrality,statsbomb_player,Gaizka Toquero Pinedo,7,Tier 1 - Exact Match,2026-08-05 17:50:49,
GOAT000554,Randal Kolo Muani,spatial_passing_centrality,statsbomb_player,Randal Kolo Muani,7,Tier 1 - Exact Match,2026-08-05 17:50:49,
GOAT000577,Francisco Javier Yeste Navarro,spatial_passing_centrality,statsbomb_player,Francisco Javier Yeste Navarro,7,Tier 1 - Exact Match,2026-08-05 17:50:49,
GOAT000582,Corentin Tolisso,spatial_passing_centrality,statsbomb_player,Corentin Tolisso,7,Tier 1 - Exact Match,2026-08-05 17:50:49,
GOAT000596,Gabriel Iván Mercado,spatial_passing_centrality,statsbomb_player,Gabriel Iván Mercado,7,Tier 1 - Exact Match,2026-08-05 17:50:49,
GOAT000556,Rafael López Gómez,spatial_passing_centrality,statsbomb_player,Rafael López Gómez,7,Tier 1 - Exact Match,2026-08-05 17:50:49,
GOAT000576,Leandro Trossard,spatial_passing_centrality,statsbomb_player,Leandro Trossard,7,Tier 1 - Exact Match,2026-08-05 17:50:49,
GOAT000518,Florent Sinama-Pongolle,spatial_passing_centrality,statsbomb_player,Florent Sinama-Pongolle,7,Tier 1 - Exact Match,2026-08-05 17:50:49,
GOAT000561,Paulo Assunção da Silva,spatial_passing_centrality,statsbomb_player,Paulo Assunção da Silva,7,Tier 1 - Exact Match,2026-08-05 17:50:49,
GOAT000509,Vinícius José Paixão de Oliveira Júnior,spatial_passing_centrality,statsbomb_player,Vinícius José Paixão de Oliveira Júnior,7,Tier 1 - Exact Match,2026-08-05 17:50:49,
GOAT000530,Igor Zubeldia Elorza,spatial_passing_centrality,statsbomb_player,Igor Zubeldia Elorza,7,Tier 1 - Exact Match,2026-08-05 17:50:49,
GOAT000566,Jon Aurtenetxe Borde,spatial_passing_centrality,statsbomb_player,Jon Aurtenetxe Borde,7,Tier 1 - Exact Match,2026-08-05 17:50:49,
GOAT000572,Asier Riesgo Unamuno,spatial_passing_centrality,statsbomb_player,Asier Riesgo Unamuno,7,Tier 1 - Exact Match,2026-08-05 17:50:49,
GOAT000508,Diego Ángel Capel Trinidad,spatial_passing_centrality,statsbomb_player,Diego Ángel Capel Trinidad,7,Tier 1 - Exact Match,2026-08-05 17:50:49,
GOAT000526,Iván Sánchez Rico Soto,spatial_passing_centrality,statsbomb_player,Iván Sánchez Rico Soto,7,Tier 1 - Exact Match,2026-08-05 17:50:49,
GOAT000528,Thomas Lemar,spatial_passing_centrality,statsbomb_player,Thomas Lemar,7,Tier 1 - Exact Match,2026-08-05 17:50:49,
GOAT000578,John Guidetti,spatial_passing_centrality,statsbomb_player,John Guidetti,7,Tier 1 - Exact Match,2026-08-05 17:50:49,
GOAT000541,Rubén Peña Jiménez,spatial_passing_centrality,statsbomb_player,Rubén Peña Jiménez,7,Tier 1 - Exact Match,2026-08-05 17:50:49,
GOAT000580,Mislav Oršić,spatial_passing_centrality,statsbomb_player,Mislav Oršić,7,Tier 1 - Exact Match,2026-08-05 17:50:49,
GOAT000579,Mikel Vesga Arruti,spatial_passing_centrality,statsbomb_player,Mikel Vesga Arruti,7,Tier 1 - Exact Match,2026-08-05 17:50:49,
GOAT000534,Borja Fernández Fernández,spatial_passing_centrality,statsbomb_player,Borja Fernández Fernández,7,Tier 1 - Exact Match,2026-08-05 17:50:49,
GOAT000531,Dimitrios Siovas,spatial_passing_centrality,statsbomb_player,Dimitrios Siovas,7,Tier 1 - Exact Match,2026-08-05 17:50:49,
GOAT000565,Míchel Macedo Rocha Machado,spatial_passing_centrality,statsbomb_player,Míchel Macedo Rocha Machado,7,Tier 1 - Exact Match,2026-08-05 17:50:49,
GOAT000567,David Juncà Reñé,spatial_passing_centrality,statsbomb_player,David Juncà Reñé,7,Tier 1 - Exact Match,2026-08-05 17:50:49,
GOAT000545,Jordi Masip López,spatial_passing_centrality,statsbomb_player,Jordi Masip López,7,Tier 1 - Exact Match,2026-08-05 17:50:49,
GOAT000522,Marko Livaja,spatial_passing_centrality,statsbomb_player,Marko Livaja,7,Tier 1 - Exact Match,2026-08-05 17:50:49,
GOAT000505,Thorgan Hazard,spatial_passing_centrality,statsbomb_player,Thorgan Hazard,7,Tier 1 - Exact Match,2026-08-05 17:50:49,
GOAT000514,Manuel Pablo García Díaz,spatial_passing_centrality,statsbomb_player,Manuel Pablo García Díaz,7,Tier 1 - Exact Match,2026-08-05 17:50:49,
GOAT000519,Marc Cucurella Saseta,spatial_passing_centrality,statsbomb_player,Marc Cucurella Saseta,7,Tier 1 - Exact Match,2026-08-05 17:50:49,
GOAT000557,Eliseu Pereira dos Santos,spatial_passing_centrality,statsbomb_player,Eliseu Pereira dos Santos,7,Tier 1 - Exact Match,2026-08-05 17:50:49,
GOAT000583,Simon Thorup Kjær,spatial_passing_centrality,statsbomb_player,Simon Thorup Kjær,7,Tier 1 - Exact Match,2026-08-05 17:50:49,
GOAT000521,Marc Torrejón Moya,spatial_passing_centrality,statsbomb_player,Marc Torrejón Moya,7,Tier 1 - Exact Match,2026-08-05 17:50:49,
GOAT000546,Enes Ünal,spatial_passing_centrality,statsbomb_player,Enes Ünal,7,Tier 1 - Exact Match,2026-08-05 17:50:49,
GOAT000553,Joseba Llorente Etxarri,spatial_passing_centrality,statsbomb_player,Joseba Llorente Etxarri,7,Tier 1 - Exact Match,2026-08-05 17:50:49,
GOAT000513,Bruno González Cabrera,spatial_passing_centrality,statsbomb_player,Bruno González Cabrera,7,Tier 1 - Exact Match,2026-08-05 17:50:49,
GOAT000552,José Alberto Cañas Ruiz Herrera,spatial_passing_centrality,statsbomb_player,José Alberto Cañas Ruiz Herrera,7,Tier 1 - Exact Match,2026-08-05 17:50:49,
GOAT000560,Roberto Jiménez Gago,spatial_passing_centrality,statsbomb_player,Roberto Jiménez Gago,7,Tier 1 - Exact Match,2026-08-05 17:50:49,
GOAT000537,Nicolás Ladislao Fedor Flores,spatial_passing_centrality,statsbomb_player,Nicolás Ladislao Fedor Flores,7,Tier 1 - Exact Match,2026-08-05 17:50:49,
GOAT000536,Nicolás Martín Pareja,spatial_passing_centrality,statsbomb_player,Nicolás Martín Pareja,7,Tier 1 - Exact Match,2026-08-05 17:50:49,
GOAT000575,Simão Mate,spatial_passing_centrality,statsbomb_player,Simão Mate,7,Tier 1 - Exact Match,2026-08-05 17:50:49,
GOAT000542,Sofiane Feghouli,spatial_passing_centrality,statsbomb_player,Sofiane Feghouli,7,Tier 1 - Exact Match,2026-08-05 17:50:49,
GOAT000585,Sergio Sánchez Ortega,spatial_passing_centrality,statsbomb_player,Sergio Sánchez Ortega,7,Tier 1 - Exact Match,2026-08-05 17:50:49,
GOAT000584,Sergio Álvarez Conde,spatial_passing_centrality,statsbomb_player,Sergio Álvarez Conde,7,Tier 1 - Exact Match,2026-08-05 17:50:49,
GOAT000548,José Diogo Dalot Teixeira,spatial_passing_centrality,statsbomb_player,José Diogo Dalot Teixeira,7,Tier 1 - Exact Match,2026-08-05 17:50:49,
GOAT000549,José Carlos de Araújo Nunes,spatial_passing_centrality,statsbomb_player,José Carlos de Araújo Nunes,7,Tier 1 - Exact Match,2026-08-05 17:50:49,
GOAT000547,José Eduardo Rosa Vale de Castro,spatial_passing_centrality,statsbomb_player,José Eduardo Rosa Vale de Castro,7,Tier 1 - Exact Match,2026-08-05 17:50:49,
GOAT000555,José Manuel Jurado Marín,spatial_passing_centrality,statsbomb_player,José Manuel Jurado Marín,7,Tier 1 - Exact Match,2026-08-05 17:50:49,
GOAT000558,José Luis Sanmartín Mato,spatial_passing_centrality,statsbomb_player,José Luis Sanmartín Mato,7,Tier 1 - Exact Match,2026-08-05 17:50:49,
GOAT000535,Gustavo Adolfo Munúa Vera,spatial_passing_centrality,statsbomb_player,Gustavo Adolfo Munúa Vera,7,Tier 1 - Exact Match,2026-08-05 17:50:49,
GOAT000587,Federico Santiago Valverde Dipetta,spatial_passing_centrality,statsbomb_player,Federico Santiago Valverde Dipetta,7,Tier 1 - Exact Match,2026-08-05 17:50:49,
GOAT000589,Luis Amaranto Perea Mosquera,spatial_passing_centrality,statsbomb_player,Luis Amaranto Perea Mosquera,7,Tier 1 - Exact Match,2026-08-05 17:50:49,
GOAT000593,Alhassane Bangoura,spatial_passing_centrality,statsbomb_player,Alhassane Bangoura,7,Tier 1 - Exact Match,2026-08-05 17:50:49,
GOAT000551,Federico Julián Fazio,spatial_passing_centrality,statsbomb_player,Federico Julián Fazio,7,Tier 1 - Exact Match,2026-08-05 17:50:49,
GOAT000511,João Filipe Iria Santos Moutinho,spatial_passing_centrality,statsbomb_player,João Filipe Iria Santos Moutinho,7,Tier 1 - Exact Match,2026-08-05 17:50:49,
GOAT000532,Ricardo López Felipe,spatial_passing_centrality,statsbomb_player,Ricardo López Felipe,7,Tier 1 - Exact Match,2026-08-05 17:50:49,
GOAT000533,Ricardo Jorge Luz Horta,spatial_passing_centrality,statsbomb_player,Ricardo Jorge Luz Horta,7,Tier 1 - Exact Match,2026-08-05 17:50:49,
GOAT000523,Gonzalo Javier Rodríguez,spatial_passing_centrality,statsbomb_player,Gonzalo Javier Rodríguez,7,Tier 1 - Exact Match,2026-08-05 17:50:49,
GOAT000591,Youssef El-Arabi,spatial_passing_centrality,statsbomb_player,Youssef El-Arabi,7,Tier 1 - Exact Match,2026-08-05 17:50:49,
GOAT000539,Antonio Amaya Carazo,spatial_passing_centrality,statsbomb_player,Antonio Amaya Carazo,7,Tier 1 - Exact Match,2026-08-05 17:50:49,
GOAT000563,Roberto Torres Morales,spatial_passing_centrality,statsbomb_player,Roberto Torres Morales,7,Tier 1 - Exact Match,2026-08-05 17:50:49,
GOAT000564,Mubarak Wakaso,spatial_passing_centrality,statsbomb_player,Mubarak Wakaso,7,Tier 1 - Exact Match,2026-08-05 17:50:49,
GOAT000590,David López Moreno,spatial_passing_centrality,statsbomb_player,David López Moreno,7,Tier 1 - Exact Match,2026-08-05 17:50:49,
GOAT000520,Mauro Wilney Arambarri Rosa,spatial_passing_centrality,statsbomb_player,Mauro Wilney Arambarri Rosa,7,Tier 1 - Exact Match,2026-08-05 17:50:49,
GOAT000512,Djené Dakonam Ortega,spatial_passing_centrality,statsbomb_player,Djené Dakonam Ortega,7,Tier 1 - Exact Match,2026-08-05 17:50:49,
GOAT000562,Diogo José Teixeira da Silva,spatial_passing_centrality,statsbomb_player,Diogo José Teixeira da Silva,7,Tier 1 - Exact Match,2026-08-05 17:50:49,
GOAT000568,David Cortés Caballero,spatial_passing_centrality,statsbomb_player,David Cortés Caballero,7,Tier 1 - Exact Match,2026-08-05 17:50:49,
GOAT000515,Timothy Castagne,spatial_passing_centrality,statsbomb_player,Timothy Castagne,7,Tier 1 - Exact Match,2026-08-05 17:50:49,
GOAT000516,Borja Valero Iglesias,spatial_passing_centrality,statsbomb_player,Borja Valero Iglesias,7,Tier 1 - Exact Match,2026-08-05 17:50:49,
GOAT000529,Igor Gabilondo del Campo,spatial_passing_centrality,statsbomb_player,Igor Gabilondo del Campo,7,Tier 1 - Exact Match,2026-08-05 17:50:49,
GOAT000011,Luka Modrić,statistical_season_stats,common_name,Luka Modrić,6,Tier 1 - Exact Match,2026-08-05 17:50:49,
GOAT000019,Kevin De Bruyne,statistical_season_stats,common_name,Kevin De Bruyne,6,Tier 1 - Exact Match,2026-08-05 17:50:49,
GOAT000033,Kylian Mbappé,statistical_season_stats,common_name,Kylian Mbappé,6,Tier 1 - Exact Match,2026-08-05 17:50:49,
GOAT000056,Robert Lewandowski,statistical_season_stats,common_name,Robert Lewandowski,6,Tier 1 - Exact Match,2026-08-05 17:50:49,
GOAT000658,Raúl Albentosa Redal,spatial_passing_centrality,statsbomb_player,Raúl Albentosa Redal,6,Tier 1 - Exact Match,2026-08-05 17:50:49,
GOAT000698,Xabier Etxeita Gorritxategi,spatial_passing_centrality,statsbomb_player,Xabier Etxeita Gorritxategi,6,Tier 1 - Exact Match,2026-08-05 17:50:49,
GOAT000659,Raúl García Carnero,spatial_passing_centrality,statsbomb_player,Raúl García Carnero,6,Tier 1 - Exact Match,2026-08-05 17:50:49,
GOAT000682,Alejandro Gálvez Jimena,spatial_passing_centrality,statsbomb_player,Alejandro Gálvez Jimena,6,Tier 1 - Exact Match,2026-08-05 17:50:49,
GOAT000622,Alberto Moreno Pérez,spatial_passing_centrality,statsbomb_player,Alberto Moreno Pérez,6,Tier 1 - Exact Match,2026-08-05 17:50:49,
GOAT000708,Luciano Vietto,spatial_passing_centrality,statsbomb_player,Luciano Vietto,6,Tier 1 - Exact Match,2026-08-05 17:50:49,
GOAT000691,Cédric Bakambu,spatial_passing_centrality,statsbomb_player,Cédric Bakambu,6,Tier 1 - Exact Match,2026-08-05 17:50:49,
GOAT000694,César Azpilicueta Tanco,spatial_passing_centrality,statsbomb_player,César Azpilicueta Tanco,6,Tier 1 - Exact Match,2026-08-05 17:50:49,
GOAT000628,Ferrán Torres García,spatial_passing_centrality,statsbomb_player,Ferrán Torres García,6,Tier 1 - Exact Match,2026-08-05 17:50:49,
GOAT000611,Juan Domínguez Lamas,spatial_passing_centrality,statsbomb_player,Juan Domínguez Lamas,6,Tier 1 - Exact Match,2026-08-05 17:50:49,
GOAT000612,Juan Francisco Martínez Modesto,spatial_passing_centrality,statsbomb_player,Juan Francisco Martínez Modesto,6,Tier 1 - Exact Match,2026-08-05 17:50:49,
GOAT000625,Fernando Rubén Gago,spatial_passing_centrality,statsbomb_player,Fernando Rubén Gago,6,Tier 1 - Exact Match,2026-08-05 17:50:49,
GOAT000601,Sergio Fernández González,spatial_passing_centrality,statsbomb_player,Sergio Fernández González,6,Tier 1 - Exact Match,2026-08-05 17:50:49,
GOAT000614,João Mário Naval da Costa Eduardo,spatial_passing_centrality,statsbomb_player,João Mário Naval da Costa Eduardo,6,Tier 1 - Exact Match,2026-08-05 17:50:49,
GOAT000602,Sergio Gontán Gallardo,spatial_passing_centrality,statsbomb_player,Sergio Gontán Gallardo,6,Tier 1 - Exact Match,2026-08-05 17:50:49,
GOAT000627,Antonio Rukavina,spatial_passing_centrality,statsbomb_player,Antonio Rukavina,6,Tier 1 - Exact Match,2026-08-05 17:50:49,
GOAT000637,Koikili Lertxundi Del Campo,spatial_passing_centrality,statsbomb_player,Koikili Lertxundi Del Campo,6,Tier 1 - Exact Match,2026-08-05 17:50:49,
GOAT000700,Francisco Jesús Pérez Malia,spatial_passing_centrality,statsbomb_player,Francisco Jesús Pérez Malia,6,Tier 1 - Exact Match,2026-08-05 17:50:49,
GOAT000681,Francis Joseph Coquelin,spatial_passing_centrality,statsbomb_player,Francis Joseph Coquelin,6,Tier 1 - Exact Match,2026-08-05 17:50:49,
GOAT000680,Víctor Rodríguez Romero,spatial_passing_centrality,statsbomb_player,Víctor Rodríguez Romero,6,Tier 1 - Exact Match,2026-08-05 17:50:49,
GOAT000705,Abel Enrique Aguilar Tapia,spatial_passing_centrality,statsbomb_player,Abel Enrique Aguilar Tapia,6,Tier 1 - Exact Match,2026-08-05 17:50:49,
GOAT000696,Íñigo López Montaña,spatial_passing_centrality,statsbomb_player,Íñigo López Montaña,6,Tier 1 - Exact Match,2026-08-05 17:50:49,
GOAT000679,Willian Borges da Silva,spatial_passing_centrality,statsbomb_player,Willian Borges da Silva,6,Tier 1 - Exact Match,2026-08-05 17:50:49,
GOAT000657,Pedro Ríos Maestre,spatial_passing_centrality,statsbomb_player,Pedro Ríos Maestre,6,Tier 1 - Exact Match,2026-08-05 17:50:49,
GOAT000609,Petros Matheus dos Santos Araújo,spatial_passing_centrality,statsbomb_player,Petros Matheus dos Santos Araújo,6,Tier 1 - Exact Match,2026-08-05 17:50:49,
GOAT000695,Aleksandar Pantić,spatial_passing_centrality,statsbomb_player,Aleksandar Pantić,6,Tier 1 - Exact Match,2026-08-05 17:50:49,
GOAT000650,Franco Damián Vázquez,spatial_passing_centrality,statsbomb_player,Franco Damián Vázquez,6,Tier 1 - Exact Match,2026-08-05 17:50:49,
GOAT000699,Francisco Medina Luna,spatial_passing_centrality,statsbomb_player,Francisco Medina Luna,6,Tier 1 - Exact Match,2026-08-05 17:50:49,
GOAT000643,Ayoze Díaz Díaz,spatial_passing_centrality,statsbomb_player,Ayoze Díaz Díaz,6,Tier 1 - Exact Match,2026-08-05 17:50:49,
GOAT000655,Ángel Javier Arizmendi de Lucas,spatial_passing_centrality,statsbomb_player,Ángel Javier Arizmendi de Lucas,6,Tier 1 - Exact Match,2026-08-05 17:50:49,
GOAT000608,Javier Rodríguez Venta,spatial_passing_centrality,statsbomb_player,Javier Rodríguez Venta,6,Tier 1 - Exact Match,2026-08-05 17:50:49,
GOAT000642,Aymen Abdennour,spatial_passing_centrality,statsbomb_player,Aymen Abdennour,6,Tier 1 - Exact Match,2026-08-05 17:50:49,
GOAT000617,Adnan Januzaj,spatial_passing_centrality,statsbomb_player,Adnan Januzaj,6,Tier 1 - Exact Match,2026-08-05 17:50:49,
GOAT000600,Javier Guerra Rodríguez,spatial_passing_centrality,statsbomb_player,Javier Guerra Rodríguez,6,Tier 1 - Exact Match,2026-08-05 17:50:49,
GOAT000712,Álvaro Vadillo Cifuentes,spatial_passing_centrality,statsbomb_player,Álvaro Vadillo Cifuentes,6,Tier 1 - Exact Match,2026-08-05 17:50:49,
GOAT000606,Ariel Miguel Santiago Ibagaza,spatial_passing_centrality,statsbomb_player,Ariel Miguel Santiago Ibagaza,6,Tier 1 - Exact Match,2026-08-05 17:50:49,
GOAT000604,Pau López Sabata,spatial_passing_centrality,statsbomb_player,Pau López Sabata,6,Tier 1 - Exact Match,2026-08-05 17:50:49,
GOAT000603,Sergio González Soriano,spatial_passing_centrality,statsbomb_player,Sergio González Soriano,6,Tier 1 - Exact Match,2026-08-05 17:50:49,
GOAT000613,Pau Francisco Torres,spatial_passing_centrality,statsbomb_player,Pau Francisco Torres,6,Tier 1 - Exact Match,2026-08-05 17:50:49,
GOAT000618,Leonardo Daniel Ponzio,spatial_passing_centrality,statsbomb_player,Leonardo Daniel Ponzio,6,Tier 1 - Exact Match,2026-08-05 17:50:49,
GOAT000633,Fernando Luiz Roza,spatial_passing_centrality,statsbomb_player,Fernando Luiz Roza,6,Tier 1 - Exact Match,2026-08-05 17:50:49,
GOAT000704,Íñigo Lekue Martínez,spatial_passing_centrality,statsbomb_player,Íñigo Lekue Martínez,6,Tier 1 - Exact Match,2026-08-05 17:50:49,
GOAT000703,Achraf Hakimi Mouh,spatial_passing_centrality,statsbomb_player,Achraf Hakimi Mouh,6,Tier 1 - Exact Match,2026-08-05 17:50:49,
GOAT000653,Gabriel Fernando de Jesus,spatial_passing_centrality,statsbomb_player,Gabriel Fernando de Jesus,6,Tier 1 - Exact Match,2026-08-05 17:50:49,
GOAT000626,Kieran Trippier,spatial_passing_centrality,statsbomb_player,Kieran Trippier,6,Tier 1 - Exact Match,2026-08-05 17:50:49,
GOAT000654,Gabriel Francisco García de la Torre,spatial_passing_centrality,statsbomb_player,Gabriel Francisco García de la Torre,6,Tier 1 - Exact Match,2026-08-05 17:50:49,
GOAT000599,Antonio Tomás González,spatial_passing_centrality,statsbomb_player,Antonio Tomás González,6,Tier 1 - Exact Match,2026-08-05 17:50:49,
GOAT000668,José Manuel Casado Bizcocho,spatial_passing_centrality,statsbomb_player,José Manuel Casado Bizcocho,6,Tier 1 - Exact Match,2026-08-05 17:50:49,
GOAT000663,José María Callejón Bueno,spatial_passing_centrality,statsbomb_player,José María Callejón Bueno,6,Tier 1 - Exact Match,2026-08-05 17:50:49,
GOAT000670,José Maria Gutiérrez Hernández,spatial_passing_centrality,statsbomb_player,José Maria Gutiérrez Hernández,6,Tier 1 - Exact Match,2026-08-05 17:50:49,
GOAT000651,Daniel Ceballos Fernández,spatial_passing_centrality,statsbomb_player,Daniel Ceballos Fernández,6,Tier 1 - Exact Match,2026-08-05 17:50:49,
GOAT000630,Oriol Lozano Farrán,spatial_passing_centrality,statsbomb_player,Oriol Lozano Farrán,6,Tier 1 - Exact Match,2026-08-05 17:50:49,
GOAT000683,Hernán Arsenio Pérez González,spatial_passing_centrality,statsbomb_player,Hernán Arsenio Pérez González,6,Tier 1 - Exact Match,2026-08-05 17:50:49,
GOAT000640,Roberto Firmino Barbosa de Oliveira,spatial_passing_centrality,statsbomb_player,Roberto Firmino Barbosa de Oliveira,6,Tier 1 - Exact Match,2026-08-05 17:50:49,
GOAT000631,Albert Crusat Domene,spatial_passing_centrality,statsbomb_player,Albert Crusat Domene,6,Tier 1 - Exact Match,2026-08-05 17:50:49,
GOAT000646,Bruno Saltor Grau,spatial_passing_centrality,statsbomb_player,Bruno Saltor Grau,6,Tier 1 - Exact Match,2026-08-05 17:50:49,
GOAT000686,Danijel Subašić,spatial_passing_centrality,statsbomb_player,Danijel Subašić,6,Tier 1 - Exact Match,2026-08-05 17:50:49,
GOAT000685,Danilo Luís Hélio Pereira,spatial_passing_centrality,statsbomb_player,Danilo Luís Hélio Pereira,6,Tier 1 - Exact Match,2026-08-05 17:50:49,
GOAT000669,Eduardo Camavinga,spatial_passing_centrality,statsbomb_player,Eduardo Camavinga,6,Tier 1 - Exact Match,2026-08-05 17:50:49,
GOAT000706,Mario Suárez Mata,spatial_passing_centrality,statsbomb_player,Mario Suárez Mata,6,Tier 1 - Exact Match,2026-08-05 17:50:49,
GOAT000629,Sofiane Boufal,spatial_passing_centrality,statsbomb_player,Sofiane Boufal,6,Tier 1 - Exact Match,2026-08-05 17:50:49,
GOAT000635,Nordin Amrabat,spatial_passing_centrality,statsbomb_player,Nordin Amrabat,6,Tier 1 - Exact Match,2026-08-05 17:50:49,
GOAT000693,Marco Gastón Ruben Rodríguez,spatial_passing_centrality,statsbomb_player,Marco Gastón Ruben Rodríguez,6,Tier 1 - Exact Match,2026-08-05 17:50:49,
GOAT000684,Manuel Rolando Iturra Urrutia,spatial_passing_centrality,statsbomb_player,Manuel Rolando Iturra Urrutia,6,Tier 1 - Exact Match,2026-08-05 17:50:49,
GOAT000714,Tomáš Ujfaluši,spatial_passing_centrality,statsbomb_player,Tomáš Ujfaluši,6,Tier 1 - Exact Match,2026-08-05 17:50:49,
GOAT000645,Eneko Bóveda Altube,spatial_passing_centrality,statsbomb_player,Eneko Bóveda Altube,6,Tier 1 - Exact Match,2026-08-05 17:50:49,
GOAT000636,Néstor Alejandro Araújo Razo,spatial_passing_centrality,statsbomb_player,Néstor Alejandro Araújo Razo,6,Tier 1 - Exact Match,2026-08-05 17:50:49,
GOAT000690,Amadou Onana,spatial_passing_centrality,statsbomb_player,Amadou Onana,6,Tier 1 - Exact Match,2026-08-05 17:50:49,
GOAT000621,Alberto Mateus Contreiras Gonçalves,spatial_passing_centrality,statsbomb_player,Alberto Mateus Contreiras Gonçalves,6,Tier 1 - Exact Match,2026-08-05 17:50:49,
GOAT000692,Daniel Jarque Gonzalez,spatial_passing_centrality,statsbomb_player,Daniel Jarque Gonzalez,6,Tier 1 - Exact Match,2026-08-05 17:50:49,
GOAT000688,Luís Fabiano Clemente,spatial_passing_centrality,statsbomb_player,Luís Fabiano Clemente,6,Tier 1 - Exact Match,2026-08-05 17:50:49,
GOAT000605,Pablo Fornals Malla,spatial_passing_centrality,statsbomb_player,Pablo Fornals Malla,6,Tier 1 - Exact Match,2026-08-05 17:50:49,
GOAT000713,Luis Carlos Correia Pinto,spatial_passing_centrality,statsbomb_player,Luis Carlos Correia Pinto,6,Tier 1 - Exact Match,2026-08-05 17:50:49,
GOAT000615,Carlos Andrés Diogo Enseñat,spatial_passing_centrality,statsbomb_player,Carlos Andrés Diogo Enseñat,6,Tier 1 - Exact Match,2026-08-05 17:50:49,
GOAT000664,José Romero Urtasun,spatial_passing_centrality,statsbomb_player,José Romero Urtasun,6,Tier 1 - Exact Match,2026-08-05 17:50:49,
GOAT000634,Federico Nicolás Cartabia,spatial_passing_centrality,statsbomb_player,Federico Nicolás Cartabia,6,Tier 1 - Exact Match,2026-08-05 17:50:49,
GOAT000639,Roberto Canella Suárez,spatial_passing_centrality,statsbomb_player,Roberto Canella Suárez,6,Tier 1 - Exact Match,2026-08-05 17:50:49,
GOAT000687,Manuel Jesús Arana Rodríguez,spatial_passing_centrality,statsbomb_player,Manuel Jesús Arana Rodríguez,6,Tier 1 - Exact Match,2026-08-05 17:50:49,
GOAT000652,Daniel Filipe Martins Carriço,spatial_passing_centrality,statsbomb_player,Daniel Filipe Martins Carriço,6,Tier 1 - Exact Match,2026-08-05 17:50:49,
GOAT000701,Hakim Ziyech,spatial_passing_centrality,statsbomb_player,Hakim Ziyech,6,Tier 1 - Exact Match,2026-08-05 17:50:49,
GOAT000610,Carles Pérez Sayol,spatial_passing_centrality,statsbomb_player,Carles Pérez Sayol,6,Tier 1 - Exact Match,2026-08-05 17:50:49,
GOAT000697,Marouane Fellaini-Bakkioui,spatial_passing_centrality,statsbomb_player,Marouane Fellaini-Bakkioui,6,Tier 1 - Exact Match,2026-08-05 17:50:49,
GOAT000662,Brais Méndez Portela,spatial_passing_centrality,statsbomb_player,Brais Méndez Portela,6,Tier 1 - Exact Match,2026-08-05 17:50:49,
GOAT000673,Samuel Chimerenka Chukwueze,spatial_passing_centrality,statsbomb_player,Samuel Chimerenka Chukwueze,6,Tier 1 - Exact Match,2026-08-05 17:50:49,
GOAT000656,Roger Martí Salvador,spatial_passing_centrality,statsbomb_player,Roger Martí Salvador,6,Tier 1 - Exact Match,2026-08-05 17:50:49,
GOAT000709,Ignacio Cases Mora,spatial_passing_centrality,statsbomb_player,Ignacio Cases Mora,6,Tier 1 - Exact Match,2026-08-05 17:50:49,
GOAT000702,Zouhair Feddal,spatial_passing_centrality,statsbomb_player,Zouhair Feddal,6,Tier 1 - Exact Match,2026-08-05 17:50:49,
GOAT000648,Jordi Amat Maas,spatial_passing_centrality,statsbomb_player,Jordi Amat Maas,6,Tier 1 - Exact Match,2026-08-05 17:50:49,
GOAT000649,Jorge López Montaña,spatial_passing_centrality,statsbomb_player,Jorge López Montaña,6,Tier 1 - Exact Match,2026-08-05 17:50:49,
GOAT000660,Borja Oubiña Meléndez,spatial_passing_centrality,statsbomb_player,Borja Oubiña Meléndez,6,Tier 1 - Exact Match,2026-08-05 17:50:49,
GOAT000661,Borna Sosa,spatial_passing_centrality,statsbomb_player,Borna Sosa,6,Tier 1 - Exact Match,2026-08-05 17:50:49,
GOAT000638,José Antonio García Rabasco,spatial_passing_centrality,statsbomb_player,José Antonio García Rabasco,6,Tier 1 - Exact Match,2026-08-05 17:50:49,
GOAT000689,Darwin Daniel Machís Marcano,spatial_passing_centrality,statsbomb_player,Darwin Daniel Machís Marcano,6,Tier 1 - Exact Match,2026-08-05 17:50:49,
GOAT000632,Nemanja Maksimović,spatial_passing_centrality,statsbomb_player,Nemanja Maksimović,6,Tier 1 - Exact Match,2026-08-05 17:50:49,
GOAT000711,Tiago Manuel Dias Correia,spatial_passing_centrality,statsbomb_player,Tiago Manuel Dias Correia,6,Tier 1 - Exact Match,2026-08-05 17:50:49,
GOAT000707,Moisés Hurtado Pérez,spatial_passing_centrality,statsbomb_player,Moisés Hurtado Pérez,6,Tier 1 - Exact Match,2026-08-05 17:50:49,
GOAT000678,Mesut Özil,spatial_passing_centrality,statsbomb_player,Mesut Özil,6,Tier 1 - Exact Match,2026-08-05 17:50:49,
GOAT000676,Borja Ekiza Imaz,spatial_passing_centrality,statsbomb_player,Borja Ekiza Imaz,6,Tier 1 - Exact Match,2026-08-05 17:50:49,
GOAT000667,Borja González Tomás,spatial_passing_centrality,statsbomb_player,Borja González Tomás,6,Tier 1 - Exact Match,2026-08-05 17:50:49,
GOAT000647,Roque Luis Santa Cruz Cantero,spatial_passing_centrality,statsbomb_player,Roque Luis Santa Cruz Cantero,6,Tier 1 - Exact Match,2026-08-05 17:50:49,
GOAT000623,Ivan Strinić,spatial_passing_centrality,statsbomb_player,Ivan Strinić,6,Tier 1 - Exact Match,2026-08-05 17:50:49,
GOAT000624,Ivica Dragutinovic,spatial_passing_centrality,statsbomb_player,Ivica Dragutinovic,6,Tier 1 - Exact Match,2026-08-05 17:50:49,
GOAT000607,David Soria Solís,spatial_passing_centrality,statsbomb_player,David Soria Solís,6,Tier 1 - Exact Match,2026-08-05 17:50:49,
GOAT000675,John Stones,spatial_passing_centrality,statsbomb_player,John Stones,6,Tier 1 - Exact Match,2026-08-05 17:50:49,
GOAT000644,Jonathan Sesma González,spatial_passing_centrality,statsbomb_player,Jonathan Sesma González,6,Tier 1 - Exact Match,2026-08-05 17:50:49,
GOAT000710,Imanol Agirretxe Arruti,spatial_passing_centrality,statsbomb_player,Imanol Agirretxe Arruti,6,Tier 1 - Exact Match,2026-08-05 17:50:49,
GOAT000641,Rubén González Rocha,spatial_passing_centrality,statsbomb_player,Rubén González Rocha,6,Tier 1 - Exact Match,2026-08-05 17:50:49,
GOAT000666,Jonas Gonçalves Oliveira,spatial_passing_centrality,statsbomb_player,Jonas Gonçalves Oliveira,6,Tier 1 - Exact Match,2026-08-05 17:50:49,
GOAT000665,Rubén Sobrino Pozuelo,spatial_passing_centrality,statsbomb_player,Rubén Sobrino Pozuelo,6,Tier 1 - Exact Match,2026-08-05 17:50:49,
GOAT000616,Adrián Embarba Blázquez,spatial_passing_centrality,statsbomb_player,Adrián Embarba Blázquez,6,Tier 1 - Exact Match,2026-08-05 17:50:49,
GOAT000672,Sabin Merino Zuloaga,spatial_passing_centrality,statsbomb_player,Sabin Merino Zuloaga,6,Tier 1 - Exact Match,2026-08-05 17:50:49,
GOAT000671,Ruud van Nistelrooy,spatial_passing_centrality,statsbomb_player,Ruud van Nistelrooy,6,Tier 1 - Exact Match,2026-08-05 17:50:49,
GOAT000674,Johan Andrés Mojica Palacio,spatial_passing_centrality,statsbomb_player,Johan Andrés Mojica Palacio,6,Tier 1 - Exact Match,2026-08-05 17:50:49,
GOAT000619,Miguel Ángel Guerrero Martín,spatial_passing_centrality,statsbomb_player,Miguel Ángel Guerrero Martín,6,Tier 1 - Exact Match,2026-08-05 17:50:49,
GOAT000620,Mike Maignan,spatial_passing_centrality,statsbomb_player,Mike Maignan,6,Tier 1 - Exact Match,2026-08-05 17:50:49,
GOAT000677,Michy Batshuayi Tunga,spatial_passing_centrality,statsbomb_player,Michy Batshuayi Tunga,6,Tier 1 - Exact Match,2026-08-05 17:50:49,
GOAT000001,Lionel Messi,statistical_season_stats,common_name,Lionel Messi,5,Tier 1 - Exact Match,2026-08-05 17:50:49,
GOAT000003,Neymar,statistical_season_stats,common_name,Neymar,5,Tier 1 - Exact Match,2026-08-05 17:50:49,
GOAT000009,Cristiano Ronaldo,statistical_season_stats,common_name,Cristiano Ronaldo,5,Tier 1 - Exact Match,2026-08-05 17:50:49,
GOAT000740,Jerónimo Figueroa Cabrera,spatial_passing_centrality,statsbomb_player,Jerónimo Figueroa Cabrera,5,Tier 1 - Exact Match,2026-08-05 17:50:49,
GOAT000752,Ángel Trujillo Canorea,spatial_passing_centrality,statsbomb_player,Ángel Trujillo Canorea,5,Tier 1 - Exact Match,2026-08-05 17:50:49,
GOAT000767,Aarón Martín Caricol,spatial_passing_centrality,statsbomb_player,Aarón Martín Caricol,5,Tier 1 - Exact Match,2026-08-05 17:50:49,
GOAT000741,Jesús Joaquín Fernández Sáez de la Torre,spatial_passing_centrality,statsbomb_player,Jesús Joaquín Fernández Sáez de la Torre,5,Tier 1 - Exact Match,2026-08-05 17:50:49,
GOAT000792,Diego Alberto Milito,spatial_passing_centrality,statsbomb_player,Diego Alberto Milito,5,Tier 1 - Exact Match,2026-08-05 17:50:49,
GOAT000753,Óscar Plano Pedreño,spatial_passing_centrality,statsbomb_player,Óscar Plano Pedreño,5,Tier 1 - Exact Match,2026-08-05 17:50:49,
GOAT000853,Jefferson Antonio Montero Vite,spatial_passing_centrality,statsbomb_player,Jefferson Antonio Montero Vite,5,Tier 1 - Exact Match,2026-08-05 17:50:49,
GOAT000820,Jaime Gavilán Martínez,spatial_passing_centrality,statsbomb_player,Jaime Gavilán Martínez,5,Tier 1 - Exact Match,2026-08-05 17:50:49,
GOAT000822,Jakub Moder,spatial_passing_centrality,statsbomb_player,Jakub Moder,5,Tier 1 - Exact Match,2026-08-05 17:50:49,
GOAT000782,Adalberto Peñaranda Maestre,spatial_passing_centrality,statsbomb_player,Adalberto Peñaranda Maestre,5,Tier 1 - Exact Match,2026-08-05 17:50:49,
GOAT000784,Ángel Montoro Sánchez,spatial_passing_centrality,statsbomb_player,Ángel Montoro Sánchez,5,Tier 1 - Exact Match,2026-08-05 17:50:49,
GOAT000821,Jairo Samperio Bustara,spatial_passing_centrality,statsbomb_player,Jairo Samperio Bustara,5,Tier 1 - Exact Match,2026-08-05 17:50:49,
GOAT000791,Juan Torres Ruiz,spatial_passing_centrality,statsbomb_player,Juan Torres Ruiz,5,Tier 1 - Exact Match,2026-08-05 17:50:49,
GOAT000760,Gaku Shibasaki,spatial_passing_centrality,statsbomb_player,Gaku Shibasaki,5,Tier 1 - Exact Match,2026-08-05 17:50:49,
GOAT000761,Gary Alexis Medel Soto,spatial_passing_centrality,statsbomb_player,Gary Alexis Medel Soto,5,Tier 1 - Exact Match,2026-08-05 17:50:49,
GOAT000852,Piotr Trochowski,spatial_passing_centrality,statsbomb_player,Piotr Trochowski,5,Tier 1 - Exact Match,2026-08-05 17:50:49,
GOAT000823,Iñaki Muñoz Oroz,spatial_passing_centrality,statsbomb_player,Iñaki Muñoz Oroz,5,Tier 1 - Exact Match,2026-08-05 17:50:49,
GOAT000860,Peter Luccin,spatial_passing_centrality,statsbomb_player,Peter Luccin,5,Tier 1 - Exact Match,2026-08-05 17:50:49,
GOAT000850,Christian Fernández Salas,spatial_passing_centrality,statsbomb_player,Christian Fernández Salas,5,Tier 1 - Exact Match,2026-08-05 17:50:49,
GOAT000730,Alejandro Alfaro Ligero,spatial_passing_centrality,statsbomb_player,Alejandro Alfaro Ligero,5,Tier 1 - Exact Match,2026-08-05 17:50:49,
GOAT000808,Kalu Uche,spatial_passing_centrality,statsbomb_player,Kalu Uche,5,Tier 1 - Exact Match,2026-08-05 17:50:49,
GOAT000809,Kamil Grosicki,spatial_passing_centrality,statsbomb_player,Kamil Grosicki,5,Tier 1 - Exact Match,2026-08-05 17:50:49,
GOAT000801,Kasper Schmeichel,spatial_passing_centrality,statsbomb_player,Kasper Schmeichel,5,Tier 1 - Exact Match,2026-08-05 17:50:49,
GOAT000793,Walter Gerardo Pandiani Urquiza,spatial_passing_centrality,statsbomb_player,Walter Gerardo Pandiani Urquiza,5,Tier 1 - Exact Match,2026-08-05 17:50:49,
GOAT000833,Pedro Mario Álvarez Abrante,spatial_passing_centrality,statsbomb_player,Pedro Mario Álvarez Abrante,5,Tier 1 - Exact Match,2026-08-05 17:50:49,
GOAT000795,Pedro Taunausú Domínguez Placeres,spatial_passing_centrality,statsbomb_player,Pedro Taunausú Domínguez Placeres,5,Tier 1 - Exact Match,2026-08-05 17:50:49,
GOAT000845,Juan Manuel Gómez Sánchez,spatial_passing_centrality,statsbomb_player,Juan Manuel Gómez Sánchez,5,Tier 1 - Exact Match,2026-08-05 17:50:49,
GOAT000839,Francisco Peña Romero,spatial_passing_centrality,statsbomb_player,Francisco Peña Romero,5,Tier 1 - Exact Match,2026-08-05 17:50:49,
GOAT000787,Sergio Martínez Ballesteros,spatial_passing_centrality,statsbomb_player,Sergio Martínez Ballesteros,5,Tier 1 - Exact Match,2026-08-05 17:50:49,
GOAT000744,Mauricio Lemos Merladet,spatial_passing_centrality,statsbomb_player,Mauricio Lemos Merladet,5,Tier 1 - Exact Match,2026-08-05 17:50:49,
GOAT000829,Diego Rivas Gutiérrez,spatial_passing_centrality,statsbomb_player,Diego Rivas Gutiérrez,5,Tier 1 - Exact Match,2026-08-05 17:50:49,
GOAT000751,Álvaro Luiz Maior de Aquino,spatial_passing_centrality,statsbomb_player,Álvaro Luiz Maior de Aquino,5,Tier 1 - Exact Match,2026-08-05 17:50:49,
GOAT000805,Sergio Postigo Redondo,spatial_passing_centrality,statsbomb_player,Sergio Postigo Redondo,5,Tier 1 - Exact Match,2026-08-05 17:50:49,
GOAT000788,Carlos Reina Aranda,spatial_passing_centrality,statsbomb_player,Carlos Reina Aranda,5,Tier 1 - Exact Match,2026-08-05 17:50:49,
GOAT000790,Juan Rafael Fuentes Hernández,spatial_passing_centrality,statsbomb_player,Juan Rafael Fuentes Hernández,5,Tier 1 - Exact Match,2026-08-05 17:50:49,
GOAT000827,Juan Daniel Forlín,spatial_passing_centrality,statsbomb_player,Juan Daniel Forlín,5,Tier 1 - Exact Match,2026-08-05 17:50:49,
GOAT000802,Francisco Javier García Fernández,spatial_passing_centrality,statsbomb_player,Francisco Javier García Fernández,5,Tier 1 - Exact Match,2026-08-05 17:50:49,
GOAT000844,Juan Gutiérrez Moreno,spatial_passing_centrality,statsbomb_player,Juan Gutiérrez Moreno,5,Tier 1 - Exact Match,2026-08-05 17:50:49,
GOAT000762,Georginio Wijnaldum,spatial_passing_centrality,statsbomb_player,Georginio Wijnaldum,5,Tier 1 - Exact Match,2026-08-05 17:50:49,
GOAT000763,Gerard Gumbau Garriga,spatial_passing_centrality,statsbomb_player,Gerard Gumbau Garriga,5,Tier 1 - Exact Match,2026-08-05 17:50:49,
GOAT000757,Alen Halilović,spatial_passing_centrality,statsbomb_player,Alen Halilović,5,Tier 1 - Exact Match,2026-08-05 17:50:49,
GOAT000831,Pablo Ínsua Blanco,spatial_passing_centrality,statsbomb_player,Pablo Ínsua Blanco,5,Tier 1 - Exact Match,2026-08-05 17:50:49,
GOAT000857,Santiago Arias Naranjo,spatial_passing_centrality,statsbomb_player,Santiago Arias Naranjo,5,Tier 1 - Exact Match,2026-08-05 17:50:49,
GOAT000858,Santiago Ezquerro Marín,spatial_passing_centrality,statsbomb_player,Santiago Ezquerro Marín,5,Tier 1 - Exact Match,2026-08-05 17:50:49,
GOAT000779,Rubén Baraja Vegas,spatial_passing_centrality,statsbomb_player,Rubén Baraja Vegas,5,Tier 1 - Exact Match,2026-08-05 17:50:49,
GOAT000758,Benoît Trémoulinas,spatial_passing_centrality,statsbomb_player,Benoît Trémoulinas,5,Tier 1 - Exact Match,2026-08-05 17:50:49,
GOAT000724,Rubén Blanco Veiga,spatial_passing_centrality,statsbomb_player,Rubén Blanco Veiga,5,Tier 1 - Exact Match,2026-08-05 17:50:49,
GOAT000746,Iriney Santos Da Silva,spatial_passing_centrality,statsbomb_player,Iriney Santos Da Silva,5,Tier 1 - Exact Match,2026-08-05 17:50:49,
GOAT000723,Isaac Ajayi Success,spatial_passing_centrality,statsbomb_player,Isaac Ajayi Success,5,Tier 1 - Exact Match,2026-08-05 17:50:49,
GOAT000716,Ismael López Blanco,spatial_passing_centrality,statsbomb_player,Ismael López Blanco,5,Tier 1 - Exact Match,2026-08-05 17:50:49,
GOAT000742,Joaquín José Marín Ruiz,spatial_passing_centrality,statsbomb_player,Joaquín José Marín Ruiz,5,Tier 1 - Exact Match,2026-08-05 17:50:49,
GOAT000838,Adrián Colunga Pérez,spatial_passing_centrality,statsbomb_player,Adrián Colunga Pérez,5,Tier 1 - Exact Match,2026-08-05 17:50:49,
GOAT000811,Cristian Hidalgo González,spatial_passing_centrality,statsbomb_player,Cristian Hidalgo González,5,Tier 1 - Exact Match,2026-08-05 17:50:49,
GOAT000803,Sergio Guardiola Navarro,spatial_passing_centrality,statsbomb_player,Sergio Guardiola Navarro,5,Tier 1 - Exact Match,2026-08-05 17:50:49,
GOAT000815,Alexander Isak,spatial_passing_centrality,statsbomb_player,Alexander Isak,5,Tier 1 - Exact Match,2026-08-05 17:50:49,
GOAT000848,Carlos Martín Vigaray,spatial_passing_centrality,statsbomb_player,Carlos Martín Vigaray,5,Tier 1 - Exact Match,2026-08-05 17:50:49,
GOAT000750,Gonzalo Julián Melero Manzanares,spatial_passing_centrality,statsbomb_player,Gonzalo Julián Melero Manzanares,5,Tier 1 - Exact Match,2026-08-05 17:50:49,
GOAT000781,Lorenzo Jesús Morón García,spatial_passing_centrality,statsbomb_player,Lorenzo Jesús Morón García,5,Tier 1 - Exact Match,2026-08-05 17:50:49,
GOAT000819,Fernando Miguel Fernández Escribano,spatial_passing_centrality,statsbomb_player,Fernando Miguel Fernández Escribano,5,Tier 1 - Exact Match,2026-08-05 17:50:49,
GOAT000786,Rodrygo Silva de Goes,spatial_passing_centrality,statsbomb_player,Rodrygo Silva de Goes,5,Tier 1 - Exact Match,2026-08-05 17:50:49,
GOAT000745,Blaise Matuidi,spatial_passing_centrality,statsbomb_player,Blaise Matuidi,5,Tier 1 - Exact Match,2026-08-05 17:50:49,
GOAT000721,Jon Ansotegi Gorostola,spatial_passing_centrality,statsbomb_player,Jon Ansotegi Gorostola,5,Tier 1 - Exact Match,2026-08-05 17:50:49,
GOAT000799,Vicente Rodríguez Guillén,spatial_passing_centrality,statsbomb_player,Vicente Rodríguez Guillén,5,Tier 1 - Exact Match,2026-08-05 17:50:49,
GOAT000847,Pablo Ibáñez Tébar,spatial_passing_centrality,statsbomb_player,Pablo Ibáñez Tébar,5,Tier 1 - Exact Match,2026-08-05 17:50:49,
GOAT000843,José Ángel Crespo Rincón,spatial_passing_centrality,statsbomb_player,José Ángel Crespo Rincón,5,Tier 1 - Exact Match,2026-08-05 17:50:49,
GOAT000834,José Ángel Gómez Campaña,spatial_passing_centrality,statsbomb_player,José Ángel Gómez Campaña,5,Tier 1 - Exact Match,2026-08-05 17:50:49,
GOAT000828,Virgil van Dijk,spatial_passing_centrality,statsbomb_player,Virgil van Dijk,5,Tier 1 - Exact Match,2026-08-05 17:50:49,
GOAT000765,Alexandre Geijo Pazos,spatial_passing_centrality,statsbomb_player,Alexandre Geijo Pazos,5,Tier 1 - Exact Match,2026-08-05 17:50:49,
GOAT000594,Alfred John Momar N''Diaye,spatial_passing_centrality,statsbomb_player,Alfred John Momar N''Diaye,5,Tier 1 - Exact Match,2026-08-05 17:50:49,
GOAT000735,José Miguel da Rocha Fonte,spatial_passing_centrality,statsbomb_player,José Miguel da Rocha Fonte,5,Tier 1 - Exact Match,2026-08-05 17:50:49,
GOAT000733,Alberto Zapater Arjol,spatial_passing_centrality,statsbomb_player,Alberto Zapater Arjol,5,Tier 1 - Exact Match,2026-08-05 17:50:49,
GOAT000727,Yahia Attiyat allah,spatial_passing_centrality,statsbomb_player,Yahia Attiyat allah,5,Tier 1 - Exact Match,2026-08-05 17:50:49,
GOAT000798,Luis Hernández Rodríguez,spatial_passing_centrality,statsbomb_player,Luis Hernández Rodríguez,5,Tier 1 - Exact Match,2026-08-05 17:50:49,
GOAT000748,Masoud Shojaei Soleimani,spatial_passing_centrality,statsbomb_player,Masoud Shojaei Soleimani,5,Tier 1 - Exact Match,2026-08-05 17:50:49,
GOAT000739,Mate Bilić,spatial_passing_centrality,statsbomb_player,Mate Bilić,5,Tier 1 - Exact Match,2026-08-05 17:50:49,
GOAT000769,Roberto Suárez Pier,spatial_passing_centrality,statsbomb_player,Roberto Suárez Pier,5,Tier 1 - Exact Match,2026-08-05 17:50:49,
GOAT000720,Aitor Fernández Abarisketa,spatial_passing_centrality,statsbomb_player,Aitor Fernández Abarisketa,5,Tier 1 - Exact Match,2026-08-05 17:50:49,
GOAT000836,Harry Kane,spatial_passing_centrality,statsbomb_player,Harry Kane,5,Tier 1 - Exact Match,2026-08-05 17:50:49,
GOAT000774,Gonçalo Matias Ramos,spatial_passing_centrality,statsbomb_player,Gonçalo Matias Ramos,5,Tier 1 - Exact Match,2026-08-05 17:50:49,
GOAT000772,Gorka Elustondo Urkola,spatial_passing_centrality,statsbomb_player,Gorka Elustondo Urkola,5,Tier 1 - Exact Match,2026-08-05 17:50:49,
GOAT000771,Guido Rodríguez,spatial_passing_centrality,statsbomb_player,Guido Rodríguez,5,Tier 1 - Exact Match,2026-08-05 17:50:49,
GOAT000789,Pablo Orbaiz Lesaka,spatial_passing_centrality,statsbomb_player,Pablo Orbaiz Lesaka,5,Tier 1 - Exact Match,2026-08-05 17:50:49,
GOAT000737,Saúl Berjón Pérez,spatial_passing_centrality,statsbomb_player,Saúl Berjón Pérez,5,Tier 1 - Exact Match,2026-08-05 17:50:49,
GOAT000818,Fernando Damián Tissone,spatial_passing_centrality,statsbomb_player,Fernando Damián Tissone,5,Tier 1 - Exact Match,2026-08-05 17:50:49,
GOAT000830,Luuk de Jong,spatial_passing_centrality,statsbomb_player,Luuk de Jong,5,Tier 1 - Exact Match,2026-08-05 17:50:49,
GOAT000728,Unai López Cabrera,spatial_passing_centrality,statsbomb_player,Unai López Cabrera,5,Tier 1 - Exact Match,2026-08-05 17:50:49,
GOAT000718,Ustaritz Aldekoaotalora Astarloa,spatial_passing_centrality,statsbomb_player,Ustaritz Aldekoaotalora Astarloa,5,Tier 1 - Exact Match,2026-08-05 17:50:49,
GOAT000854,Ewerthon Henrique de Souza,spatial_passing_centrality,statsbomb_player,Ewerthon Henrique de Souza,5,Tier 1 - Exact Match,2026-08-05 17:50:49,
GOAT000855,Exequiel Alejandro Palacios,spatial_passing_centrality,statsbomb_player,Exequiel Alejandro Palacios,5,Tier 1 - Exact Match,2026-08-05 17:50:49,
GOAT000856,Fabian Lukas Schär,spatial_passing_centrality,statsbomb_player,Fabian Lukas Schär,5,Tier 1 - Exact Match,2026-08-05 17:50:49,
GOAT000825,Carles Planas Antolínez,spatial_passing_centrality,statsbomb_player,Carles Planas Antolínez,5,Tier 1 - Exact Match,2026-08-05 17:50:49,
GOAT000859,Santiago Wilmer Acasiete Ariadela,spatial_passing_centrality,statsbomb_player,Santiago Wilmer Acasiete Ariadela,5,Tier 1 - Exact Match,2026-08-05 17:50:49,
GOAT000759,Daniel Estrada Agirrezablaga,spatial_passing_centrality,statsbomb_player,Daniel Estrada Agirrezablaga,5,Tier 1 - Exact Match,2026-08-05 17:50:49,
GOAT000796,Sergio Álvarez Díaz,spatial_passing_centrality,statsbomb_player,Sergio Álvarez Díaz,5,Tier 1 - Exact Match,2026-08-05 17:50:49,
GOAT000862,Nicolás Iván González,spatial_passing_centrality,statsbomb_player,Nicolás Iván González,5,Tier 1 - Exact Match,2026-08-05 17:50:49,
GOAT000717,Mariano Ferreira Filho,spatial_passing_centrality,statsbomb_player,Mariano Ferreira Filho,5,Tier 1 - Exact Match,2026-08-05 17:50:49,
GOAT000766,Mario Bermejo Castanedo,spatial_passing_centrality,statsbomb_player,Mario Bermejo Castanedo,5,Tier 1 - Exact Match,2026-08-05 17:50:49,
GOAT000715,Mario Hermoso Canseco,spatial_passing_centrality,statsbomb_player,Mario Hermoso Canseco,5,Tier 1 - Exact Match,2026-08-05 17:50:49,
GOAT000797,Ibrahima Konaté,spatial_passing_centrality,statsbomb_player,Ibrahima Konaté,5,Tier 1 - Exact Match,2026-08-05 17:50:49,
GOAT000773,Jordan Pickford,spatial_passing_centrality,statsbomb_player,Jordan Pickford,5,Tier 1 - Exact Match,2026-08-05 17:50:49,
GOAT000722,Mark Dennis González Hoffmann,spatial_passing_centrality,statsbomb_player,Mark Dennis González Hoffmann,5,Tier 1 - Exact Match,2026-08-05 17:50:49,
GOAT000719,Marko Dmitrović,spatial_passing_centrality,statsbomb_player,Marko Dmitrović,5,Tier 1 - Exact Match,2026-08-05 17:50:49,
GOAT000804,Martín Aguirregabiria Padilla,spatial_passing_centrality,statsbomb_player,Martín Aguirregabiria Padilla,5,Tier 1 - Exact Match,2026-08-05 17:50:49,
GOAT000777,Enis Bardhi,spatial_passing_centrality,statsbomb_player,Enis Bardhi,5,Tier 1 - Exact Match,2026-08-05 17:50:49,
GOAT000776,Tomáš Vaclík,spatial_passing_centrality,statsbomb_player,Tomáš Vaclík,5,Tier 1 - Exact Match,2026-08-05 17:50:49,
GOAT000747,Unai Bustinza Martínez,spatial_passing_centrality,statsbomb_player,Unai Bustinza Martínez,5,Tier 1 - Exact Match,2026-08-05 17:50:49,
GOAT000841,Ander Barrenetxea Muguruza,spatial_passing_centrality,statsbomb_player,Ander Barrenetxea Muguruza,5,Tier 1 - Exact Match,2026-08-05 17:50:49,
GOAT000731,Marcus Rashford,spatial_passing_centrality,statsbomb_player,Marcus Rashford,5,Tier 1 - Exact Match,2026-08-05 17:50:49,
GOAT000794,Nuno Mendes,spatial_passing_centrality,statsbomb_player,Nuno Mendes,5,Tier 1 - Exact Match,2026-08-05 17:50:49,
GOAT000826,Nicola Zalewski,spatial_passing_centrality,statsbomb_player,Nicola Zalewski,5,Tier 1 - Exact Match,2026-08-05 17:50:49,
GOAT000861,Manuel Alejandro García Sánchez,spatial_passing_centrality,statsbomb_player,Manuel Alejandro García Sánchez,5,Tier 1 - Exact Match,2026-08-05 17:50:49,
GOAT000754,Yeray Álvarez López,spatial_passing_centrality,statsbomb_player,Yeray Álvarez López,5,Tier 1 - Exact Match,2026-08-05 17:50:49,
GOAT000755,Yerry Fernando Mina González,spatial_passing_centrality,statsbomb_player,Yerry Fernando Mina González,5,Tier 1 - Exact Match,2026-08-05 17:50:49,
GOAT000756,Yoel Rodríguez Oterino,spatial_passing_centrality,statsbomb_player,Yoel Rodríguez Oterino,5,Tier 1 - Exact Match,2026-08-05 17:50:49,
GOAT000800,Hernán Darío Pellerano,spatial_passing_centrality,statsbomb_player,Hernán Darío Pellerano,5,Tier 1 - Exact Match,2026-08-05 17:50:49,
GOAT000736,Marc Bertrán Vilanova,spatial_passing_centrality,statsbomb_player,Marc Bertrán Vilanova,5,Tier 1 - Exact Match,2026-08-05 17:50:49,
GOAT000780,Enrique García Martínez,spatial_passing_centrality,statsbomb_player,Enrique García Martínez,5,Tier 1 - Exact Match,2026-08-05 17:50:49,
GOAT000729,Enzo Maresca,spatial_passing_centrality,statsbomb_player,Enzo Maresca,5,Tier 1 - Exact Match,2026-08-05 17:50:49,
GOAT000734,Marc Roca Junqué,spatial_passing_centrality,statsbomb_player,Marc Roca Junqué,5,Tier 1 - Exact Match,2026-08-05 17:50:49,
GOAT000732,Marcos Alberto Angeleri,spatial_passing_centrality,statsbomb_player,Marcos Alberto Angeleri,5,Tier 1 - Exact Match,2026-08-05 17:50:49,
GOAT000810,Albert Celades López,spatial_passing_centrality,statsbomb_player,Albert Celades López,5,Tier 1 - Exact Match,2026-08-05 17:50:49,
GOAT000749,Selim Amallah,spatial_passing_centrality,statsbomb_player,Selim Amallah,5,Tier 1 - Exact Match,2026-08-05 17:50:49,
GOAT000738,Arnaldo Antonio Sanabria Ayala,spatial_passing_centrality,statsbomb_player,Arnaldo Antonio Sanabria Ayala,5,Tier 1 - Exact Match,2026-08-05 17:50:49,
GOAT000768,Roberto Lago Soto,spatial_passing_centrality,statsbomb_player,Roberto Lago Soto,5,Tier 1 - Exact Match,2026-08-05 17:50:49,
GOAT000812,Alberto Botía Rabasco,spatial_passing_centrality,statsbomb_player,Alberto Botía Rabasco,5,Tier 1 - Exact Match,2026-08-05 17:50:49,
GOAT000824,Alberto Bueno Calvo,spatial_passing_centrality,statsbomb_player,Alberto Bueno Calvo,5,Tier 1 - Exact Match,2026-08-05 17:50:49,
GOAT000849,Alberto Facundo Costa,spatial_passing_centrality,statsbomb_player,Alberto Facundo Costa,5,Tier 1 - Exact Match,2026-08-05 17:50:49,
GOAT000846,Alberto Lora Ramos,spatial_passing_centrality,statsbomb_player,Alberto Lora Ramos,5,Tier 1 - Exact Match,2026-08-05 17:50:49,
GOAT000806,Néstor Fabián Canobbio Bentaberry,spatial_passing_centrality,statsbomb_player,Néstor Fabián Canobbio Bentaberry,5,Tier 1 - Exact Match,2026-08-05 17:50:49,
GOAT000807,Odion Jude Ighalo,spatial_passing_centrality,statsbomb_player,Odion Jude Ighalo,5,Tier 1 - Exact Match,2026-08-05 17:50:49,
GOAT000725,Emilio Nsue López,spatial_passing_centrality,statsbomb_player,Emilio Nsue López,5,Tier 1 - Exact Match,2026-08-05 17:50:49,
GOAT000726,Jose María Movilla Cubero,spatial_passing_centrality,statsbomb_player,Jose María Movilla Cubero,5,Tier 1 - Exact Match,2026-08-05 17:50:49,
GOAT000835,Hedwiges Maduro,spatial_passing_centrality,statsbomb_player,Hedwiges Maduro,5,Tier 1 - Exact Match,2026-08-05 17:50:49,
GOAT000832,Henok Goitom,spatial_passing_centrality,statsbomb_player,Henok Goitom,5,Tier 1 - Exact Match,2026-08-05 17:50:49,
GOAT000743,Erling Haaland,statistical_season_stats,common_name,Erling Haaland,5,Tier 1 - Exact Match,2026-08-05 17:50:49,
GOAT000783,Jorge Miramón Santagertrudis,spatial_passing_centrality,statsbomb_player,Jorge Miramón Santagertrudis,5,Tier 1 - Exact Match,2026-08-05 17:50:49,
GOAT000775,Abraham González Casanova,spatial_passing_centrality,statsbomb_player,Abraham González Casanova,5,Tier 1 - Exact Match,2026-08-05 17:50:49,
GOAT000770,Mikel Aranburu Eizagirre,spatial_passing_centrality,statsbomb_player,Mikel Aranburu Eizagirre,5,Tier 1 - Exact Match,2026-08-05 17:50:49,
GOAT000813,David de Gea Quintana,spatial_passing_centrality,statsbomb_player,David de Gea Quintana,5,Tier 1 - Exact Match,2026-08-05 17:50:49,
GOAT000816,Sofyan Amrabat,spatial_passing_centrality,statsbomb_player,Sofyan Amrabat,5,Tier 1 - Exact Match,2026-08-05 17:50:49,
GOAT000817,Stanislav Lobotka,spatial_passing_centrality,statsbomb_player,Stanislav Lobotka,5,Tier 1 - Exact Match,2026-08-05 17:50:49,
GOAT000785,Ángel Martínez Cervera,spatial_passing_centrality,statsbomb_player,Ángel Martínez Cervera,5,Tier 1 - Exact Match,2026-08-05 17:50:49,
GOAT000851,Javier Paredes Arango,spatial_passing_centrality,statsbomb_player,Javier Paredes Arango,5,Tier 1 - Exact Match,2026-08-05 17:50:49,
GOAT000837,Presnel Kimpembe,spatial_passing_centrality,statsbomb_player,Presnel Kimpembe,5,Tier 1 - Exact Match,2026-08-05 17:50:49,
GOAT000840,Radamel Falcao García Zárate,spatial_passing_centrality,statsbomb_player,Radamel Falcao García Zárate,5,Tier 1 - Exact Match,2026-08-05 17:50:49,
GOAT000842,Ramon Olamilekan Azeez,spatial_passing_centrality,statsbomb_player,Ramon Olamilekan Azeez,5,Tier 1 - Exact Match,2026-08-05 17:50:49,
GOAT000764,Óscar Javier González Marcos,spatial_passing_centrality,statsbomb_player,Óscar Javier González Marcos,5,Tier 1 - Exact Match,2026-08-05 17:50:49,
GOAT000814,Jasper Cillessen,spatial_passing_centrality,statsbomb_player,Jasper Cillessen,5,Tier 1 - Exact Match,2026-08-05 17:50:49,
GOAT000778,Azzedine Ounahi,spatial_passing_centrality,statsbomb_player,Azzedine Ounahi,5,Tier 1 - Exact Match,2026-08-05 17:50:49,
GOAT001074,Óscar Rodríguez Arnaiz,spatial_passing_centrality,statsbomb_player,Óscar Rodríguez Arnaiz,4,Tier 1 - Exact Match,2026-08-05 17:50:49,
GOAT000958,Jaume Doménech Sánchez,spatial_passing_centrality,statsbomb_player,Jaume Doménech Sánchez,4,Tier 1 - Exact Match,2026-08-05 17:50:49,
GOAT000863,Gabriel Appelt Pires,spatial_passing_centrality,statsbomb_player,Gabriel Appelt Pires,4,Tier 1 - Exact Match,2026-08-05 17:50:49,
GOAT000864,Fágner Conserva Lemos,spatial_passing_centrality,statsbomb_player,Fágner Conserva Lemos,4,Tier 1 - Exact Match,2026-08-05 17:50:49,
GOAT000964,Julián Omar Ramos Suárez,spatial_passing_centrality,statsbomb_player,Julián Omar Ramos Suárez,4,Tier 1 - Exact Match,2026-08-05 17:50:49,
GOAT000996,Christian Dannemann Eriksen,spatial_passing_centrality,statsbomb_player,Christian Dannemann Eriksen,4,Tier 1 - Exact Match,2026-08-05 17:50:49,
GOAT000997,Christian Bjørnshøj Poulsen,spatial_passing_centrality,statsbomb_player,Christian Bjørnshøj Poulsen,4,Tier 1 - Exact Match,2026-08-05 17:50:49,
GOAT000928,Rafael van der Vaart,spatial_passing_centrality,statsbomb_player,Rafael van der Vaart,4,Tier 1 - Exact Match,2026-08-05 17:50:49,
GOAT001057,Aleksandar Mitrović,spatial_passing_centrality,statsbomb_player,Aleksandar Mitrović,4,Tier 1 - Exact Match,2026-08-05 17:50:49,
GOAT001060,Alejandro Remiro Gargallo,spatial_passing_centrality,statsbomb_player,Alejandro Remiro Gargallo,4,Tier 1 - Exact Match,2026-08-05 17:50:49,
GOAT000942,Jawad El Yamiq,spatial_passing_centrality,statsbomb_player,Jawad El Yamiq,4,Tier 1 - Exact Match,2026-08-05 17:50:49,
GOAT001075,Ángel Manuel Vivar Dorado,spatial_passing_centrality,statsbomb_player,Ángel Manuel Vivar Dorado,4,Tier 1 - Exact Match,2026-08-05 17:50:49,
GOAT001004,Miguel Pallardó González,spatial_passing_centrality,statsbomb_player,Miguel Pallardó González,4,Tier 1 - Exact Match,2026-08-05 17:50:49,
GOAT001005,Miguel Marcos Madera,spatial_passing_centrality,statsbomb_player,Miguel Marcos Madera,4,Tier 1 - Exact Match,2026-08-05 17:50:49,
GOAT001024,Michaël Pereira,spatial_passing_centrality,statsbomb_player,Michaël Pereira,4,Tier 1 - Exact Match,2026-08-05 17:50:49,
GOAT000980,Thievy Guivane Bifouma Koulossa,spatial_passing_centrality,statsbomb_player,Thievy Guivane Bifouma Koulossa,4,Tier 1 - Exact Match,2026-08-05 17:50:49,
GOAT000972,Stephen Antunes Eustáquio,spatial_passing_centrality,statsbomb_player,Stephen Antunes Eustáquio,4,Tier 1 - Exact Match,2026-08-05 17:50:49,
GOAT000973,Stefan Šćepović,spatial_passing_centrality,statsbomb_player,Stefan Šćepović,4,Tier 1 - Exact Match,2026-08-05 17:50:49,
GOAT001003,Miguel Ángel Lozano Ayala,spatial_passing_centrality,statsbomb_player,Miguel Ángel Lozano Ayala,4,Tier 1 - Exact Match,2026-08-05 17:50:49,
GOAT000881,Emre Çolak,spatial_passing_centrality,statsbomb_player,Emre Çolak,4,Tier 1 - Exact Match,2026-08-05 17:50:49,
GOAT000874,Jorge Pulido Mayoral,spatial_passing_centrality,statsbomb_player,Jorge Pulido Mayoral,4,Tier 1 - Exact Match,2026-08-05 17:50:49,
GOAT000875,Jorge Franco Alviz,spatial_passing_centrality,statsbomb_player,Jorge Franco Alviz,4,Tier 1 - Exact Match,2026-08-05 17:50:49,
GOAT000914,Erick Cathriel Cabaco Almada,spatial_passing_centrality,statsbomb_player,Erick Cathriel Cabaco Almada,4,Tier 1 - Exact Match,2026-08-05 17:50:49,
GOAT000898,Eric Dier,spatial_passing_centrality,statsbomb_player,Eric Dier,4,Tier 1 - Exact Match,2026-08-05 17:50:49,
GOAT001030,Hélder Manuel Marques Postiga,spatial_passing_centrality,statsbomb_player,Hélder Manuel Marques Postiga,4,Tier 1 - Exact Match,2026-08-05 17:50:49,
GOAT001031,Héctor Miguel Herrera López,spatial_passing_centrality,statsbomb_player,Héctor Miguel Herrera López,4,Tier 1 - Exact Match,2026-08-05 17:50:49,
GOAT000882,Emre Can,spatial_passing_centrality,statsbomb_player,Emre Can,4,Tier 1 - Exact Match,2026-08-05 17:50:49,
GOAT001052,Marcos Aoás Corrêa,spatial_passing_centrality,statsbomb_player,Marcos Aoás Corrêa,4,Tier 1 - Exact Match,2026-08-05 17:50:49,
GOAT000978,Oghenekaro Etebo,spatial_passing_centrality,statsbomb_player,Oghenekaro Etebo,4,Tier 1 - Exact Match,2026-08-05 17:50:49,
GOAT001059,Daniel Olmo Carvajal,spatial_passing_centrality,statsbomb_player,Daniel Olmo Carvajal,4,Tier 1 - Exact Match,2026-08-05 17:50:49,
GOAT000960,Nélson Augusto Tomar Marcos,spatial_passing_centrality,statsbomb_player,Nélson Augusto Tomar Marcos,4,Tier 1 - Exact Match,2026-08-05 17:50:49,
GOAT000930,Bruno Alexandre Vilela Gama,spatial_passing_centrality,statsbomb_player,Bruno Alexandre Vilela Gama,4,Tier 1 - Exact Match,2026-08-05 17:50:49,
GOAT000918,Arouna Koné,spatial_passing_centrality,statsbomb_player,Arouna Koné,4,Tier 1 - Exact Match,2026-08-05 17:50:49,
GOAT000900,Enzo Pablo Roco Roco,spatial_passing_centrality,statsbomb_player,Enzo Pablo Roco Roco,4,Tier 1 - Exact Match,2026-08-05 17:50:49,
GOAT000892,Josip Šutalo,spatial_passing_centrality,statsbomb_player,Josip Šutalo,4,Tier 1 - Exact Match,2026-08-05 17:50:49,
GOAT000893,Josip Pivarić,spatial_passing_centrality,statsbomb_player,Josip Pivarić,4,Tier 1 - Exact Match,2026-08-05 17:50:49,
GOAT001032,Hernán Darío Bernardello,spatial_passing_centrality,statsbomb_player,Hernán Darío Bernardello,4,Tier 1 - Exact Match,2026-08-05 17:50:49,
GOAT001033,Hernán Daniel Santana Trujillo,spatial_passing_centrality,statsbomb_player,Hernán Daniel Santana Trujillo,4,Tier 1 - Exact Match,2026-08-05 17:50:49,
GOAT001044,Henrique Adriano Buss,spatial_passing_centrality,statsbomb_player,Henrique Adriano Buss,4,Tier 1 - Exact Match,2026-08-05 17:50:49,
GOAT000899,Eric Bertrand Bailly,spatial_passing_centrality,statsbomb_player,Eric Bertrand Bailly,4,Tier 1 - Exact Match,2026-08-05 17:50:49,
GOAT001037,Manuel Henrique Tavares Fernandes,spatial_passing_centrality,statsbomb_player,Manuel Henrique Tavares Fernandes,4,Tier 1 - Exact Match,2026-08-05 17:50:49,
GOAT000979,Sisinio González Martínez,spatial_passing_centrality,statsbomb_player,Sisinio González Martínez,4,Tier 1 - Exact Match,2026-08-05 17:50:49,
GOAT000895,Emiliano Daniel Velázquez Maldonado,spatial_passing_centrality,statsbomb_player,Emiliano Daniel Velázquez Maldonado,4,Tier 1 - Exact Match,2026-08-05 17:50:49,
GOAT000896,Emiliano Daniel Armenteros,spatial_passing_centrality,statsbomb_player,Emiliano Daniel Armenteros,4,Tier 1 - Exact Match,2026-08-05 17:50:49,
GOAT000961,Nilmar Honorato da Silva,spatial_passing_centrality,statsbomb_player,Nilmar Honorato da Silva,4,Tier 1 - Exact Match,2026-08-05 17:50:49,
GOAT001036,Darko Brašanac,spatial_passing_centrality,statsbomb_player,Darko Brašanac,4,Tier 1 - Exact Match,2026-08-05 17:50:49,
GOAT000873,Emerson Aparecido Leite de Souza Junior,spatial_passing_centrality,statsbomb_player,Emerson Aparecido Leite de Souza Junior,4,Tier 1 - Exact Match,2026-08-05 17:50:49,
GOAT001058,Mariano Andrés Pernía,spatial_passing_centrality,statsbomb_player,Mariano Andrés Pernía,4,Tier 1 - Exact Match,2026-08-05 17:50:49,
GOAT001050,Ander Guevara Lajo,spatial_passing_centrality,statsbomb_player,Ander Guevara Lajo,4,Tier 1 - Exact Match,2026-08-05 17:50:49,
GOAT001070,Alphonso Davies,spatial_passing_centrality,statsbomb_player,Alphonso Davies,4,Tier 1 - Exact Match,2026-08-05 17:50:49,
GOAT001063,Marko Arnautović,spatial_passing_centrality,statsbomb_player,Marko Arnautović,4,Tier 1 - Exact Match,2026-08-05 17:50:49,
GOAT000876,Jordi Figueras Montel,spatial_passing_centrality,statsbomb_player,Jordi Figueras Montel,4,Tier 1 - Exact Match,2026-08-05 17:50:49,
GOAT000877,Jordi Codina Rodríguez,spatial_passing_centrality,statsbomb_player,Jordi Codina Rodríguez,4,Tier 1 - Exact Match,2026-08-05 17:50:49,
GOAT000883,Jonás Ramalho Chimeno,spatial_passing_centrality,statsbomb_player,Jonás Ramalho Chimeno,4,Tier 1 - Exact Match,2026-08-05 17:50:49,
GOAT000884,Jonás Manuel Gutiérrez,spatial_passing_centrality,statsbomb_player,Jonás Manuel Gutiérrez,4,Tier 1 - Exact Match,2026-08-05 17:50:49,
GOAT000894,Emiliano Moretti,spatial_passing_centrality,statsbomb_player,Emiliano Moretti,4,Tier 1 - Exact Match,2026-08-05 17:50:49,
GOAT000962,Nikola Vukčević,spatial_passing_centrality,statsbomb_player,Nikola Vukčević,4,Tier 1 - Exact Match,2026-08-05 17:50:49,
GOAT000866,"Daniel Armand N""Gom Komé",spatial_passing_centrality,statsbomb_player,"Daniel Armand N""Gom Komé",4,Tier 1 - Exact Match,2026-08-05 17:50:49,
GOAT000977,Orel Mangala,spatial_passing_centrality,statsbomb_player,Orel Mangala,4,Tier 1 - Exact Match,2026-08-05 17:50:49,
GOAT000938,Carles Gil de Pareja Vicent,spatial_passing_centrality,statsbomb_player,Carles Gil de Pareja Vicent,4,Tier 1 - Exact Match,2026-08-05 17:50:49,
GOAT000890,Robert Pirès,spatial_passing_centrality,statsbomb_player,Robert Pirès,4,Tier 1 - Exact Match,2026-08-05 17:50:49,
GOAT000909,Robert Ibáñez Castro,spatial_passing_centrality,statsbomb_player,Robert Ibáñez Castro,4,Tier 1 - Exact Match,2026-08-05 17:50:49,
GOAT001000,Vedran Ćorluka,spatial_passing_centrality,statsbomb_player,Vedran Ćorluka,4,Tier 1 - Exact Match,2026-08-05 17:50:49,
GOAT001071,Alistair Johnston,spatial_passing_centrality,statsbomb_player,Alistair Johnston,4,Tier 1 - Exact Match,2026-08-05 17:50:49,
GOAT000867,Alfreð Finnbogason,spatial_passing_centrality,statsbomb_player,Alfreð Finnbogason,4,Tier 1 - Exact Match,2026-08-05 17:50:49,
GOAT001002,Unai Núñez Gestoso,spatial_passing_centrality,statsbomb_player,Unai Núñez Gestoso,4,Tier 1 - Exact Match,2026-08-05 17:50:49,
GOAT000891,José Antonio Dorado Ramírez,spatial_passing_centrality,statsbomb_player,José Antonio Dorado Ramírez,4,Tier 1 - Exact Match,2026-08-05 17:50:49,
GOAT001021,Luis Alberto Romero Alconchel,spatial_passing_centrality,statsbomb_player,Luis Alberto Romero Alconchel,4,Tier 1 - Exact Match,2026-08-05 17:50:49,
GOAT000955,Faustino Marcos Alberto Rojo,spatial_passing_centrality,statsbomb_player,Faustino Marcos Alberto Rojo,4,Tier 1 - Exact Match,2026-08-05 17:50:49,
GOAT000956,Facundo Sebastián Roncaglia,spatial_passing_centrality,statsbomb_player,Facundo Sebastián Roncaglia,4,Tier 1 - Exact Match,2026-08-05 17:50:49,
GOAT000957,Fabricio Coloccini,spatial_passing_centrality,statsbomb_player,Fabricio Coloccini,4,Tier 1 - Exact Match,2026-08-05 17:50:49,
GOAT000939,Fabio Celestini,spatial_passing_centrality,statsbomb_player,Fabio Celestini,4,Tier 1 - Exact Match,2026-08-05 17:50:49,
GOAT001039,Luka Ivanušec,spatial_passing_centrality,statsbomb_player,Luka Ivanušec,4,Tier 1 - Exact Match,2026-08-05 17:50:49,
GOAT001040,Luis Prieto Zalbidegoitia,spatial_passing_centrality,statsbomb_player,Luis Prieto Zalbidegoitia,4,Tier 1 - Exact Match,2026-08-05 17:50:49,
GOAT001041,Luis Jesús Rioja González,spatial_passing_centrality,statsbomb_player,Luis Jesús Rioja González,4,Tier 1 - Exact Match,2026-08-05 17:50:49,
GOAT001019,Luis Javier García Sanz,spatial_passing_centrality,statsbomb_player,Luis Javier García Sanz,4,Tier 1 - Exact Match,2026-08-05 17:50:49,
GOAT000945,Pablo Ezequiel De Blasis,spatial_passing_centrality,statsbomb_player,Pablo Ezequiel De Blasis,4,Tier 1 - Exact Match,2026-08-05 17:50:49,
GOAT000959,Shkodran Mustafi,spatial_passing_centrality,statsbomb_player,Shkodran Mustafi,4,Tier 1 - Exact Match,2026-08-05 17:50:49,
GOAT000970,Antonio Jesús Vázquez Muñoz,spatial_passing_centrality,statsbomb_player,Antonio Jesús Vázquez Muñoz,4,Tier 1 - Exact Match,2026-08-05 17:50:49,
GOAT000920,Sebastián Carlos Cristóforo Pepe,spatial_passing_centrality,statsbomb_player,Sebastián Carlos Cristóforo Pepe,4,Tier 1 - Exact Match,2026-08-05 17:50:49,
GOAT000921,Sebastian Szymański,spatial_passing_centrality,statsbomb_player,Sebastian Szymański,4,Tier 1 - Exact Match,2026-08-05 17:50:49,
GOAT001023,Cristiano Piccini,spatial_passing_centrality,statsbomb_player,Cristiano Piccini,4,Tier 1 - Exact Match,2026-08-05 17:50:49,
GOAT000926,José María Romero Poyón,spatial_passing_centrality,statsbomb_player,José María Romero Poyón,4,Tier 1 - Exact Match,2026-08-05 17:50:49,
GOAT000906,José Manuel Flores Moreno,spatial_passing_centrality,statsbomb_player,José Manuel Flores Moreno,4,Tier 1 - Exact Match,2026-08-05 17:50:49,
GOAT000907,José Javier Barkero Saludes,spatial_passing_centrality,statsbomb_player,José Javier Barkero Saludes,4,Tier 1 - Exact Match,2026-08-05 17:50:49,
GOAT001045,Harry Maguire,spatial_passing_centrality,statsbomb_player,Harry Maguire,4,Tier 1 - Exact Match,2026-08-05 17:50:49,
GOAT001046,Haris Seferović,spatial_passing_centrality,statsbomb_player,Haris Seferović,4,Tier 1 - Exact Match,2026-08-05 17:50:49,
GOAT001047,Haris Medunjanin,spatial_passing_centrality,statsbomb_player,Haris Medunjanin,4,Tier 1 - Exact Match,2026-08-05 17:50:49,
GOAT001012,Timothée Kolodziejczak,spatial_passing_centrality,statsbomb_player,Timothée Kolodziejczak,4,Tier 1 - Exact Match,2026-08-05 17:50:49,
GOAT001028,Andreas Evald Cornelius,spatial_passing_centrality,statsbomb_player,Andreas Evald Cornelius,4,Tier 1 - Exact Match,2026-08-05 17:50:49,
GOAT001029,Andreas Christensen,spatial_passing_centrality,statsbomb_player,Andreas Christensen,4,Tier 1 - Exact Match,2026-08-05 17:50:49,
GOAT001001,Anga Dedryck Boyata,spatial_passing_centrality,statsbomb_player,Anga Dedryck Boyata,4,Tier 1 - Exact Match,2026-08-05 17:50:49,
GOAT001064,Aitor Tornavaca Fernández,spatial_passing_centrality,statsbomb_player,Aitor Tornavaca Fernández,4,Tier 1 - Exact Match,2026-08-05 17:50:49,
GOAT000908,Borja Iglesias Quintas,spatial_passing_centrality,statsbomb_player,Borja Iglesias Quintas,4,Tier 1 - Exact Match,2026-08-05 17:50:49,
GOAT000889,Robin Aime Robert Le Normand,spatial_passing_centrality,statsbomb_player,Robin Aime Robert Le Normand,4,Tier 1 - Exact Match,2026-08-05 17:50:49,
GOAT000902,Samuel García Sánchez,spatial_passing_centrality,statsbomb_player,Samuel García Sánchez,4,Tier 1 - Exact Match,2026-08-05 17:50:49,
GOAT001049,Anderson Luis de Carvalho,spatial_passing_centrality,statsbomb_player,Anderson Luis de Carvalho,4,Tier 1 - Exact Match,2026-08-05 17:50:49,
GOAT000904,Eduardo Antonio Salvio,spatial_passing_centrality,statsbomb_player,Eduardo Antonio Salvio,4,Tier 1 - Exact Match,2026-08-05 17:50:49,
GOAT000905,Edinaldo Gomes Pereira,spatial_passing_centrality,statsbomb_player,Edinaldo Gomes Pereira,4,Tier 1 - Exact Match,2026-08-05 17:50:49,
GOAT001035,Martín Zubimendi Ibáñez,spatial_passing_centrality,statsbomb_player,Martín Zubimendi Ibáñez,4,Tier 1 - Exact Match,2026-08-05 17:50:49,
GOAT000971,Antonio Galdeano Benítez,spatial_passing_centrality,statsbomb_player,Antonio Galdeano Benítez,4,Tier 1 - Exact Match,2026-08-05 17:50:49,
GOAT001020,Luis Fernández Gutiérrez,spatial_passing_centrality,statsbomb_player,Luis Fernández Gutiérrez,4,Tier 1 - Exact Match,2026-08-05 17:50:49,
GOAT000968,Felipe Augusto de Almeida Monteiro,spatial_passing_centrality,statsbomb_player,Felipe Augusto de Almeida Monteiro,4,Tier 1 - Exact Match,2026-08-05 17:50:49,
GOAT001051,Yangel Clemente Herrera Ravelo,spatial_passing_centrality,statsbomb_player,Yangel Clemente Herrera Ravelo,4,Tier 1 - Exact Match,2026-08-05 17:50:49,
GOAT001065,Xherdan Shaqiri,spatial_passing_centrality,statsbomb_player,Xherdan Shaqiri,4,Tier 1 - Exact Match,2026-08-05 17:50:49,
GOAT000998,Aleix García Serrano,spatial_passing_centrality,statsbomb_player,Aleix García Serrano,4,Tier 1 - Exact Match,2026-08-05 17:50:49,
GOAT000999,Alberto Marcos Rey,spatial_passing_centrality,statsbomb_player,Alberto Marcos Rey,4,Tier 1 - Exact Match,2026-08-05 17:50:49,
GOAT000925,José Ortiz Bernal,spatial_passing_centrality,statsbomb_player,José Ortiz Bernal,4,Tier 1 - Exact Match,2026-08-05 17:50:49,
GOAT000868,Alfonso Pedraza Sag,spatial_passing_centrality,statsbomb_player,Alfonso Pedraza Sag,4,Tier 1 - Exact Match,2026-08-05 17:50:49,
GOAT001017,Vitorino Gabriel Pacheco Antunes,spatial_passing_centrality,statsbomb_player,Vitorino Gabriel Pacheco Antunes,4,Tier 1 - Exact Match,2026-08-05 17:50:49,
GOAT000934,Pablo Álvarez Nuñez,spatial_passing_centrality,statsbomb_player,Pablo Álvarez Nuñez,4,Tier 1 - Exact Match,2026-08-05 17:50:49,
GOAT001054,César González Navas,spatial_passing_centrality,statsbomb_player,César González Navas,4,Tier 1 - Exact Match,2026-08-05 17:50:49,
GOAT001022,Cyle Larin,spatial_passing_centrality,statsbomb_player,Cyle Larin,4,Tier 1 - Exact Match,2026-08-05 17:50:49,
GOAT000923,José Vicente Gómez Umpiérrez,spatial_passing_centrality,statsbomb_player,José Vicente Gómez Umpiérrez,4,Tier 1 - Exact Match,2026-08-05 17:50:49,
GOAT000924,José Salomón Rondón Giménez,spatial_passing_centrality,statsbomb_player,José Salomón Rondón Giménez,4,Tier 1 - Exact Match,2026-08-05 17:50:49,
GOAT000910,Richie Laryea,spatial_passing_centrality,statsbomb_player,Richie Laryea,4,Tier 1 - Exact Match,2026-08-05 17:50:49,
GOAT000929,Carlos Fernández Luna,spatial_passing_centrality,statsbomb_player,Carlos Fernández Luna,4,Tier 1 - Exact Match,2026-08-05 17:50:49,
GOAT000911,Ricardo Izecson dos Santos Leite,spatial_passing_centrality,statsbomb_player,Ricardo Izecson dos Santos Leite,4,Tier 1 - Exact Match,2026-08-05 17:50:49,
GOAT000944,Pablo Hervías Ruiz,spatial_passing_centrality,statsbomb_player,Pablo Hervías Ruiz,4,Tier 1 - Exact Match,2026-08-05 17:50:49,
GOAT001018,Victor Moses,spatial_passing_centrality,statsbomb_player,Victor Moses,4,Tier 1 - Exact Match,2026-08-05 17:50:49,
GOAT000989,Fernando Varela Ramos,spatial_passing_centrality,statsbomb_player,Fernando Varela Ramos,4,Tier 1 - Exact Match,2026-08-05 17:50:49,
GOAT001056,Mathías Olivera Miramontes,spatial_passing_centrality,statsbomb_player,Mathías Olivera Miramontes,4,Tier 1 - Exact Match,2026-08-05 17:50:49,
GOAT000974,Nabil Ghilas,spatial_passing_centrality,statsbomb_player,Nabil Ghilas,4,Tier 1 - Exact Match,2026-08-05 17:50:49,
GOAT001006,David García Santana,spatial_passing_centrality,statsbomb_player,David García Santana,4,Tier 1 - Exact Match,2026-08-05 17:50:49,
GOAT000879,Romain Saïss,spatial_passing_centrality,statsbomb_player,Romain Saïss,4,Tier 1 - Exact Match,2026-08-05 17:50:49,
GOAT000880,Rodrigo Tarín Higón,spatial_passing_centrality,statsbomb_player,Rodrigo Tarín Higón,4,Tier 1 - Exact Match,2026-08-05 17:50:49,
GOAT000885,Jonathan Pereira Rodríguez,spatial_passing_centrality,statsbomb_player,Jonathan Pereira Rodríguez,4,Tier 1 - Exact Match,2026-08-05 17:50:49,
GOAT000886,Jonathan Osorio,spatial_passing_centrality,statsbomb_player,Jonathan Osorio,4,Tier 1 - Exact Match,2026-08-05 17:50:49,
GOAT000887,Jonathan David,spatial_passing_centrality,statsbomb_player,Jonathan David,4,Tier 1 - Exact Match,2026-08-05 17:50:49,
GOAT000888,Jonathan Cristian Silva,spatial_passing_centrality,statsbomb_player,Jonathan Cristian Silva,4,Tier 1 - Exact Match,2026-08-05 17:50:49,
GOAT000897,Jonathan Calleri,spatial_passing_centrality,statsbomb_player,Jonathan Calleri,4,Tier 1 - Exact Match,2026-08-05 17:50:49,
GOAT000933,Duje Čop,spatial_passing_centrality,statsbomb_player,Duje Čop,4,Tier 1 - Exact Match,2026-08-05 17:50:49,
GOAT000922,Douglas Pereira dos Santos,spatial_passing_centrality,statsbomb_player,Douglas Pereira dos Santos,4,Tier 1 - Exact Match,2026-08-05 17:50:49,
GOAT000932,Douglas Luiz Soares de Paulo,spatial_passing_centrality,statsbomb_player,Douglas Luiz Soares de Paulo,4,Tier 1 - Exact Match,2026-08-05 17:50:49,
GOAT001014,Florian Grégoire Claude Lejeune,spatial_passing_centrality,statsbomb_player,Florian Grégoire Claude Lejeune,4,Tier 1 - Exact Match,2026-08-05 17:50:49,
GOAT000871,Germán Sánchez Barahona,spatial_passing_centrality,statsbomb_player,Germán Sánchez Barahona,4,Tier 1 - Exact Match,2026-08-05 17:50:49,
GOAT000872,Germán Darío Lux,spatial_passing_centrality,statsbomb_player,Germán Darío Lux,4,Tier 1 - Exact Match,2026-08-05 17:50:49,
GOAT000936,Juan Carlos Martín Corral,spatial_passing_centrality,statsbomb_player,Juan Carlos Martín Corral,4,Tier 1 - Exact Match,2026-08-05 17:50:49,
GOAT000912,Rene Krhin,spatial_passing_centrality,statsbomb_player,Rene Krhin,4,Tier 1 - Exact Match,2026-08-05 17:50:49,
GOAT000913,Renato Júnior Luz Sanches,spatial_passing_centrality,statsbomb_player,Renato Júnior Luz Sanches,4,Tier 1 - Exact Match,2026-08-05 17:50:49,
GOAT000927,Raúl Rodríguez Navarro,spatial_passing_centrality,statsbomb_player,Raúl Rodríguez Navarro,4,Tier 1 - Exact Match,2026-08-05 17:50:49,
GOAT000937,Juan Camilo Hernández Suárez,spatial_passing_centrality,statsbomb_player,Juan Camilo Hernández Suárez,4,Tier 1 - Exact Match,2026-08-05 17:50:49,
GOAT001007,Leander Dendoncker,spatial_passing_centrality,statsbomb_player,Leander Dendoncker,4,Tier 1 - Exact Match,2026-08-05 17:50:49,
GOAT001055,Matty Cash,spatial_passing_centrality,statsbomb_player,Matty Cash,4,Tier 1 - Exact Match,2026-08-05 17:50:49,
GOAT000915,Joaquín Oscar Larrivey,spatial_passing_centrality,statsbomb_player,Joaquín Oscar Larrivey,4,Tier 1 - Exact Match,2026-08-05 17:50:49,
GOAT001038,David Castedo Escudero,spatial_passing_centrality,statsbomb_player,David Castedo Escudero,4,Tier 1 - Exact Match,2026-08-05 17:50:49,
GOAT001013,Ismael Koné,spatial_passing_centrality,statsbomb_player,Ismael Koné,4,Tier 1 - Exact Match,2026-08-05 17:50:49,
GOAT000901,Jon Bautista Orgilles,spatial_passing_centrality,statsbomb_player,Jon Bautista Orgilles,4,Tier 1 - Exact Match,2026-08-05 17:50:49,
GOAT000878,Rubén Alcaraz Jiménez,spatial_passing_centrality,statsbomb_player,Rubén Alcaraz Jiménez,4,Tier 1 - Exact Match,2026-08-05 17:50:49,
GOAT001011,Cristian Gabriel Rodríguez Barrotti,spatial_passing_centrality,statsbomb_player,Cristian Gabriel Rodríguez Barrotti,4,Tier 1 - Exact Match,2026-08-05 17:50:49,
GOAT001027,Cristian David Pavón,spatial_passing_centrality,statsbomb_player,Cristian David Pavón,4,Tier 1 - Exact Match,2026-08-05 17:50:49,
GOAT000951,Juan Jesús Calatayud Sánchez,spatial_passing_centrality,statsbomb_player,Juan Jesús Calatayud Sánchez,4,Tier 1 - Exact Match,2026-08-05 17:50:49,
GOAT001066,Wout Faes,spatial_passing_centrality,statsbomb_player,Wout Faes,4,Tier 1 - Exact Match,2026-08-05 17:50:49,
GOAT001015,Víctor Guillermo Álvarez Delgado,spatial_passing_centrality,statsbomb_player,Víctor Guillermo Álvarez Delgado,4,Tier 1 - Exact Match,2026-08-05 17:50:49,
GOAT001016,Víctor David Díaz Miguel,spatial_passing_centrality,statsbomb_player,Víctor David Díaz Miguel,4,Tier 1 - Exact Match,2026-08-05 17:50:49,
GOAT001034,Francisco Guillermo Ochoa Magaña,spatial_passing_centrality,statsbomb_player,Francisco Guillermo Ochoa Magaña,4,Tier 1 - Exact Match,2026-08-05 17:50:49,
GOAT001042,Francisco Fernandes Conceição,spatial_passing_centrality,statsbomb_player,Francisco Fernandes Conceição,4,Tier 1 - Exact Match,2026-08-05 17:50:49,
GOAT001043,Francisco Femenía Far,spatial_passing_centrality,statsbomb_player,Francisco Femenía Far,4,Tier 1 - Exact Match,2026-08-05 17:50:49,
GOAT000991,Lassana Diarra,spatial_passing_centrality,statsbomb_player,Lassana Diarra,4,Tier 1 - Exact Match,2026-08-05 17:50:49,
GOAT000992,Kyle Walker,spatial_passing_centrality,statsbomb_player,Kyle Walker,4,Tier 1 - Exact Match,2026-08-05 17:50:49,
GOAT000993,Krystian Bielik,spatial_passing_centrality,statsbomb_player,Krystian Bielik,4,Tier 1 - Exact Match,2026-08-05 17:50:49,
GOAT000935,Juan Carlos Valerón Santana,spatial_passing_centrality,statsbomb_player,Juan Carlos Valerón Santana,4,Tier 1 - Exact Match,2026-08-05 17:50:49,
GOAT000965,Juan Pedro Ramírez López,spatial_passing_centrality,statsbomb_player,Juan Pedro Ramírez López,4,Tier 1 - Exact Match,2026-08-05 17:50:49,
GOAT000966,Juan Pablo Colinas Ferreras,spatial_passing_centrality,statsbomb_player,Juan Pablo Colinas Ferreras,4,Tier 1 - Exact Match,2026-08-05 17:50:49,
GOAT000919,Arkadiusz Milik,spatial_passing_centrality,statsbomb_player,Arkadiusz Milik,4,Tier 1 - Exact Match,2026-08-05 17:50:49,
GOAT000953,Sergio Ezequiel Araújo,spatial_passing_centrality,statsbomb_player,Sergio Ezequiel Araújo,4,Tier 1 - Exact Match,2026-08-05 17:50:49,
GOAT000967,Carmelo José González Jiménez,spatial_passing_centrality,statsbomb_player,Carmelo José González Jiménez,4,Tier 1 - Exact Match,2026-08-05 17:50:49,
GOAT000994,Koen Casteels,spatial_passing_centrality,statsbomb_player,Koen Casteels,4,Tier 1 - Exact Match,2026-08-05 17:50:49,
GOAT000975,Claudio Beauvue,spatial_passing_centrality,statsbomb_player,Claudio Beauvue,4,Tier 1 - Exact Match,2026-08-05 17:50:49,
GOAT000952,Paulo Bruno Exequiel Dybala,spatial_passing_centrality,statsbomb_player,Paulo Bruno Exequiel Dybala,4,Tier 1 - Exact Match,2026-08-05 17:50:49,
GOAT000943,António Alberto Bastos Pimparel,spatial_passing_centrality,statsbomb_player,António Alberto Bastos Pimparel,4,Tier 1 - Exact Match,2026-08-05 17:50:49,
GOAT000976,David Timor Copoví,spatial_passing_centrality,statsbomb_player,David Timor Copoví,4,Tier 1 - Exact Match,2026-08-05 17:50:49,
GOAT000990,David Remeseiro Salgueiro,spatial_passing_centrality,statsbomb_player,David Remeseiro Salgueiro,4,Tier 1 - Exact Match,2026-08-05 17:50:49,
GOAT001010,Mohamed Gasana Tchité,spatial_passing_centrality,statsbomb_player,Mohamed Gasana Tchité,4,Tier 1 - Exact Match,2026-08-05 17:50:49,
GOAT000982,Sávio Bortolini Pimentel,spatial_passing_centrality,statsbomb_player,Sávio Bortolini Pimentel,4,Tier 1 - Exact Match,2026-08-05 17:50:49,
GOAT001008,Moussa Sissoko,spatial_passing_centrality,statsbomb_player,Moussa Sissoko,4,Tier 1 - Exact Match,2026-08-05 17:50:49,
GOAT001009,Mousa Sidi Yaya Dembélé,spatial_passing_centrality,statsbomb_player,Mousa Sidi Yaya Dembélé,4,Tier 1 - Exact Match,2026-08-05 17:50:49,
GOAT000988,Iván Daniel Alonso Vallejo,spatial_passing_centrality,statsbomb_player,Iván Daniel Alonso Vallejo,4,Tier 1 - Exact Match,2026-08-05 17:50:49,
GOAT000870,Álvaro Giménez Candela,spatial_passing_centrality,statsbomb_player,Álvaro Giménez Candela,4,Tier 1 - Exact Match,2026-08-05 17:50:49,
GOAT000931,Adrián San Miguel del Castillo,spatial_passing_centrality,statsbomb_player,Adrián San Miguel del Castillo,4,Tier 1 - Exact Match,2026-08-05 17:50:49,
GOAT000903,Róbson de Souza,spatial_passing_centrality,statsbomb_player,Róbson de Souza,4,Tier 1 - Exact Match,2026-08-05 17:50:49,
GOAT001025,Maya Yoshida,spatial_passing_centrality,statsbomb_player,Maya Yoshida,4,Tier 1 - Exact Match,2026-08-05 17:50:49,
GOAT001026,Maximiliano Eduardo Meza,spatial_passing_centrality,statsbomb_player,Maximiliano Eduardo Meza,4,Tier 1 - Exact Match,2026-08-05 17:50:49,
GOAT001053,Maurizio Lanzaro,spatial_passing_centrality,statsbomb_player,Maurizio Lanzaro,4,Tier 1 - Exact Match,2026-08-05 17:50:49,
GOAT001048,Francisco Montañés Claverías,spatial_passing_centrality,statsbomb_player,Francisco Montañés Claverías,4,Tier 1 - Exact Match,2026-08-05 17:50:49,
GOAT001067,Francisco José Olivas Alba,spatial_passing_centrality,statsbomb_player,Francisco José Olivas Alba,4,Tier 1 - Exact Match,2026-08-05 17:50:49,
GOAT001068,Francisco José Molinero Calderón,spatial_passing_centrality,statsbomb_player,Francisco José Molinero Calderón,4,Tier 1 - Exact Match,2026-08-05 17:50:49,
GOAT001069,Francisco José Beltrán Peinado,spatial_passing_centrality,statsbomb_player,Francisco José Beltrán Peinado,4,Tier 1 - Exact Match,2026-08-05 17:50:49,
GOAT000995,Kenan Kodro,spatial_passing_centrality,statsbomb_player,Kenan Kodro,4,Tier 1 - Exact Match,2026-08-05 17:50:49,
GOAT000865,Fábio Alexandre da Silva Coentrão,spatial_passing_centrality,statsbomb_player,Fábio Alexandre da Silva Coentrão,4,Tier 1 - Exact Match,2026-08-05 17:50:49,
GOAT001061,Alejandro Moreno Lopera,spatial_passing_centrality,statsbomb_player,Alejandro Moreno Lopera,4,Tier 1 - Exact Match,2026-08-05 17:50:49,
GOAT001062,Alejandro Menéndez Díez,spatial_passing_centrality,statsbomb_player,Alejandro Menéndez Díez,4,Tier 1 - Exact Match,2026-08-05 17:50:49,
GOAT000916,Joaquín Fernández Moreno,spatial_passing_centrality,statsbomb_player,Joaquín Fernández Moreno,4,Tier 1 - Exact Match,2026-08-05 17:50:49,
GOAT000984,Iñaki Descarga Retegi,spatial_passing_centrality,statsbomb_player,Iñaki Descarga Retegi,4,Tier 1 - Exact Match,2026-08-05 17:50:49,
GOAT000985,Iván López Mendoza,spatial_passing_centrality,statsbomb_player,Iván López Mendoza,4,Tier 1 - Exact Match,2026-08-05 17:50:49,
GOAT000986,Iván Helguera Bujía,spatial_passing_centrality,statsbomb_player,Iván Helguera Bujía,4,Tier 1 - Exact Match,2026-08-05 17:50:49,
GOAT000987,Iván De la Peña López,spatial_passing_centrality,statsbomb_player,Iván De la Peña López,4,Tier 1 - Exact Match,2026-08-05 17:50:49,
GOAT000983,Iñaki Lafuente Sancha,spatial_passing_centrality,statsbomb_player,Iñaki Lafuente Sancha,4,Tier 1 - Exact Match,2026-08-05 17:50:49,
GOAT000946,Diego Mariño Villar,spatial_passing_centrality,statsbomb_player,Diego Mariño Villar,4,Tier 1 - Exact Match,2026-08-05 17:50:49,
GOAT000947,Diego Mainz García,spatial_passing_centrality,statsbomb_player,Diego Mainz García,4,Tier 1 - Exact Match,2026-08-05 17:50:49,
GOAT000948,Diego Daniel Colotto,spatial_passing_centrality,statsbomb_player,Diego Daniel Colotto,4,Tier 1 - Exact Match,2026-08-05 17:50:49,
GOAT000949,Diego Carlos Santos Silva,spatial_passing_centrality,statsbomb_player,Diego Carlos Santos Silva,4,Tier 1 - Exact Match,2026-08-05 17:50:49,
GOAT000950,Diego Antonio Reyes Rosales,spatial_passing_centrality,statsbomb_player,Diego Antonio Reyes Rosales,4,Tier 1 - Exact Match,2026-08-05 17:50:49,
GOAT000869,Álvaro Rubio Robles,spatial_passing_centrality,statsbomb_player,Álvaro Rubio Robles,4,Tier 1 - Exact Match,2026-08-05 17:50:49,
GOAT000969,Jakub Kamiński,spatial_passing_centrality,statsbomb_player,Jakub Kamiński,4,Tier 1 - Exact Match,2026-08-05 17:50:49,
GOAT000954,Javier Garrido Behovide,spatial_passing_centrality,statsbomb_player,Javier Garrido Behovide,4,Tier 1 - Exact Match,2026-08-05 17:50:49,
GOAT000963,Derek Owusu Boateng,spatial_passing_centrality,statsbomb_player,Derek Owusu Boateng,4,Tier 1 - Exact Match,2026-08-05 17:50:49,
GOAT000940,Jeison Fabián Murillo Cerón,spatial_passing_centrality,statsbomb_player,Jeison Fabián Murillo Cerón,4,Tier 1 - Exact Match,2026-08-05 17:50:49,
GOAT000941,Jean-Sylvain Claude Babin,spatial_passing_centrality,statsbomb_player,Jean-Sylvain Claude Babin,4,Tier 1 - Exact Match,2026-08-05 17:50:49,
GOAT000981,Takefusa Kubo,spatial_passing_centrality,statsbomb_player,Takefusa Kubo,4,Tier 1 - Exact Match,2026-08-05 17:50:49,
GOAT000917,Jhon Andrés Córdoba Copete,spatial_passing_centrality,statsbomb_player,Jhon Andrés Córdoba Copete,4,Tier 1 - Exact Match,2026-08-05 17:50:49,
GOAT001073,Óscar Melendo Jiménez,spatial_passing_centrality,statsbomb_player,Óscar Melendo Jiménez,4,Tier 1 - Exact Match,2026-08-05 17:50:49,
GOAT001072,Óscar Esau Duarte Gaitán,spatial_passing_centrality,statsbomb_player,Óscar Esau Duarte Gaitán,4,Tier 1 - Exact Match,2026-08-05 17:50:49,
GOAT000133,N'Golo Kanté,spatial_passing_centrality,statsbomb_player,N''Golo Kanté,3,Tier 2 - Accent Match,2026-08-05 17:50:49,
GOAT000266,Steven N''Kemboanza Mike Christopher Nzonzi,spatial_passing_centrality,statsbomb_player,Steven N'Kemboanza Mike Christopher Nzonzi,3,Tier 2 - Accent Match,2026-08-05 17:50:49,
GOAT001380,Aaron Mooy,spatial_passing_centrality,statsbomb_player,Aaron Mooy,3,Tier 1 - Exact Match,2026-08-05 17:50:49,
GOAT001082,Éder Gabriel Militão,spatial_passing_centrality,statsbomb_player,Éder Gabriel Militão,3,Tier 1 - Exact Match,2026-08-05 17:50:49,
GOAT001370,Javier Baraja Vegas,spatial_passing_centrality,statsbomb_player,Javier Baraja Vegas,3,Tier 1 - Exact Match,2026-08-05 17:50:49,
GOAT001088,Andreas Ivanschitz,spatial_passing_centrality,statsbomb_player,Andreas Ivanschitz,3,Tier 1 - Exact Match,2026-08-05 17:50:49,
GOAT001212,Miguel Ángel Salgado Fernández,spatial_passing_centrality,statsbomb_player,Miguel Ángel Salgado Fernández,3,Tier 1 - Exact Match,2026-08-05 17:50:49,
GOAT001112,Thomas Delaney,spatial_passing_centrality,statsbomb_player,Thomas Delaney,3,Tier 1 - Exact Match,2026-08-05 17:50:49,
GOAT001100,André Ayew Pelé,spatial_passing_centrality,statsbomb_player,André Ayew Pelé,3,Tier 1 - Exact Match,2026-08-05 17:50:49,
GOAT001202,Mogammat Nasief Morris,spatial_passing_centrality,statsbomb_player,Mogammat Nasief Morris,3,Tier 1 - Exact Match,2026-08-05 17:50:49,
GOAT001316,Diego Ifrán Sala,spatial_passing_centrality,statsbomb_player,Diego Ifrán Sala,3,Tier 1 - Exact Match,2026-08-05 17:50:49,
GOAT001303,Diego Mario Buonanotte Rende,spatial_passing_centrality,statsbomb_player,Diego Mario Buonanotte Rende,3,Tier 1 - Exact Match,2026-08-05 17:50:49,
GOAT001302,Diego Perotti,spatial_passing_centrality,statsbomb_player,Diego Perotti,3,Tier 1 - Exact Match,2026-08-05 17:50:49,
GOAT001114,Tajon Buchanan,spatial_passing_centrality,statsbomb_player,Tajon Buchanan,3,Tier 1 - Exact Match,2026-08-05 17:50:49,
GOAT001335,Iñigo Córdoba Kerejeta,spatial_passing_centrality,statsbomb_player,Iñigo Córdoba Kerejeta,3,Tier 1 - Exact Match,2026-08-05 17:50:49,
GOAT001308,Iñigo Pérez Soto,spatial_passing_centrality,statsbomb_player,Iñigo Pérez Soto,3,Tier 1 - Exact Match,2026-08-05 17:50:49,
GOAT001351,Jackson Irvine,spatial_passing_centrality,statsbomb_player,Jackson Irvine,3,Tier 1 - Exact Match,2026-08-05 17:50:49,
GOAT001320,Iván Hernández Soto,spatial_passing_centrality,statsbomb_player,Iván Hernández Soto,3,Tier 1 - Exact Match,2026-08-05 17:50:49,
GOAT001336,Izet Hajrović,spatial_passing_centrality,statsbomb_player,Izet Hajrović,3,Tier 1 - Exact Match,2026-08-05 17:50:49,
GOAT001169,Adrien Sebastian Perruchet Silva,spatial_passing_centrality,statsbomb_player,Adrien Sebastian Perruchet Silva,3,Tier 1 - Exact Match,2026-08-05 17:50:49,
GOAT001296,Kamil Jóźwiak,spatial_passing_centrality,statsbomb_player,Kamil Jóźwiak,3,Tier 1 - Exact Match,2026-08-05 17:50:49,
GOAT001295,Kang-In Lee,spatial_passing_centrality,statsbomb_player,Kang-In Lee,3,Tier 1 - Exact Match,2026-08-05 17:50:49,
GOAT001293,Karl Brillant Toko Ekambi,spatial_passing_centrality,statsbomb_player,Karl Brillant Toko Ekambi,3,Tier 1 - Exact Match,2026-08-05 17:50:49,
GOAT001290,Kenneth Josiah Omeruo,spatial_passing_centrality,statsbomb_player,Kenneth Josiah Omeruo,3,Tier 1 - Exact Match,2026-08-05 17:50:49,
GOAT001294,Kepa Blanco Gonzalez,spatial_passing_centrality,statsbomb_player,Kepa Blanco Gonzalez,3,Tier 1 - Exact Match,2026-08-05 17:50:49,
GOAT001286,Kevin-Prince Boateng,spatial_passing_centrality,statsbomb_player,Kevin-Prince Boateng,3,Tier 1 - Exact Match,2026-08-05 17:50:49,
GOAT001094,Wayne Mark Rooney,spatial_passing_centrality,statsbomb_player,Wayne Mark Rooney,3,Tier 1 - Exact Match,2026-08-05 17:50:49,
GOAT001173,Pedro Lomba Neto,spatial_passing_centrality,statsbomb_player,Pedro Lomba Neto,3,Tier 1 - Exact Match,2026-08-05 17:50:49,
GOAT001170,Pervis Josué Estupiñán Tenorio,spatial_passing_centrality,statsbomb_player,Pervis Josué Estupiñán Tenorio,3,Tier 1 - Exact Match,2026-08-05 17:50:49,
GOAT001200,Christian Koffi Romaric N''Dri,spatial_passing_centrality,statsbomb_player,Christian Koffi Romaric N''Dri,3,Tier 1 - Exact Match,2026-08-05 17:50:49,
GOAT001199,Christian Rivera Hernández,spatial_passing_centrality,statsbomb_player,Christian Rivera Hernández,3,Tier 1 - Exact Match,2026-08-05 17:50:49,
GOAT001174,Phil Jones,spatial_passing_centrality,statsbomb_player,Phil Jones,3,Tier 1 - Exact Match,2026-08-05 17:50:49,
GOAT001224,Alejandro López Sánchez,spatial_passing_centrality,statsbomb_player,Alejandro López Sánchez,3,Tier 1 - Exact Match,2026-08-05 17:50:49,
GOAT001164,Rachid Aït-Atmane,spatial_passing_centrality,statsbomb_player,Rachid Aït-Atmane,3,Tier 1 - Exact Match,2026-08-05 17:50:49,
GOAT001166,Rafael Sastre Reus,spatial_passing_centrality,statsbomb_player,Rafael Sastre Reus,3,Tier 1 - Exact Match,2026-08-05 17:50:49,
GOAT001165,Rahamat Riga Mustapha,spatial_passing_centrality,statsbomb_player,Rahamat Riga Mustapha,3,Tier 1 - Exact Match,2026-08-05 17:50:49,
GOAT001304,Juan José Expósito Ruíz,spatial_passing_centrality,statsbomb_player,Juan José Expósito Ruíz,3,Tier 1 - Exact Match,2026-08-05 17:50:49,
GOAT001157,Raphael Dias Belloli,spatial_passing_centrality,statsbomb_player,Raphael Dias Belloli,3,Tier 1 - Exact Match,2026-08-05 17:50:49,
GOAT001120,Sergio Matabuena Delgado,spatial_passing_centrality,statsbomb_player,Sergio Matabuena Delgado,3,Tier 1 - Exact Match,2026-08-05 17:50:49,
GOAT001119,Sergio Pelegrín López,spatial_passing_centrality,statsbomb_player,Sergio Pelegrín López,3,Tier 1 - Exact Match,2026-08-05 17:50:49,
GOAT001123,António João Pereira Albuquerque Tavares Silva,spatial_passing_centrality,statsbomb_player,António João Pereira Albuquerque Tavares Silva,3,Tier 1 - Exact Match,2026-08-05 17:50:49,
GOAT001122,Anuar Mohamed Tuhami,spatial_passing_centrality,statsbomb_player,Anuar Mohamed Tuhami,3,Tier 1 - Exact Match,2026-08-05 17:50:49,
GOAT001183,Paweł Dawidowicz,spatial_passing_centrality,statsbomb_player,Paweł Dawidowicz,3,Tier 1 - Exact Match,2026-08-05 17:50:49,
GOAT001182,Pedro Alcalá Guirado,spatial_passing_centrality,statsbomb_player,Pedro Alcalá Guirado,3,Tier 1 - Exact Match,2026-08-05 17:50:49,
GOAT001204,Cody Mathès Gakpo,spatial_passing_centrality,statsbomb_player,Cody Mathès Gakpo,3,Tier 1 - Exact Match,2026-08-05 17:50:49,
GOAT001211,Francisco Javier Farinós Zapata,spatial_passing_centrality,statsbomb_player,Francisco Javier Farinós Zapata,3,Tier 1 - Exact Match,2026-08-05 17:50:49,
GOAT001156,Raúl Alonso Jiménez Rodríguez,spatial_passing_centrality,statsbomb_player,Raúl Alonso Jiménez Rodríguez,3,Tier 1 - Exact Match,2026-08-05 17:50:49,
GOAT001186,Casto Espinosa Barriga,spatial_passing_centrality,statsbomb_player,Casto Espinosa Barriga,3,Tier 1 - Exact Match,2026-08-05 17:50:49,
GOAT001127,Arjen Robben,spatial_passing_centrality,statsbomb_player,Arjen Robben,3,Tier 1 - Exact Match,2026-08-05 17:50:49,
GOAT001301,Juan Manuel Vargas Risco,spatial_passing_centrality,statsbomb_player,Juan Manuel Vargas Risco,3,Tier 1 - Exact Match,2026-08-05 17:50:49,
GOAT001312,Juan de Dios Prados López,spatial_passing_centrality,statsbomb_player,Juan de Dios Prados López,3,Tier 1 - Exact Match,2026-08-05 17:50:49,
GOAT001297,Kacper Urbanski,spatial_passing_centrality,statsbomb_player,Kacper Urbanski,3,Tier 1 - Exact Match,2026-08-05 17:50:49,
GOAT001314,Juan Fernando Arango Sáenz,spatial_passing_centrality,statsbomb_player,Juan Fernando Arango Sáenz,3,Tier 1 - Exact Match,2026-08-05 17:50:49,
GOAT001210,Francisco Javier García Guerrero,spatial_passing_centrality,statsbomb_player,Francisco Javier García Guerrero,3,Tier 1 - Exact Match,2026-08-05 17:50:49,
GOAT001191,Francisco Jiménez Tejada,spatial_passing_centrality,statsbomb_player,Francisco Jiménez Tejada,3,Tier 1 - Exact Match,2026-08-05 17:50:49,
GOAT001285,Krisztián Vadócz,spatial_passing_centrality,statsbomb_player,Krisztián Vadócz,3,Tier 1 - Exact Match,2026-08-05 17:50:49,
GOAT001284,Krzysztof Piątek,spatial_passing_centrality,statsbomb_player,Krzysztof Piątek,3,Tier 1 - Exact Match,2026-08-05 17:50:49,
GOAT001288,Francesc Aday Benítez Caraballo,spatial_passing_centrality,statsbomb_player,Francesc Aday Benítez Caraballo,3,Tier 1 - Exact Match,2026-08-05 17:50:49,
GOAT001282,Laureano Antonio Villa Suárez,spatial_passing_centrality,statsbomb_player,Laureano Antonio Villa Suárez,3,Tier 1 - Exact Match,2026-08-05 17:50:49,
GOAT001101,Víctor Javier Añino Bermúdez,spatial_passing_centrality,statsbomb_player,Víctor Javier Añino Bermúdez,3,Tier 1 - Exact Match,2026-08-05 17:50:49,
GOAT001287,Alejandro Berenguer Remiro,spatial_passing_centrality,statsbomb_player,Alejandro Berenguer Remiro,3,Tier 1 - Exact Match,2026-08-05 17:50:49,
GOAT001258,Alejandro Damián Domínguez,spatial_passing_centrality,statsbomb_player,Alejandro Damián Domínguez,3,Tier 1 - Exact Match,2026-08-05 17:50:49,
GOAT001257,Alejandro Darío Gómez,spatial_passing_centrality,statsbomb_player,Alejandro Darío Gómez,3,Tier 1 - Exact Match,2026-08-05 17:50:49,
GOAT001256,Alejandro Fernández Iglesias,spatial_passing_centrality,statsbomb_player,Alejandro Fernández Iglesias,3,Tier 1 - Exact Match,2026-08-05 17:50:49,
GOAT001225,Alejandro Granell Nogué,spatial_passing_centrality,statsbomb_player,Alejandro Granell Nogué,3,Tier 1 - Exact Match,2026-08-05 17:50:49,
GOAT001097,Wissam Ben Yedder,spatial_passing_centrality,statsbomb_player,Wissam Ben Yedder,3,Tier 1 - Exact Match,2026-08-05 17:50:49,
GOAT001095,Wout Weghorst,spatial_passing_centrality,statsbomb_player,Wout Weghorst,3,Tier 1 - Exact Match,2026-08-05 17:50:49,
GOAT001096,Gaël Kakuta,spatial_passing_centrality,statsbomb_player,Gaël Kakuta,3,Tier 1 - Exact Match,2026-08-05 17:50:49,
GOAT001319,João Pedro da Silva Pereira,spatial_passing_centrality,statsbomb_player,João Pedro da Silva Pereira,3,Tier 1 - Exact Match,2026-08-05 17:50:49,
GOAT001318,João Victor de Albuquerque Bruno,spatial_passing_centrality,statsbomb_player,João Victor de Albuquerque Bruno,3,Tier 1 - Exact Match,2026-08-05 17:50:49,
GOAT001315,Juan Alberto Andreu Alvarado,spatial_passing_centrality,statsbomb_player,Juan Alberto Andreu Alvarado,3,Tier 1 - Exact Match,2026-08-05 17:50:49,
GOAT001102,Alex Iwobi,spatial_passing_centrality,statsbomb_player,Alex Iwobi,3,Tier 1 - Exact Match,2026-08-05 17:50:49,
GOAT001110,Alex Sandro Lobo Silva,spatial_passing_centrality,statsbomb_player,Alex Sandro Lobo Silva,3,Tier 1 - Exact Match,2026-08-05 17:50:49,
GOAT001181,Patrice Evra,spatial_passing_centrality,statsbomb_player,Patrice Evra,3,Tier 1 - Exact Match,2026-08-05 17:50:49,
GOAT001208,Cristian Darío Álvarez,spatial_passing_centrality,statsbomb_player,Cristian Darío Álvarez,3,Tier 1 - Exact Match,2026-08-05 17:50:49,
GOAT001175,Paulo André Rodrigues de Oliveira,spatial_passing_centrality,statsbomb_player,Paulo André Rodrigues de Oliveira,3,Tier 1 - Exact Match,2026-08-05 17:50:49,
GOAT001121,Sergio Herrera Pirón,spatial_passing_centrality,statsbomb_player,Sergio Herrera Pirón,3,Tier 1 - Exact Match,2026-08-05 17:50:49,
GOAT001099,Waldo Rubio Martín,spatial_passing_centrality,statsbomb_player,Waldo Rubio Martín,3,Tier 1 - Exact Match,2026-08-05 17:50:49,
GOAT001280,Leandro Daniel Cabrera Sasía,spatial_passing_centrality,statsbomb_player,Leandro Daniel Cabrera Sasía,3,Tier 1 - Exact Match,2026-08-05 17:50:49,
GOAT001162,Renan Brito Soares,spatial_passing_centrality,statsbomb_player,Renan Brito Soares,3,Tier 1 - Exact Match,2026-08-05 17:50:49,
GOAT001178,Carlos García Badías,spatial_passing_centrality,statsbomb_player,Carlos García Badías,3,Tier 1 - Exact Match,2026-08-05 17:50:49,
GOAT001189,Carlos Joaquín Correa,spatial_passing_centrality,statsbomb_player,Carlos Joaquín Correa,3,Tier 1 - Exact Match,2026-08-05 17:50:49,
GOAT001188,Carlos Jorge Neto Martins,spatial_passing_centrality,statsbomb_player,Carlos Jorge Neto Martins,3,Tier 1 - Exact Match,2026-08-05 17:50:49,
GOAT001161,Renato Soares de Oliveira Augusto,spatial_passing_centrality,statsbomb_player,Renato Soares de Oliveira Augusto,3,Tier 1 - Exact Match,2026-08-05 17:50:49,
GOAT001150,Ricardo Andrade Quaresma Bernardo,spatial_passing_centrality,statsbomb_player,Ricardo Andrade Quaresma Bernardo,3,Tier 1 - Exact Match,2026-08-05 17:50:49,
GOAT001149,Ricardo Iván Rodríguez Araya,spatial_passing_centrality,statsbomb_player,Ricardo Iván Rodríguez Araya,3,Tier 1 - Exact Match,2026-08-05 17:50:49,
GOAT001283,Lei Wu,spatial_passing_centrality,statsbomb_player,Lei Wu,3,Tier 1 - Exact Match,2026-08-05 17:50:49,
GOAT001279,Leonardo Bonucci,spatial_passing_centrality,statsbomb_player,Leonardo Bonucci,3,Tier 1 - Exact Match,2026-08-05 17:50:49,
GOAT001321,Fidel Chaves de la Torre,spatial_passing_centrality,statsbomb_player,Fidel Chaves de la Torre,3,Tier 1 - Exact Match,2026-08-05 17:50:49,
GOAT001289,Florin Andone,spatial_passing_centrality,statsbomb_player,Florin Andone,3,Tier 1 - Exact Match,2026-08-05 17:50:49,
GOAT001278,Liam Millar,spatial_passing_centrality,statsbomb_player,Liam Millar,3,Tier 1 - Exact Match,2026-08-05 17:50:49,
GOAT001277,Liassine Cadamuro-Bentaïba,spatial_passing_centrality,statsbomb_player,Liassine Cadamuro-Bentaïba,3,Tier 1 - Exact Match,2026-08-05 17:50:49,
GOAT001281,Lluis Sastre Reus,spatial_passing_centrality,statsbomb_player,Lluis Sastre Reus,3,Tier 1 - Exact Match,2026-08-05 17:50:49,
GOAT001103,Victoriano Rivas Álvaro,spatial_passing_centrality,statsbomb_player,Victoriano Rivas Álvaro,3,Tier 1 - Exact Match,2026-08-05 17:50:49,
GOAT001172,Carlos Bellvís Llorens,spatial_passing_centrality,statsbomb_player,Carlos Bellvís Llorens,3,Tier 1 - Exact Match,2026-08-05 17:50:49,
GOAT001180,Carlos Castro García,spatial_passing_centrality,statsbomb_player,Carlos Castro García,3,Tier 1 - Exact Match,2026-08-05 17:50:49,
GOAT001179,Carlos Clerc Martínez,spatial_passing_centrality,statsbomb_player,Carlos Clerc Martínez,3,Tier 1 - Exact Match,2026-08-05 17:50:49,
GOAT001155,Richarlison de Andrade,spatial_passing_centrality,statsbomb_player,Richarlison de Andrade,3,Tier 1 - Exact Match,2026-08-05 17:50:49,
GOAT001154,Rio Ferdinand,spatial_passing_centrality,statsbomb_player,Rio Ferdinand,3,Tier 1 - Exact Match,2026-08-05 17:50:49,
GOAT001144,Riza Durmisi,spatial_passing_centrality,statsbomb_player,Riza Durmisi,3,Tier 1 - Exact Match,2026-08-05 17:50:49,
GOAT001159,Guilherme Oliveira Santos,spatial_passing_centrality,statsbomb_player,Guilherme Oliveira Santos,3,Tier 1 - Exact Match,2026-08-05 17:50:49,
GOAT001177,Guilherme dos Santos Torres,spatial_passing_centrality,statsbomb_player,Guilherme dos Santos Torres,3,Tier 1 - Exact Match,2026-08-05 17:50:49,
GOAT001130,Granit Xhaka,spatial_passing_centrality,statsbomb_player,Granit Xhaka,3,Tier 1 - Exact Match,2026-08-05 17:50:49,
GOAT001160,Guido Marcelo Carrillo,spatial_passing_centrality,statsbomb_player,Guido Marcelo Carrillo,3,Tier 1 - Exact Match,2026-08-05 17:50:49,
GOAT001327,José María Martín-Bejarano Serrano,spatial_passing_centrality,statsbomb_player,José María Martín-Bejarano Serrano,3,Tier 1 - Exact Match,2026-08-05 17:50:49,
GOAT001184,Pablo Maffeo Becerra,spatial_passing_centrality,statsbomb_player,Pablo Maffeo Becerra,3,Tier 1 - Exact Match,2026-08-05 17:50:49,
GOAT001207,Cédric Ricardo Alves Soares,spatial_passing_centrality,statsbomb_player,Cédric Ricardo Alves Soares,3,Tier 1 - Exact Match,2026-08-05 17:50:49,
GOAT001206,César Arzo Amposta,spatial_passing_centrality,statsbomb_player,César Arzo Amposta,3,Tier 1 - Exact Match,2026-08-05 17:50:49,
GOAT001215,César Cruchaga Lasa,spatial_passing_centrality,statsbomb_player,César Cruchaga Lasa,3,Tier 1 - Exact Match,2026-08-05 17:50:49,
GOAT001080,Alexander Szymanowski,spatial_passing_centrality,statsbomb_player,Alexander Szymanowski,3,Tier 1 - Exact Match,2026-08-05 17:50:49,
GOAT001276,Lucas Alfonso Orbán Alegre,spatial_passing_centrality,statsbomb_player,Lucas Alfonso Orbán Alegre,3,Tier 1 - Exact Match,2026-08-05 17:50:49,
GOAT001309,Alberto Perea Correoso,spatial_passing_centrality,statsbomb_player,Alberto Perea Correoso,3,Tier 1 - Exact Match,2026-08-05 17:50:49,
GOAT001307,Aldo Pedro Duscher,spatial_passing_centrality,statsbomb_player,Aldo Pedro Duscher,3,Tier 1 - Exact Match,2026-08-05 17:50:49,
GOAT001093,Yacine Brahimi,spatial_passing_centrality,statsbomb_player,Yacine Brahimi,3,Tier 1 - Exact Match,2026-08-05 17:50:49,
GOAT001092,Yan Brice Eteki,spatial_passing_centrality,statsbomb_player,Yan Brice Eteki,3,Tier 1 - Exact Match,2026-08-05 17:50:49,
GOAT001324,José Ramiro Funes Mori,spatial_passing_centrality,statsbomb_player,José Ramiro Funes Mori,3,Tier 1 - Exact Match,2026-08-05 17:50:49,
GOAT001111,Antonio Latorre Grueso,spatial_passing_centrality,statsbomb_player,Antonio Latorre Grueso,3,Tier 1 - Exact Match,2026-08-05 17:50:49,
GOAT001229,Dani Castellano Betancor,spatial_passing_centrality,statsbomb_player,Dani Castellano Betancor,3,Tier 1 - Exact Match,2026-08-05 17:50:49,
GOAT001235,Daniel Alejandro Torres Rojas,spatial_passing_centrality,statsbomb_player,Daniel Alejandro Torres Rojas,3,Tier 1 - Exact Match,2026-08-05 17:50:49,
GOAT001185,Pablo Daniel Osvaldo,spatial_passing_centrality,statsbomb_player,Pablo Daniel Osvaldo,3,Tier 1 - Exact Match,2026-08-05 17:50:49,
GOAT001360,Fabián Larry Estoyanoff Poggio,spatial_passing_centrality,statsbomb_player,Fabián Larry Estoyanoff Poggio,3,Tier 1 - Exact Match,2026-08-05 17:50:49,
GOAT001275,Lucas Ariel Ocampos,spatial_passing_centrality,statsbomb_player,Lucas Ariel Ocampos,3,Tier 1 - Exact Match,2026-08-05 17:50:49,
GOAT001372,Felipe Melo de Carvalho,spatial_passing_centrality,statsbomb_player,Felipe Melo de Carvalho,3,Tier 1 - Exact Match,2026-08-05 17:50:49,
GOAT001371,Felix Dja Ettien Yohou,spatial_passing_centrality,statsbomb_player,Felix Dja Ettien Yohou,3,Tier 1 - Exact Match,2026-08-05 17:50:49,
GOAT001354,Ferland Mendy,spatial_passing_centrality,statsbomb_player,Ferland Mendy,3,Tier 1 - Exact Match,2026-08-05 17:50:49,
GOAT001353,Fernando Calero Villa,spatial_passing_centrality,statsbomb_player,Fernando Calero Villa,3,Tier 1 - Exact Match,2026-08-05 17:50:49,
GOAT001273,Lucas René Olaza Catrofe,spatial_passing_centrality,statsbomb_player,Lucas René Olaza Catrofe,3,Tier 1 - Exact Match,2026-08-05 17:50:49,
GOAT001272,Lucas Tolentino Coelho de Lima,spatial_passing_centrality,statsbomb_player,Lucas Tolentino Coelho de Lima,3,Tier 1 - Exact Match,2026-08-05 17:50:49,
GOAT001268,Ludovic Delporte,spatial_passing_centrality,statsbomb_player,Ludovic Delporte,3,Tier 1 - Exact Match,2026-08-05 17:50:49,
GOAT001274,Luis Fernando Muriel Fruto,spatial_passing_centrality,statsbomb_player,Luis Fernando Muriel Fruto,3,Tier 1 - Exact Match,2026-08-05 17:50:49,
GOAT001115,Antonio Baltasar Doblas Santana,spatial_passing_centrality,statsbomb_player,Antonio Baltasar Doblas Santana,3,Tier 1 - Exact Match,2026-08-05 17:50:49,
GOAT001328,José Isidoro Gómez Torres,spatial_passing_centrality,statsbomb_player,José Isidoro Gómez Torres,3,Tier 1 - Exact Match,2026-08-05 17:50:49,
GOAT001331,José Antonio García Calvo,spatial_passing_centrality,statsbomb_player,José Antonio García Calvo,3,Tier 1 - Exact Match,2026-08-05 17:50:49,
GOAT001330,José Antonio Rodríguez Díaz,spatial_passing_centrality,statsbomb_player,José Antonio Rodríguez Díaz,3,Tier 1 - Exact Match,2026-08-05 17:50:49,
GOAT001265,Luka Sučić,spatial_passing_centrality,statsbomb_player,Luka Sučić,3,Tier 1 - Exact Match,2026-08-05 17:50:49,
GOAT001104,Unai Expósito Medina,spatial_passing_centrality,statsbomb_player,Unai Expósito Medina,3,Tier 1 - Exact Match,2026-08-05 17:50:49,
GOAT001105,Vadim Demidov,spatial_passing_centrality,statsbomb_player,Vadim Demidov,3,Tier 1 - Exact Match,2026-08-05 17:50:49,
GOAT001264,Luís Eduardo Schmidt,spatial_passing_centrality,statsbomb_player,Luís Eduardo Schmidt,3,Tier 1 - Exact Match,2026-08-05 17:50:49,
GOAT001263,Luís Miguel Afonso Fernandes,spatial_passing_centrality,statsbomb_player,Luís Miguel Afonso Fernandes,3,Tier 1 - Exact Match,2026-08-05 17:50:49,
GOAT001365,Fabio Cannavaro,spatial_passing_centrality,statsbomb_player,Fabio Cannavaro,3,Tier 1 - Exact Match,2026-08-05 17:50:49,
GOAT001329,José Carlos Fernández Vázquez,spatial_passing_centrality,statsbomb_player,José Carlos Fernández Vázquez,3,Tier 1 - Exact Match,2026-08-05 17:50:49,
GOAT001176,Gylfi Þór Sigurðsson,spatial_passing_centrality,statsbomb_player,Gylfi Þór Sigurðsson,3,Tier 1 - Exact Match,2026-08-05 17:50:49,
GOAT001152,Robert Kenedy Nunes do Nascimento,spatial_passing_centrality,statsbomb_player,Robert Kenedy Nunes do Nascimento,3,Tier 1 - Exact Match,2026-08-05 17:50:49,
GOAT001148,Roberto Fabián Ayala,spatial_passing_centrality,statsbomb_player,Roberto Fabián Ayala,3,Tier 1 - Exact Match,2026-08-05 17:50:49,
GOAT001147,Roberto Fernández Alvarellos,spatial_passing_centrality,statsbomb_player,Roberto Fernández Alvarellos,3,Tier 1 - Exact Match,2026-08-05 17:50:49,
GOAT001171,Carlos Alberto Sánchez Moreno,spatial_passing_centrality,statsbomb_player,Carlos Alberto Sánchez Moreno,3,Tier 1 - Exact Match,2026-08-05 17:50:49,
GOAT001125,Santiago Vergini,spatial_passing_centrality,statsbomb_player,Santiago Vergini,3,Tier 1 - Exact Match,2026-08-05 17:50:49,
GOAT001124,Sebastián Dubarbier,spatial_passing_centrality,statsbomb_player,Sebastián Dubarbier,3,Tier 1 - Exact Match,2026-08-05 17:50:49,
GOAT001146,Roberto Luis Gaspar de Deus Severo,spatial_passing_centrality,statsbomb_player,Roberto Luis Gaspar de Deus Severo,3,Tier 1 - Exact Match,2026-08-05 17:50:49,
GOAT001292,Albert Luque Martos,spatial_passing_centrality,statsbomb_player,Albert Luque Martos,3,Tier 1 - Exact Match,2026-08-05 17:50:49,
GOAT001291,Albert Riera Ortega,spatial_passing_centrality,statsbomb_player,Albert Riera Ortega,3,Tier 1 - Exact Match,2026-08-05 17:50:49,
GOAT001187,Otávio Edmilson da Silva Monteiro,spatial_passing_centrality,statsbomb_player,Otávio Edmilson da Silva Monteiro,3,Tier 1 - Exact Match,2026-08-05 17:50:49,
GOAT001118,Sergio Reguilón Rodríguez,spatial_passing_centrality,statsbomb_player,Sergio Reguilón Rodríguez,3,Tier 1 - Exact Match,2026-08-05 17:50:49,
GOAT001117,Sergio Rodríguez García,spatial_passing_centrality,statsbomb_player,Sergio Rodríguez García,3,Tier 1 - Exact Match,2026-08-05 17:50:49,
GOAT001262,Maciej Rybus,spatial_passing_centrality,statsbomb_player,Maciej Rybus,3,Tier 1 - Exact Match,2026-08-05 17:50:49,
GOAT001261,Mahamadou Diarra,spatial_passing_centrality,statsbomb_player,Mahamadou Diarra,3,Tier 1 - Exact Match,2026-08-05 17:50:49,
GOAT001260,Manuel Castellano Castro,spatial_passing_centrality,statsbomb_player,Manuel Castellano Castro,3,Tier 1 - Exact Match,2026-08-05 17:50:49,
GOAT001259,Manuel Gaspar Haro,spatial_passing_centrality,statsbomb_player,Manuel Gaspar Haro,3,Tier 1 - Exact Match,2026-08-05 17:50:49,
GOAT001253,Manuel Neuer,spatial_passing_centrality,statsbomb_player,Manuel Neuer,3,Tier 1 - Exact Match,2026-08-05 17:50:49,
GOAT001252,Manuel Obafemi Akanji,spatial_passing_centrality,statsbomb_player,Manuel Obafemi Akanji,3,Tier 1 - Exact Match,2026-08-05 17:50:49,
GOAT001333,Josip Brekalo,spatial_passing_centrality,statsbomb_player,Josip Brekalo,3,Tier 1 - Exact Match,2026-08-05 17:50:49,
GOAT001341,Josip Stanišić,spatial_passing_centrality,statsbomb_player,Josip Stanišić,3,Tier 1 - Exact Match,2026-08-05 17:50:49,
GOAT001340,Josu Sarriegi Zumárraga,spatial_passing_centrality,statsbomb_player,Josu Sarriegi Zumárraga,3,Tier 1 - Exact Match,2026-08-05 17:50:49,
GOAT001332,José Antonio Delgado Villar,spatial_passing_centrality,statsbomb_player,José Antonio Delgado Villar,3,Tier 1 - Exact Match,2026-08-05 17:50:49,
GOAT001209,Heung-Min Son,spatial_passing_centrality,statsbomb_player,Heung-Min Son,3,Tier 1 - Exact Match,2026-08-05 17:50:49,
GOAT001228,Hipólito Fernández Serrano,spatial_passing_centrality,statsbomb_player,Hipólito Fernández Serrano,3,Tier 1 - Exact Match,2026-08-05 17:50:49,
GOAT001227,Hiroki Sakai,spatial_passing_centrality,statsbomb_player,Hiroki Sakai,3,Tier 1 - Exact Match,2026-08-05 17:50:49,
GOAT001226,Hirving Rodrigo Lozano Bahena,spatial_passing_centrality,statsbomb_player,Hirving Rodrigo Lozano Bahena,3,Tier 1 - Exact Match,2026-08-05 17:50:49,
GOAT001223,Hugo Miguel Almeida Costa Lopes,spatial_passing_centrality,statsbomb_player,Hugo Miguel Almeida Costa Lopes,3,Tier 1 - Exact Match,2026-08-05 17:50:49,
GOAT001091,Yann Sommer,spatial_passing_centrality,statsbomb_player,Yann Sommer,3,Tier 1 - Exact Match,2026-08-05 17:50:49,
GOAT001356,Esteban Andrés Suárez,spatial_passing_centrality,statsbomb_player,Esteban Andrés Suárez,3,Tier 1 - Exact Match,2026-08-05 17:50:49,
GOAT001251,Marc Muniesa Martínez,spatial_passing_centrality,statsbomb_player,Marc Muniesa Martínez,3,Tier 1 - Exact Match,2026-08-05 17:50:49,
GOAT001346,Enrique Barja Afonso,spatial_passing_centrality,statsbomb_player,Enrique Barja Afonso,3,Tier 1 - Exact Match,2026-08-05 17:50:49,
GOAT001355,Enrique de Lucas Martínez,spatial_passing_centrality,statsbomb_player,Enrique de Lucas Martínez,3,Tier 1 - Exact Match,2026-08-05 17:50:49,
GOAT001250,Marc Valiente Hernández,spatial_passing_centrality,statsbomb_player,Marc Valiente Hernández,3,Tier 1 - Exact Match,2026-08-05 17:50:49,
GOAT001249,Marcelo Alfonso Díaz Rojas,spatial_passing_centrality,statsbomb_player,Marcelo Alfonso Díaz Rojas,3,Tier 1 - Exact Match,2026-08-05 17:50:49,
GOAT001254,Danny Rose,spatial_passing_centrality,statsbomb_player,Danny Rose,3,Tier 1 - Exact Match,2026-08-05 17:50:49,
GOAT001126,Armindo Tué Na Bangna,spatial_passing_centrality,statsbomb_player,Armindo Tué Na Bangna,3,Tier 1 - Exact Match,2026-08-05 17:50:49,
GOAT001129,Arthur Theate,spatial_passing_centrality,statsbomb_player,Arthur Theate,3,Tier 1 - Exact Match,2026-08-05 17:50:49,
GOAT001167,Breel-Donald Embolo,spatial_passing_centrality,statsbomb_player,Breel-Donald Embolo,3,Tier 1 - Exact Match,2026-08-05 17:50:49,
GOAT001343,Enric Gallego Puigsech,spatial_passing_centrality,statsbomb_player,Enric Gallego Puigsech,3,Tier 1 - Exact Match,2026-08-05 17:50:49,
GOAT001109,Tomer Hemed,spatial_passing_centrality,statsbomb_player,Tomer Hemed,3,Tier 1 - Exact Match,2026-08-05 17:50:49,
GOAT001107,Tymoteusz Puchacz,spatial_passing_centrality,statsbomb_player,Tymoteusz Puchacz,3,Tier 1 - Exact Match,2026-08-05 17:50:49,
GOAT001090,Amath Ndiaye,spatial_passing_centrality,statsbomb_player,Amath Ndiaye,3,Tier 1 - Exact Match,2026-08-05 17:50:49,
GOAT001339,Emiliano Adrián Insúa Zapata,spatial_passing_centrality,statsbomb_player,Emiliano Adrián Insúa Zapata,3,Tier 1 - Exact Match,2026-08-05 17:50:49,
GOAT001342,Emiliano Buendía,spatial_passing_centrality,statsbomb_player,Emiliano Buendía,3,Tier 1 - Exact Match,2026-08-05 17:50:49,
GOAT001193,Nikola Žigić,spatial_passing_centrality,statsbomb_player,Nikola Žigić,3,Tier 1 - Exact Match,2026-08-05 17:50:49,
GOAT001194,Noussair Mazraoui,spatial_passing_centrality,statsbomb_player,Noussair Mazraoui,3,Tier 1 - Exact Match,2026-08-05 17:50:49,
GOAT001192,Nuno Ricardo de Oliveira Ribeiro,spatial_passing_centrality,statsbomb_player,Nuno Ricardo de Oliveira Ribeiro,3,Tier 1 - Exact Match,2026-08-05 17:50:49,
GOAT001190,Oier Olazábal Paredes,spatial_passing_centrality,statsbomb_player,Oier Olazábal Paredes,3,Tier 1 - Exact Match,2026-08-05 17:50:49,
GOAT001248,Marcos García Barreno,spatial_passing_centrality,statsbomb_player,Marcos García Barreno,3,Tier 1 - Exact Match,2026-08-05 17:50:49,
GOAT001244,Héctor Font Romero,spatial_passing_centrality,statsbomb_player,Héctor Font Romero,3,Tier 1 - Exact Match,2026-08-05 17:50:49,
GOAT001243,Héctor Hernández Ortega,spatial_passing_centrality,statsbomb_player,Héctor Hernández Ortega,3,Tier 1 - Exact Match,2026-08-05 17:50:49,
GOAT001338,Jose Antonio Culebras Arenas,spatial_passing_centrality,statsbomb_player,Jose Antonio Culebras Arenas,3,Tier 1 - Exact Match,2026-08-05 17:50:49,
GOAT001337,Joseba Garmendia Elorriaga,spatial_passing_centrality,statsbomb_player,Joseba Garmendia Elorriaga,3,Tier 1 - Exact Match,2026-08-05 17:50:49,
GOAT001334,Joseph Aidoo,spatial_passing_centrality,statsbomb_player,Joseph Aidoo,3,Tier 1 - Exact Match,2026-08-05 17:50:49,
GOAT001247,Aitor Ocio Carrión,spatial_passing_centrality,statsbomb_player,Aitor Ocio Carrión,3,Tier 1 - Exact Match,2026-08-05 17:50:49,
GOAT001246,Aitor Ruibal García,spatial_passing_centrality,statsbomb_player,Aitor Ruibal García,3,Tier 1 - Exact Match,2026-08-05 17:50:49,
GOAT001234,Alain Didier Zokora-Déguy,spatial_passing_centrality,statsbomb_player,Alain Didier Zokora-Déguy,3,Tier 1 - Exact Match,2026-08-05 17:50:49,
GOAT001116,Simone Zaza,spatial_passing_centrality,statsbomb_player,Simone Zaza,3,Tier 1 - Exact Match,2026-08-05 17:50:49,
GOAT001198,Nicola Sansone,spatial_passing_centrality,statsbomb_player,Nicola Sansone,3,Tier 1 - Exact Match,2026-08-05 17:50:49,
GOAT001245,Mariano Díaz Mejía,spatial_passing_centrality,statsbomb_player,Mariano Díaz Mejía,3,Tier 1 - Exact Match,2026-08-05 17:50:49,
GOAT001238,Mario Gutiérrez Cotelo,spatial_passing_centrality,statsbomb_player,Mario Gutiérrez Cotelo,3,Tier 1 - Exact Match,2026-08-05 17:50:49,
GOAT001237,Mario Sebastián Viera Galain,spatial_passing_centrality,statsbomb_player,Mario Sebastián Viera Galain,3,Tier 1 - Exact Match,2026-08-05 17:50:49,
GOAT001326,Eduardo César Daude Gaspar,spatial_passing_centrality,statsbomb_player,Eduardo César Daude Gaspar,3,Tier 1 - Exact Match,2026-08-05 17:50:49,
GOAT001085,Zakaria Bakkali,spatial_passing_centrality,statsbomb_player,Zakaria Bakkali,3,Tier 1 - Exact Match,2026-08-05 17:50:49,
GOAT001084,Ádám Pintér,spatial_passing_centrality,statsbomb_player,Ádám Pintér,3,Tier 1 - Exact Match,2026-08-05 17:50:49,
GOAT001348,Jonathas Cristian de Jesus,spatial_passing_centrality,statsbomb_player,Jonathas Cristian de Jesus,3,Tier 1 - Exact Match,2026-08-05 17:50:49,
GOAT001344,Jordan Brian Henderson,spatial_passing_centrality,statsbomb_player,Jordan Brian Henderson,3,Tier 1 - Exact Match,2026-08-05 17:50:49,
GOAT001240,Iago Bouzón Amodeo,spatial_passing_centrality,statsbomb_player,Iago Bouzón Amodeo,3,Tier 1 - Exact Match,2026-08-05 17:50:49,
GOAT001239,Iago Herrerín Buisán,spatial_passing_centrality,statsbomb_player,Iago Herrerín Buisán,3,Tier 1 - Exact Match,2026-08-05 17:50:49,
GOAT001255,Ibrahima Baldé,spatial_passing_centrality,statsbomb_player,Ibrahima Baldé,3,Tier 1 - Exact Match,2026-08-05 17:50:49,
GOAT001087,Yuto Nagatomo,spatial_passing_centrality,statsbomb_player,Yuto Nagatomo,3,Tier 1 - Exact Match,2026-08-05 17:50:49,
GOAT001086,Zakaria Aboukhlal,spatial_passing_centrality,statsbomb_player,Zakaria Aboukhlal,3,Tier 1 - Exact Match,2026-08-05 17:50:49,
GOAT001151,Borja García Freire,spatial_passing_centrality,statsbomb_player,Borja García Freire,3,Tier 1 - Exact Match,2026-08-05 17:50:49,
GOAT001236,Marius Stankevičius,spatial_passing_centrality,statsbomb_player,Marius Stankevičius,3,Tier 1 - Exact Match,2026-08-05 17:50:49,
GOAT001233,Marko Pjaca,spatial_passing_centrality,statsbomb_player,Marko Pjaca,3,Tier 1 - Exact Match,2026-08-05 17:50:49,
GOAT001108,Thomas Müller,spatial_passing_centrality,statsbomb_player,Thomas Müller,3,Tier 1 - Exact Match,2026-08-05 17:50:49,
GOAT001098,Andoni Gorosabel Espinosa,spatial_passing_centrality,statsbomb_player,Andoni Gorosabel Espinosa,3,Tier 1 - Exact Match,2026-08-05 17:50:49,
GOAT001197,Nathan Aké,spatial_passing_centrality,statsbomb_player,Nathan Aké,3,Tier 1 - Exact Match,2026-08-05 17:50:49,
GOAT001196,Nelson Antonio Haedo Valdez,spatial_passing_centrality,statsbomb_player,Nelson Antonio Haedo Valdez,3,Tier 1 - Exact Match,2026-08-05 17:50:49,
GOAT001136,Román Fernando Martínez,spatial_passing_centrality,statsbomb_player,Román Fernando Martínez,3,Tier 1 - Exact Match,2026-08-05 17:50:49,
GOAT001145,Roberto Soriano,spatial_passing_centrality,statsbomb_player,Roberto Soriano,3,Tier 1 - Exact Match,2026-08-05 17:50:49,
GOAT001163,Bradley Barcola,spatial_passing_centrality,statsbomb_player,Bradley Barcola,3,Tier 1 - Exact Match,2026-08-05 17:50:49,
GOAT001153,Branko Ilič,spatial_passing_centrality,statsbomb_player,Branko Ilič,3,Tier 1 - Exact Match,2026-08-05 17:50:49,
GOAT001142,Rodolfo Bodipo Díaz,spatial_passing_centrality,statsbomb_player,Rodolfo Bodipo Díaz,3,Tier 1 - Exact Match,2026-08-05 17:50:49,
GOAT001140,Rodrigo Bentancur Colmán,spatial_passing_centrality,statsbomb_player,Rodrigo Bentancur Colmán,3,Tier 1 - Exact Match,2026-08-05 17:50:49,
GOAT001139,Rodrigo Ely,spatial_passing_centrality,statsbomb_player,Rodrigo Ely,3,Tier 1 - Exact Match,2026-08-05 17:50:49,
GOAT001128,Arturo García Muñoz,spatial_passing_centrality,statsbomb_player,Arturo García Muñoz,3,Tier 1 - Exact Match,2026-08-05 17:50:49,
GOAT001138,Ruben Loftus-Cheek,spatial_passing_centrality,statsbomb_player,Ruben Loftus-Cheek,3,Tier 1 - Exact Match,2026-08-05 17:50:49,
GOAT001143,Bernard Mensah,spatial_passing_centrality,statsbomb_player,Bernard Mensah,3,Tier 1 - Exact Match,2026-08-05 17:50:49,
GOAT001347,Jon Moncayola Tollar,spatial_passing_centrality,statsbomb_player,Jon Moncayola Tollar,3,Tier 1 - Exact Match,2026-08-05 17:50:49,
GOAT001195,Nemanja Gudelj,spatial_passing_centrality,statsbomb_player,Nemanja Gudelj,3,Tier 1 - Exact Match,2026-08-05 17:50:49,
GOAT001267,David Belenguer Reverter,spatial_passing_centrality,statsbomb_player,David Belenguer Reverter,3,Tier 1 - Exact Match,2026-08-05 17:50:49,
GOAT001266,David Cobeño Iglesias,spatial_passing_centrality,statsbomb_player,David Cobeño Iglesias,3,Tier 1 - Exact Match,2026-08-05 17:50:49,
GOAT001106,Anthony Rubén Lozano Colón,spatial_passing_centrality,statsbomb_player,Anthony Rubén Lozano Colón,3,Tier 1 - Exact Match,2026-08-05 17:50:49,
GOAT001089,Andreas Hoelgebaum Pereira,spatial_passing_centrality,statsbomb_player,Andreas Hoelgebaum Pereira,3,Tier 1 - Exact Match,2026-08-05 17:50:49,
GOAT001323,Duje Ćaleta-Car,spatial_passing_centrality,statsbomb_player,Duje Ćaleta-Car,3,Tier 1 - Exact Match,2026-08-05 17:50:49,
GOAT001322,Dušan Tadić,spatial_passing_centrality,statsbomb_player,Dušan Tadić,3,Tier 1 - Exact Match,2026-08-05 17:50:49,
GOAT001232,Mateusz Andrzej Klich,spatial_passing_centrality,statsbomb_player,Mateusz Andrzej Klich,3,Tier 1 - Exact Match,2026-08-05 17:50:49,
GOAT001271,Ignacio Vidal Miralles,spatial_passing_centrality,statsbomb_player,Ignacio Vidal Miralles,3,Tier 1 - Exact Match,2026-08-05 17:50:49,
GOAT001242,Igor Lichnovsky Osorio,spatial_passing_centrality,statsbomb_player,Igor Lichnovsky Osorio,3,Tier 1 - Exact Match,2026-08-05 17:50:49,
GOAT001241,Ikoma Loïs Openda,spatial_passing_centrality,statsbomb_player,Ikoma Loïs Openda,3,Tier 1 - Exact Match,2026-08-05 17:50:49,
GOAT001345,Jonathan Sundy Zongo,spatial_passing_centrality,statsbomb_player,Jonathan Sundy Zongo,3,Tier 1 - Exact Match,2026-08-05 17:50:49,
GOAT001357,Joel Nathaniel Campbell Samuels,spatial_passing_centrality,statsbomb_player,Joel Nathaniel Campbell Samuels,3,Tier 1 - Exact Match,2026-08-05 17:50:49,
GOAT001350,John Michael Nchekwube Obinna,spatial_passing_centrality,statsbomb_player,John Michael Nchekwube Obinna,3,Tier 1 - Exact Match,2026-08-05 17:50:49,
GOAT001349,John O''Shea,spatial_passing_centrality,statsbomb_player,John O''Shea,3,Tier 1 - Exact Match,2026-08-05 17:50:49,
GOAT001306,Ivan Marcano Sierra,spatial_passing_centrality,statsbomb_player,Ivan Marcano Sierra,3,Tier 1 - Exact Match,2026-08-05 17:50:49,
GOAT001305,Ivan Obradović,spatial_passing_centrality,statsbomb_player,Ivan Obradović,3,Tier 1 - Exact Match,2026-08-05 17:50:49,
GOAT001231,Matheus Dória Macedo,spatial_passing_centrality,statsbomb_player,Matheus Dória Macedo,3,Tier 1 - Exact Match,2026-08-05 17:50:49,
GOAT001230,Matheus Luiz Nunes,spatial_passing_centrality,statsbomb_player,Matheus Luiz Nunes,3,Tier 1 - Exact Match,2026-08-05 17:50:49,
GOAT001222,Mathew Leckie,spatial_passing_centrality,statsbomb_player,Mathew Leckie,3,Tier 1 - Exact Match,2026-08-05 17:50:49,
GOAT001201,Moussa Wagué,spatial_passing_centrality,statsbomb_player,Moussa Wagué,3,Tier 1 - Exact Match,2026-08-05 17:50:49,
GOAT001270,David García De La Cruz,spatial_passing_centrality,statsbomb_player,David García De La Cruz,3,Tier 1 - Exact Match,2026-08-05 17:50:49,
GOAT001269,David García Zubiría,spatial_passing_centrality,statsbomb_player,David García Zubiría,3,Tier 1 - Exact Match,2026-08-05 17:50:49,
GOAT001203,Nabil Baha,spatial_passing_centrality,statsbomb_player,Nabil Baha,3,Tier 1 - Exact Match,2026-08-05 17:50:49,
GOAT001221,Mathew Ryan,spatial_passing_centrality,statsbomb_player,Mathew Ryan,3,Tier 1 - Exact Match,2026-08-05 17:50:49,
GOAT001220,Mathieu Berson,spatial_passing_centrality,statsbomb_player,Mathieu Berson,3,Tier 1 - Exact Match,2026-08-05 17:50:49,
GOAT001219,Mats Hummels,spatial_passing_centrality,statsbomb_player,Mats Hummels,3,Tier 1 - Exact Match,2026-08-05 17:50:49,
GOAT001217,Matías Nahuel Leiva Esquivel,spatial_passing_centrality,statsbomb_player,Matías Nahuel Leiva Esquivel,3,Tier 1 - Exact Match,2026-08-05 17:50:49,
GOAT001317,Dodi Lukebakio,spatial_passing_centrality,statsbomb_player,Dodi Lukebakio,3,Tier 1 - Exact Match,2026-08-05 17:50:49,
GOAT001325,Domingos Sousa Coutinho Meneses Duarte,spatial_passing_centrality,statsbomb_player,Domingos Sousa Coutinho Meneses Duarte,3,Tier 1 - Exact Match,2026-08-05 17:50:49,
GOAT001216,Matías Vecino Falero,spatial_passing_centrality,statsbomb_player,Matías Vecino Falero,3,Tier 1 - Exact Match,2026-08-05 17:50:49,
GOAT001214,Mauro Javier Dos Santos,spatial_passing_centrality,statsbomb_player,Mauro Javier Dos Santos,3,Tier 1 - Exact Match,2026-08-05 17:50:49,
GOAT001218,Maxime Gonalons,spatial_passing_centrality,statsbomb_player,Maxime Gonalons,3,Tier 1 - Exact Match,2026-08-05 17:50:49,
GOAT001313,Diego Rico Salguero,spatial_passing_centrality,statsbomb_player,Diego Rico Salguero,3,Tier 1 - Exact Match,2026-08-05 17:50:49,
GOAT001311,Diogo Ferreira Salomão,spatial_passing_centrality,statsbomb_player,Diogo Ferreira Salomão,3,Tier 1 - Exact Match,2026-08-05 17:50:49,
GOAT001310,Diogo José Rosário Gomes Figueiras,spatial_passing_centrality,statsbomb_player,Diogo José Rosário Gomes Figueiras,3,Tier 1 - Exact Match,2026-08-05 17:50:49,
GOAT001213,Memphis Depay,spatial_passing_centrality,statsbomb_player,Memphis Depay,3,Tier 1 - Exact Match,2026-08-05 17:50:49,
GOAT001168,Adrián Marín Gómez,spatial_passing_centrality,statsbomb_player,Adrián Marín Gómez,3,Tier 1 - Exact Match,2026-08-05 17:50:49,
GOAT001137,Rubén Martín Pulido,spatial_passing_centrality,statsbomb_player,Rubén Martín Pulido,3,Tier 1 - Exact Match,2026-08-05 17:50:49,
GOAT001135,Rui Tiago Dantas da Silva,spatial_passing_centrality,statsbomb_player,Rui Tiago Dantas da Silva,3,Tier 1 - Exact Match,2026-08-05 17:50:49,
GOAT001131,Ryan Giggs,spatial_passing_centrality,statsbomb_player,Ryan Giggs,3,Tier 1 - Exact Match,2026-08-05 17:50:49,
GOAT001141,Bamidele Alli,spatial_passing_centrality,statsbomb_player,Bamidele Alli,3,Tier 1 - Exact Match,2026-08-05 17:50:49,
GOAT001134,Sadio Mané,spatial_passing_centrality,statsbomb_player,Sadio Mané,3,Tier 1 - Exact Match,2026-08-05 17:50:49,
GOAT001374,Ángel Dealbert Ibáñez,spatial_passing_centrality,statsbomb_player,Ángel Dealbert Ibáñez,3,Tier 1 - Exact Match,2026-08-05 17:50:49,
GOAT001083,Achraf Dari,spatial_passing_centrality,statsbomb_player,Achraf Dari,3,Tier 1 - Exact Match,2026-08-05 17:50:49,
GOAT001379,Abdelaziz Barrada,spatial_passing_centrality,statsbomb_player,Abdelaziz Barrada,3,Tier 1 - Exact Match,2026-08-05 17:50:49,
GOAT001378,Abdelhamid Sabiri,spatial_passing_centrality,statsbomb_player,Abdelhamid Sabiri,3,Tier 1 - Exact Match,2026-08-05 17:50:49,
GOAT001077,Abderrazak Hamdallah,spatial_passing_centrality,statsbomb_player,Abderrazak Hamdallah,3,Tier 1 - Exact Match,2026-08-05 17:50:49,
GOAT001079,Abdoul Karim Yoda,spatial_passing_centrality,statsbomb_player,Abdoul Karim Yoda,3,Tier 1 - Exact Match,2026-08-05 17:50:49,
GOAT001078,Abdoulay Konko,spatial_passing_centrality,statsbomb_player,Abdoulay Konko,3,Tier 1 - Exact Match,2026-08-05 17:50:49,
GOAT001377,Abraham Minero Fernández,spatial_passing_centrality,statsbomb_player,Abraham Minero Fernández,3,Tier 1 - Exact Match,2026-08-05 17:50:49,
GOAT001132,Salvador Ballesta Vialcho,spatial_passing_centrality,statsbomb_player,Salvador Ballesta Vialcho,3,Tier 1 - Exact Match,2026-08-05 17:50:49,
GOAT001376,İlkay Gündoğan,spatial_passing_centrality,statsbomb_player,İlkay Gündoğan,3,Tier 1 - Exact Match,2026-08-05 17:50:49,
GOAT001375,Łukasz Piszczek,spatial_passing_centrality,statsbomb_player,Łukasz Piszczek,3,Tier 1 - Exact Match,2026-08-05 17:50:49,
GOAT001352,Jamie Vardy,spatial_passing_centrality,statsbomb_player,Jamie Vardy,3,Tier 1 - Exact Match,2026-08-05 17:50:49,
GOAT001367,Jaime Romero Gómez,spatial_passing_centrality,statsbomb_player,Jaime Romero Gómez,3,Tier 1 - Exact Match,2026-08-05 17:50:49,
GOAT001359,Jesse Lingard,spatial_passing_centrality,statsbomb_player,Jesse Lingard,3,Tier 1 - Exact Match,2026-08-05 17:50:49,
GOAT001362,Jesús Daniel Gallardo Vasconcelos,spatial_passing_centrality,statsbomb_player,Jesús Daniel Gallardo Vasconcelos,3,Tier 1 - Exact Match,2026-08-05 17:50:49,
GOAT001358,Jirí Jarošík,spatial_passing_centrality,statsbomb_player,Jirí Jarošík,3,Tier 1 - Exact Match,2026-08-05 17:50:49,
GOAT001158,Raoul Cédric Loé,spatial_passing_centrality,statsbomb_player,Raoul Cédric Loé,3,Tier 1 - Exact Match,2026-08-05 17:50:49,
GOAT001300,Jukka Raitala,spatial_passing_centrality,statsbomb_player,Jukka Raitala,3,Tier 1 - Exact Match,2026-08-05 17:50:49,
GOAT001299,Julián de Guzmán,spatial_passing_centrality,statsbomb_player,Julián de Guzmán,3,Tier 1 - Exact Match,2026-08-05 17:50:49,
GOAT001113,Gabriel Andrei Torje,spatial_passing_centrality,statsbomb_player,Gabriel Andrei Torje,3,Tier 1 - Exact Match,2026-08-05 17:50:49,
GOAT001076,Abel Gómez Moreno,spatial_passing_centrality,statsbomb_player,Abel Gómez Moreno,3,Tier 1 - Exact Match,2026-08-05 17:50:49,
GOAT001369,Javier Calleja Revilla,spatial_passing_centrality,statsbomb_player,Javier Calleja Revilla,3,Tier 1 - Exact Match,2026-08-05 17:50:49,
GOAT001366,Javier García Portillo,spatial_passing_centrality,statsbomb_player,Javier García Portillo,3,Tier 1 - Exact Match,2026-08-05 17:50:49,
GOAT001373,Javier Ontiveros Parra,spatial_passing_centrality,statsbomb_player,Javier Ontiveros Parra,3,Tier 1 - Exact Match,2026-08-05 17:50:49,
GOAT001361,Javier Sánchez de Felipe,spatial_passing_centrality,statsbomb_player,Javier Sánchez de Felipe,3,Tier 1 - Exact Match,2026-08-05 17:50:49,
GOAT001368,Jaime Mata Arnaiz,spatial_passing_centrality,statsbomb_player,Jaime Mata Arnaiz,3,Tier 1 - Exact Match,2026-08-05 17:50:49,
GOAT001133,Aziz Eraltay Behich,spatial_passing_centrality,statsbomb_player,Aziz Eraltay Behich,3,Tier 1 - Exact Match,2026-08-05 17:50:49,
GOAT001205,Miguel Ángel Angulo Valderrey,spatial_passing_centrality,statsbomb_player,Miguel Ángel Angulo Valderrey,3,Tier 1 - Exact Match,2026-08-05 17:50:49,
GOAT001298,Denzel Dumfries,spatial_passing_centrality,statsbomb_player,Denzel Dumfries,3,Tier 1 - Exact Match,2026-08-05 17:50:49,
GOAT001364,Javier Hernández Balcázar,spatial_passing_centrality,statsbomb_player,Javier Hernández Balcázar,3,Tier 1 - Exact Match,2026-08-05 17:50:49,
GOAT001363,Javier Ignacio Aquino Carmona,spatial_passing_centrality,statsbomb_player,Javier Ignacio Aquino Carmona,3,Tier 1 - Exact Match,2026-08-05 17:50:49,
GOAT001081,Álvaro Odriozola Arzallus,spatial_passing_centrality,statsbomb_player,Álvaro Odriozola Arzallus,3,Tier 1 - Exact Match,2026-08-05 17:50:49,
GOAT001384,Abdón Prats Bastidas,spatial_passing_centrality,statsbomb_player,Abdón Prats Bastidas,2,Tier 1 - Exact Match,2026-08-05 17:50:49,
GOAT001383,Abdulelah Saad Hameed Al-Malki,spatial_passing_centrality,statsbomb_player,Abdulelah Saad Hameed Al-Malki,2,Tier 1 - Exact Match,2026-08-05 17:50:49,
GOAT001991,Abdoulaye Doucouré,spatial_passing_centrality,statsbomb_player,Abdoulaye Doucouré,2,Tier 1 - Exact Match,2026-08-05 17:50:49,
GOAT001388,Achille Emaná Edzimbi,spatial_passing_centrality,statsbomb_player,Achille Emaná Edzimbi,2,Tier 1 - Exact Match,2026-08-05 17:50:49,
GOAT001381,Aaron Cresswell,spatial_passing_centrality,statsbomb_player,Aaron Cresswell,2,Tier 1 - Exact Match,2026-08-05 17:50:49,
GOAT001541,Adam Smith,spatial_passing_centrality,statsbomb_player,Adam Smith,2,Tier 1 - Exact Match,2026-08-05 17:50:49,
GOAT001554,Aderllan Leandro de Jesus Santos,spatial_passing_centrality,statsbomb_player,Aderllan Leandro de Jesus Santos,2,Tier 1 - Exact Match,2026-08-05 17:50:49,
GOAT001389,Ángel Morales Cuerva,spatial_passing_centrality,statsbomb_player,Ángel Morales Cuerva,2,Tier 1 - Exact Match,2026-08-05 17:50:49,
GOAT001992,Abdul Rahman Baba,spatial_passing_centrality,statsbomb_player,Abdul Rahman Baba,2,Tier 1 - Exact Match,2026-08-05 17:50:49,
GOAT001989,Abdessamad Ezzalzouli,spatial_passing_centrality,statsbomb_player,Abdessamad Ezzalzouli,2,Tier 1 - Exact Match,2026-08-05 17:50:49,
GOAT001420,Javier Casas Cuevas,spatial_passing_centrality,statsbomb_player,Javier Casas Cuevas,2,Tier 1 - Exact Match,2026-08-05 17:50:49,
GOAT001421,Javier Del Pino González,spatial_passing_centrality,statsbomb_player,Javier Del Pino González,2,Tier 1 - Exact Match,2026-08-05 17:50:49,
GOAT001422,Javier Espinosa González,spatial_passing_centrality,statsbomb_player,Javier Espinosa González,2,Tier 1 - Exact Match,2026-08-05 17:50:49,
GOAT001423,Javier Galán Gil,spatial_passing_centrality,statsbomb_player,Javier Galán Gil,2,Tier 1 - Exact Match,2026-08-05 17:50:49,
GOAT001418,Jakub Piotrowski,spatial_passing_centrality,statsbomb_player,Jakub Piotrowski,2,Tier 1 - Exact Match,2026-08-05 17:50:49,
GOAT001419,Jamaal Lascelles,spatial_passing_centrality,statsbomb_player,Jamaal Lascelles,2,Tier 1 - Exact Match,2026-08-05 17:50:49,
GOAT001408,James Collins,spatial_passing_centrality,statsbomb_player,James Collins,2,Tier 1 - Exact Match,2026-08-05 17:50:49,
GOAT001409,James McArthur,spatial_passing_centrality,statsbomb_player,James McArthur,2,Tier 1 - Exact Match,2026-08-05 17:50:49,
GOAT001393,Álvaro Domínguez Soto,spatial_passing_centrality,statsbomb_player,Álvaro Domínguez Soto,2,Tier 1 - Exact Match,2026-08-05 17:50:49,
GOAT001394,Álvaro Fernández Llorente,spatial_passing_centrality,statsbomb_player,Álvaro Fernández Llorente,2,Tier 1 - Exact Match,2026-08-05 17:50:49,
GOAT001395,Álvaro Medrán Just,spatial_passing_centrality,statsbomb_player,Álvaro Medrán Just,2,Tier 1 - Exact Match,2026-08-05 17:50:49,
GOAT001566,Adam Buksa,spatial_passing_centrality,statsbomb_player,Adam Buksa,2,Tier 1 - Exact Match,2026-08-05 17:50:49,
GOAT001546,Adam David Lallana,spatial_passing_centrality,statsbomb_player,Adam David Lallana,2,Tier 1 - Exact Match,2026-08-05 17:50:49,
GOAT001397,Zeno Debast,spatial_passing_centrality,statsbomb_player,Zeno Debast,2,Tier 1 - Exact Match,2026-08-05 17:50:49,
GOAT001433,Javier Lara Grande,spatial_passing_centrality,statsbomb_player,Javier Lara Grande,2,Tier 1 - Exact Match,2026-08-05 17:50:49,
GOAT001434,Javier Magro Matilla,spatial_passing_centrality,statsbomb_player,Javier Magro Matilla,2,Tier 1 - Exact Match,2026-08-05 17:50:49,
GOAT001435,Javier Moyano Lujano,spatial_passing_centrality,statsbomb_player,Javier Moyano Lujano,2,Tier 1 - Exact Match,2026-08-05 17:50:49,
GOAT001406,Javier Ros Añón,spatial_passing_centrality,statsbomb_player,Javier Ros Añón,2,Tier 1 - Exact Match,2026-08-05 17:50:49,
GOAT001469,Jens Jønsson,spatial_passing_centrality,statsbomb_player,Jens Jønsson,2,Tier 1 - Exact Match,2026-08-05 17:50:49,
GOAT001425,Jason Denayer,spatial_passing_centrality,statsbomb_player,Jason Denayer,2,Tier 1 - Exact Match,2026-08-05 17:50:49,
GOAT001426,Jason Puncheon,spatial_passing_centrality,statsbomb_player,Jason Puncheon,2,Tier 1 - Exact Match,2026-08-05 17:50:49,
GOAT001398,Àngel Rangel Zaragoza,spatial_passing_centrality,statsbomb_player,Àngel Rangel Zaragoza,2,Tier 1 - Exact Match,2026-08-05 17:50:49,
GOAT001399,Ádám Nagy,spatial_passing_centrality,statsbomb_player,Ádám Nagy,2,Tier 1 - Exact Match,2026-08-05 17:50:49,
GOAT001400,Ádám Szalai,spatial_passing_centrality,statsbomb_player,Ádám Szalai,2,Tier 1 - Exact Match,2026-08-05 17:50:49,
GOAT001401,Álvaro Arroyo Martínez,spatial_passing_centrality,statsbomb_player,Álvaro Arroyo Martínez,2,Tier 1 - Exact Match,2026-08-05 17:50:49,
GOAT001412,Yussuf Yurary Poulsen,spatial_passing_centrality,statsbomb_player,Yussuf Yurary Poulsen,2,Tier 1 - Exact Match,2026-08-05 17:50:49,
GOAT001396,Yūya Ōsako,spatial_passing_centrality,statsbomb_player,Yūya Ōsako,2,Tier 1 - Exact Match,2026-08-05 17:50:49,
GOAT001699,Ahmed Musa,spatial_passing_centrality,statsbomb_player,Ahmed Musa,2,Tier 1 - Exact Match,2026-08-05 17:50:49,
GOAT001917,Aitor López Rekarte,spatial_passing_centrality,statsbomb_player,Aitor López Rekarte,2,Tier 1 - Exact Match,2026-08-05 17:50:49,
GOAT001415,Yevhen Konoplyanka,spatial_passing_centrality,statsbomb_player,Yevhen Konoplyanka,2,Tier 1 - Exact Match,2026-08-05 17:50:49,
GOAT001517,Jae-Sung Lee,spatial_passing_centrality,statsbomb_player,Jae-Sung Lee,2,Tier 1 - Exact Match,2026-08-05 17:50:49,
GOAT001407,Jaime Seoane Valenciano,spatial_passing_centrality,statsbomb_player,Jaime Seoane Valenciano,2,Tier 1 - Exact Match,2026-08-05 17:50:49,
GOAT001628,Jairo Izquierdo González,spatial_passing_centrality,statsbomb_player,Jairo Izquierdo González,2,Tier 1 - Exact Match,2026-08-05 17:50:49,
GOAT001437,Jakub Błaszczykowski,spatial_passing_centrality,statsbomb_player,Jakub Błaszczykowski,2,Tier 1 - Exact Match,2026-08-05 17:50:49,
GOAT001410,James Philip Milner,spatial_passing_centrality,statsbomb_player,James Philip Milner,2,Tier 1 - Exact Match,2026-08-05 17:50:49,
GOAT001404,Yohan Cabaye,spatial_passing_centrality,statsbomb_player,Yohan Cabaye,2,Tier 1 - Exact Match,2026-08-05 17:50:49,
GOAT001405,Young-Gwon Kim,spatial_passing_centrality,statsbomb_player,Young-Gwon Kim,2,Tier 1 - Exact Match,2026-08-05 17:50:49,
GOAT001763,Alberto Rodríguez Baró,spatial_passing_centrality,statsbomb_player,Alberto Rodríguez Baró,2,Tier 1 - Exact Match,2026-08-05 17:50:49,
GOAT001414,Yassine Meriah,spatial_passing_centrality,statsbomb_player,Yassine Meriah,2,Tier 1 - Exact Match,2026-08-05 17:50:49,
GOAT001835,Alberto Aquilani,spatial_passing_centrality,statsbomb_player,Alberto Aquilani,2,Tier 1 - Exact Match,2026-08-05 17:50:49,
GOAT001439,Willian Lanes Lanes de Lima,spatial_passing_centrality,statsbomb_player,Willian Lanes Lanes de Lima,2,Tier 1 - Exact Match,2026-08-05 17:50:49,
GOAT001440,Winston Reid,spatial_passing_centrality,statsbomb_player,Winston Reid,2,Tier 1 - Exact Match,2026-08-05 17:50:49,
GOAT001429,Woo-Young Jung,spatial_passing_centrality,statsbomb_player,Woo-Young Jung,2,Tier 1 - Exact Match,2026-08-05 17:50:49,
GOAT001411,Xavi Simons,spatial_passing_centrality,statsbomb_player,Xavi Simons,2,Tier 1 - Exact Match,2026-08-05 17:50:49,
GOAT001456,Wesley Sneijder,spatial_passing_centrality,statsbomb_player,Wesley Sneijder,2,Tier 1 - Exact Match,2026-08-05 17:50:49,
GOAT001457,Wilfried Zaha,spatial_passing_centrality,statsbomb_player,Wilfried Zaha,2,Tier 1 - Exact Match,2026-08-05 17:50:49,
GOAT001458,Willi Orban,spatial_passing_centrality,statsbomb_player,Willi Orban,2,Tier 1 - Exact Match,2026-08-05 17:50:49,
GOAT001438,William Troost-Ekong,spatial_passing_centrality,statsbomb_player,William Troost-Ekong,2,Tier 1 - Exact Match,2026-08-05 17:50:49,
GOAT001485,Jeremías Ledesma,spatial_passing_centrality,statsbomb_player,Jeremías Ledesma,2,Tier 1 - Exact Match,2026-08-05 17:50:49,
GOAT001486,Jermaine Pennant,spatial_passing_centrality,statsbomb_player,Jermaine Pennant,2,Tier 1 - Exact Match,2026-08-05 17:50:49,
GOAT001436,Jesús Capitán Prada,spatial_passing_centrality,statsbomb_player,Jesús Capitán Prada,2,Tier 1 - Exact Match,2026-08-05 17:50:49,
GOAT001468,Jesús María Lacruz Gómez,spatial_passing_centrality,statsbomb_player,Jesús María Lacruz Gómez,2,Tier 1 - Exact Match,2026-08-05 17:50:49,
GOAT001451,Jens Stryger Larsen,spatial_passing_centrality,statsbomb_player,Jens Stryger Larsen,2,Tier 1 - Exact Match,2026-08-05 17:50:49,
GOAT001452,Jerdy Schouten,spatial_passing_centrality,statsbomb_player,Jerdy Schouten,2,Tier 1 - Exact Match,2026-08-05 17:50:49,
GOAT001906,Alejandro Pozuelo Melero,spatial_passing_centrality,statsbomb_player,Alejandro Pozuelo Melero,2,Tier 1 - Exact Match,2026-08-05 17:50:49,
GOAT001462,Vítor Hugo Gomes Passos,spatial_passing_centrality,statsbomb_player,Vítor Hugo Gomes Passos,2,Tier 1 - Exact Match,2026-08-05 17:50:49,
GOAT001463,Wahbi Khazri,spatial_passing_centrality,statsbomb_player,Wahbi Khazri,2,Tier 1 - Exact Match,2026-08-05 17:50:49,
GOAT001443,Wanderson Maciel Sousa Campos,spatial_passing_centrality,statsbomb_player,Wanderson Maciel Sousa Campos,2,Tier 1 - Exact Match,2026-08-05 17:50:49,
GOAT001445,Wayne Routledge,spatial_passing_centrality,statsbomb_player,Wayne Routledge,2,Tier 1 - Exact Match,2026-08-05 17:50:49,
GOAT001446,Wellington Alves da Silva,spatial_passing_centrality,statsbomb_player,Wellington Alves da Silva,2,Tier 1 - Exact Match,2026-08-05 17:50:49,
GOAT001471,Víctor Gómez Perea,spatial_passing_centrality,statsbomb_player,Víctor Gómez Perea,2,Tier 1 - Exact Match,2026-08-05 17:50:49,
GOAT001501,Jin-Su Kim,spatial_passing_centrality,statsbomb_player,Jin-Su Kim,2,Tier 1 - Exact Match,2026-08-05 17:50:49,
GOAT001741,Jacek Góralski,spatial_passing_centrality,statsbomb_player,Jacek Góralski,2,Tier 1 - Exact Match,2026-08-05 17:50:49,
GOAT001609,Jack Frank Porteous Cork,spatial_passing_centrality,statsbomb_player,Jack Frank Porteous Cork,2,Tier 1 - Exact Match,2026-08-05 17:50:49,
GOAT001533,Jackson Arley Martínez Valencia,spatial_passing_centrality,statsbomb_player,Jackson Arley Martínez Valencia,2,Tier 1 - Exact Match,2026-08-05 17:50:49,
GOAT001534,Jacob Shaffelburg,spatial_passing_centrality,statsbomb_player,Jacob Shaffelburg,2,Tier 1 - Exact Match,2026-08-05 17:50:49,
GOAT001704,Iván Díaz Ruiz,spatial_passing_centrality,statsbomb_player,Iván Díaz Ruiz,2,Tier 1 - Exact Match,2026-08-05 17:50:49,
GOAT001484,Jeremie Frimpong,spatial_passing_centrality,statsbomb_player,Jeremie Frimpong,2,Tier 1 - Exact Match,2026-08-05 17:50:49,
GOAT001464,Vladimir Stojković,spatial_passing_centrality,statsbomb_player,Vladimir Stojković,2,Tier 1 - Exact Match,2026-08-05 17:50:49,
GOAT001465,Vladimír Coufal,spatial_passing_centrality,statsbomb_player,Vladimír Coufal,2,Tier 1 - Exact Match,2026-08-05 17:50:49,
GOAT001466,Vladimír Weiss,spatial_passing_centrality,statsbomb_player,Vladimír Weiss,2,Tier 1 - Exact Match,2026-08-05 17:50:49,
GOAT001493,Alexander Kerzhakov,spatial_passing_centrality,statsbomb_player,Alexander Kerzhakov,2,Tier 1 - Exact Match,2026-08-05 17:50:49,
GOAT001994,Alexander Prass,spatial_passing_centrality,statsbomb_player,Alexander Prass,2,Tier 1 - Exact Match,2026-08-05 17:50:49,
GOAT001987,Alexandros Tziolis,spatial_passing_centrality,statsbomb_player,Alexandros Tziolis,2,Tier 1 - Exact Match,2026-08-05 17:50:49,
GOAT001444,Vurnon Anita,spatial_passing_centrality,statsbomb_player,Vurnon Anita,2,Tier 1 - Exact Match,2026-08-05 17:50:49,
GOAT001461,Victor Obinna Nsofor,spatial_passing_centrality,statsbomb_player,Victor Obinna Nsofor,2,Tier 1 - Exact Match,2026-08-05 17:50:49,
GOAT001490,Unai Vencedor Paris,spatial_passing_centrality,statsbomb_player,Unai Vencedor Paris,2,Tier 1 - Exact Match,2026-08-05 17:50:49,
GOAT001491,Uroš Račić,spatial_passing_centrality,statsbomb_player,Uroš Račić,2,Tier 1 - Exact Match,2026-08-05 17:50:49,
GOAT001594,Iván Villar Martínez,spatial_passing_centrality,statsbomb_player,Iván Villar Martínez,2,Tier 1 - Exact Match,2026-08-05 17:50:49,
GOAT001481,Joakim Mæhle,spatial_passing_centrality,statsbomb_player,Joakim Mæhle,2,Tier 1 - Exact Match,2026-08-05 17:50:49,
GOAT001449,Joan Oriol i Gràcia,spatial_passing_centrality,statsbomb_player,Joan Oriol i Gràcia,2,Tier 1 - Exact Match,2026-08-05 17:50:49,
GOAT001450,Joan Sastre Vanrell,spatial_passing_centrality,statsbomb_player,Joan Sastre Vanrell,2,Tier 1 - Exact Match,2026-08-05 17:50:49,
GOAT001483,Joel Robles Blázquez,spatial_passing_centrality,statsbomb_player,Joel Robles Blázquez,2,Tier 1 - Exact Match,2026-08-05 17:50:49,
GOAT001497,Joey Veerman,spatial_passing_centrality,statsbomb_player,Joey Veerman,2,Tier 1 - Exact Match,2026-08-05 17:50:49,
GOAT001500,Ji-Sung Park,spatial_passing_centrality,statsbomb_player,Ji-Sung Park,2,Tier 1 - Exact Match,2026-08-05 17:50:49,
GOAT001988,Alhassane Keita,spatial_passing_centrality,statsbomb_player,Alhassane Keita,2,Tier 1 - Exact Match,2026-08-05 17:50:49,
GOAT001402,Ali Albulayhi,spatial_passing_centrality,statsbomb_player,Ali Albulayhi,2,Tier 1 - Exact Match,2026-08-05 17:50:49,
GOAT001403,Ali Maâloul,spatial_passing_centrality,statsbomb_player,Ali Maâloul,2,Tier 1 - Exact Match,2026-08-05 17:50:49,
GOAT001385,Alin Dorinel Toșca,spatial_passing_centrality,statsbomb_player,Alin Dorinel Toșca,2,Tier 1 - Exact Match,2026-08-05 17:50:49,
GOAT001479,Tomáš Suslov,spatial_passing_centrality,statsbomb_player,Tomáš Suslov,2,Tier 1 - Exact Match,2026-08-05 17:50:49,
GOAT001480,Trent Alexander-Arnold,spatial_passing_centrality,statsbomb_player,Trent Alexander-Arnold,2,Tier 1 - Exact Match,2026-08-05 17:50:49,
GOAT001487,Uche Henry Agbo,spatial_passing_centrality,statsbomb_player,Uche Henry Agbo,2,Tier 1 - Exact Match,2026-08-05 17:50:49,
GOAT001499,Johann Berg Guðmunds­son,spatial_passing_centrality,statsbomb_player,Johann Berg Guðmunds­son,2,Tier 1 - Exact Match,2026-08-05 17:50:49,
GOAT001518,John Aloisi,spatial_passing_centrality,statsbomb_player,John Aloisi,2,Tier 1 - Exact Match,2026-08-05 17:50:49,
GOAT001762,Issam El Adoua,spatial_passing_centrality,statsbomb_player,Issam El Adoua,2,Tier 1 - Exact Match,2026-08-05 17:50:49,
GOAT001742,Ivan Ricardo Neves Abreu Cavaleiro,spatial_passing_centrality,statsbomb_player,Ivan Ricardo Neves Abreu Cavaleiro,2,Tier 1 - Exact Match,2026-08-05 17:50:49,
GOAT001725,Iván Alejo Peralta,spatial_passing_centrality,statsbomb_player,Iván Alejo Peralta,2,Tier 1 - Exact Match,2026-08-05 17:50:49,
GOAT001703,Iván Bolado Palacios,spatial_passing_centrality,statsbomb_player,Iván Bolado Palacios,2,Tier 1 - Exact Match,2026-08-05 17:50:49,
GOAT001705,Iván Gabriel Heinze,spatial_passing_centrality,statsbomb_player,Iván Gabriel Heinze,2,Tier 1 - Exact Match,2026-08-05 17:50:49,
GOAT001706,Iván López Álvarez,spatial_passing_centrality,statsbomb_player,Iván López Álvarez,2,Tier 1 - Exact Match,2026-08-05 17:50:49,
GOAT001390,Alphonse Areola,spatial_passing_centrality,statsbomb_player,Alphonse Areola,2,Tier 1 - Exact Match,2026-08-05 17:50:49,
GOAT001392,Aly Cissokho,spatial_passing_centrality,statsbomb_player,Aly Cissokho,2,Tier 1 - Exact Match,2026-08-05 17:50:49,
GOAT001492,Tomáš Holeš,spatial_passing_centrality,statsbomb_player,Tomáš Holeš,2,Tier 1 - Exact Match,2026-08-05 17:50:49,
GOAT001478,Tomáš Souček,spatial_passing_centrality,statsbomb_player,Tomáš Souček,2,Tier 1 - Exact Match,2026-08-05 17:50:49,
GOAT001488,Tijjani Reijnders,spatial_passing_centrality,statsbomb_player,Tijjani Reijnders,2,Tier 1 - Exact Match,2026-08-05 17:50:49,
GOAT001489,Tim Howard,spatial_passing_centrality,statsbomb_player,Tim Howard,2,Tier 1 - Exact Match,2026-08-05 17:50:49,
GOAT001413,Ander Murillo García,spatial_passing_centrality,statsbomb_player,Ander Murillo García,2,Tier 1 - Exact Match,2026-08-05 17:50:49,
GOAT001459,Andrea Barzagli,spatial_passing_centrality,statsbomb_player,Andrea Barzagli,2,Tier 1 - Exact Match,2026-08-05 17:50:49,
GOAT001472,Andrew Robertson,spatial_passing_centrality,statsbomb_player,Andrew Robertson,2,Tier 1 - Exact Match,2026-08-05 17:50:49,
GOAT001473,Andrew Surman,spatial_passing_centrality,statsbomb_player,Andrew Surman,2,Tier 1 - Exact Match,2026-08-05 17:50:49,
GOAT001474,Andrija Delibašić,spatial_passing_centrality,statsbomb_player,Andrija Delibašić,2,Tier 1 - Exact Match,2026-08-05 17:50:49,
GOAT001475,Andrija Živković,spatial_passing_centrality,statsbomb_player,Andrija Živković,2,Tier 1 - Exact Match,2026-08-05 17:50:49,
GOAT001482,Johnny Heitinga,spatial_passing_centrality,statsbomb_player,Johnny Heitinga,2,Tier 1 - Exact Match,2026-08-05 17:50:49,
GOAT001550,Jon Errasti Zabalete,spatial_passing_centrality,statsbomb_player,Jon Errasti Zabalete,2,Tier 1 - Exact Match,2026-08-05 17:50:49,
GOAT001964,In-Beom Hwang,spatial_passing_centrality,statsbomb_player,In-Beom Hwang,2,Tier 1 - Exact Match,2026-08-05 17:50:49,
GOAT001498,Johan Bakayoko,spatial_passing_centrality,statsbomb_player,Johan Bakayoko,2,Tier 1 - Exact Match,2026-08-05 17:50:49,
GOAT001505,Theo Walcott,spatial_passing_centrality,statsbomb_player,Theo Walcott,2,Tier 1 - Exact Match,2026-08-05 17:50:49,
GOAT001510,Sébastien Squillaci,spatial_passing_centrality,statsbomb_player,Sébastien Squillaci,2,Tier 1 - Exact Match,2026-08-05 17:50:49,
GOAT001511,Sérgio Miguel Relvas Gonçalves Pereira de Oliveira,spatial_passing_centrality,statsbomb_player,Sérgio Miguel Relvas Gonçalves Pereira de Oliveira,2,Tier 1 - Exact Match,2026-08-05 17:50:49,
GOAT001512,Sérgio da Silva Pinto,spatial_passing_centrality,statsbomb_player,Sérgio da Silva Pinto,2,Tier 1 - Exact Match,2026-08-05 17:50:49,
GOAT001513,Sílvio Manuel Azevedo Ferreira Sá Pereira,spatial_passing_centrality,statsbomb_player,Sílvio Manuel Azevedo Ferreira Sá Pereira,2,Tier 1 - Exact Match,2026-08-05 17:50:49,
GOAT001460,András Schäfer,spatial_passing_centrality,statsbomb_player,András Schäfer,2,Tier 1 - Exact Match,2026-08-05 17:50:49,
GOAT001430,André de Castro Pereira,spatial_passing_centrality,statsbomb_player,André de Castro Pereira,2,Tier 1 - Exact Match,2026-08-05 17:50:49,
GOAT001431,André-Frank Zambo Anguissa,spatial_passing_centrality,statsbomb_player,André-Frank Zambo Anguissa,2,Tier 1 - Exact Match,2026-08-05 17:50:49,
GOAT001476,Andrés Mateus Uribe Villa,spatial_passing_centrality,statsbomb_player,Andrés Mateus Uribe Villa,2,Tier 1 - Exact Match,2026-08-05 17:50:49,
GOAT001477,Andrés Nicolás D''Alessandro,spatial_passing_centrality,statsbomb_player,Andrés Nicolás D''Alessandro,2,Tier 1 - Exact Match,2026-08-05 17:50:49,
GOAT001504,Stéphane M''Bia Etoundi,spatial_passing_centrality,statsbomb_player,Stéphane M''Bia Etoundi,2,Tier 1 - Exact Match,2026-08-05 17:50:49,
GOAT001522,Sultan Abdullah Salim Al Ghannam,spatial_passing_centrality,statsbomb_player,Sultan Abdullah Salim Al Ghannam,2,Tier 1 - Exact Match,2026-08-05 17:50:49,
GOAT001761,Ismael Urzáiz Aranda,spatial_passing_centrality,statsbomb_player,Ismael Urzáiz Aranda,2,Tier 1 - Exact Match,2026-08-05 17:50:49,
GOAT001931,Idrissa Gana Gueye,spatial_passing_centrality,statsbomb_player,Idrissa Gana Gueye,2,Tier 1 - Exact Match,2026-08-05 17:50:49,
GOAT001508,Steve Cook,spatial_passing_centrality,statsbomb_player,Steve Cook,2,Tier 1 - Exact Match,2026-08-05 17:50:49,
GOAT001509,Steve Mandanda,spatial_passing_centrality,statsbomb_player,Steve Mandanda,2,Tier 1 - Exact Match,2026-08-05 17:50:49,
GOAT001525,Steven Zuber,spatial_passing_centrality,statsbomb_player,Steven Zuber,2,Tier 1 - Exact Match,2026-08-05 17:50:49,
GOAT001526,Steven de Sousa Vitoria,spatial_passing_centrality,statsbomb_player,Steven de Sousa Vitoria,2,Tier 1 - Exact Match,2026-08-05 17:50:49,
GOAT001523,Antoni Lluis Adrover Colom,spatial_passing_centrality,statsbomb_player,Antoni Lluis Adrover Colom,2,Tier 1 - Exact Match,2026-08-05 17:50:49,
GOAT001543,Simone Verdi,spatial_passing_centrality,statsbomb_player,Simone Verdi,2,Tier 1 - Exact Match,2026-08-05 17:50:49,
GOAT001535,Stefan Posch,spatial_passing_centrality,statsbomb_player,Stefan Posch,2,Tier 1 - Exact Match,2026-08-05 17:50:49,
GOAT001536,Stefan de Vrij,spatial_passing_centrality,statsbomb_player,Stefan de Vrij,2,Tier 1 - Exact Match,2026-08-05 17:50:49,
GOAT001537,Stefano Sorrentino,spatial_passing_centrality,statsbomb_player,Stefano Sorrentino,2,Tier 1 - Exact Match,2026-08-05 17:50:49,
GOAT001538,Stephan Lichtsteiner,spatial_passing_centrality,statsbomb_player,Stephan Lichtsteiner,2,Tier 1 - Exact Match,2026-08-05 17:50:49,
GOAT001552,Shinji Okazaki,spatial_passing_centrality,statsbomb_player,Shinji Okazaki,2,Tier 1 - Exact Match,2026-08-05 17:50:49,
GOAT001524,Sidi Yaya Keita,spatial_passing_centrality,statsbomb_player,Sidi Yaya Keita,2,Tier 1 - Exact Match,2026-08-05 17:50:49,
GOAT001549,Jonathan de Guzmán,spatial_passing_centrality,statsbomb_player,Jonathan de Guzmán,2,Tier 1 - Exact Match,2026-08-05 17:50:49,
GOAT001548,Jonhatan Montiel Caballero,spatial_passing_centrality,statsbomb_player,Jonhatan Montiel Caballero,2,Tier 1 - Exact Match,2026-08-05 17:50:49,
GOAT001581,Jordan Ayew,spatial_passing_centrality,statsbomb_player,Jordan Ayew,2,Tier 1 - Exact Match,2026-08-05 17:50:49,
GOAT001582,Jordan Lotiès,spatial_passing_centrality,statsbomb_player,Jordan Lotiès,2,Tier 1 - Exact Match,2026-08-05 17:50:49,
GOAT001922,Hélder Miguel Do Rosario Data,spatial_passing_centrality,statsbomb_player,Hélder Miguel Do Rosario Data,2,Tier 1 - Exact Match,2026-08-05 17:50:49,
GOAT001923,Hörður Björgvin Magnússon,spatial_passing_centrality,statsbomb_player,Hörður Björgvin Magnússon,2,Tier 1 - Exact Match,2026-08-05 17:50:49,
GOAT001965,Ibrahim Amadou,spatial_passing_centrality,statsbomb_player,Ibrahim Amadou,2,Tier 1 - Exact Match,2026-08-05 17:50:49,
GOAT001947,Isaac Carcelén Valencia,spatial_passing_centrality,statsbomb_player,Isaac Carcelén Valencia,2,Tier 1 - Exact Match,2026-08-05 17:50:49,
GOAT001542,Simon Francis,spatial_passing_centrality,statsbomb_player,Simon Francis,2,Tier 1 - Exact Match,2026-08-05 17:50:49,
GOAT001494,Angelos Basinas,spatial_passing_centrality,statsbomb_player,Angelos Basinas,2,Tier 1 - Exact Match,2026-08-05 17:50:49,
GOAT001528,Seung-Gyu Kim,spatial_passing_centrality,statsbomb_player,Seung-Gyu Kim,2,Tier 1 - Exact Match,2026-08-05 17:50:49,
GOAT001551,Seung-Ho Paik,spatial_passing_centrality,statsbomb_player,Seung-Ho Paik,2,Tier 1 - Exact Match,2026-08-05 17:50:49,
GOAT001503,Antonio José Raillo Arenas,spatial_passing_centrality,statsbomb_player,Antonio José Raillo Arenas,2,Tier 1 - Exact Match,2026-08-05 17:50:49,
GOAT001544,Antonio Moral Segura,spatial_passing_centrality,statsbomb_player,Antonio Moral Segura,2,Tier 1 - Exact Match,2026-08-05 17:50:49,
GOAT001539,Aridane Hernández Umpiérrez,spatial_passing_centrality,statsbomb_player,Aridane Hernández Umpiérrez,2,Tier 1 - Exact Match,2026-08-05 17:50:49,
GOAT001540,Ariel Gerardo Nahuelpán Osten,spatial_passing_centrality,statsbomb_player,Ariel Gerardo Nahuelpán Osten,2,Tier 1 - Exact Match,2026-08-05 17:50:49,
GOAT001565,Sergio Gómez Martín,spatial_passing_centrality,statsbomb_player,Sergio Gómez Martín,2,Tier 1 - Exact Match,2026-08-05 17:50:49,
GOAT001545,"Antonio Pacheco D""Agosti",spatial_passing_centrality,statsbomb_player,"Antonio Pacheco D""Agosti",2,Tier 1 - Exact Match,2026-08-05 17:50:49,
GOAT001527,Antonio Puerta Pérez,spatial_passing_centrality,statsbomb_player,Antonio Puerta Pérez,2,Tier 1 - Exact Match,2026-08-05 17:50:49,
GOAT001930,Idrissa Doumbia,spatial_passing_centrality,statsbomb_player,Idrissa Doumbia,2,Tier 1 - Exact Match,2026-08-05 17:50:49,
GOAT001562,Jordan Veretout,spatial_passing_centrality,statsbomb_player,Jordan Veretout,2,Tier 1 - Exact Match,2026-08-05 17:50:49,
GOAT001563,Jordi López Felpeto,spatial_passing_centrality,statsbomb_player,Jordi López Felpeto,2,Tier 1 - Exact Match,2026-08-05 17:50:49,
GOAT001564,Jordi Xumetra Feliu,spatial_passing_centrality,statsbomb_player,Jordi Xumetra Feliu,2,Tier 1 - Exact Match,2026-08-05 17:50:49,
GOAT001595,Jorge De Frutos Sebastián,spatial_passing_centrality,statsbomb_player,Jorge De Frutos Sebastián,2,Tier 1 - Exact Match,2026-08-05 17:50:49,
GOAT001596,Jorge Galán Anaut,spatial_passing_centrality,statsbomb_player,Jorge Galán Anaut,2,Tier 1 - Exact Match,2026-08-05 17:50:49,
GOAT001514,Antonio Rodríguez Dovale,spatial_passing_centrality,statsbomb_player,Antonio Rodríguez Dovale,2,Tier 1 - Exact Match,2026-08-05 17:50:49,
GOAT001515,Antonio Rüdiger,spatial_passing_centrality,statsbomb_player,Antonio Rüdiger,2,Tier 1 - Exact Match,2026-08-05 17:50:49,
GOAT001516,Antony Matheus dos Santos,spatial_passing_centrality,statsbomb_player,Antony Matheus dos Santos,2,Tier 1 - Exact Match,2026-08-05 17:50:49,
GOAT001569,Antonín Barák,spatial_passing_centrality,statsbomb_player,Antonín Barák,2,Tier 1 - Exact Match,2026-08-05 17:50:49,
GOAT001555,Serge Gnabry,spatial_passing_centrality,statsbomb_player,Serge Gnabry,2,Tier 1 - Exact Match,2026-08-05 17:50:49,
GOAT001556,Sergej Milinković-Savić,spatial_passing_centrality,statsbomb_player,Sergej Milinković-Savić,2,Tier 1 - Exact Match,2026-08-05 17:50:49,
GOAT001557,Sergi Samper Montaña,spatial_passing_centrality,statsbomb_player,Sergi Samper Montaña,2,Tier 1 - Exact Match,2026-08-05 17:50:49,
GOAT001558,Sergio Aragoneses Almeida,spatial_passing_centrality,statsbomb_player,Sergio Aragoneses Almeida,2,Tier 1 - Exact Match,2026-08-05 17:50:49,
GOAT001559,Sergio Boris González Monteagudo,spatial_passing_centrality,statsbomb_player,Sergio Boris González Monteagudo,2,Tier 1 - Exact Match,2026-08-05 17:50:49,
GOAT001553,Aníbal Samuel Matellán,spatial_passing_centrality,statsbomb_player,Aníbal Samuel Matellán,2,Tier 1 - Exact Match,2026-08-05 17:50:49,
GOAT001547,Jorge Larena Avellaneda Roig,spatial_passing_centrality,statsbomb_player,Jorge Larena Avellaneda Roig,2,Tier 1 - Exact Match,2026-08-05 17:50:49,
GOAT001577,Jorge Luiz Frello Filho,spatial_passing_centrality,statsbomb_player,Jorge Luiz Frello Filho,2,Tier 1 - Exact Match,2026-08-05 17:50:49,
GOAT001578,Jorge López Marco,spatial_passing_centrality,statsbomb_player,Jorge López Marco,2,Tier 1 - Exact Match,2026-08-05 17:50:49,
GOAT001579,Jorge Meré Pérez,spatial_passing_centrality,statsbomb_player,Jorge Meré Pérez,2,Tier 1 - Exact Match,2026-08-05 17:50:49,
GOAT001918,Héctor Bellerín Moruno,spatial_passing_centrality,statsbomb_player,Héctor Bellerín Moruno,2,Tier 1 - Exact Match,2026-08-05 17:50:49,
GOAT001919,Héctor Berenguel del Piño,spatial_passing_centrality,statsbomb_player,Héctor Berenguel del Piño,2,Tier 1 - Exact Match,2026-08-05 17:50:49,
GOAT001920,Héctor Rodas Ramírez,spatial_passing_centrality,statsbomb_player,Héctor Rodas Ramírez,2,Tier 1 - Exact Match,2026-08-05 17:50:49,
GOAT001863,Hélder Filipe Oliveira Lopes,spatial_passing_centrality,statsbomb_player,Hélder Filipe Oliveira Lopes,2,Tier 1 - Exact Match,2026-08-05 17:50:49,
GOAT001966,Ibán Javier Cuadrado Alonso,spatial_passing_centrality,statsbomb_player,Ibán Javier Cuadrado Alonso,2,Tier 1 - Exact Match,2026-08-05 17:50:49,
GOAT001929,Iddrisu Baba Mohammed,spatial_passing_centrality,statsbomb_player,Iddrisu Baba Mohammed,2,Tier 1 - Exact Match,2026-08-05 17:50:49,
GOAT001567,Sebastián Bruno Fernández Miglierina,spatial_passing_centrality,statsbomb_player,Sebastián Bruno Fernández Miglierina,2,Tier 1 - Exact Match,2026-08-05 17:50:49,
GOAT001568,Sebastián Coates Nión,spatial_passing_centrality,statsbomb_player,Sebastián Coates Nión,2,Tier 1 - Exact Match,2026-08-05 17:50:49,
GOAT001571,Sebastián Eguren Ledesma,spatial_passing_centrality,statsbomb_player,Sebastián Eguren Ledesma,2,Tier 1 - Exact Match,2026-08-05 17:50:49,
GOAT001580,Jorge Sammir Cruz Campos,spatial_passing_centrality,statsbomb_player,Jorge Sammir Cruz Campos,2,Tier 1 - Exact Match,2026-08-05 17:50:49,
GOAT001593,Joseba Andoni Etxeberria Lizardi,spatial_passing_centrality,statsbomb_player,Joseba Andoni Etxeberria Lizardi,2,Tier 1 - Exact Match,2026-08-05 17:50:49,
GOAT001610,Josep Señé Escudero,spatial_passing_centrality,statsbomb_player,Josep Señé Escudero,2,Tier 1 - Exact Match,2026-08-05 17:50:49,
GOAT001611,Joshua Kimmich,spatial_passing_centrality,statsbomb_player,Joshua Kimmich,2,Tier 1 - Exact Match,2026-08-05 17:50:49,
GOAT001612,Joshua King,spatial_passing_centrality,statsbomb_player,Joshua King,2,Tier 1 - Exact Match,2026-08-05 17:50:49,
GOAT001896,Hotaru Yamaguchi,spatial_passing_centrality,statsbomb_player,Hotaru Yamaguchi,2,Tier 1 - Exact Match,2026-08-05 17:50:49,
GOAT001572,Aron Einar Gunnarsson,spatial_passing_centrality,statsbomb_player,Aron Einar Gunnarsson,2,Tier 1 - Exact Match,2026-08-05 17:50:49,
GOAT001573,Santiago Cáseres,spatial_passing_centrality,statsbomb_player,Santiago Cáseres,2,Tier 1 - Exact Match,2026-08-05 17:50:49,
GOAT001591,Saud Abdullah Abdul Hamid,spatial_passing_centrality,statsbomb_player,Saud Abdullah Abdul Hamid,2,Tier 1 - Exact Match,2026-08-05 17:50:49,
GOAT001597,Saúl Fernández García,spatial_passing_centrality,statsbomb_player,Saúl Fernández García,2,Tier 1 - Exact Match,2026-08-05 17:50:49,
GOAT001598,Saša Lukić,spatial_passing_centrality,statsbomb_player,Saša Lukić,2,Tier 1 - Exact Match,2026-08-05 17:50:49,
GOAT001599,Scott Dann,spatial_passing_centrality,statsbomb_player,Scott Dann,2,Tier 1 - Exact Match,2026-08-05 17:50:49,
GOAT001588,Samuele Longo,spatial_passing_centrality,statsbomb_player,Samuele Longo,2,Tier 1 - Exact Match,2026-08-05 17:50:49,
GOAT001570,Artur Jędrzejczyk,spatial_passing_centrality,statsbomb_player,Artur Jędrzejczyk,2,Tier 1 - Exact Match,2026-08-05 17:50:49,
GOAT001772,Hee-Chan Hwang,spatial_passing_centrality,statsbomb_player,Hee-Chan Hwang,2,Tier 1 - Exact Match,2026-08-05 17:50:49,
GOAT001773,Heiko Westermann,spatial_passing_centrality,statsbomb_player,Heiko Westermann,2,Tier 1 - Exact Match,2026-08-05 17:50:49,
GOAT001774,Henrik Dalsgaard,spatial_passing_centrality,statsbomb_player,Henrik Dalsgaard,2,Tier 1 - Exact Match,2026-08-05 17:50:49,
GOAT001868,Henrique Sereno Fonseca,spatial_passing_centrality,statsbomb_player,Henrique Sereno Fonseca,2,Tier 1 - Exact Match,2026-08-05 17:50:49,
GOAT001645,José Alejandro Suárez Martín,spatial_passing_centrality,statsbomb_player,José Alejandro Suárez Martín,2,Tier 1 - Exact Match,2026-08-05 17:50:49,
GOAT001921,Hélder Jorge Leal Rodrigues Barbosa,spatial_passing_centrality,statsbomb_player,Hélder Jorge Leal Rodrigues Barbosa,2,Tier 1 - Exact Match,2026-08-05 17:50:49,
GOAT001602,Asier Villalibre Molina,spatial_passing_centrality,statsbomb_player,Asier Villalibre Molina,2,Tier 1 - Exact Match,2026-08-05 17:50:49,
GOAT001603,Asier del Horno Cosgaya,spatial_passing_centrality,statsbomb_player,Asier del Horno Cosgaya,2,Tier 1 - Exact Match,2026-08-05 17:50:49,
GOAT001604,Atiba Hutchinson,spatial_passing_centrality,statsbomb_player,Atiba Hutchinson,2,Tier 1 - Exact Match,2026-08-05 17:50:49,
GOAT001605,Attila Fiola,spatial_passing_centrality,statsbomb_player,Attila Fiola,2,Tier 1 - Exact Match,2026-08-05 17:50:49,
GOAT001606,Attila Szalai,spatial_passing_centrality,statsbomb_player,Attila Szalai,2,Tier 1 - Exact Match,2026-08-05 17:50:49,
GOAT001608,Ayoze Pérez Gutiérrez,spatial_passing_centrality,statsbomb_player,Ayoze Pérez Gutiérrez,2,Tier 1 - Exact Match,2026-08-05 17:50:49,
GOAT001589,Saleh Khalid Al Shehri,spatial_passing_centrality,statsbomb_player,Saleh Khalid Al Shehri,2,Tier 1 - Exact Match,2026-08-05 17:50:49,
GOAT001590,Salem Mohammed Al Dawsari,spatial_passing_centrality,statsbomb_player,Salem Mohammed Al Dawsari,2,Tier 1 - Exact Match,2026-08-05 17:50:49,
GOAT001615,Sam Adekugbe,spatial_passing_centrality,statsbomb_player,Sam Adekugbe,2,Tier 1 - Exact Match,2026-08-05 17:50:49,
GOAT001616,Samuel Sáiz Alonso,spatial_passing_centrality,statsbomb_player,Samuel Sáiz Alonso,2,Tier 1 - Exact Match,2026-08-05 17:50:49,
GOAT001619,Rúben Afonso Borges Semedo,spatial_passing_centrality,statsbomb_player,Rúben Afonso Borges Semedo,2,Tier 1 - Exact Match,2026-08-05 17:50:49,
GOAT001620,Rúben Micael Freitas da Ressurreição,spatial_passing_centrality,statsbomb_player,Rúben Micael Freitas da Ressurreição,2,Tier 1 - Exact Match,2026-08-05 17:50:49,
GOAT001621,Răzvan Dincă Raț,spatial_passing_centrality,statsbomb_player,Răzvan Dincă Raț,2,Tier 1 - Exact Match,2026-08-05 17:50:49,
GOAT001624,José Eduardo Albácar Gallego,spatial_passing_centrality,statsbomb_player,José Eduardo Albácar Gallego,2,Tier 1 - Exact Match,2026-08-05 17:50:49,
GOAT001614,José Ernesto Sosa,spatial_passing_centrality,statsbomb_player,José Ernesto Sosa,2,Tier 1 - Exact Match,2026-08-05 17:50:49,
GOAT001768,Hannes Þór Halldórsson,spatial_passing_centrality,statsbomb_player,Hannes Þór Halldórsson,2,Tier 1 - Exact Match,2026-08-05 17:50:49,
GOAT001769,Harry Souttar,spatial_passing_centrality,statsbomb_player,Harry Souttar,2,Tier 1 - Exact Match,2026-08-05 17:50:49,
GOAT001622,Axel Disasi,spatial_passing_centrality,statsbomb_player,Axel Disasi,2,Tier 1 - Exact Match,2026-08-05 17:50:49,
GOAT001607,Ayoze García Pérez,spatial_passing_centrality,statsbomb_player,Ayoze García Pérez,2,Tier 1 - Exact Match,2026-08-05 17:50:49,
GOAT001601,Ryan Shawcross,spatial_passing_centrality,statsbomb_player,Ryan Shawcross,2,Tier 1 - Exact Match,2026-08-05 17:50:49,
GOAT001631,Bafétimbi Gomis,spatial_passing_centrality,statsbomb_player,Bafétimbi Gomis,2,Tier 1 - Exact Match,2026-08-05 17:50:49,
GOAT001632,Bart Verbruggen,spatial_passing_centrality,statsbomb_player,Bart Verbruggen,2,Tier 1 - Exact Match,2026-08-05 17:50:49,
GOAT001633,Bartholomew Owogbalor Ogbeche,spatial_passing_centrality,statsbomb_player,Bartholomew Owogbalor Ogbeche,2,Tier 1 - Exact Match,2026-08-05 17:50:49,
GOAT001617,Bartosz Slisz,spatial_passing_centrality,statsbomb_player,Bartosz Slisz,2,Tier 1 - Exact Match,2026-08-05 17:50:49,
GOAT001618,Bastian Schweinsteiger,spatial_passing_centrality,statsbomb_player,Bastian Schweinsteiger,2,Tier 1 - Exact Match,2026-08-05 17:50:49,
GOAT001629,Rubén Suárez Estrada,spatial_passing_centrality,statsbomb_player,Rubén Suárez Estrada,2,Tier 1 - Exact Match,2026-08-05 17:50:49,
GOAT001630,Rubén de la Red Gutiérrez,spatial_passing_centrality,statsbomb_player,Rubén de la Red Gutiérrez,2,Tier 1 - Exact Match,2026-08-05 17:50:49,
GOAT001626,José Ignacio Peleteiro Ramallo,spatial_passing_centrality,statsbomb_player,José Ignacio Peleteiro Ramallo,2,Tier 1 - Exact Match,2026-08-05 17:50:49,
GOAT001642,José Izquierdo Martínez,spatial_passing_centrality,statsbomb_player,José Izquierdo Martínez,2,Tier 1 - Exact Match,2026-08-05 17:50:49,
GOAT001643,José Joaquín Moreno Verdú,spatial_passing_centrality,statsbomb_player,José Joaquín Moreno Verdú,2,Tier 1 - Exact Match,2026-08-05 17:50:49,
GOAT001730,Guillermo Alfonso Maripán Loaysa,spatial_passing_centrality,statsbomb_player,Guillermo Alfonso Maripán Loaysa,2,Tier 1 - Exact Match,2026-08-05 17:50:49,
GOAT001731,Guillermo Luis Franco Farquarson,spatial_passing_centrality,statsbomb_player,Guillermo Luis Franco Farquarson,2,Tier 1 - Exact Match,2026-08-05 17:50:49,
GOAT001654,Borja Gómez Pérez,spatial_passing_centrality,statsbomb_player,Borja Gómez Pérez,2,Tier 1 - Exact Match,2026-08-05 17:50:49,
GOAT001636,Royston Ricky Drenthe,spatial_passing_centrality,statsbomb_player,Royston Ricky Drenthe,2,Tier 1 - Exact Match,2026-08-05 17:50:49,
GOAT001637,Ruben Vargas,spatial_passing_centrality,statsbomb_player,Ruben Vargas,2,Tier 1 - Exact Match,2026-08-05 17:50:49,
GOAT001650,Roland Conde Lamah,spatial_passing_centrality,statsbomb_player,Roland Conde Lamah,2,Tier 1 - Exact Match,2026-08-05 17:50:49,
GOAT001651,Roland Sallai,spatial_passing_centrality,statsbomb_player,Roland Sallai,2,Tier 1 - Exact Match,2026-08-05 17:50:49,
GOAT001623,Romano Schmid,spatial_passing_centrality,statsbomb_player,Romano Schmid,2,Tier 1 - Exact Match,2026-08-05 17:50:49,
GOAT001666,Birkir Bjarnason,spatial_passing_centrality,statsbomb_player,Birkir Bjarnason,2,Tier 1 - Exact Match,2026-08-05 17:50:49,
GOAT001667,Birkir Már Sævarsson,spatial_passing_centrality,statsbomb_player,Birkir Már Sævarsson,2,Tier 1 - Exact Match,2026-08-05 17:50:49,
GOAT001668,Björn Bergmann Sigurðarson,spatial_passing_centrality,statsbomb_player,Björn Bergmann Sigurðarson,2,Tier 1 - Exact Match,2026-08-05 17:50:49,
GOAT001646,Robin Gosens,spatial_passing_centrality,statsbomb_player,Robin Gosens,2,Tier 1 - Exact Match,2026-08-05 17:50:49,
GOAT001634,Rodolfo Martín Arruabarrena,spatial_passing_centrality,statsbomb_player,Rodolfo Martín Arruabarrena,2,Tier 1 - Exact Match,2026-08-05 17:50:49,
GOAT001681,José Manuel Arnáiz Díaz,spatial_passing_centrality,statsbomb_player,José Manuel Arnáiz Díaz,2,Tier 1 - Exact Match,2026-08-05 17:50:49,
GOAT001669,Gorka Brit Gallego,spatial_passing_centrality,statsbomb_player,Gorka Brit Gallego,2,Tier 1 - Exact Match,2026-08-05 17:50:49,
GOAT001635,Rodrigo Andrés Battaglia,spatial_passing_centrality,statsbomb_player,Rodrigo Andrés Battaglia,2,Tier 1 - Exact Match,2026-08-05 17:50:49,
GOAT001648,Rodrigo Ríos Lozano,spatial_passing_centrality,statsbomb_player,Rodrigo Ríos Lozano,2,Tier 1 - Exact Match,2026-08-05 17:50:49,
GOAT001649,Rodrigo Sánchez Rodriguez,spatial_passing_centrality,statsbomb_player,Rodrigo Sánchez Rodriguez,2,Tier 1 - Exact Match,2026-08-05 17:50:49,
GOAT001709,Brian Oladapo Idowu,spatial_passing_centrality,statsbomb_player,Brian Oladapo Idowu,2,Tier 1 - Exact Match,2026-08-05 17:50:49,
GOAT001662,Roberto López Esquiroz,spatial_passing_centrality,statsbomb_player,Roberto López Esquiroz,2,Tier 1 - Exact Match,2026-08-05 17:50:49,
GOAT001693,Borja Valle Balonga,spatial_passing_centrality,statsbomb_player,Borja Valle Balonga,2,Tier 1 - Exact Match,2026-08-05 17:50:49,
GOAT001694,Borna Barišić,spatial_passing_centrality,statsbomb_player,Borna Barišić,2,Tier 1 - Exact Match,2026-08-05 17:50:49,
GOAT001655,Robert de Pinho de Souza,spatial_passing_centrality,statsbomb_player,Robert de Pinho de Souza,2,Tier 1 - Exact Match,2026-08-05 17:50:49,
GOAT001656,Roberto Antonio Correa Silva,spatial_passing_centrality,statsbomb_player,Roberto Antonio Correa Silva,2,Tier 1 - Exact Match,2026-08-05 17:50:49,
GOAT001647,Roberto Carlos Abbondanzieri,spatial_passing_centrality,statsbomb_player,Roberto Carlos Abbondanzieri,2,Tier 1 - Exact Match,2026-08-05 17:50:49,
GOAT001661,Roberto Carlos da Silva,spatial_passing_centrality,statsbomb_player,Roberto Carlos da Silva,2,Tier 1 - Exact Match,2026-08-05 17:50:49,
GOAT001710,Carl Jenkinson,spatial_passing_centrality,statsbomb_player,Carl Jenkinson,2,Tier 1 - Exact Match,2026-08-05 17:50:49,
GOAT001711,Carl Medjani,spatial_passing_centrality,statsbomb_player,Carl Medjani,2,Tier 1 - Exact Match,2026-08-05 17:50:49,
GOAT001672,Ricardo de Oliveira,spatial_passing_centrality,statsbomb_player,Ricardo de Oliveira,2,Tier 1 - Exact Match,2026-08-05 17:50:49,
GOAT001663,Ricky van Wolfswinkel,spatial_passing_centrality,statsbomb_player,Ricky van Wolfswinkel,2,Tier 1 - Exact Match,2026-08-05 17:50:49,
GOAT001664,Riley McGree,spatial_passing_centrality,statsbomb_player,Riley McGree,2,Tier 1 - Exact Match,2026-08-05 17:50:49,
GOAT001670,Gue-Sung Cho,spatial_passing_centrality,statsbomb_player,Gue-Sung Cho,2,Tier 1 - Exact Match,2026-08-05 17:50:49,
GOAT001671,Guido Hernán Pizarro,spatial_passing_centrality,statsbomb_player,Guido Hernán Pizarro,2,Tier 1 - Exact Match,2026-08-05 17:50:49,
GOAT001677,José María Calvo,spatial_passing_centrality,statsbomb_player,José María Calvo,2,Tier 1 - Exact Match,2026-08-05 17:50:49,
GOAT001679,José Paolo Guerrero Gonzáles,spatial_passing_centrality,statsbomb_player,José Paolo Guerrero Gonzáles,2,Tier 1 - Exact Match,2026-08-05 17:50:49,
GOAT001732,Carlos Neva Tey,spatial_passing_centrality,statsbomb_player,Carlos Neva Tey,2,Tier 1 - Exact Match,2026-08-05 17:50:49,
GOAT001683,Ricardo Alberto Silveira de Carvalho,spatial_passing_centrality,statsbomb_player,Ricardo Alberto Silveira de Carvalho,2,Tier 1 - Exact Match,2026-08-05 17:50:49,
GOAT001684,Ricardo Alexandre Martins Soares Pereira,spatial_passing_centrality,statsbomb_player,Ricardo Alexandre Martins Soares Pereira,2,Tier 1 - Exact Match,2026-08-05 17:50:49,
GOAT001695,Carlos Alberto Tevez,spatial_passing_centrality,statsbomb_player,Carlos Alberto Tevez,2,Tier 1 - Exact Match,2026-08-05 17:50:49,
GOAT001718,Carlos Calvo Sobrado,spatial_passing_centrality,statsbomb_player,Carlos Calvo Sobrado,2,Tier 1 - Exact Match,2026-08-05 17:50:49,
GOAT001755,Charly Musonda Junior,spatial_passing_centrality,statsbomb_player,Charly Musonda Junior,2,Tier 1 - Exact Match,2026-08-05 17:50:49,
GOAT001665,Raúl Miguel Cámara,spatial_passing_centrality,statsbomb_player,Raúl Miguel Cámara,2,Tier 1 - Exact Match,2026-08-05 17:50:49,
GOAT001675,Raúl de Tomás Gómez,spatial_passing_centrality,statsbomb_player,Raúl de Tomás Gómez,2,Tier 1 - Exact Match,2026-08-05 17:50:49,
GOAT001676,Remo Freuler,spatial_passing_centrality,statsbomb_player,Remo Freuler,2,Tier 1 - Exact Match,2026-08-05 17:50:49,
GOAT001682,Renan Augusto Lodi dos Santos,spatial_passing_centrality,statsbomb_player,Renan Augusto Lodi dos Santos,2,Tier 1 - Exact Match,2026-08-05 17:50:49,
GOAT001685,Gonçalo Bernardo Inácio,spatial_passing_centrality,statsbomb_player,Gonçalo Bernardo Inácio,2,Tier 1 - Exact Match,2026-08-05 17:50:49,
GOAT001680,José Santiago Cañizares Ruíz,spatial_passing_centrality,statsbomb_player,José Santiago Cañizares Ruíz,2,Tier 1 - Exact Match,2026-08-05 17:50:49,
GOAT001689,João Fernando Nelo,spatial_passing_centrality,statsbomb_player,João Fernando Nelo,2,Tier 1 - Exact Match,2026-08-05 17:50:49,
GOAT001575,Gilbert Gianelli Imbula Wanga,spatial_passing_centrality,statsbomb_player,Gilbert Gianelli Imbula Wanga,2,Tier 1 - Exact Match,2026-08-05 17:50:49,
GOAT001576,Giorgi Kochorashvili,spatial_passing_centrality,statsbomb_player,Giorgi Kochorashvili,2,Tier 1 - Exact Match,2026-08-05 17:50:49,
GOAT001733,Carlos Uriel Antuna Romero,spatial_passing_centrality,statsbomb_player,Carlos Uriel Antuna Romero,2,Tier 1 - Exact Match,2026-08-05 17:50:49,
GOAT001750,Chancel Mbemba Mangulu,spatial_passing_centrality,statsbomb_player,Chancel Mbemba Mangulu,2,Tier 1 - Exact Match,2026-08-05 17:50:49,
GOAT001754,Charlie Daniels,spatial_passing_centrality,statsbomb_player,Charlie Daniels,2,Tier 1 - Exact Match,2026-08-05 17:50:49,
GOAT001698,Ragnar Sigurðsson,spatial_passing_centrality,statsbomb_player,Ragnar Sigurðsson,2,Tier 1 - Exact Match,2026-08-05 17:50:49,
GOAT001756,Cheik Ismaël Tioté,spatial_passing_centrality,statsbomb_player,Cheik Ismaël Tioté,2,Tier 1 - Exact Match,2026-08-05 17:50:49,
GOAT001783,Cheikhou Kouyaté,spatial_passing_centrality,statsbomb_player,Cheikhou Kouyaté,2,Tier 1 - Exact Match,2026-08-05 17:50:49,
GOAT001784,Christian Abbiati,spatial_passing_centrality,statsbomb_player,Christian Abbiati,2,Tier 1 - Exact Match,2026-08-05 17:50:49,
GOAT001805,Christian Alberto Cueva Bravo,spatial_passing_centrality,statsbomb_player,Christian Alberto Cueva Bravo,2,Tier 1 - Exact Match,2026-08-05 17:50:49,
GOAT001806,Christian Benteke Liolo,spatial_passing_centrality,statsbomb_player,Christian Benteke Liolo,2,Tier 1 - Exact Match,2026-08-05 17:50:49,
GOAT001686,Rafael Alexandre Fernandes Ferreira da Silva,spatial_passing_centrality,statsbomb_player,Rafael Alexandre Fernandes Ferreira da Silva,2,Tier 1 - Exact Match,2026-08-05 17:50:49,
GOAT001687,Rafael Barber Rodríguez,spatial_passing_centrality,statsbomb_player,Rafael Barber Rodríguez,2,Tier 1 - Exact Match,2026-08-05 17:50:49,
GOAT001673,Rafael Jiménez Jarque,spatial_passing_centrality,statsbomb_player,Rafael Jiménez Jarque,2,Tier 1 - Exact Match,2026-08-05 17:50:49,
GOAT001674,Rafael Mir Vicente,spatial_passing_centrality,statsbomb_player,Rafael Mir Vicente,2,Tier 1 - Exact Match,2026-08-05 17:50:49,
GOAT001585,Giorgio Chiellini,spatial_passing_centrality,statsbomb_player,Giorgio Chiellini,2,Tier 1 - Exact Match,2026-08-05 17:50:49,
GOAT001586,Giorgios Seitaridis,spatial_passing_centrality,statsbomb_player,Giorgios Seitaridis,2,Tier 1 - Exact Match,2026-08-05 17:50:49,
GOAT001587,Giovanni Di Lorenzo,spatial_passing_centrality,statsbomb_player,Giovanni Di Lorenzo,2,Tier 1 - Exact Match,2026-08-05 17:50:49,
GOAT001690,João Neves,spatial_passing_centrality,statsbomb_player,João Neves,2,Tier 1 - Exact Match,2026-08-05 17:50:49,
GOAT001747,Juan Bernat Velasco,spatial_passing_centrality,statsbomb_player,Juan Bernat Velasco,2,Tier 1 - Exact Match,2026-08-05 17:50:49,
GOAT001506,Gergő Lovrencsics,spatial_passing_centrality,statsbomb_player,Gergő Lovrencsics,2,Tier 1 - Exact Match,2026-08-05 17:50:49,
GOAT001496,Gernot Trauner,spatial_passing_centrality,statsbomb_player,Gernot Trauner,2,Tier 1 - Exact Match,2026-08-05 17:50:49,
GOAT001502,Gheorghe Craioveanu,spatial_passing_centrality,statsbomb_player,Gheorghe Craioveanu,2,Tier 1 - Exact Match,2026-08-05 17:50:49,
GOAT001652,Glenn Whelan,spatial_passing_centrality,statsbomb_player,Glenn Whelan,2,Tier 1 - Exact Match,2026-08-05 17:50:49,
GOAT001829,Chu-Young Park,spatial_passing_centrality,statsbomb_player,Chu-Young Park,2,Tier 1 - Exact Match,2026-08-05 17:50:49,
GOAT001830,Chung-Yong Lee,spatial_passing_centrality,statsbomb_player,Chung-Yong Lee,2,Tier 1 - Exact Match,2026-08-05 17:50:49,
GOAT001717,Philip Foden,spatial_passing_centrality,statsbomb_player,Philip Foden,2,Tier 1 - Exact Match,2026-08-05 17:50:49,
GOAT001700,Philipp Mwene,spatial_passing_centrality,statsbomb_player,Philipp Mwene,2,Tier 1 - Exact Match,2026-08-05 17:50:49,
GOAT001701,Philipp Wollscheid,spatial_passing_centrality,statsbomb_player,Philipp Wollscheid,2,Tier 1 - Exact Match,2026-08-05 17:50:49,
GOAT001702,Pierre-Emile Højbjerg,spatial_passing_centrality,statsbomb_player,Pierre-Emile Højbjerg,2,Tier 1 - Exact Match,2026-08-05 17:50:49,
GOAT001600,Gianluigi Buffon,spatial_passing_centrality,statsbomb_player,Gianluigi Buffon,2,Tier 1 - Exact Match,2026-08-05 17:50:49,
GOAT001574,Gianluigi Donnarumma,spatial_passing_centrality,statsbomb_player,Gianluigi Donnarumma,2,Tier 1 - Exact Match,2026-08-05 17:50:49,
GOAT001721,Juan Fernando Quintero Paniagua,spatial_passing_centrality,statsbomb_player,Juan Fernando Quintero Paniagua,2,Tier 1 - Exact Match,2026-08-05 17:50:49,
GOAT001760,Juan Guillermo Cuadrado Bello,spatial_passing_centrality,statsbomb_player,Juan Guillermo Cuadrado Bello,2,Tier 1 - Exact Match,2026-08-05 17:50:49,
GOAT001417,Geoff Cameron,spatial_passing_centrality,statsbomb_player,Geoff Cameron,2,Tier 1 - Exact Match,2026-08-05 17:50:49,
GOAT001696,Przemysław Tytoń,spatial_passing_centrality,statsbomb_player,Przemysław Tytoń,2,Tier 1 - Exact Match,2026-08-05 17:50:49,
GOAT001697,Péter Gulácsi,spatial_passing_centrality,statsbomb_player,Péter Gulácsi,2,Tier 1 - Exact Match,2026-08-05 17:50:49,
GOAT001713,Peter Pekarík,spatial_passing_centrality,statsbomb_player,Peter Pekarík,2,Tier 1 - Exact Match,2026-08-05 17:50:49,
GOAT001714,Petr Čech,spatial_passing_centrality,statsbomb_player,Petr Čech,2,Tier 1 - Exact Match,2026-08-05 17:50:49,
GOAT001716,Petr Ševčík,spatial_passing_centrality,statsbomb_player,Petr Ševčík,2,Tier 1 - Exact Match,2026-08-05 17:50:49,
GOAT001807,Christian Nørgaard,spatial_passing_centrality,statsbomb_player,Christian Nørgaard,2,Tier 1 - Exact Match,2026-08-05 17:50:49,
GOAT001808,Christian Robert Santos Kwasniewski,spatial_passing_centrality,statsbomb_player,Christian Robert Santos Kwasniewski,2,Tier 1 - Exact Match,2026-08-05 17:50:49,
GOAT001809,Christoph Baumgartner,spatial_passing_centrality,statsbomb_player,Christoph Baumgartner,2,Tier 1 - Exact Match,2026-08-05 17:50:49,
GOAT001810,Christoph Metzelder,spatial_passing_centrality,statsbomb_player,Christoph Metzelder,2,Tier 1 - Exact Match,2026-08-05 17:50:49,
GOAT001853,Cléber Santana Loureiro,spatial_passing_centrality,statsbomb_player,Cléber Santana Loureiro,2,Tier 1 - Exact Match,2026-08-05 17:50:49,
GOAT001857,Cosmin Marius Contra,spatial_passing_centrality,statsbomb_player,Cosmin Marius Contra,2,Tier 1 - Exact Match,2026-08-05 17:50:49,
GOAT001736,Pedro David Gallese Quiróz,spatial_passing_centrality,statsbomb_player,Pedro David Gallese Quiróz,2,Tier 1 - Exact Match,2026-08-05 17:50:49,
GOAT001712,Pedro Roberto Silva Botelho,spatial_passing_centrality,statsbomb_player,Pedro Roberto Silva Botelho,2,Tier 1 - Exact Match,2026-08-05 17:50:49,
GOAT001428,Gerard Autet Serrabasa,spatial_passing_centrality,statsbomb_player,Gerard Autet Serrabasa,2,Tier 1 - Exact Match,2026-08-05 17:50:49,
GOAT001743,Juan Luis Gómez López,spatial_passing_centrality,statsbomb_player,Juan Luis Gómez López,2,Tier 1 - Exact Match,2026-08-05 17:50:49,
GOAT001744,Juan Luis Hens Lorite,spatial_passing_centrality,statsbomb_player,Juan Luis Hens Lorite,2,Tier 1 - Exact Match,2026-08-05 17:50:49,
GOAT001757,Juan Marcos Foyth,spatial_passing_centrality,statsbomb_player,Juan Marcos Foyth,2,Tier 1 - Exact Match,2026-08-05 17:50:49,
GOAT001758,Juan Muñoz Muñoz,spatial_passing_centrality,statsbomb_player,Juan Muñoz Muñoz,2,Tier 1 - Exact Match,2026-08-05 17:50:49,
GOAT001877,Cristian Osvaldo Álvarez,spatial_passing_centrality,statsbomb_player,Cristian Osvaldo Álvarez,2,Tier 1 - Exact Match,2026-08-05 17:50:49,
GOAT001729,Paul Scholes,spatial_passing_centrality,statsbomb_player,Paul Scholes,2,Tier 1 - Exact Match,2026-08-05 17:50:49,
GOAT001726,Paulo César Da Silva Barrios,spatial_passing_centrality,statsbomb_player,Paulo César Da Silva Barrios,2,Tier 1 - Exact Match,2026-08-05 17:50:49,
GOAT001735,Pedro Antonio Porro Sauceda,spatial_passing_centrality,statsbomb_player,Pedro Antonio Porro Sauceda,2,Tier 1 - Exact Match,2026-08-05 17:50:49,
GOAT001812,Ciro Immobile,spatial_passing_centrality,statsbomb_player,Ciro Immobile,2,Tier 1 - Exact Match,2026-08-05 17:50:49,
GOAT001813,Claudio Marchisio,spatial_passing_centrality,statsbomb_player,Claudio Marchisio,2,Tier 1 - Exact Match,2026-08-05 17:50:49,
GOAT001814,Claudio Matías Kranevitter,spatial_passing_centrality,statsbomb_player,Claudio Matías Kranevitter,2,Tier 1 - Exact Match,2026-08-05 17:50:49,
GOAT001748,Patrick Wimmer,spatial_passing_centrality,statsbomb_player,Patrick Wimmer,2,Tier 1 - Exact Match,2026-08-05 17:50:49,
GOAT001749,Patrik Schick,spatial_passing_centrality,statsbomb_player,Patrik Schick,2,Tier 1 - Exact Match,2026-08-05 17:50:49,
GOAT001858,Craig Goodwin,spatial_passing_centrality,statsbomb_player,Craig Goodwin,2,Tier 1 - Exact Match,2026-08-05 17:50:49,
GOAT001759,Juan Ramón Cabrero Obrer,spatial_passing_centrality,statsbomb_player,Juan Ramón Cabrero Obrer,2,Tier 1 - Exact Match,2026-08-05 17:50:49,
GOAT001790,Jude Bellingham,spatial_passing_centrality,statsbomb_player,Jude Bellingham,2,Tier 1 - Exact Match,2026-08-05 17:50:49,
GOAT001993,Garang Kuol,spatial_passing_centrality,statsbomb_player,Garang Kuol,2,Tier 1 - Exact Match,2026-08-05 17:50:49,
GOAT001441,Garry Mendes Rodrigues,spatial_passing_centrality,statsbomb_player,Garry Mendes Rodrigues,2,Tier 1 - Exact Match,2026-08-05 17:50:49,
GOAT001442,Gary Cahill,spatial_passing_centrality,statsbomb_player,Gary Cahill,2,Tier 1 - Exact Match,2026-08-05 17:50:49,
GOAT001416,Gaspar Gálvez Burgos,spatial_passing_centrality,statsbomb_player,Gaspar Gálvez Burgos,2,Tier 1 - Exact Match,2026-08-05 17:50:49,
GOAT001734,Pablo Pérez Rodríguez,spatial_passing_centrality,statsbomb_player,Pablo Pérez Rodríguez,2,Tier 1 - Exact Match,2026-08-05 17:50:49,
GOAT001751,Pablo Sicilia Roig,spatial_passing_centrality,statsbomb_player,Pablo Sicilia Roig,2,Tier 1 - Exact Match,2026-08-05 17:50:49,
GOAT001752,Papa Babacar Diawara,spatial_passing_centrality,statsbomb_player,Papa Babacar Diawara,2,Tier 1 - Exact Match,2026-08-05 17:50:49,
GOAT001753,Pape Cheikh Diop Gueye,spatial_passing_centrality,statsbomb_player,Pape Cheikh Diop Gueye,2,Tier 1 - Exact Match,2026-08-05 17:50:49,
GOAT001738,Pape N''Diaye Souaré,spatial_passing_centrality,statsbomb_player,Pape N''Diaye Souaré,2,Tier 1 - Exact Match,2026-08-05 17:50:49,
GOAT001737,Pascal Cygan,spatial_passing_centrality,statsbomb_player,Pascal Cygan,2,Tier 1 - Exact Match,2026-08-05 17:50:49,
GOAT001727,Patrick Claude Ekeng Ekeng,spatial_passing_centrality,statsbomb_player,Patrick Claude Ekeng Ekeng,2,Tier 1 - Exact Match,2026-08-05 17:50:49,
GOAT001791,Julio Álvarez Mosquera,spatial_passing_centrality,statsbomb_player,Julio Álvarez Mosquera,2,Tier 1 - Exact Match,2026-08-05 17:50:49,
GOAT001770,Jun-Ho Son,spatial_passing_centrality,statsbomb_player,Jun-Ho Son,2,Tier 1 - Exact Match,2026-08-05 17:50:49,
GOAT001771,Juraj Kucka,spatial_passing_centrality,statsbomb_player,Juraj Kucka,2,Tier 1 - Exact Match,2026-08-05 17:50:49,
GOAT001495,Gabriel Teodoro Martinelli Silva,spatial_passing_centrality,statsbomb_player,Gabriel Teodoro Martinelli Silva,2,Tier 1 - Exact Match,2026-08-05 17:50:49,
GOAT001728,Patrick Pentz,spatial_passing_centrality,statsbomb_player,Patrick Pentz,2,Tier 1 - Exact Match,2026-08-05 17:50:49,
GOAT001875,Damián Ariel Escudero,spatial_passing_centrality,statsbomb_player,Damián Ariel Escudero,2,Tier 1 - Exact Match,2026-08-05 17:50:49,
GOAT001903,Dan Gosling,spatial_passing_centrality,statsbomb_player,Dan Gosling,2,Tier 1 - Exact Match,2026-08-05 17:50:49,
GOAT001878,Cristiano Biraghi,spatial_passing_centrality,statsbomb_player,Cristiano Biraghi,2,Tier 1 - Exact Match,2026-08-05 17:50:49,
GOAT001889,César Jasib Montes Castro,spatial_passing_centrality,statsbomb_player,César Jasib Montes Castro,2,Tier 1 - Exact Match,2026-08-05 17:50:49,
GOAT001890,César Palacios Chocarro,spatial_passing_centrality,statsbomb_player,César Palacios Chocarro,2,Tier 1 - Exact Match,2026-08-05 17:50:49,
GOAT001926,Daniel Gómez Alcón,spatial_passing_centrality,statsbomb_player,Daniel Gómez Alcón,2,Tier 1 - Exact Match,2026-08-05 17:50:49,
GOAT001780,Oriol Romeu Vidal,spatial_passing_centrality,statsbomb_player,Oriol Romeu Vidal,2,Tier 1 - Exact Match,2026-08-05 17:50:49,
GOAT001739,Pablo Cendrós López,spatial_passing_centrality,statsbomb_player,Pablo Cendrós López,2,Tier 1 - Exact Match,2026-08-05 17:50:49,
GOAT001740,Pablo César Aimar Giordano,spatial_passing_centrality,statsbomb_player,Pablo César Aimar Giordano,2,Tier 1 - Exact Match,2026-08-05 17:50:49,
GOAT001765,Ondrej Duda,spatial_passing_centrality,statsbomb_player,Ondrej Duda,2,Tier 1 - Exact Match,2026-08-05 17:50:49,
GOAT001766,Onyinye Wilfred Ndidi,spatial_passing_centrality,statsbomb_player,Onyinye Wilfred Ndidi,2,Tier 1 - Exact Match,2026-08-05 17:50:49,
GOAT001803,Júlio César Clement Baptista,spatial_passing_centrality,statsbomb_player,Júlio César Clement Baptista,2,Tier 1 - Exact Match,2026-08-05 17:50:49,
GOAT001819,Júlio César Jacobi,spatial_passing_centrality,statsbomb_player,Júlio César Jacobi,2,Tier 1 - Exact Match,2026-08-05 17:50:49,
GOAT001820,Kacper Kozłowski,spatial_passing_centrality,statsbomb_player,Kacper Kozłowski,2,Tier 1 - Exact Match,2026-08-05 17:50:49,
GOAT001821,Kai Havertz,spatial_passing_centrality,statsbomb_player,Kai Havertz,2,Tier 1 - Exact Match,2026-08-05 17:50:49,
GOAT001924,Daniel González Benítez,spatial_passing_centrality,statsbomb_player,Daniel González Benítez,2,Tier 1 - Exact Match,2026-08-05 17:50:49,
GOAT001925,Daniel González Güiza,spatial_passing_centrality,statsbomb_player,Daniel González Güiza,2,Tier 1 - Exact Match,2026-08-05 17:50:49,
GOAT001775,Nélson Miguel Castro Oliveira,spatial_passing_centrality,statsbomb_player,Nélson Miguel Castro Oliveira,2,Tier 1 - Exact Match,2026-08-05 17:50:49,
GOAT001776,Néstor Fernando Muslera Micol,spatial_passing_centrality,statsbomb_player,Néstor Fernando Muslera Micol,2,Tier 1 - Exact Match,2026-08-05 17:50:49,
GOAT001777,Okay Yokuşlu,spatial_passing_centrality,statsbomb_player,Okay Yokuşlu,2,Tier 1 - Exact Match,2026-08-05 17:50:49,
GOAT001792,Oliver Burke,spatial_passing_centrality,statsbomb_player,Oliver Burke,2,Tier 1 - Exact Match,2026-08-05 17:50:49,
GOAT001764,Omar Mascarell González,spatial_passing_centrality,statsbomb_player,Omar Mascarell González,2,Tier 1 - Exact Match,2026-08-05 17:50:49,
GOAT001927,Daniel José Rodríguez Vázquez,spatial_passing_centrality,statsbomb_player,Daniel José Rodríguez Vázquez,2,Tier 1 - Exact Match,2026-08-05 17:50:49,
GOAT001942,Daniel Nii Tackie Mensah Welbeck,spatial_passing_centrality,statsbomb_player,Daniel Nii Tackie Mensah Welbeck,2,Tier 1 - Exact Match,2026-08-05 17:50:49,
GOAT001943,Daniel Raba Antolín,spatial_passing_centrality,statsbomb_player,Daniel Raba Antolín,2,Tier 1 - Exact Match,2026-08-05 17:50:49,
GOAT001793,Nihat Kahveci,spatial_passing_centrality,statsbomb_player,Nihat Kahveci,2,Tier 1 - Exact Match,2026-08-05 17:50:49,
GOAT001778,Nikica Jelavić,spatial_passing_centrality,statsbomb_player,Nikica Jelavić,2,Tier 1 - Exact Match,2026-08-05 17:50:49,
GOAT001779,Nikola Milenković,spatial_passing_centrality,statsbomb_player,Nikola Milenković,2,Tier 1 - Exact Match,2026-08-05 17:50:49,
GOAT001967,Daniele Bonera,spatial_passing_centrality,statsbomb_player,Daniele Bonera,2,Tier 1 - Exact Match,2026-08-05 17:50:49,
GOAT001944,Daniele Verde,spatial_passing_centrality,statsbomb_player,Daniele Verde,2,Tier 1 - Exact Match,2026-08-05 17:50:49,
GOAT001975,Danilo Barbosa da Silva,spatial_passing_centrality,statsbomb_player,Danilo Barbosa da Silva,2,Tier 1 - Exact Match,2026-08-05 17:50:49,
GOAT001800,Kanga Gauthier Akalé,spatial_passing_centrality,statsbomb_player,Kanga Gauthier Akalé,2,Tier 1 - Exact Match,2026-08-05 17:50:49,
GOAT001638,Franco Armani,spatial_passing_centrality,statsbomb_player,Franco Armani,2,Tier 1 - Exact Match,2026-08-05 17:50:49,
GOAT001639,Franco Zuculini,spatial_passing_centrality,statsbomb_player,Franco Zuculini,2,Tier 1 - Exact Match,2026-08-05 17:50:49,
GOAT001640,Frederico Rodrigues Santos,spatial_passing_centrality,statsbomb_player,Frederico Rodrigues Santos,2,Tier 1 - Exact Match,2026-08-05 17:50:49,
GOAT001795,Nemanja Vidić,spatial_passing_centrality,statsbomb_player,Nemanja Vidić,2,Tier 1 - Exact Match,2026-08-05 17:50:49,
GOAT001811,Nicholas Williams Arthuer,spatial_passing_centrality,statsbomb_player,Nicholas Williams Arthuer,2,Tier 1 - Exact Match,2026-08-05 17:50:49,
GOAT001796,Nicolas Seiwald,spatial_passing_centrality,statsbomb_player,Nicolas Seiwald,2,Tier 1 - Exact Match,2026-08-05 17:50:49,
GOAT001797,Nicolò Barella,spatial_passing_centrality,statsbomb_player,Nicolò Barella,2,Tier 1 - Exact Match,2026-08-05 17:50:49,
GOAT001974,David Aganzo Méndez,spatial_passing_centrality,statsbomb_player,David Aganzo Méndez,2,Tier 1 - Exact Match,2026-08-05 17:50:49,
GOAT001963,David Beckham,spatial_passing_centrality,statsbomb_player,David Beckham,2,Tier 1 - Exact Match,2026-08-05 17:50:49,
GOAT001794,Nemanja Radonjić,spatial_passing_centrality,statsbomb_player,Nemanja Radonjić,2,Tier 1 - Exact Match,2026-08-05 17:50:49,
GOAT001912,David Junior Hoilett,spatial_passing_centrality,statsbomb_player,David Junior Hoilett,2,Tier 1 - Exact Match,2026-08-05 17:50:49,
GOAT001798,Nahitan Michel Nández Acosta,spatial_passing_centrality,statsbomb_player,Nahitan Michel Nández Acosta,2,Tier 1 - Exact Match,2026-08-05 17:50:49,
GOAT001507,Fyodor Smolov,spatial_passing_centrality,statsbomb_player,Fyodor Smolov,2,Tier 1 - Exact Match,2026-08-05 17:50:49,
GOAT001802,Kasper Dolberg,spatial_passing_centrality,statsbomb_player,Kasper Dolberg,2,Tier 1 - Exact Match,2026-08-05 17:50:49,
GOAT001818,Keanu Baccus,spatial_passing_centrality,statsbomb_player,Keanu Baccus,2,Tier 1 - Exact Match,2026-08-05 17:50:49,
GOAT001849,Kennedy Bakircioglu,spatial_passing_centrality,statsbomb_player,Kennedy Bakircioglu,2,Tier 1 - Exact Match,2026-08-05 17:50:49,
GOAT001850,Kepa Arrizabalaga Revuelta,spatial_passing_centrality,statsbomb_player,Kepa Arrizabalaga Revuelta,2,Tier 1 - Exact Match,2026-08-05 17:50:49,
GOAT001801,Kevin Danso,spatial_passing_centrality,statsbomb_player,Kevin Danso,2,Tier 1 - Exact Match,2026-08-05 17:50:49,
GOAT001833,Kevin Mbabu,spatial_passing_centrality,statsbomb_player,Kevin Mbabu,2,Tier 1 - Exact Match,2026-08-05 17:50:49,
GOAT001799,Kamal Miller,spatial_passing_centrality,statsbomb_player,Kamal Miller,2,Tier 1 - Exact Match,2026-08-05 17:50:49,
GOAT001823,Nauzet Alemán Viera,spatial_passing_centrality,statsbomb_player,Nauzet Alemán Viera,2,Tier 1 - Exact Match,2026-08-05 17:50:49,
GOAT001824,Nawaf Shaker Al Abid,spatial_passing_centrality,statsbomb_player,Nawaf Shaker Al Abid,2,Tier 1 - Exact Match,2026-08-05 17:50:49,
GOAT001825,Nayef Aguerd,spatial_passing_centrality,statsbomb_player,Nayef Aguerd,2,Tier 1 - Exact Match,2026-08-05 17:50:49,
GOAT001822,Mouctar Diakhaby,spatial_passing_centrality,statsbomb_player,Mouctar Diakhaby,2,Tier 1 - Exact Match,2026-08-05 17:50:49,
GOAT001843,Munir Mohand Mohamedi,spatial_passing_centrality,statsbomb_player,Munir Mohand Mohamedi,2,Tier 1 - Exact Match,2026-08-05 17:50:49,
GOAT001949,David Cuéllar Tainta,spatial_passing_centrality,statsbomb_player,David Cuéllar Tainta,2,Tier 1 - Exact Match,2026-08-05 17:50:49,
GOAT001950,David Ferreiro Quiroga,spatial_passing_centrality,statsbomb_player,David Ferreiro Quiroga,2,Tier 1 - Exact Match,2026-08-05 17:50:49,
GOAT001848,Kevin Vázquez Comesaña,spatial_passing_centrality,statsbomb_player,Kevin Vázquez Comesaña,2,Tier 1 - Exact Match,2026-08-05 17:50:49,
GOAT001782,Francisco José Perdomo Borges,spatial_passing_centrality,statsbomb_player,Francisco José Perdomo Borges,2,Tier 1 - Exact Match,2026-08-05 17:50:49,
GOAT001767,Francisco Mérida Pérez,spatial_passing_centrality,statsbomb_player,Francisco Mérida Pérez,2,Tier 1 - Exact Match,2026-08-05 17:50:49,
GOAT001653,Francisco Sebastián Nadal Martorell,spatial_passing_centrality,statsbomb_player,Francisco Sebastián Nadal Martorell,2,Tier 1 - Exact Match,2026-08-05 17:50:49,
GOAT001911,David Generelo Miranda,spatial_passing_centrality,statsbomb_player,David Generelo Miranda,2,Tier 1 - Exact Match,2026-08-05 17:50:49,
GOAT001815,Moon-Hwan Kim,spatial_passing_centrality,statsbomb_player,Moon-Hwan Kim,2,Tier 1 - Exact Match,2026-08-05 17:50:49,
GOAT001883,David Omar Rodríguez Barrera,spatial_passing_centrality,statsbomb_player,David Omar Rodríguez Barrera,2,Tier 1 - Exact Match,2026-08-05 17:50:49,
GOAT001884,David Sergio Trézéguet,spatial_passing_centrality,statsbomb_player,David Sergio Trézéguet,2,Tier 1 - Exact Match,2026-08-05 17:50:49,
GOAT001885,David Simón Rodríguez Santana,spatial_passing_centrality,statsbomb_player,David Simón Rodríguez Santana,2,Tier 1 - Exact Match,2026-08-05 17:50:49,
GOAT001846,Modibo Sagnan,spatial_passing_centrality,statsbomb_player,Modibo Sagnan,2,Tier 1 - Exact Match,2026-08-05 17:50:49,
GOAT001847,Modou Barrow,spatial_passing_centrality,statsbomb_player,Modou Barrow,2,Tier 1 - Exact Match,2026-08-05 17:50:49,
GOAT001826,Mohamed El Yaagoubi,spatial_passing_centrality,statsbomb_player,Mohamed El Yaagoubi,2,Tier 1 - Exact Match,2026-08-05 17:50:49,
GOAT001827,Mohamed Salisu,spatial_passing_centrality,statsbomb_player,Mohamed Salisu,2,Tier 1 - Exact Match,2026-08-05 17:50:49,
GOAT001828,Mohammed Al Burayk,spatial_passing_centrality,statsbomb_player,Mohammed Al Burayk,2,Tier 1 - Exact Match,2026-08-05 17:50:49,
GOAT001854,Mohammed Kanoo,spatial_passing_centrality,statsbomb_player,Mohammed Kanoo,2,Tier 1 - Exact Match,2026-08-05 17:50:49,
GOAT001855,Mohammed Khalil Al Owais,spatial_passing_centrality,statsbomb_player,Mohammed Khalil Al Owais,2,Tier 1 - Exact Match,2026-08-05 17:50:49,
GOAT001864,Kolo Habib Touré,spatial_passing_centrality,statsbomb_player,Kolo Habib Touré,2,Tier 1 - Exact Match,2026-08-05 17:50:49,
GOAT001865,Konrad Laimer,spatial_passing_centrality,statsbomb_player,Konrad Laimer,2,Tier 1 - Exact Match,2026-08-05 17:50:49,
GOAT001861,Francisco Gámez López,spatial_passing_centrality,statsbomb_player,Francisco Gámez López,2,Tier 1 - Exact Match,2026-08-05 17:50:49,
GOAT001862,Francisco Javier Guerrero Martín,spatial_passing_centrality,statsbomb_player,Francisco Javier Guerrero Martín,2,Tier 1 - Exact Match,2026-08-05 17:50:49,
GOAT001719,Francisco Javier Rodríguez Vílchez,spatial_passing_centrality,statsbomb_player,Francisco Javier Rodríguez Vílchez,2,Tier 1 - Exact Match,2026-08-05 17:50:49,
GOAT001831,Moise Bombito,spatial_passing_centrality,statsbomb_player,Moise Bombito,2,Tier 1 - Exact Match,2026-08-05 17:50:49,
GOAT001817,Delio Cesar Toledo,spatial_passing_centrality,statsbomb_player,Delio Cesar Toledo,2,Tier 1 - Exact Match,2026-08-05 17:50:49,
GOAT001832,Mikkel Damsgaard,spatial_passing_centrality,statsbomb_player,Mikkel Damsgaard,2,Tier 1 - Exact Match,2026-08-05 17:50:49,
GOAT001838,Milan Badelj,spatial_passing_centrality,statsbomb_player,Milan Badelj,2,Tier 1 - Exact Match,2026-08-05 17:50:49,
GOAT001839,Milan Borjan,spatial_passing_centrality,statsbomb_player,Milan Borjan,2,Tier 1 - Exact Match,2026-08-05 17:50:49,
GOAT001840,Milan Škriniar,spatial_passing_centrality,statsbomb_player,Milan Škriniar,2,Tier 1 - Exact Match,2026-08-05 17:50:49,
GOAT001841,Mile Jedinak,spatial_passing_centrality,statsbomb_player,Mile Jedinak,2,Tier 1 - Exact Match,2026-08-05 17:50:49,
GOAT001842,Milos Veljkovic,spatial_passing_centrality,statsbomb_player,Milos Veljkovic,2,Tier 1 - Exact Match,2026-08-05 17:50:49,
GOAT001860,Miloš Degenek,spatial_passing_centrality,statsbomb_player,Miloš Degenek,2,Tier 1 - Exact Match,2026-08-05 17:50:49,
GOAT001844,Mitchell Thomas Duke,spatial_passing_centrality,statsbomb_player,Mitchell Thomas Duke,2,Tier 1 - Exact Match,2026-08-05 17:50:49,
GOAT001845,Modeste M''bami,spatial_passing_centrality,statsbomb_player,Modeste M''bami,2,Tier 1 - Exact Match,2026-08-05 17:50:49,
GOAT001852,Mikel Alonso Olano,spatial_passing_centrality,statsbomb_player,Mikel Alonso Olano,2,Tier 1 - Exact Match,2026-08-05 17:50:49,
GOAT001836,Davinson Sánchez Mina,spatial_passing_centrality,statsbomb_player,Davinson Sánchez Mina,2,Tier 1 - Exact Match,2026-08-05 17:50:49,
GOAT001837,Dawid Kownacki,spatial_passing_centrality,statsbomb_player,Dawid Kownacki,2,Tier 1 - Exact Match,2026-08-05 17:50:49,
GOAT001787,Declan Rice,spatial_passing_centrality,statsbomb_player,Declan Rice,2,Tier 1 - Exact Match,2026-08-05 17:50:49,
GOAT001781,Francisco Joaquín Pérez Rufete,spatial_passing_centrality,statsbomb_player,Francisco Joaquín Pérez Rufete,2,Tier 1 - Exact Match,2026-08-05 17:50:49,
GOAT001866,Kye Rowles,spatial_passing_centrality,statsbomb_player,Kye Rowles,2,Tier 1 - Exact Match,2026-08-05 17:50:49,
GOAT001851,Kévin Manuel Rodrigues,spatial_passing_centrality,statsbomb_player,Kévin Manuel Rodrigues,2,Tier 1 - Exact Match,2026-08-05 17:50:49,
GOAT001899,Lamine Yamal Nasraoui Ebana,spatial_passing_centrality,statsbomb_player,Lamine Yamal Nasraoui Ebana,2,Tier 1 - Exact Match,2026-08-05 17:50:49,
GOAT001956,Francesc Arnau,spatial_passing_centrality,statsbomb_player,Francesc Arnau,2,Tier 1 - Exact Match,2026-08-05 17:50:49,
GOAT001957,Francis Odinaka Uzoho,spatial_passing_centrality,statsbomb_player,Francis Odinaka Uzoho,2,Tier 1 - Exact Match,2026-08-05 17:50:49,
GOAT001958,Francisco Andrés Silva Gajardo,spatial_passing_centrality,statsbomb_player,Francisco Andrés Silva Gajardo,2,Tier 1 - Exact Match,2026-08-05 17:50:49,
GOAT001816,Dejan Lekić,spatial_passing_centrality,statsbomb_player,Dejan Lekić,2,Tier 1 - Exact Match,2026-08-05 17:50:49,
GOAT001859,Miguel Pérez Cuesta,spatial_passing_centrality,statsbomb_player,Miguel Pérez Cuesta,2,Tier 1 - Exact Match,2026-08-05 17:50:49,
GOAT001873,Miguel Ángel Ferrer Martínez,spatial_passing_centrality,statsbomb_player,Miguel Ángel Ferrer Martínez,2,Tier 1 - Exact Match,2026-08-05 17:50:49,
GOAT001804,Denis Lemi Zakaria Lako Lado,spatial_passing_centrality,statsbomb_player,Denis Lemi Zakaria Lako Lado,2,Tier 1 - Exact Match,2026-08-05 17:50:49,
GOAT001785,Denis Vavro,spatial_passing_centrality,statsbomb_player,Denis Vavro,2,Tier 1 - Exact Match,2026-08-05 17:50:49,
GOAT001786,Derek Cornelius,spatial_passing_centrality,statsbomb_player,Derek Cornelius,2,Tier 1 - Exact Match,2026-08-05 17:50:49,
GOAT001789,Didier Digard,spatial_passing_centrality,statsbomb_player,Didier Digard,2,Tier 1 - Exact Match,2026-08-05 17:50:49,
GOAT001914,Laurent Koscielny,spatial_passing_centrality,statsbomb_player,Laurent Koscielny,2,Tier 1 - Exact Match,2026-08-05 17:50:49,
GOAT001915,Laurențiu Dumitru Roșu,spatial_passing_centrality,statsbomb_player,Laurențiu Dumitru Roșu,2,Tier 1 - Exact Match,2026-08-05 17:50:49,
GOAT001916,Leandro Andrés Gioda,spatial_passing_centrality,statsbomb_player,Leandro Andrés Gioda,2,Tier 1 - Exact Match,2026-08-05 17:50:49,
GOAT001897,Leandro Chichizola,spatial_passing_centrality,statsbomb_player,Leandro Chichizola,2,Tier 1 - Exact Match,2026-08-05 17:50:49,
GOAT001867,Leon Aderemi Balogun,spatial_passing_centrality,statsbomb_player,Leon Aderemi Balogun,2,Tier 1 - Exact Match,2026-08-05 17:50:49,
GOAT001898,Leon Britton,spatial_passing_centrality,statsbomb_player,Leon Britton,2,Tier 1 - Exact Match,2026-08-05 17:50:49,
GOAT001788,Diego Alejandro Rolan Silva,spatial_passing_centrality,statsbomb_player,Diego Alejandro Rolan Silva,2,Tier 1 - Exact Match,2026-08-05 17:50:49,
GOAT001887,Michail Antonio,spatial_passing_centrality,statsbomb_player,Michail Antonio,2,Tier 1 - Exact Match,2026-08-05 17:50:49,
GOAT001874,Michał Pazdan,spatial_passing_centrality,statsbomb_player,Michał Pazdan,2,Tier 1 - Exact Match,2026-08-05 17:50:49,
GOAT001869,Michał Skóraś,spatial_passing_centrality,statsbomb_player,Michał Skóraś,2,Tier 1 - Exact Match,2026-08-05 17:50:49,
GOAT001870,Mickaël Malsa,spatial_passing_centrality,statsbomb_player,Mickaël Malsa,2,Tier 1 - Exact Match,2026-08-05 17:50:49,
GOAT001871,Miguel Arturo Layún Prado,spatial_passing_centrality,statsbomb_player,Miguel Arturo Layún Prado,2,Tier 1 - Exact Match,2026-08-05 17:50:49,
GOAT001856,Miguel Baeza Pérez,spatial_passing_centrality,statsbomb_player,Miguel Baeza Pérez,2,Tier 1 - Exact Match,2026-08-05 17:50:49,
GOAT001720,Dimitri Payet,spatial_passing_centrality,statsbomb_player,Dimitri Payet,2,Tier 1 - Exact Match,2026-08-05 17:50:49,
GOAT001879,Mehdi Carcela-González,spatial_passing_centrality,statsbomb_player,Mehdi Carcela-González,2,Tier 1 - Exact Match,2026-08-05 17:50:49,
GOAT001872,Michael Carrick,spatial_passing_centrality,statsbomb_player,Michael Carrick,2,Tier 1 - Exact Match,2026-08-05 17:50:49,
GOAT001707,Diego Camacho Quesada,spatial_passing_centrality,statsbomb_player,Diego Camacho Quesada,2,Tier 1 - Exact Match,2026-08-05 17:50:49,
GOAT001932,Leonardo Neoren Franco,spatial_passing_centrality,statsbomb_player,Leonardo Neoren Franco,2,Tier 1 - Exact Match,2026-08-05 17:50:49,
GOAT001933,Leroy Sané,spatial_passing_centrality,statsbomb_player,Leroy Sané,2,Tier 1 - Exact Match,2026-08-05 17:50:49,
GOAT001934,Lewis Grabban,spatial_passing_centrality,statsbomb_player,Lewis Grabban,2,Tier 1 - Exact Match,2026-08-05 17:50:49,
GOAT001722,Filip Bradarić,spatial_passing_centrality,statsbomb_player,Filip Bradarić,2,Tier 1 - Exact Match,2026-08-05 17:50:49,
GOAT001724,Firas Tariq Nasser Al Albirakan,spatial_passing_centrality,statsbomb_player,Firas Tariq Nasser Al Albirakan,2,Tier 1 - Exact Match,2026-08-05 17:50:49,
GOAT001948,Florian Grillitsch,spatial_passing_centrality,statsbomb_player,Florian Grillitsch,2,Tier 1 - Exact Match,2026-08-05 17:50:49,
GOAT001834,Florian Thauvin,spatial_passing_centrality,statsbomb_player,Florian Thauvin,2,Tier 1 - Exact Match,2026-08-05 17:50:49,
GOAT001886,Michael Gregoritsch,spatial_passing_centrality,statsbomb_player,Michael Gregoritsch,2,Tier 1 - Exact Match,2026-08-05 17:50:49,
GOAT001745,Dorlan Mauricio Pabón Ríos,spatial_passing_centrality,statsbomb_player,Dorlan Mauricio Pabón Ríos,2,Tier 1 - Exact Match,2026-08-05 17:50:49,
GOAT001876,Maxime Crépeau,spatial_passing_centrality,statsbomb_player,Maxime Crépeau,2,Tier 1 - Exact Match,2026-08-05 17:50:49,
GOAT001894,Maximilian Wöber,spatial_passing_centrality,statsbomb_player,Maximilian Wöber,2,Tier 1 - Exact Match,2026-08-05 17:50:49,
GOAT001895,Maximiliano Gastón López,spatial_passing_centrality,statsbomb_player,Maximiliano Gastón López,2,Tier 1 - Exact Match,2026-08-05 17:50:49,
GOAT001708,Diego Sebastián Laxalt Suárez,spatial_passing_centrality,statsbomb_player,Diego Sebastián Laxalt Suárez,2,Tier 1 - Exact Match,2026-08-05 17:50:49,
GOAT001532,Fernando Martín Forestieri,spatial_passing_centrality,statsbomb_player,Fernando Martín Forestieri,2,Tier 1 - Exact Match,2026-08-05 17:50:49,
GOAT001723,Fernando Morientes Sánchez,spatial_passing_centrality,statsbomb_player,Fernando Morientes Sánchez,2,Tier 1 - Exact Match,2026-08-05 17:50:49,
GOAT001691,Fernando Sanz Durán,spatial_passing_centrality,statsbomb_player,Fernando Sanz Durán,2,Tier 1 - Exact Match,2026-08-05 17:50:49,
GOAT001692,Fernando Vega Torres,spatial_passing_centrality,statsbomb_player,Fernando Vega Torres,2,Tier 1 - Exact Match,2026-08-05 17:50:49,
GOAT001905,Matthias Ginter,spatial_passing_centrality,statsbomb_player,Matthias Ginter,2,Tier 1 - Exact Match,2026-08-05 17:50:49,
GOAT001880,Matías Ariel Fernández Fernández,spatial_passing_centrality,statsbomb_player,Matías Ariel Fernández Fernández,2,Tier 1 - Exact Match,2026-08-05 17:50:49,
GOAT001881,Matías Emanuel Lequi,spatial_passing_centrality,statsbomb_player,Matías Emanuel Lequi,2,Tier 1 - Exact Match,2026-08-05 17:50:49,
GOAT001882,Matías Lionel Fritzler,spatial_passing_centrality,statsbomb_player,Matías Lionel Fritzler,2,Tier 1 - Exact Match,2026-08-05 17:50:49,
GOAT001678,Domingo Nagore Arbizu,spatial_passing_centrality,statsbomb_player,Domingo Nagore Arbizu,2,Tier 1 - Exact Match,2026-08-05 17:50:49,
GOAT001891,Mathias Jørgensen Jatta,spatial_passing_centrality,statsbomb_player,Mathias Jørgensen Jatta,2,Tier 1 - Exact Match,2026-08-05 17:50:49,
GOAT001892,Matt Ritchie,spatial_passing_centrality,statsbomb_player,Matt Ritchie,2,Tier 1 - Exact Match,2026-08-05 17:50:49,
GOAT001893,Matteo Contini,spatial_passing_centrality,statsbomb_player,Matteo Contini,2,Tier 1 - Exact Match,2026-08-05 17:50:49,
GOAT001904,Matteo Darmian,spatial_passing_centrality,statsbomb_player,Matteo Darmian,2,Tier 1 - Exact Match,2026-08-05 17:50:49,
GOAT001888,Mason Mount,spatial_passing_centrality,statsbomb_player,Mason Mount,2,Tier 1 - Exact Match,2026-08-05 17:50:49,
GOAT001688,Eddy Silvestre Pascual İsrafilov,spatial_passing_centrality,statsbomb_player,Eddy Silvestre Pascual İsrafilov,2,Tier 1 - Exact Match,2026-08-05 17:50:49,
GOAT001657,Edgar Patricio De Carvalho Pacheco,spatial_passing_centrality,statsbomb_player,Edgar Patricio De Carvalho Pacheco,2,Tier 1 - Exact Match,2026-08-05 17:50:49,
GOAT001625,Edinson Roberto Cavani Gómez,spatial_passing_centrality,statsbomb_player,Edinson Roberto Cavani Gómez,2,Tier 1 - Exact Match,2026-08-05 17:50:49,
GOAT001658,Edson Omar Álvarez Velázquez,spatial_passing_centrality,statsbomb_player,Edson Omar Álvarez Velázquez,2,Tier 1 - Exact Match,2026-08-05 17:50:49,
GOAT001951,Loïc Négo,spatial_passing_centrality,statsbomb_player,Loïc Négo,2,Tier 1 - Exact Match,2026-08-05 17:50:49,
GOAT001952,Luca Sangalli Fuentes,spatial_passing_centrality,statsbomb_player,Luca Sangalli Fuentes,2,Tier 1 - Exact Match,2026-08-05 17:50:49,
GOAT001953,Lucas Ariel Boyé,spatial_passing_centrality,statsbomb_player,Lucas Ariel Boyé,2,Tier 1 - Exact Match,2026-08-05 17:50:49,
GOAT001746,Douglas Costa de Souza,spatial_passing_centrality,statsbomb_player,Douglas Costa de Souza,2,Tier 1 - Exact Match,2026-08-05 17:50:49,
GOAT001902,Martin Dúbravka,spatial_passing_centrality,statsbomb_player,Martin Dúbravka,2,Tier 1 - Exact Match,2026-08-05 17:50:49,
GOAT001907,Martin Petrov,spatial_passing_centrality,statsbomb_player,Martin Petrov,2,Tier 1 - Exact Match,2026-08-05 17:50:49,
GOAT001908,Martin Valjent,spatial_passing_centrality,statsbomb_player,Martin Valjent,2,Tier 1 - Exact Match,2026-08-05 17:50:49,
GOAT001900,Martin Ødegaard,spatial_passing_centrality,statsbomb_player,Martin Ødegaard,2,Tier 1 - Exact Match,2026-08-05 17:50:49,
GOAT001901,Martí Crespí Pascual,spatial_passing_centrality,statsbomb_player,Martí Crespí Pascual,2,Tier 1 - Exact Match,2026-08-05 17:50:49,
GOAT001660,Edwin van der Sar,spatial_passing_centrality,statsbomb_player,Edwin van der Sar,2,Tier 1 - Exact Match,2026-08-05 17:50:49,
GOAT001641,Eiji Kawashima,spatial_passing_centrality,statsbomb_player,Eiji Kawashima,2,Tier 1 - Exact Match,2026-08-05 17:50:49,
GOAT001909,Mark Noble,spatial_passing_centrality,statsbomb_player,Mark Noble,2,Tier 1 - Exact Match,2026-08-05 17:50:49,
GOAT001910,Marlon Santos da Silva Barbosa,spatial_passing_centrality,statsbomb_player,Marlon Santos da Silva Barbosa,2,Tier 1 - Exact Match,2026-08-05 17:50:49,
GOAT001935,Marin Pongracic,spatial_passing_centrality,statsbomb_player,Marin Pongracic,2,Tier 1 - Exact Match,2026-08-05 17:50:49,
GOAT001627,Eduardo Expósito Jaén,spatial_passing_centrality,statsbomb_player,Eduardo Expósito Jaén,2,Tier 1 - Exact Match,2026-08-05 17:50:49,
GOAT001659,Eduardo Jesús Vargas Rojas,spatial_passing_centrality,statsbomb_player,Eduardo Jesús Vargas Rojas,2,Tier 1 - Exact Match,2026-08-05 17:50:49,
GOAT001928,Lucas Torreira Di Pascua,spatial_passing_centrality,statsbomb_player,Lucas Torreira Di Pascua,2,Tier 1 - Exact Match,2026-08-05 17:50:49,
GOAT001984,Luciano Fabián Monzón,spatial_passing_centrality,statsbomb_player,Luciano Fabián Monzón,2,Tier 1 - Exact Match,2026-08-05 17:50:49,
GOAT001985,Luciano Martín Galletti,spatial_passing_centrality,statsbomb_player,Luciano Martín Galletti,2,Tier 1 - Exact Match,2026-08-05 17:50:49,
GOAT001455,Federico Chiesa,spatial_passing_centrality,statsbomb_player,Federico Chiesa,2,Tier 1 - Exact Match,2026-08-05 17:50:49,
GOAT001432,Federico Fernández,spatial_passing_centrality,statsbomb_player,Federico Fernández,2,Tier 1 - Exact Match,2026-08-05 17:50:49,
GOAT001427,Federico Piovaccari,spatial_passing_centrality,statsbomb_player,Federico Piovaccari,2,Tier 1 - Exact Match,2026-08-05 17:50:49,
GOAT001913,Loukas Vyntra,spatial_passing_centrality,statsbomb_player,Loukas Vyntra,2,Tier 1 - Exact Match,2026-08-05 17:50:49,
GOAT001955,Marcos Mauro López Gutiérrez,spatial_passing_centrality,statsbomb_player,Marcos Mauro López Gutiérrez,2,Tier 1 - Exact Match,2026-08-05 17:50:49,
GOAT001937,Marcos Sebastián Aguirre,spatial_passing_centrality,statsbomb_player,Marcos Sebastián Aguirre,2,Tier 1 - Exact Match,2026-08-05 17:50:49,
GOAT001938,Marcos Tébar Ramiro,spatial_passing_centrality,statsbomb_player,Marcos Tébar Ramiro,2,Tier 1 - Exact Match,2026-08-05 17:50:49,
GOAT001644,Ellyes Joris Skhiri,spatial_passing_centrality,statsbomb_player,Ellyes Joris Skhiri,2,Tier 1 - Exact Match,2026-08-05 17:50:49,
GOAT001613,Emil Hallfreðsson,spatial_passing_centrality,statsbomb_player,Emil Hallfreðsson,2,Tier 1 - Exact Match,2026-08-05 17:50:49,
GOAT001936,Marcos André de Sousa Mendonça,spatial_passing_centrality,statsbomb_player,Marcos André de Sousa Mendonça,2,Tier 1 - Exact Match,2026-08-05 17:50:49,
GOAT001592,Emir Spahić,spatial_passing_centrality,statsbomb_player,Emir Spahić,2,Tier 1 - Exact Match,2026-08-05 17:50:49,
GOAT001583,Emmanuel Okyere Boateng,spatial_passing_centrality,statsbomb_player,Emmanuel Okyere Boateng,2,Tier 1 - Exact Match,2026-08-05 17:50:49,
GOAT001584,Emre Mor,spatial_passing_centrality,statsbomb_player,Emre Mor,2,Tier 1 - Exact Match,2026-08-05 17:50:49,
GOAT001560,Endre Botka,spatial_passing_centrality,statsbomb_player,Endre Botka,2,Tier 1 - Exact Match,2026-08-05 17:50:49,
GOAT001561,Enner Remberto Valencia Lastra,spatial_passing_centrality,statsbomb_player,Enner Remberto Valencia Lastra,2,Tier 1 - Exact Match,2026-08-05 17:50:49,
GOAT001959,Luis Alfonso Espino García,spatial_passing_centrality,statsbomb_player,Luis Alfonso Espino García,2,Tier 1 - Exact Match,2026-08-05 17:50:49,
GOAT001960,Luis Antonio Valencia Mosquera,spatial_passing_centrality,statsbomb_player,Luis Antonio Valencia Mosquera,2,Tier 1 - Exact Match,2026-08-05 17:50:49,
GOAT001961,Luis Carlos Pereira Carneiro,spatial_passing_centrality,statsbomb_player,Luis Carlos Pereira Carneiro,2,Tier 1 - Exact Match,2026-08-05 17:50:49,
GOAT001962,Luis Eduardo Delgado Pacheco,spatial_passing_centrality,statsbomb_player,Luis Eduardo Delgado Pacheco,2,Tier 1 - Exact Match,2026-08-05 17:50:49,
GOAT001976,Luis Gerardo Chávez Magallón,spatial_passing_centrality,statsbomb_player,Luis Gerardo Chávez Magallón,2,Tier 1 - Exact Match,2026-08-05 17:50:49,
GOAT001977,Luis Jan Piers Advíncula Castrillón,spatial_passing_centrality,statsbomb_player,Luis Jan Piers Advíncula Castrillón,2,Tier 1 - Exact Match,2026-08-05 17:50:49,
GOAT001978,Luis Javier Suárez Charris,spatial_passing_centrality,statsbomb_player,Luis Javier Suárez Charris,2,Tier 1 - Exact Match,2026-08-05 17:50:49,
GOAT001940,Marc Pugh,spatial_passing_centrality,statsbomb_player,Marc Pugh,2,Tier 1 - Exact Match,2026-08-05 17:50:49,
GOAT001941,Marcel Sabitzer,spatial_passing_centrality,statsbomb_player,Marcel Sabitzer,2,Tier 1 - Exact Match,2026-08-05 17:50:49,
GOAT001945,Marco Andreolli,spatial_passing_centrality,statsbomb_player,Marco Andreolli,2,Tier 1 - Exact Match,2026-08-05 17:50:49,
GOAT001946,Marco Aurélio Brito Dos Prazeres,spatial_passing_centrality,statsbomb_player,Marco Aurélio Brito Dos Prazeres,2,Tier 1 - Exact Match,2026-08-05 17:50:49,
GOAT001954,Manuel Reina Rodríguez,spatial_passing_centrality,statsbomb_player,Manuel Reina Rodríguez,2,Tier 1 - Exact Match,2026-08-05 17:50:49,
GOAT001971,Manuel Torres Caturla,spatial_passing_centrality,statsbomb_player,Manuel Torres Caturla,2,Tier 1 - Exact Match,2026-08-05 17:50:49,
GOAT001972,Marc Cardona Rovira,spatial_passing_centrality,statsbomb_player,Marc Cardona Rovira,2,Tier 1 - Exact Match,2026-08-05 17:50:49,
GOAT001939,Marc Navarro Ceciliano,spatial_passing_centrality,statsbomb_player,Marc Navarro Ceciliano,2,Tier 1 - Exact Match,2026-08-05 17:50:49,
GOAT001531,Enrique Corrales Martín,spatial_passing_centrality,statsbomb_player,Enrique Corrales Martín,2,Tier 1 - Exact Match,2026-08-05 17:50:49,
GOAT001529,Enrique Mateo Montoya,spatial_passing_centrality,statsbomb_player,Enrique Mateo Montoya,2,Tier 1 - Exact Match,2026-08-05 17:50:49,
GOAT001530,Enrique Pérez Muñoz,spatial_passing_centrality,statsbomb_player,Enrique Pérez Muñoz,2,Tier 1 - Exact Match,2026-08-05 17:50:49,
GOAT001521,Enrique Sola Clemente,spatial_passing_centrality,statsbomb_player,Enrique Sola Clemente,2,Tier 1 - Exact Match,2026-08-05 17:50:49,
GOAT001979,Luis Morán Sánchez,spatial_passing_centrality,statsbomb_player,Luis Morán Sánchez,2,Tier 1 - Exact Match,2026-08-05 17:50:49,
GOAT001453,Fabio Coltorti,spatial_passing_centrality,statsbomb_player,Fabio Coltorti,2,Tier 1 - Exact Match,2026-08-05 17:50:49,
GOAT001424,Fabricio Fabio Fuentes,spatial_passing_centrality,statsbomb_player,Fabricio Fabio Fuentes,2,Tier 1 - Exact Match,2026-08-05 17:50:49,
GOAT001386,Fabricio Martín Agosto Ramírez,spatial_passing_centrality,statsbomb_player,Fabricio Martín Agosto Ramírez,2,Tier 1 - Exact Match,2026-08-05 17:50:49,
GOAT001519,Erik Morán Arribas,spatial_passing_centrality,statsbomb_player,Erik Morán Arribas,2,Tier 1 - Exact Match,2026-08-05 17:50:49,
GOAT001520,Ernesto Alexis Vega Rojas,spatial_passing_centrality,statsbomb_player,Ernesto Alexis Vega Rojas,2,Tier 1 - Exact Match,2026-08-05 17:50:49,
GOAT001447,Ezequiel Luna,spatial_passing_centrality,statsbomb_player,Ezequiel Luna,2,Tier 1 - Exact Match,2026-08-05 17:50:49,
GOAT001448,Fabiano Eler dos Santos,spatial_passing_centrality,statsbomb_player,Fabiano Eler dos Santos,2,Tier 1 - Exact Match,2026-08-05 17:50:49,
GOAT001969,László Sepsi,spatial_passing_centrality,statsbomb_player,László Sepsi,2,Tier 1 - Exact Match,2026-08-05 17:50:49,
GOAT001970,Lévy Clément Madinda,spatial_passing_centrality,statsbomb_player,Lévy Clément Madinda,2,Tier 1 - Exact Match,2026-08-05 17:50:49,
GOAT001980,Makoto Hasebe,spatial_passing_centrality,statsbomb_player,Makoto Hasebe,2,Tier 1 - Exact Match,2026-08-05 17:50:49,
GOAT001981,Mamadou Koné,spatial_passing_centrality,statsbomb_player,Mamadou Koné,2,Tier 1 - Exact Match,2026-08-05 17:50:49,
GOAT001982,Mame Biram Diouf,spatial_passing_centrality,statsbomb_player,Mame Biram Diouf,2,Tier 1 - Exact Match,2026-08-05 17:50:49,
GOAT001454,Fausto Rossi,spatial_passing_centrality,statsbomb_player,Fausto Rossi,2,Tier 1 - Exact Match,2026-08-05 17:50:49,
GOAT001983,Lukáš Haraslín,spatial_passing_centrality,statsbomb_player,Lukáš Haraslín,2,Tier 1 - Exact Match,2026-08-05 17:50:49,
GOAT001973,Luís Carlos Almeida da Cunha,spatial_passing_centrality,statsbomb_player,Luís Carlos Almeida da Cunha,2,Tier 1 - Exact Match,2026-08-05 17:50:49,
GOAT001968,László Kleinheisler,spatial_passing_centrality,statsbomb_player,László Kleinheisler,2,Tier 1 - Exact Match,2026-08-05 17:50:49,
GOAT001467,Etienne Capoue,spatial_passing_centrality,statsbomb_player,Etienne Capoue,2,Tier 1 - Exact Match,2026-08-05 17:50:49,
GOAT001470,Eunan O''Kane,spatial_passing_centrality,statsbomb_player,Eunan O''Kane,2,Tier 1 - Exact Match,2026-08-05 17:50:49,
GOAT001997,Aaron Ramsey,spatial_passing_centrality,statsbomb_player,Aaron Ramsey,2,Tier 1 - Exact Match,2026-08-05 17:50:49,
GOAT001382,Édison Michael Flores Peralta,spatial_passing_centrality,statsbomb_player,Édison Michael Flores Peralta,2,Tier 1 - Exact Match,2026-08-05 17:50:49,
GOAT001996,Óscar David Romero Villamayor,spatial_passing_centrality,statsbomb_player,Óscar David Romero Villamayor,2,Tier 1 - Exact Match,2026-08-05 17:50:49,
GOAT001995,Óscar Guido Trejo,spatial_passing_centrality,statsbomb_player,Óscar Guido Trejo,2,Tier 1 - Exact Match,2026-08-05 17:50:49,
GOAT001990,Abdoulaye Ba,spatial_passing_centrality,statsbomb_player,Abdoulaye Ba,2,Tier 1 - Exact Match,2026-08-05 17:50:49,
GOAT001715,Adrián López Rodríguez,spatial_passing_centrality,statsbomb_player,Adrián López Rodríguez,2,Tier 1 - Exact Match,2026-08-05 17:50:49,
GOAT001986,Łukasz Fabiański,spatial_passing_centrality,statsbomb_player,Łukasz Fabiański,2,Tier 1 - Exact Match,2026-08-05 17:50:49,
GOAT001391,Łukasz Teodorczyk,spatial_passing_centrality,statsbomb_player,Łukasz Teodorczyk,2,Tier 1 - Exact Match,2026-08-05 17:50:49,
GOAT001387,Jaroslav Plašil,spatial_passing_centrality,statsbomb_player,Jaroslav Plašil,2,Tier 1 - Exact Match,2026-08-05 17:50:49,
GOAT000001,Lionel Messi,statistical_player_summary,common_name,Lionel Messi,1,Tier 1 - Exact Match,2026-08-05 17:50:49,
GOAT000001,Lionel Messi,spatial_player_summary,common_name,Lionel Messi,1,Tier 1 - Exact Match,2026-08-05 17:50:49,
GOAT000001,Lionel Messi,spatial_zone_summary,common_name,Lionel Messi,1,Tier 1 - Exact Match,2026-08-05 17:50:49,
GOAT000001,Lionel Messi,spatial_zone_summary,statsbomb_player,Lionel Andrés Messi Cuccittini,1,Tier 3 - Known Alias,2026-08-05 17:50:49,
GOAT000002,Sergio Busquets i Burgos,spatial_zone_summary,statsbomb_player,Sergio Busquets i Burgos,1,Tier 1 - Exact Match,2026-08-05 17:50:49,
GOAT000004,Gerard Piqué Bernabéu,spatial_zone_summary,statsbomb_player,Gerard Piqué Bernabéu,1,Tier 1 - Exact Match,2026-08-05 17:50:49,
GOAT000005,Andrés Iniesta Luján,spatial_zone_summary,statsbomb_player,Andrés Iniesta Luján,1,Tier 1 - Exact Match,2026-08-05 17:50:49,
GOAT000006,Xavier Hernández Creus,spatial_zone_summary,statsbomb_player,Xavier Hernández Creus,1,Tier 1 - Exact Match,2026-08-05 17:50:49,
GOAT000007,Víctor Valdés Arribas,spatial_zone_summary,statsbomb_player,Víctor Valdés Arribas,1,Tier 1 - Exact Match,2026-08-05 17:50:49,
GOAT000003,Neymar,statistical_player_summary,common_name,Neymar,1,Tier 1 - Exact Match,2026-08-05 17:50:49,
GOAT000003,Neymar,spatial_player_summary,common_name,Neymar,1,Tier 1 - Exact Match,2026-08-05 17:50:49,
GOAT000003,Neymar,spatial_zone_summary,common_name,Neymar,1,Tier 1 - Exact Match,2026-08-05 17:50:49,
GOAT000003,Neymar,spatial_zone_summary,statsbomb_player,Neymar da Silva Santos Junior,1,Tier 3 - Known Alias,2026-08-05 17:50:49,
GOAT000008,Jordi Alba Ramos,spatial_zone_summary,statsbomb_player,Jordi Alba Ramos,1,Tier 1 - Exact Match,2026-08-05 17:50:49,
GOAT000010,Daniel Alves da Silva,spatial_zone_summary,statsbomb_player,Daniel Alves da Silva,1,Tier 1 - Exact Match,2026-08-05 17:50:49,
GOAT000011,Luka Modrić,statistical_player_summary,common_name,Luka Modrić,1,Tier 1 - Exact Match,2026-08-05 17:50:49,
GOAT000011,Luka Modrić,spatial_player_summary,common_name,Luka Modrić,1,Tier 1 - Exact Match,2026-08-05 17:50:49,
GOAT000011,Luka Modrić,spatial_zone_summary,statsbomb_player,Luka Modrić,1,Tier 1 - Exact Match,2026-08-05 17:50:49,
GOAT000012,Ivan Rakitić,spatial_zone_summary,statsbomb_player,Ivan Rakitić,1,Tier 1 - Exact Match,2026-08-05 17:50:49,
GOAT000013,Javier Alejandro Mascherano,spatial_zone_summary,statsbomb_player,Javier Alejandro Mascherano,1,Tier 1 - Exact Match,2026-08-05 17:50:49,
GOAT000014,Luis Alberto Suárez Díaz,spatial_zone_summary,statsbomb_player,Luis Alberto Suárez Díaz,1,Tier 1 - Exact Match,2026-08-05 17:50:49,
GOAT000016,Pedro Eliezer Rodríguez Ledesma,spatial_zone_summary,statsbomb_player,Pedro Eliezer Rodríguez Ledesma,1,Tier 1 - Exact Match,2026-08-05 17:50:49,
GOAT000015,Carles Puyol i Saforcada,spatial_zone_summary,statsbomb_player,Carles Puyol i Saforcada,1,Tier 1 - Exact Match,2026-08-05 17:50:49,
GOAT000017,Sergi Roberto Carnicer,spatial_zone_summary,statsbomb_player,Sergi Roberto Carnicer,1,Tier 1 - Exact Match,2026-08-05 17:50:49,
GOAT000018,Marc-André ter Stegen,spatial_zone_summary,statsbomb_player,Marc-André ter Stegen,1,Tier 1 - Exact Match,2026-08-05 17:50:49,
GOAT000009,Cristiano Ronaldo,statistical_player_summary,common_name,Cristiano Ronaldo,1,Tier 1 - Exact Match,2026-08-05 17:50:49,
GOAT000009,Cristiano Ronaldo,spatial_player_summary,common_name,Cristiano Ronaldo,1,Tier 1 - Exact Match,2026-08-05 17:50:49,
GOAT000009,Cristiano Ronaldo,spatial_zone_summary,common_name,Cristiano Ronaldo,1,Tier 1 - Exact Match,2026-08-05 17:50:49,
GOAT000009,Cristiano Ronaldo,spatial_zone_summary,statsbomb_player,Cristiano Ronaldo dos Santos Aveiro,1,Tier 3 - Known Alias,2026-08-05 17:50:49,
GOAT000019,Kevin De Bruyne,statistical_player_summary,common_name,Kevin De Bruyne,1,Tier 1 - Exact Match,2026-08-05 17:50:49,
GOAT000019,Kevin De Bruyne,spatial_player_summary,common_name,Kevin De Bruyne,1,Tier 1 - Exact Match,2026-08-05 17:50:49,
GOAT000019,Kevin De Bruyne,spatial_zone_summary,statsbomb_player,Kevin De Bruyne,1,Tier 1 - Exact Match,2026-08-05 17:50:49,
GOAT000020,Adriano Correia Claro,spatial_zone_summary,statsbomb_player,Adriano Correia Claro,1,Tier 1 - Exact Match,2026-08-05 17:50:49,
GOAT000021,Seydou Kéita,spatial_zone_summary,statsbomb_player,Seydou Kéita,1,Tier 1 - Exact Match,2026-08-05 17:50:49,
GOAT000022,Antoine Griezmann,spatial_zone_summary,statsbomb_player,Antoine Griezmann,1,Tier 1 - Exact Match,2026-08-05 17:50:49,
GOAT000023,Eric-Sylvain Bilal Abidal,spatial_zone_summary,statsbomb_player,Eric-Sylvain Bilal Abidal,1,Tier 1 - Exact Match,2026-08-05 17:50:49,
GOAT000024,Samuel Yves Umtiti,spatial_zone_summary,statsbomb_player,Samuel Yves Umtiti,1,Tier 1 - Exact Match,2026-08-05 17:50:49,
GOAT000025,Ousmane Dembélé,spatial_zone_summary,statsbomb_player,Ousmane Dembélé,1,Tier 1 - Exact Match,2026-08-05 17:50:49,
GOAT000026,Rafael Márquez Álvarez,spatial_zone_summary,statsbomb_player,Rafael Márquez Álvarez,1,Tier 1 - Exact Match,2026-08-05 17:50:49,
GOAT000027,Francesc Fàbregas i Soler,spatial_zone_summary,statsbomb_player,Francesc Fàbregas i Soler,1,Tier 1 - Exact Match,2026-08-05 17:50:49,
GOAT000028,Gnégnéri Yaya Touré,spatial_zone_summary,statsbomb_player,Gnégnéri Yaya Touré,1,Tier 1 - Exact Match,2026-08-05 17:50:49,
GOAT000029,Nélson Cabral Semedo,spatial_zone_summary,statsbomb_player,Nélson Cabral Semedo,1,Tier 1 - Exact Match,2026-08-05 17:50:49,
GOAT000030,Claudio Andrés Bravo Muñoz,spatial_zone_summary,statsbomb_player,Claudio Andrés Bravo Muñoz,1,Tier 1 - Exact Match,2026-08-05 17:50:49,
GOAT000031,Clément Lenglet,spatial_zone_summary,statsbomb_player,Clément Lenglet,1,Tier 1 - Exact Match,2026-08-05 17:50:49,
GOAT000032,David Villa Sánchez,spatial_zone_summary,statsbomb_player,David Villa Sánchez,1,Tier 1 - Exact Match,2026-08-05 17:50:49,
GOAT000034,Samuel Eto''o Fils,spatial_zone_summary,statsbomb_player,Samuel Eto''o Fils,1,Tier 1 - Exact Match,2026-08-05 17:50:49,
GOAT000035,Bojan Krkíc Pérez,spatial_zone_summary,statsbomb_player,Bojan Krkíc Pérez,1,Tier 1 - Exact Match,2026-08-05 17:50:49,
GOAT000036,Alexis Alejandro Sánchez Sánchez,spatial_zone_summary,statsbomb_player,Alexis Alejandro Sánchez Sánchez,1,Tier 1 - Exact Match,2026-08-05 17:50:49,
GOAT000037,Thierry Henry,spatial_zone_summary,statsbomb_player,Thierry Henry,1,Tier 1 - Exact Match,2026-08-05 17:50:49,
GOAT000039,Philippe Coutinho Correia,spatial_zone_summary,statsbomb_player,Philippe Coutinho Correia,1,Tier 1 - Exact Match,2026-08-05 17:50:49,
GOAT000038,Jérémy Mathieu,spatial_zone_summary,statsbomb_player,Jérémy Mathieu,1,Tier 1 - Exact Match,2026-08-05 17:50:49,
GOAT000040,Arturo Erasmo Vidal Pardo,spatial_zone_summary,statsbomb_player,Arturo Erasmo Vidal Pardo,1,Tier 1 - Exact Match,2026-08-05 17:50:49,
GOAT000041,Ronaldo de Assis Moreira,spatial_zone_summary,statsbomb_player,Ronaldo de Assis Moreira,1,Tier 1 - Exact Match,2026-08-05 17:50:49,
GOAT000042,Frenkie de Jong,spatial_zone_summary,statsbomb_player,Frenkie de Jong,1,Tier 1 - Exact Match,2026-08-05 17:50:49,
GOAT000043,Thiago Alcântara do Nascimento,spatial_zone_summary,statsbomb_player,Thiago Alcântara do Nascimento,1,Tier 1 - Exact Match,2026-08-05 17:50:49,
GOAT000044,Raphaël Varane,spatial_zone_summary,statsbomb_player,Raphaël Varane,1,Tier 1 - Exact Match,2026-08-05 17:50:49,
GOAT000045,Anderson Luís de Souza,spatial_zone_summary,statsbomb_player,Anderson Luís de Souza,1,Tier 1 - Exact Match,2026-08-05 17:50:49,
GOAT000046,Karim Benzema,spatial_zone_summary,statsbomb_player,Karim Benzema,1,Tier 1 - Exact Match,2026-08-05 17:50:49,
GOAT000048,Cristian Tello Herrera,spatial_zone_summary,statsbomb_player,Cristian Tello Herrera,1,Tier 1 - Exact Match,2026-08-05 17:50:49,
GOAT000047,Marcelo Vieira da Silva Júnior,spatial_zone_summary,statsbomb_player,Marcelo Vieira da Silva Júnior,1,Tier 1 - Exact Match,2026-08-05 17:50:49,
GOAT000050,Marc Bartra Aregall,spatial_zone_summary,statsbomb_player,Marc Bartra Aregall,1,Tier 1 - Exact Match,2026-08-05 17:50:49,
GOAT000033,Kylian Mbappé,statistical_player_summary,common_name,Kylian Mbappé,1,Tier 1 - Exact Match,2026-08-05 17:50:49,
GOAT000033,Kylian Mbappé,spatial_player_summary,common_name,Kylian Mbappé,1,Tier 1 - Exact Match,2026-08-05 17:50:49,
GOAT000033,Kylian Mbappé,spatial_zone_summary,common_name,Kylian Mbappé,1,Tier 1 - Exact Match,2026-08-05 17:50:49,
GOAT000033,Kylian Mbappé,spatial_zone_summary,statsbomb_player,Kylian Mbappé Lottin,1,Tier 3 - Known Alias,2026-08-05 17:50:49,
GOAT000049,Sergio Ramos García,spatial_zone_summary,statsbomb_player,Sergio Ramos García,1,Tier 1 - Exact Match,2026-08-05 17:50:49,
GOAT000051,Denis Suárez Fernández,spatial_zone_summary,statsbomb_player,Denis Suárez Fernández,1,Tier 1 - Exact Match,2026-08-05 17:50:49,
GOAT000052,Kléper Laveran Lima Ferreira,spatial_zone_summary,statsbomb_player,Kléper Laveran Lima Ferreira,1,Tier 1 - Exact Match,2026-08-05 17:50:49,
GOAT000053,Maxwell Scherrer Cabelino Andrade,spatial_zone_summary,statsbomb_player,Maxwell Scherrer Cabelino Andrade,1,Tier 1 - Exact Match,2026-08-05 17:50:49,
GOAT000054,Eiður Smári Guðjohnsen,spatial_zone_summary,statsbomb_player,Eiður Smári Guðjohnsen,1,Tier 1 - Exact Match,2026-08-05 17:50:49,
GOAT000055,Rafael Alcântara do Nascimento,spatial_zone_summary,statsbomb_player,Rafael Alcântara do Nascimento,1,Tier 1 - Exact Match,2026-08-05 17:50:49,
GOAT000056,Robert Lewandowski,statistical_player_summary,common_name,Robert Lewandowski,1,Tier 1 - Exact Match,2026-08-05 17:50:49,
GOAT000056,Robert Lewandowski,spatial_player_summary,common_name,Robert Lewandowski,1,Tier 1 - Exact Match,2026-08-05 17:50:49,
GOAT000056,Robert Lewandowski,spatial_zone_summary,statsbomb_player,Robert Lewandowski,1,Tier 1 - Exact Match,2026-08-05 17:50:49,
GOAT000060,Oleguer Presas Renom,spatial_zone_summary,statsbomb_player,Oleguer Presas Renom,1,Tier 1 - Exact Match,2026-08-05 17:50:49,
GOAT000057,Mateo Kovačić,spatial_zone_summary,statsbomb_player,Mateo Kovačić,1,Tier 1 - Exact Match,2026-08-05 17:50:49,
GOAT000059,Francisco Román Alarcón Suárez,spatial_zone_summary,statsbomb_player,Francisco Román Alarcón Suárez,1,Tier 1 - Exact Match,2026-08-05 17:50:49,
GOAT000058,Toni Kroos,spatial_zone_summary,statsbomb_player,Toni Kroos,1,Tier 1 - Exact Match,2026-08-05 17:50:49,
GOAT000061,André Filipe Tavares Gomes,spatial_zone_summary,statsbomb_player,André Filipe Tavares Gomes,1,Tier 1 - Exact Match,2026-08-05 17:50:49,
GOAT000062,Jesús Navas González,spatial_zone_summary,statsbomb_player,Jesús Navas González,1,Tier 1 - Exact Match,2026-08-05 17:50:49,
GOAT000063,Keylor Navas Gamboa,spatial_zone_summary,statsbomb_player,Keylor Navas Gamboa,1,Tier 1 - Exact Match,2026-08-05 17:50:49,
GOAT000064,Gabriel Alejandro Milito,spatial_zone_summary,statsbomb_player,Gabriel Alejandro Milito,1,Tier 1 - Exact Match,2026-08-05 17:50:49,
GOAT000066,Gianluca Zambrotta,spatial_zone_summary,statsbomb_player,Gianluca Zambrotta,1,Tier 1 - Exact Match,2026-08-05 17:50:49,
GOAT000065,Martin Braithwaite Christensen,spatial_zone_summary,statsbomb_player,Martin Braithwaite Christensen,1,Tier 1 - Exact Match,2026-08-05 17:50:49,
GOAT000069,Sylvio Mendes Campos Junior,spatial_zone_summary,statsbomb_player,Sylvio Mendes Campos Junior,1,Tier 1 - Exact Match,2026-08-05 17:50:49,
GOAT000067,Francisco Alcácer García,spatial_zone_summary,statsbomb_player,Francisco Alcácer García,1,Tier 1 - Exact Match,2026-08-05 17:50:49,
GOAT000068,Carlos Henrique Casimiro,spatial_zone_summary,statsbomb_player,Carlos Henrique Casimiro,1,Tier 1 - Exact Match,2026-08-05 17:50:49,
GOAT000072,José Edmílson Gomes de Moraes,spatial_zone_summary,statsbomb_player,José Edmílson Gomes de Moraes,1,Tier 1 - Exact Match,2026-08-05 17:50:49,
GOAT000071,Arda Turan,spatial_zone_summary,statsbomb_player,Arda Turan,1,Tier 1 - Exact Match,2026-08-05 17:50:49,
GOAT000070,Arthur Henrique Ramos de Oliveira Melo,spatial_zone_summary,statsbomb_player,Arthur Henrique Ramos de Oliveira Melo,1,Tier 1 - Exact Match,2026-08-05 17:50:49,
GOAT000073,Nicolás Hernán Otamendi,spatial_zone_summary,statsbomb_player,Nicolás Hernán Otamendi,1,Tier 1 - Exact Match,2026-08-05 17:50:49,
GOAT000074,Martín Montoya Torralbo,spatial_zone_summary,statsbomb_player,Martín Montoya Torralbo,1,Tier 1 - Exact Match,2026-08-05 17:50:49,
GOAT000075,Munir El Haddadi Mohamed,spatial_zone_summary,statsbomb_player,Munir El Haddadi Mohamed,1,Tier 1 - Exact Match,2026-08-05 17:50:49,
GOAT000078,José Paulo Bezzera Maciel Júnior,spatial_zone_summary,statsbomb_player,José Paulo Bezzera Maciel Júnior,1,Tier 1 - Exact Match,2026-08-05 17:50:49,
GOAT000077,Thomas Vermaelen,spatial_zone_summary,statsbomb_player,Thomas Vermaelen,1,Tier 1 - Exact Match,2026-08-05 17:50:49,
GOAT000076,Pedro González López,spatial_zone_summary,statsbomb_player,Pedro González López,1,Tier 1 - Exact Match,2026-08-05 17:50:49,
GOAT000079,Daniel Carvajal Ramos,spatial_zone_summary,statsbomb_player,Daniel Carvajal Ramos,1,Tier 1 - Exact Match,2026-08-05 17:50:49,
GOAT000080,Gareth Frank Bale,spatial_zone_summary,statsbomb_player,Gareth Frank Bale,1,Tier 1 - Exact Match,2026-08-05 17:50:49,
GOAT000081,Aleix Vidal Parreu,spatial_zone_summary,statsbomb_player,Aleix Vidal Parreu,1,Tier 1 - Exact Match,2026-08-05 17:50:49,
GOAT000082,Lucas Vázquez Iglesias,spatial_zone_summary,statsbomb_player,Lucas Vázquez Iglesias,1,Tier 1 - Exact Match,2026-08-05 17:50:49,
GOAT000084,Jesé Rodríguez Ruiz,spatial_zone_summary,statsbomb_player,Jesé Rodríguez Ruiz,1,Tier 1 - Exact Match,2026-08-05 17:50:49,
GOAT000083,Giovanni van Bronckhorst,spatial_zone_summary,statsbomb_player,Giovanni van Bronckhorst,1,Tier 1 - Exact Match,2026-08-05 17:50:49,
GOAT000085,Sergio Leonel Agüero del Castillo,spatial_zone_summary,statsbomb_player,Sergio Leonel Agüero del Castillo,1,Tier 1 - Exact Match,2026-08-05 17:50:49,
GOAT000086,James David Rodríguez Rubio,spatial_zone_summary,statsbomb_player,James David Rodríguez Rubio,1,Tier 1 - Exact Match,2026-08-05 17:50:49,
GOAT000087,Alexandre Dimitri Song-Billong,spatial_zone_summary,statsbomb_player,Alexandre Dimitri Song-Billong,1,Tier 1 - Exact Match,2026-08-05 17:50:49,
GOAT000089,Danilo Luiz da Silva,spatial_zone_summary,statsbomb_player,Danilo Luiz da Silva,1,Tier 1 - Exact Match,2026-08-05 17:50:49,
GOAT000088,Lilian Thuram,spatial_zone_summary,statsbomb_player,Lilian Thuram,1,Tier 1 - Exact Match,2026-08-05 17:50:49,
GOAT000091,Anssumane Fati,spatial_zone_summary,statsbomb_player,Anssumane Fati,1,Tier 1 - Exact Match,2026-08-05 17:50:49,
GOAT000092,Ludovic Giuly,spatial_zone_summary,statsbomb_player,Ludovic Giuly,1,Tier 1 - Exact Match,2026-08-05 17:50:49,
GOAT000093,Lucas Digne,spatial_zone_summary,statsbomb_player,Lucas Digne,1,Tier 1 - Exact Match,2026-08-05 17:50:49,
GOAT000090,Sergino Dest,spatial_zone_summary,statsbomb_player,Sergino Dest,1,Tier 1 - Exact Match,2026-08-05 17:50:49,
GOAT000094,Thibaut Courtois,spatial_zone_summary,statsbomb_player,Thibaut Courtois,1,Tier 1 - Exact Match,2026-08-05 17:50:49,
GOAT000096,Diego Roberto Godín Leal,spatial_zone_summary,statsbomb_player,Diego Roberto Godín Leal,1,Tier 1 - Exact Match,2026-08-05 17:50:49,
GOAT000095,Ronald Federico Araújo da Silva,spatial_zone_summary,statsbomb_player,Ronald Federico Araújo da Silva,1,Tier 1 - Exact Match,2026-08-05 17:50:49,
GOAT000098,Jorge Resurrección Merodio,spatial_zone_summary,statsbomb_player,Jorge Resurrección Merodio,1,Tier 1 - Exact Match,2026-08-05 17:50:49,
GOAT000097,Zlatan Ibrahimović,spatial_zone_summary,statsbomb_player,Zlatan Ibrahimović,1,Tier 1 - Exact Match,2026-08-05 17:50:49,
GOAT000102,Raúl García Escudero,spatial_zone_summary,statsbomb_player,Raúl García Escudero,1,Tier 1 - Exact Match,2026-08-05 17:50:49,
GOAT000100,Francisco António Machado Mota de Castro Trincão,spatial_zone_summary,statsbomb_player,Francisco António Machado Mota de Castro Trincão,1,Tier 1 - Exact Match,2026-08-05 17:50:49,
GOAT000099,José Manuel Pinto Colorado,spatial_zone_summary,statsbomb_player,José Manuel Pinto Colorado,1,Tier 1 - Exact Match,2026-08-05 17:50:49,
GOAT000101,José Ignacio Fernández Iglesias,spatial_zone_summary,statsbomb_player,José Ignacio Fernández Iglesias,1,Tier 1 - Exact Match,2026-08-05 17:50:49,
GOAT000103,Gabriel Fernández Arenas,spatial_zone_summary,statsbomb_player,Gabriel Fernández Arenas,1,Tier 1 - Exact Match,2026-08-05 17:50:49,
GOAT000105,Óscar Mingueza García,spatial_zone_summary,statsbomb_player,Óscar Mingueza García,1,Tier 1 - Exact Match,2026-08-05 17:50:49,
GOAT000104,Carles Aleña Castillo,spatial_zone_summary,statsbomb_player,Carles Aleña Castillo,1,Tier 1 - Exact Match,2026-08-05 17:50:49,
GOAT000107,Joe Hart,spatial_zone_summary,statsbomb_player,Joe Hart,1,Tier 1 - Exact Match,2026-08-05 17:50:49,
GOAT000106,Raheem Sterling,spatial_zone_summary,statsbomb_player,Raheem Sterling,1,Tier 1 - Exact Match,2026-08-05 17:50:49,
GOAT000108,Giovani dos Santos Ramírez,spatial_zone_summary,statsbomb_player,Giovani dos Santos Ramírez,1,Tier 1 - Exact Match,2026-08-05 17:50:49,
GOAT000112,Yannick Ferreira Carrasco,spatial_zone_summary,statsbomb_player,Yannick Ferreira Carrasco,1,Tier 1 - Exact Match,2026-08-05 17:50:49,
GOAT000111,Juan Francisco Torres Belén,spatial_zone_summary,statsbomb_player,Juan Francisco Torres Belén,1,Tier 1 - Exact Match,2026-08-05 17:50:49,
GOAT000109,Ricard Puig Martí,spatial_zone_summary,statsbomb_player,Ricard Puig Martí,1,Tier 1 - Exact Match,2026-08-05 17:50:49,
GOAT000110,Fernando Francisco Reges,spatial_zone_summary,statsbomb_player,Fernando Francisco Reges,1,Tier 1 - Exact Match,2026-08-05 17:50:49,
GOAT000113,David Josué Jiménez Silva,spatial_zone_summary,statsbomb_player,David Josué Jiménez Silva,1,Tier 1 - Exact Match,2026-08-05 17:50:49,
GOAT000114,Filipe Luís Kasmirski,spatial_zone_summary,statsbomb_player,Filipe Luís Kasmirski,1,Tier 1 - Exact Match,2026-08-05 17:50:49,
GOAT000118,Víctor Sánchez Mata,spatial_zone_summary,statsbomb_player,Víctor Sánchez Mata,1,Tier 1 - Exact Match,2026-08-05 17:50:49,
GOAT000115,Héctor Junior Firpo Adames,spatial_zone_summary,statsbomb_player,Héctor Junior Firpo Adames,1,Tier 1 - Exact Match,2026-08-05 17:50:49,
GOAT000121,Juliano Haus Belletti,spatial_zone_summary,statsbomb_player,Juliano Haus Belletti,1,Tier 1 - Exact Match,2026-08-05 17:50:49,
GOAT000116,Andrej Kramarić,spatial_zone_summary,statsbomb_player,Andrej Kramarić,1,Tier 1 - Exact Match,2026-08-05 17:50:49,
GOAT000119,Éver Maximiliano David Banega,spatial_zone_summary,statsbomb_player,Éver Maximiliano David Banega,1,Tier 1 - Exact Match,2026-08-05 17:50:49,
GOAT000117,Ángel Fabián Di María Hernández,spatial_zone_summary,statsbomb_player,Ángel Fabián Di María Hernández,1,Tier 1 - Exact Match,2026-08-05 17:50:49,
GOAT000120,Aleksandar Kolarov,spatial_zone_summary,statsbomb_player,Aleksandar Kolarov,1,Tier 1 - Exact Match,2026-08-05 17:50:49,
GOAT000125,Ibrahim Afellay,spatial_zone_summary,statsbomb_player,Ibrahim Afellay,1,Tier 1 - Exact Match,2026-08-05 17:50:49,
GOAT000127,Sandro Ramírez Castillo,spatial_zone_summary,statsbomb_player,Sandro Ramírez Castillo,1,Tier 1 - Exact Match,2026-08-05 17:50:49,
GOAT000123,Fernando Luiz Rosa,spatial_zone_summary,statsbomb_player,Fernando Luiz Rosa,1,Tier 1 - Exact Match,2026-08-05 17:50:49,
GOAT000126,Markel Susaeta Laskurain,spatial_zone_summary,statsbomb_player,Markel Susaeta Laskurain,1,Tier 1 - Exact Match,2026-08-05 17:50:49,
GOAT000130,Ivan Perišić,spatial_zone_summary,statsbomb_player,Ivan Perišić,1,Tier 1 - Exact Match,2026-08-05 17:50:49,
GOAT000122,Óscar de Marcos Arana,spatial_zone_summary,statsbomb_player,Óscar de Marcos Arana,1,Tier 1 - Exact Match,2026-08-05 17:50:49,
GOAT000129,Bacary Sagna,spatial_zone_summary,statsbomb_player,Bacary Sagna,1,Tier 1 - Exact Match,2026-08-05 17:50:49,
GOAT000124,Daniel Parejo Muñoz,spatial_zone_summary,statsbomb_player,Daniel Parejo Muñoz,1,Tier 1 - Exact Match,2026-08-05 17:50:49,
GOAT000128,Olivier Giroud,spatial_zone_summary,statsbomb_player,Olivier Giroud,1,Tier 1 - Exact Match,2026-08-05 17:50:49,
GOAT000131,Xabier Prieto Argarate,spatial_zone_summary,statsbomb_player,Xabier Prieto Argarate,1,Tier 1 - Exact Match,2026-08-05 17:50:49,
GOAT000137,Gorka Iraizoz Moreno,spatial_zone_summary,statsbomb_player,Gorka Iraizoz Moreno,1,Tier 1 - Exact Match,2026-08-05 17:50:49,
GOAT000132,Kelechi Promise Iheanacho,spatial_zone_summary,statsbomb_player,Kelechi Promise Iheanacho,1,Tier 1 - Exact Match,2026-08-05 17:50:49,
GOAT000136,Fernando Navarro i Corbacho,spatial_zone_summary,statsbomb_player,Fernando Navarro i Corbacho,1,Tier 1 - Exact Match,2026-08-05 17:50:49,
GOAT000134,Marcelo Brozović,spatial_zone_summary,statsbomb_player,Marcelo Brozović,1,Tier 1 - Exact Match,2026-08-05 17:50:49,
GOAT000135,Eliaquim Mangala,spatial_zone_summary,statsbomb_player,Eliaquim Mangala,1,Tier 1 - Exact Match,2026-08-05 17:50:49,
GOAT000138,Aritz Aduriz Zubeldia,spatial_zone_summary,statsbomb_player,Aritz Aduriz Zubeldia,1,Tier 1 - Exact Match,2026-08-05 17:50:49,
GOAT000141,Papa Kouly Diop,spatial_zone_summary,statsbomb_player,Papa Kouly Diop,1,Tier 1 - Exact Match,2026-08-05 17:50:49,
GOAT000144,Miralem Pjanić,spatial_zone_summary,statsbomb_player,Miralem Pjanić,1,Tier 1 - Exact Match,2026-08-05 17:50:49,
GOAT000143,Víctor Ruíz Torre,spatial_zone_summary,statsbomb_player,Víctor Ruíz Torre,1,Tier 1 - Exact Match,2026-08-05 17:50:49,
GOAT000146,Alexis Ruano Delgado,spatial_zone_summary,statsbomb_player,Alexis Ruano Delgado,1,Tier 1 - Exact Match,2026-08-05 17:50:49,
GOAT000140,Juan Isaac Cuenca López,spatial_zone_summary,statsbomb_player,Juan Isaac Cuenca López,1,Tier 1 - Exact Match,2026-08-05 17:50:49,
GOAT000139,Fabián Ariel Orellana Valenzuela,spatial_zone_summary,statsbomb_player,Fabián Ariel Orellana Valenzuela,1,Tier 1 - Exact Match,2026-08-05 17:50:49,
GOAT000142,Wilfried Guemiand Bony,spatial_zone_summary,statsbomb_player,Wilfried Guemiand Bony,1,Tier 1 - Exact Match,2026-08-05 17:50:49,
GOAT000145,Sergio Canales Madrazo,spatial_zone_summary,statsbomb_player,Sergio Canales Madrazo,1,Tier 1 - Exact Match,2026-08-05 17:50:49,
GOAT000154,Roberto Soldado Rillo,spatial_zone_summary,statsbomb_player,Roberto Soldado Rillo,1,Tier 1 - Exact Match,2026-08-05 17:50:49,
GOAT000156,Sergio Asenjo Andrés,spatial_zone_summary,statsbomb_player,Sergio Asenjo Andrés,1,Tier 1 - Exact Match,2026-08-05 17:50:49,
GOAT000152,Adrián López Álvarez,spatial_zone_summary,statsbomb_player,Adrián López Álvarez,1,Tier 1 - Exact Match,2026-08-05 17:50:49,
GOAT000153,Jonathan dos Santos Ramírez,spatial_zone_summary,statsbomb_player,Jonathan dos Santos Ramírez,1,Tier 1 - Exact Match,2026-08-05 17:50:49,
GOAT000147,Martín Gastón Demichelis,spatial_zone_summary,statsbomb_player,Martín Gastón Demichelis,1,Tier 1 - Exact Match,2026-08-05 17:50:49,
GOAT000150,Thiago Motta,spatial_zone_summary,statsbomb_player,Thiago Motta,1,Tier 1 - Exact Match,2026-08-05 17:50:49,
GOAT000158,Dejan Lovren,spatial_zone_summary,statsbomb_player,Dejan Lovren,1,Tier 1 - Exact Match,2026-08-05 17:50:49,
GOAT000151,Diego López Rodríguez,spatial_zone_summary,statsbomb_player,Diego López Rodríguez,1,Tier 1 - Exact Match,2026-08-05 17:50:49,
GOAT000159,Hugo Lloris,spatial_zone_summary,statsbomb_player,Hugo Lloris,1,Tier 1 - Exact Match,2026-08-05 17:50:49,
GOAT000157,Idriss Carlos Kameni,spatial_zone_summary,statsbomb_player,Idriss Carlos Kameni,1,Tier 1 - Exact Match,2026-08-05 17:50:49,
GOAT000149,Romelu Lukaku Menama,spatial_zone_summary,statsbomb_player,Romelu Lukaku Menama,1,Tier 1 - Exact Match,2026-08-05 17:50:49,
GOAT000155,Jan Oblak,spatial_zone_summary,statsbomb_player,Jan Oblak,1,Tier 1 - Exact Match,2026-08-05 17:50:49,
GOAT000148,Bernardo Mota Veiga de Carvalho e Silva,spatial_zone_summary,statsbomb_player,Bernardo Mota Veiga de Carvalho e Silva,1,Tier 1 - Exact Match,2026-08-05 17:50:49,
GOAT000162,Beñat Etxebarria Urkiaga,spatial_zone_summary,statsbomb_player,Beñat Etxebarria Urkiaga,1,Tier 1 - Exact Match,2026-08-05 17:50:49,
GOAT000169,Jeffren Isaac Suárez Bermúdez,spatial_zone_summary,statsbomb_player,Jeffren Isaac Suárez Bermúdez,1,Tier 1 - Exact Match,2026-08-05 17:50:49,
GOAT000173,Nicolás Alejandro Tagliafico,spatial_zone_summary,statsbomb_player,Nicolás Alejandro Tagliafico,1,Tier 1 - Exact Match,2026-08-05 17:50:49,
GOAT000166,Joaquín Sánchez Rodríguez,spatial_zone_summary,statsbomb_player,Joaquín Sánchez Rodríguez,1,Tier 1 - Exact Match,2026-08-05 17:50:49,
GOAT000171,Mikel Oyarzabal Ugarte,spatial_zone_summary,statsbomb_player,Mikel Oyarzabal Ugarte,1,Tier 1 - Exact Match,2026-08-05 17:50:49,
GOAT000160,Mario Gaspar Pérez Martínez,spatial_zone_summary,statsbomb_player,Mario Gaspar Pérez Martínez,1,Tier 1 - Exact Match,2026-08-05 17:50:49,
GOAT000168,Jan Vertonghen,spatial_zone_summary,statsbomb_player,Jan Vertonghen,1,Tier 1 - Exact Match,2026-08-05 17:50:49,
GOAT000165,Íñigo Martínez Berridi,spatial_zone_summary,statsbomb_player,Íñigo Martínez Berridi,1,Tier 1 - Exact Match,2026-08-05 17:50:49,
GOAT000161,Bruno Soriano Llido,spatial_zone_summary,statsbomb_player,Bruno Soriano Llido,1,Tier 1 - Exact Match,2026-08-05 17:50:49,
GOAT000167,Saúl Ñíguez Esclapez,spatial_zone_summary,statsbomb_player,Saúl Ñíguez Esclapez,1,Tier 1 - Exact Match,2026-08-05 17:50:49,
GOAT000170,Iker Casillas Fernández,spatial_zone_summary,statsbomb_player,Iker Casillas Fernández,1,Tier 1 - Exact Match,2026-08-05 17:50:49,
GOAT000172,Diego Alves Carreira,spatial_zone_summary,statsbomb_player,Diego Alves Carreira,1,Tier 1 - Exact Match,2026-08-05 17:50:49,
GOAT000164,Diego da Silva Costa,spatial_zone_summary,statsbomb_player,Diego da Silva Costa,1,Tier 1 - Exact Match,2026-08-05 17:50:49,
GOAT000163,Jules Koundé,spatial_zone_summary,statsbomb_player,Jules Koundé,1,Tier 1 - Exact Match,2026-08-05 17:50:49,
GOAT000182,Rodrigo Javier De Paul,spatial_zone_summary,statsbomb_player,Rodrigo Javier De Paul,1,Tier 1 - Exact Match,2026-08-05 17:50:49,
GOAT000176,Vicente Iborra De La Fuente,spatial_zone_summary,statsbomb_player,Vicente Iborra De La Fuente,1,Tier 1 - Exact Match,2026-08-05 17:50:49,
GOAT000177,Fabian Delph,spatial_zone_summary,statsbomb_player,Fabian Delph,1,Tier 1 - Exact Match,2026-08-05 17:50:49,
GOAT000186,José Martín Cáceres Silva,spatial_zone_summary,statsbomb_player,José Martín Cáceres Silva,1,Tier 1 - Exact Match,2026-08-05 17:50:49,
GOAT000178,Javier Fuego Martínez,spatial_zone_summary,statsbomb_player,Javier Fuego Martínez,1,Tier 1 - Exact Match,2026-08-05 17:50:49,
GOAT000175,Iker Muniain Goñi,spatial_zone_summary,statsbomb_player,Iker Muniain Goñi,1,Tier 1 - Exact Match,2026-08-05 17:50:49,
GOAT000185,Sergio García De La Fuente,spatial_zone_summary,statsbomb_player,Sergio García De La Fuente,1,Tier 1 - Exact Match,2026-08-05 17:50:49,
GOAT000184,Adrien Rabiot,spatial_zone_summary,statsbomb_player,Adrien Rabiot,1,Tier 1 - Exact Match,2026-08-05 17:50:49,
GOAT000180,Álvaro Arbeloa Coca,spatial_zone_summary,statsbomb_player,Álvaro Arbeloa Coca,1,Tier 1 - Exact Match,2026-08-05 17:50:49,
GOAT000133,N'Golo Kanté,spatial_zone_summary,statsbomb_player,N''Golo Kanté,1,Tier 2 - Accent Match,2026-08-05 17:50:49,
GOAT000133,N'Golo Kanté,spatial_zone_summary,statsbomb_player,N'Golo Kanté,1,Tier 1 - Exact Match,2026-08-05 17:50:49,
GOAT000179,Manuel Agudo Durán,spatial_zone_summary,statsbomb_player,Manuel Agudo Durán,1,Tier 1 - Exact Match,2026-08-05 17:50:49,
GOAT000174,Pablo Sarabia García,spatial_zone_summary,statsbomb_player,Pablo Sarabia García,1,Tier 1 - Exact Match,2026-08-05 17:50:49,
GOAT000183,Theo Bernard François Hernández,spatial_zone_summary,statsbomb_player,Theo Bernard François Hernández,1,Tier 1 - Exact Match,2026-08-05 17:50:49,
GOAT000181,Fernando Llorente Torres,spatial_zone_summary,statsbomb_player,Fernando Llorente Torres,1,Tier 1 - Exact Match,2026-08-05 17:50:49,
GOAT000203,Joško Gvardiol,spatial_zone_summary,statsbomb_player,Joško Gvardiol,1,Tier 1 - Exact Match,2026-08-05 17:50:49,
GOAT000188,José Andrés Guardado Hernández,spatial_zone_summary,statsbomb_player,José Andrés Guardado Hernández,1,Tier 1 - Exact Match,2026-08-05 17:50:49,
GOAT000207,Hugo Mallo Novegil,spatial_zone_summary,statsbomb_player,Hugo Mallo Novegil,1,Tier 1 - Exact Match,2026-08-05 17:50:49,
GOAT000195,Javier López Rodríguez,spatial_zone_summary,statsbomb_player,Javier López Rodríguez,1,Tier 1 - Exact Match,2026-08-05 17:50:49,
GOAT000208,Iago Aspas Juncal,spatial_zone_summary,statsbomb_player,Iago Aspas Juncal,1,Tier 1 - Exact Match,2026-08-05 17:50:49,
GOAT000194,Grzegorz Krychowiak,spatial_zone_summary,statsbomb_player,Grzegorz Krychowiak,1,Tier 1 - Exact Match,2026-08-05 17:50:49,
GOAT000201,João Pedro Cavaco Cancelo,spatial_zone_summary,statsbomb_player,João Pedro Cavaco Cancelo,1,Tier 1 - Exact Match,2026-08-05 17:50:49,
GOAT000192,Carlos Alberto Vela Garrido,spatial_zone_summary,statsbomb_player,Carlos Alberto Vela Garrido,1,Tier 1 - Exact Match,2026-08-05 17:50:49,
GOAT000196,Bruno Miguel Borges Fernandes,spatial_zone_summary,statsbomb_player,Bruno Miguel Borges Fernandes,1,Tier 1 - Exact Match,2026-08-05 17:50:49,
GOAT000209,William Silva de Carvalho,spatial_zone_summary,statsbomb_player,William Silva de Carvalho,1,Tier 1 - Exact Match,2026-08-05 17:50:49,
GOAT000190,Pedro León Sánchez Gil,spatial_zone_summary,statsbomb_player,Pedro León Sánchez Gil,1,Tier 1 - Exact Match,2026-08-05 17:50:49,
GOAT000191,Juan Antonio Rodríguez Villamuela,spatial_zone_summary,statsbomb_player,Juan Antonio Rodríguez Villamuela,1,Tier 1 - Exact Match,2026-08-05 17:50:49,
GOAT000193,Manuel Trigueros Muñoz,spatial_zone_summary,statsbomb_player,Manuel Trigueros Muñoz,1,Tier 1 - Exact Match,2026-08-05 17:50:49,
GOAT000211,Kevin Gameiro,spatial_zone_summary,statsbomb_player,Kevin Gameiro,1,Tier 1 - Exact Match,2026-08-05 17:50:49,
GOAT000198,Francisco Puñal Martínez,spatial_zone_summary,statsbomb_player,Francisco Puñal Martínez,1,Tier 1 - Exact Match,2026-08-05 17:50:49,
GOAT000205,Ander Iturraspe Derteano,spatial_zone_summary,statsbomb_player,Ander Iturraspe Derteano,1,Tier 1 - Exact Match,2026-08-05 17:50:49,
GOAT000197,Pablo Daniel Piatti,spatial_zone_summary,statsbomb_player,Pablo Daniel Piatti,1,Tier 1 - Exact Match,2026-08-05 17:50:49,
GOAT000199,Daniel García Carrillo,spatial_zone_summary,statsbomb_player,Daniel García Carrillo,1,Tier 1 - Exact Match,2026-08-05 17:50:49,
GOAT000189,Dominik Livaković,spatial_zone_summary,statsbomb_player,Dominik Livaković,1,Tier 1 - Exact Match,2026-08-05 17:50:49,
GOAT000206,Mehdi Lacen,spatial_zone_summary,statsbomb_player,Mehdi Lacen,1,Tier 1 - Exact Match,2026-08-05 17:50:49,
GOAT000200,Mario Pašalić,spatial_zone_summary,statsbomb_player,Mario Pašalić,1,Tier 1 - Exact Match,2026-08-05 17:50:49,
GOAT000202,Toby Alderweireld,spatial_zone_summary,statsbomb_player,Toby Alderweireld,1,Tier 1 - Exact Match,2026-08-05 17:50:49,
GOAT000210,Nabil El Zhar,spatial_zone_summary,statsbomb_player,Nabil El Zhar,1,Tier 1 - Exact Match,2026-08-05 17:50:49,
GOAT000204,Mikel Balenziaga Oruesagasti,spatial_zone_summary,statsbomb_player,Mikel Balenziaga Oruesagasti,1,Tier 1 - Exact Match,2026-08-05 17:50:49,
GOAT000187,Rubén Gracia Calmache,spatial_zone_summary,statsbomb_player,Rubén Gracia Calmache,1,Tier 1 - Exact Match,2026-08-05 17:50:49,
GOAT000233,Aymeric Laporte,spatial_zone_summary,statsbomb_player,Aymeric Laporte,1,Tier 1 - Exact Match,2026-08-05 17:50:49,
GOAT000231,Axel Witsel,spatial_zone_summary,statsbomb_player,Axel Witsel,1,Tier 1 - Exact Match,2026-08-05 17:50:49,
GOAT000221,Rubén Castro Martín,spatial_zone_summary,statsbomb_player,Rubén Castro Martín,1,Tier 1 - Exact Match,2026-08-05 17:50:49,
GOAT000222,Rubén Salvador Pérez Del Mármol,spatial_zone_summary,statsbomb_player,Rubén Salvador Pérez Del Mármol,1,Tier 1 - Exact Match,2026-08-05 17:50:49,
GOAT000223,Santiago Mina Lorenzo,spatial_zone_summary,statsbomb_player,Santiago Mina Lorenzo,1,Tier 1 - Exact Match,2026-08-05 17:50:49,
GOAT000234,Adrián González Morales,spatial_zone_summary,statsbomb_player,Adrián González Morales,1,Tier 1 - Exact Match,2026-08-05 17:50:49,
GOAT000226,Tiago Cardoso Mendes,spatial_zone_summary,statsbomb_player,Tiago Cardoso Mendes,1,Tier 1 - Exact Match,2026-08-05 17:50:49,
GOAT000238,Moriba Kourouma Kourouma,spatial_zone_summary,statsbomb_player,Moriba Kourouma Kourouma,1,Tier 1 - Exact Match,2026-08-05 17:50:49,
GOAT000236,Malcom Filipe Silva de Oliveira,spatial_zone_summary,statsbomb_player,Malcom Filipe Silva de Oliveira,1,Tier 1 - Exact Match,2026-08-05 17:50:49,
GOAT000212,Damián Emiliano Martínez,spatial_zone_summary,statsbomb_player,Damián Emiliano Martínez,1,Tier 1 - Exact Match,2026-08-05 17:50:49,
GOAT000239,Mikel San José Domínguez,spatial_zone_summary,statsbomb_player,Mikel San José Domínguez,1,Tier 1 - Exact Match,2026-08-05 17:50:49,
GOAT000241,Sérgio Paulo Barbosa Valente,spatial_zone_summary,statsbomb_player,Sérgio Paulo Barbosa Valente,1,Tier 1 - Exact Match,2026-08-05 17:50:49,
GOAT000228,Álvaro González Soberón,spatial_zone_summary,statsbomb_player,Álvaro González Soberón,1,Tier 1 - Exact Match,2026-08-05 17:50:49,
GOAT000227,José Luis García del Pozo,spatial_zone_summary,statsbomb_player,José Luis García del Pozo,1,Tier 1 - Exact Match,2026-08-05 17:50:49,
GOAT000224,Asier Illarramendi Andonegi,spatial_zone_summary,statsbomb_player,Asier Illarramendi Andonegi,1,Tier 1 - Exact Match,2026-08-05 17:50:49,
GOAT000213,Ángel Martín Correa,spatial_zone_summary,statsbomb_player,Ángel Martín Correa,1,Tier 1 - Exact Match,2026-08-05 17:50:49,
GOAT000214,Ángel Lafita Castillo,spatial_zone_summary,statsbomb_player,Ángel Lafita Castillo,1,Tier 1 - Exact Match,2026-08-05 17:50:49,
GOAT000232,José Luis Gayà Peña,spatial_zone_summary,statsbomb_player,José Luis Gayà Peña,1,Tier 1 - Exact Match,2026-08-05 17:50:49,
GOAT000215,Gerard Moreno Balaguero,spatial_zone_summary,statsbomb_player,Gerard Moreno Balaguero,1,Tier 1 - Exact Match,2026-08-05 17:50:49,
GOAT000218,Piotr Zieliński,spatial_zone_summary,statsbomb_player,Piotr Zieliński,1,Tier 1 - Exact Match,2026-08-05 17:50:49,
GOAT000220,Gerard Deulofeu Lázaro,spatial_zone_summary,statsbomb_player,Gerard Deulofeu Lázaro,1,Tier 1 - Exact Match,2026-08-05 17:50:49,
GOAT000219,Lucas Hernández Pi,spatial_zone_summary,statsbomb_player,Lucas Hernández Pi,1,Tier 1 - Exact Match,2026-08-05 17:50:49,
GOAT000230,Gonzalo Castro Irizábal,spatial_zone_summary,statsbomb_player,Gonzalo Castro Irizábal,1,Tier 1 - Exact Match,2026-08-05 17:50:49,
GOAT000217,José María Giménez de Vargas,spatial_zone_summary,statsbomb_player,José María Giménez de Vargas,1,Tier 1 - Exact Match,2026-08-05 17:50:49,
GOAT000229,Gonzalo Gerardo Higuaín,spatial_zone_summary,statsbomb_player,Gonzalo Gerardo Higuaín,1,Tier 1 - Exact Match,2026-08-05 17:50:49,
GOAT000240,Alberto Lopo García,spatial_zone_summary,statsbomb_player,Alberto Lopo García,1,Tier 1 - Exact Match,2026-08-05 17:50:49,
GOAT000237,Henrik Larsson,spatial_zone_summary,statsbomb_player,Henrik Larsson,1,Tier 1 - Exact Match,2026-08-05 17:50:49,
GOAT000225,Iván Cuéllar Sacristán,spatial_zone_summary,statsbomb_player,Iván Cuéllar Sacristán,1,Tier 1 - Exact Match,2026-08-05 17:50:49,
GOAT000235,Ignacio Monreal Eraso,spatial_zone_summary,statsbomb_player,Ignacio Monreal Eraso,1,Tier 1 - Exact Match,2026-08-05 17:50:49,
GOAT000216,Youri Tielemans,spatial_zone_summary,statsbomb_player,Youri Tielemans,1,Tier 1 - Exact Match,2026-08-05 17:50:49,
GOAT000254,Norberto Murara Neto,spatial_zone_summary,statsbomb_player,Norberto Murara Neto,1,Tier 1 - Exact Match,2026-08-05 17:50:49,
GOAT000244,Daniel Wass,spatial_zone_summary,statsbomb_player,Daniel Wass,1,Tier 1 - Exact Match,2026-08-05 17:50:49,
GOAT000275,Antonio Rodríguez Martínez,spatial_zone_summary,statsbomb_player,Antonio Rodríguez Martínez,1,Tier 1 - Exact Match,2026-08-05 17:50:49,
GOAT000246,Gustavo Daniel Cabral Cáceres,spatial_zone_summary,statsbomb_player,Gustavo Daniel Cabral Cáceres,1,Tier 1 - Exact Match,2026-08-05 17:50:49,
GOAT000253,Bruno Petković,spatial_zone_summary,statsbomb_player,Bruno Petković,1,Tier 1 - Exact Match,2026-08-05 17:50:49,
GOAT000270,Raúl Tamudo Montero,spatial_zone_summary,statsbomb_player,Raúl Tamudo Montero,1,Tier 1 - Exact Match,2026-08-05 17:50:49,
GOAT000252,Dmytro Chygrynskiy,spatial_zone_summary,statsbomb_player,Dmytro Chygrynskiy,1,Tier 1 - Exact Match,2026-08-05 17:50:49,
GOAT000274,Sidnei Rechel da Silva Júnior,spatial_zone_summary,statsbomb_player,Sidnei Rechel da Silva Júnior,1,Tier 1 - Exact Match,2026-08-05 17:50:49,
GOAT000277,Enzo Fernandez,spatial_zone_summary,statsbomb_player,Enzo Fernandez,1,Tier 1 - Exact Match,2026-08-05 17:50:49,
GOAT000257,Anaitz Arbilla Zabala,spatial_zone_summary,statsbomb_player,Anaitz Arbilla Zabala,1,Tier 1 - Exact Match,2026-08-05 17:50:49,
GOAT000242,Aliaksandr Hleb,spatial_zone_summary,statsbomb_player,Aliaksandr Hleb,1,Tier 1 - Exact Match,2026-08-05 17:50:49,
GOAT000258,Ander Capa Rodríguez,spatial_zone_summary,statsbomb_player,Ander Capa Rodríguez,1,Tier 1 - Exact Match,2026-08-05 17:50:49,
GOAT000248,Andoni Iraola Sagarna,spatial_zone_summary,statsbomb_player,Andoni Iraola Sagarna,1,Tier 1 - Exact Match,2026-08-05 17:50:49,
GOAT000250,Eden Hazard,spatial_zone_summary,statsbomb_player,Eden Hazard,1,Tier 1 - Exact Match,2026-08-05 17:50:49,
GOAT000259,Miguel Torres Gómez,spatial_zone_summary,statsbomb_player,Miguel Torres Gómez,1,Tier 1 - Exact Match,2026-08-05 17:50:49,
GOAT000263,Thomas Meunier,spatial_zone_summary,statsbomb_player,Thomas Meunier,1,Tier 1 - Exact Match,2026-08-05 17:50:49,
GOAT000261,Nahuel Molina Lucero,spatial_zone_summary,statsbomb_player,Nahuel Molina Lucero,1,Tier 1 - Exact Match,2026-08-05 17:50:49,
GOAT000271,Takashi Inui,spatial_zone_summary,statsbomb_player,Takashi Inui,1,Tier 1 - Exact Match,2026-08-05 17:50:49,
GOAT000265,Aurélien Djani Tchouaméni,spatial_zone_summary,statsbomb_player,Aurélien Djani Tchouaméni,1,Tier 1 - Exact Match,2026-08-05 17:50:49,
GOAT000269,Roque Mesa Quevedo,spatial_zone_summary,statsbomb_player,Roque Mesa Quevedo,1,Tier 1 - Exact Match,2026-08-05 17:50:49,
GOAT000278,Rúben Santos Gato Alves Dias,spatial_zone_summary,statsbomb_player,Rúben Santos Gato Alves Dias,1,Tier 1 - Exact Match,2026-08-05 17:50:49,
GOAT000273,Javier Pedro Saviola Fernández,spatial_zone_summary,statsbomb_player,Javier Pedro Saviola Fernández,1,Tier 1 - Exact Match,2026-08-05 17:50:49,
GOAT000280,Damián Nicolás Suárez Suárez,spatial_zone_summary,statsbomb_player,Damián Nicolás Suárez Suárez,1,Tier 1 - Exact Match,2026-08-05 17:50:49,
GOAT000243,Manuel del Moral Fernández,spatial_zone_summary,statsbomb_player,Manuel del Moral Fernández,1,Tier 1 - Exact Match,2026-08-05 17:50:49,
GOAT000264,José Antonio Reyes Calderón,spatial_zone_summary,statsbomb_player,José Antonio Reyes Calderón,1,Tier 1 - Exact Match,2026-08-05 17:50:49,
GOAT000276,Javier Camuñas Gallego,spatial_zone_summary,statsbomb_player,Javier Camuñas Gallego,1,Tier 1 - Exact Match,2026-08-05 17:50:49,
GOAT000268,Jorge Andújar Moreno,spatial_zone_summary,statsbomb_player,Jorge Andújar Moreno,1,Tier 1 - Exact Match,2026-08-05 17:50:49,
GOAT000267,Jorge Molina Vidal,spatial_zone_summary,statsbomb_player,Jorge Molina Vidal,1,Tier 1 - Exact Match,2026-08-05 17:50:49,
GOAT000245,Cristian Gabriel Romero,spatial_zone_summary,statsbomb_player,Cristian Gabriel Romero,1,Tier 1 - Exact Match,2026-08-05 17:50:49,
GOAT000260,Lautaro Javier Martínez,spatial_zone_summary,statsbomb_player,Lautaro Javier Martínez,1,Tier 1 - Exact Match,2026-08-05 17:50:49,
GOAT000247,Víctor Machín Pérez,spatial_zone_summary,statsbomb_player,Víctor Machín Pérez,1,Tier 1 - Exact Match,2026-08-05 17:50:49,
GOAT000272,Esteban Félix Granero Molina,spatial_zone_summary,statsbomb_player,Esteban Félix Granero Molina,1,Tier 1 - Exact Match,2026-08-05 17:50:49,
GOAT000262,Raphaël Adelino José Guerreiro,spatial_zone_summary,statsbomb_player,Raphaël Adelino José Guerreiro,1,Tier 1 - Exact Match,2026-08-05 17:50:49,
GOAT000251,João Miranda de Souza Filho,spatial_zone_summary,statsbomb_player,João Miranda de Souza Filho,1,Tier 1 - Exact Match,2026-08-05 17:50:49,
GOAT000255,Julián Álvarez,spatial_zone_summary,statsbomb_player,Julián Álvarez,1,Tier 1 - Exact Match,2026-08-05 17:50:49,
GOAT000249,Raúl Albiol i Tortajada,spatial_zone_summary,statsbomb_player,Raúl Albiol i Tortajada,1,Tier 1 - Exact Match,2026-08-05 17:50:49,
GOAT000256,Víctor Casadesús Castaño,spatial_zone_summary,statsbomb_player,Víctor Casadesús Castaño,1,Tier 1 - Exact Match,2026-08-05 17:50:49,
GOAT000279,Álvaro Negredo Sánchez,spatial_zone_summary,statsbomb_player,Álvaro Negredo Sánchez,1,Tier 1 - Exact Match,2026-08-05 17:50:49,
GOAT000313,Dries Mertens,spatial_zone_summary,statsbomb_player,Dries Mertens,1,Tier 1 - Exact Match,2026-08-05 17:50:49,
GOAT000289,David Barral Torres,spatial_zone_summary,statsbomb_player,David Barral Torres,1,Tier 1 - Exact Match,2026-08-05 17:50:49,
GOAT000314,Álvaro Borja Morata Martín,spatial_zone_summary,statsbomb_player,Álvaro Borja Morata Martín,1,Tier 1 - Exact Match,2026-08-05 17:50:49,
GOAT000304,Joan Verdú Fernández,spatial_zone_summary,statsbomb_player,Joan Verdú Fernández,1,Tier 1 - Exact Match,2026-08-05 17:50:49,
GOAT000305,Joan Jordán Moreno,spatial_zone_summary,statsbomb_player,Joan Jordán Moreno,1,Tier 1 - Exact Match,2026-08-05 17:50:49,
GOAT000308,Álvaro Cejudo Carmona,spatial_zone_summary,statsbomb_player,Álvaro Cejudo Carmona,1,Tier 1 - Exact Match,2026-08-05 17:50:49,
GOAT000287,Javier Varas Herrera,spatial_zone_summary,statsbomb_player,Javier Varas Herrera,1,Tier 1 - Exact Match,2026-08-05 17:50:49,
GOAT000319,Iñaki Williams Arthuer,spatial_zone_summary,statsbomb_player,Iñaki Williams Arthuer,1,Tier 1 - Exact Match,2026-08-05 17:50:49,
GOAT000306,Markel Bergara Larrañaga,spatial_zone_summary,statsbomb_player,Markel Bergara Larrañaga,1,Tier 1 - Exact Match,2026-08-05 17:50:49,
GOAT000321,Thomas Teye Partey,spatial_zone_summary,statsbomb_player,Thomas Teye Partey,1,Tier 1 - Exact Match,2026-08-05 17:50:49,
GOAT000288,David Albelda Aliqués,spatial_zone_summary,statsbomb_player,David Albelda Aliqués,1,Tier 1 - Exact Match,2026-08-05 17:50:49,
GOAT000285,Mikel González de Martín Martínez,spatial_zone_summary,statsbomb_player,Mikel González de Martín Martínez,1,Tier 1 - Exact Match,2026-08-05 17:50:49,
GOAT000329,Andrés Eduardo Fernández Moreno,spatial_zone_summary,statsbomb_player,Andrés Eduardo Fernández Moreno,1,Tier 1 - Exact Match,2026-08-05 17:50:49,
GOAT000301,Mikel Rico Moreno,spatial_zone_summary,statsbomb_player,Mikel Rico Moreno,1,Tier 1 - Exact Match,2026-08-05 17:50:49,
GOAT000297,Bartosz Bereszyński,spatial_zone_summary,statsbomb_player,Bartosz Bereszyński,1,Tier 1 - Exact Match,2026-08-05 17:50:49,
GOAT000290,Augusto Matías Fernández,spatial_zone_summary,statsbomb_player,Augusto Matías Fernández,1,Tier 1 - Exact Match,2026-08-05 17:50:49,
GOAT000292,David Zurutuza Veillet,spatial_zone_summary,statsbomb_player,David Zurutuza Veillet,1,Tier 1 - Exact Match,2026-08-05 17:50:49,
GOAT000299,Dayotchanculle Upamecano,spatial_zone_summary,statsbomb_player,Dayotchanculle Upamecano,1,Tier 1 - Exact Match,2026-08-05 17:50:49,
GOAT000320,Fernando José Torres Sanz,spatial_zone_summary,statsbomb_player,Fernando José Torres Sanz,1,Tier 1 - Exact Match,2026-08-05 17:50:49,
GOAT000284,Lucas Pérez Martínez,spatial_zone_summary,statsbomb_player,Lucas Pérez Martínez,1,Tier 1 - Exact Match,2026-08-05 17:50:49,
GOAT000310,Marco Asensio Willemsen,spatial_zone_summary,statsbomb_player,Marco Asensio Willemsen,1,Tier 1 - Exact Match,2026-08-05 17:50:49,
GOAT000323,Tomás Pina Isla,spatial_zone_summary,statsbomb_player,Tomás Pina Isla,1,Tier 1 - Exact Match,2026-08-05 17:50:49,
GOAT000327,Wojciech Szczęsny,spatial_zone_summary,statsbomb_player,Wojciech Szczęsny,1,Tier 1 - Exact Match,2026-08-05 17:50:49,
GOAT000311,Gerónimo Rulli,spatial_zone_summary,statsbomb_player,Gerónimo Rulli,1,Tier 1 - Exact Match,2026-08-05 17:50:49,
GOAT000317,Pedro López Muñoz,spatial_zone_summary,statsbomb_player,Pedro López Muñoz,1,Tier 1 - Exact Match,2026-08-05 17:50:49,
GOAT000293,Charles Días Barbosa de Oliveira,spatial_zone_summary,statsbomb_player,Charles Días Barbosa de Oliveira,1,Tier 1 - Exact Match,2026-08-05 17:50:49,
GOAT000291,Weligton Róbson Pena de Oliveira,spatial_zone_summary,statsbomb_player,Weligton Róbson Pena de Oliveira,1,Tier 1 - Exact Match,2026-08-05 17:50:49,
GOAT000309,Alexis Mac Allister,spatial_zone_summary,statsbomb_player,Alexis Mac Allister,1,Tier 1 - Exact Match,2026-08-05 17:50:49,
GOAT000328,Vincent Kompany,spatial_zone_summary,statsbomb_player,Vincent Kompany,1,Tier 1 - Exact Match,2026-08-05 17:50:49,
GOAT000303,Ezequiel Marcelo Garay,spatial_zone_summary,statsbomb_player,Ezequiel Marcelo Garay,1,Tier 1 - Exact Match,2026-08-05 17:50:49,
GOAT000312,Allan Romeo Nyom,spatial_zone_summary,statsbomb_player,Allan Romeo Nyom,1,Tier 1 - Exact Match,2026-08-05 17:50:49,
GOAT000325,Vicente Guaita Panadero,spatial_zone_summary,statsbomb_player,Vicente Guaita Panadero,1,Tier 1 - Exact Match,2026-08-05 17:50:49,
GOAT000282,Frédéric Oumar Kanouté,spatial_zone_summary,statsbomb_player,Frédéric Oumar Kanouté,1,Tier 1 - Exact Match,2026-08-05 17:50:49,
GOAT000316,Paul Pogba,spatial_zone_summary,statsbomb_player,Paul Pogba,1,Tier 1 - Exact Match,2026-08-05 17:50:49,
GOAT000298,Pablo Javier Zabaleta Girod,spatial_zone_summary,statsbomb_player,Pablo Javier Zabaleta Girod,1,Tier 1 - Exact Match,2026-08-05 17:50:49,
GOAT000300,Willian José da Silva,spatial_zone_summary,statsbomb_player,Willian José da Silva,1,Tier 1 - Exact Match,2026-08-05 17:50:49,
GOAT000322,Alejandro Arribas Garrido,spatial_zone_summary,statsbomb_player,Alejandro Arribas Garrido,1,Tier 1 - Exact Match,2026-08-05 17:50:49,
GOAT000315,Juan Francisco García García,spatial_zone_summary,statsbomb_player,Juan Francisco García García,1,Tier 1 - Exact Match,2026-08-05 17:50:49,
GOAT000326,João Félix Sequeira,spatial_zone_summary,statsbomb_player,João Félix Sequeira,1,Tier 1 - Exact Match,2026-08-05 17:50:49,
GOAT000330,José Luis Morales Nogales,spatial_zone_summary,statsbomb_player,José Luis Morales Nogales,1,Tier 1 - Exact Match,2026-08-05 17:50:49,
GOAT000307,Gonzalo Escalante,spatial_zone_summary,statsbomb_player,Gonzalo Escalante,1,Tier 1 - Exact Match,2026-08-05 17:50:49,
GOAT000286,Sergio Enrich Ametller,spatial_zone_summary,statsbomb_player,Sergio Enrich Ametller,1,Tier 1 - Exact Match,2026-08-05 17:50:49,
GOAT000296,Jose Luis Martí Soler,spatial_zone_summary,statsbomb_player,Jose Luis Martí Soler,1,Tier 1 - Exact Match,2026-08-05 17:50:49,
GOAT000324,Gonzalo Colsa Albendea,spatial_zone_summary,statsbomb_player,Gonzalo Colsa Albendea,1,Tier 1 - Exact Match,2026-08-05 17:50:49,
GOAT000318,Roberto Román Triguero,spatial_zone_summary,statsbomb_player,Roberto Román Triguero,1,Tier 1 - Exact Match,2026-08-05 17:50:49,
GOAT000281,Youssef En-Nesyri,spatial_zone_summary,statsbomb_player,Youssef En-Nesyri,1,Tier 1 - Exact Match,2026-08-05 17:50:49,
GOAT000302,Santiago Cazorla González,spatial_zone_summary,statsbomb_player,Santiago Cazorla González,1,Tier 1 - Exact Match,2026-08-05 17:50:49,
GOAT000294,Rodrigo Moreno Machado,spatial_zone_summary,statsbomb_player,Rodrigo Moreno Machado,1,Tier 1 - Exact Match,2026-08-05 17:50:49,
GOAT000295,Rodrigo Hernández Cascante,spatial_zone_summary,statsbomb_player,Rodrigo Hernández Cascante,1,Tier 1 - Exact Match,2026-08-05 17:50:49,
GOAT000283,Javier Martínez Aginaga,spatial_zone_summary,statsbomb_player,Javier Martínez Aginaga,1,Tier 1 - Exact Match,2026-08-05 17:50:49,
GOAT000345,Miguel Flaño Bezunartea,spatial_zone_summary,statsbomb_player,Miguel Flaño Bezunartea,1,Tier 1 - Exact Match,2026-08-05 17:50:49,
GOAT000350,Andreu Fontàs Prat,spatial_zone_summary,statsbomb_player,Andreu Fontàs Prat,1,Tier 1 - Exact Match,2026-08-05 17:50:49,
GOAT000354,Denis Cheryshev,spatial_zone_summary,statsbomb_player,Denis Cheryshev,1,Tier 1 - Exact Match,2026-08-05 17:50:49,
GOAT000358,Rúben Diogo Da Silva Neves,spatial_zone_summary,statsbomb_player,Rúben Diogo Da Silva Neves,1,Tier 1 - Exact Match,2026-08-05 17:50:49,
GOAT000371,Domagoj Vida,spatial_zone_summary,statsbomb_player,Domagoj Vida,1,Tier 1 - Exact Match,2026-08-05 17:50:49,
GOAT000381,Ignacio Camacho Barnola,spatial_zone_summary,statsbomb_player,Ignacio Camacho Barnola,1,Tier 1 - Exact Match,2026-08-05 17:50:49,
GOAT000352,Jonathan Viera Ramos,spatial_zone_summary,statsbomb_player,Jonathan Viera Ramos,1,Tier 1 - Exact Match,2026-08-05 17:50:49,
GOAT000377,Andrés Palop Cervera,spatial_zone_summary,statsbomb_player,Andrés Palop Cervera,1,Tier 1 - Exact Match,2026-08-05 17:50:49,
GOAT000367,Rubén Duarte Sánchez,spatial_zone_summary,statsbomb_player,Rubén Duarte Sánchez,1,Tier 1 - Exact Match,2026-08-05 17:50:49,
GOAT000363,David Rodríguez Lombán,spatial_zone_summary,statsbomb_player,David Rodríguez Lombán,1,Tier 1 - Exact Match,2026-08-05 17:50:49,
GOAT000380,Benjamin Pavard,spatial_zone_summary,statsbomb_player,Benjamin Pavard,1,Tier 1 - Exact Match,2026-08-05 17:50:49,
GOAT000362,Rubén Iván Martínez Andrade,spatial_zone_summary,statsbomb_player,Rubén Iván Martínez Andrade,1,Tier 1 - Exact Match,2026-08-05 17:50:49,
GOAT000366,Jonathan Castro Otto,spatial_zone_summary,statsbomb_player,Jonathan Castro Otto,1,Tier 1 - Exact Match,2026-08-05 17:50:49,
GOAT000373,Rubén Pardo Gutiérrez,spatial_zone_summary,statsbomb_player,Rubén Pardo Gutiérrez,1,Tier 1 - Exact Match,2026-08-05 17:50:49,
GOAT000357,Rubén Rochina Naixes,spatial_zone_summary,statsbomb_player,Rubén Rochina Naixes,1,Tier 1 - Exact Match,2026-08-05 17:50:49,
GOAT000356,Sami Khedira,spatial_zone_summary,statsbomb_player,Sami Khedira,1,Tier 1 - Exact Match,2026-08-05 17:50:49,
GOAT000372,Diogo Meireles Costa,spatial_zone_summary,statsbomb_player,Diogo Meireles Costa,1,Tier 1 - Exact Match,2026-08-05 17:50:49,
GOAT000376,Ferrán Corominas Telechea,spatial_zone_summary,statsbomb_player,Ferrán Corominas Telechea,1,Tier 1 - Exact Match,2026-08-05 17:50:49,
GOAT000333,Germán Alejandro Pezzella,spatial_zone_summary,statsbomb_player,Germán Alejandro Pezzella,1,Tier 1 - Exact Match,2026-08-05 17:50:49,
GOAT000337,Cristhian Ricardo Stuani Curbelo,spatial_zone_summary,statsbomb_player,Cristhian Ricardo Stuani Curbelo,1,Tier 1 - Exact Match,2026-08-05 17:50:49,
GOAT000369,Leonardo Carrilho Baptistão,spatial_zone_summary,statsbomb_player,Leonardo Carrilho Baptistão,1,Tier 1 - Exact Match,2026-08-05 17:50:49,
GOAT000361,Lisandro Martínez,spatial_zone_summary,statsbomb_player,Lisandro Martínez,1,Tier 1 - Exact Match,2026-08-05 17:50:49,
GOAT000368,Javier Eraso Goñi,spatial_zone_summary,statsbomb_player,Javier Eraso Goñi,1,Tier 1 - Exact Match,2026-08-05 17:50:49,
GOAT000349,Juan Miguel Jiménez López,spatial_zone_summary,statsbomb_player,Juan Miguel Jiménez López,1,Tier 1 - Exact Match,2026-08-05 17:50:49,
GOAT000340,Manuel Jesús Ortiz Toribio,spatial_zone_summary,statsbomb_player,Manuel Jesús Ortiz Toribio,1,Tier 1 - Exact Match,2026-08-05 17:50:49,
GOAT000346,Luis García Fernández,spatial_zone_summary,statsbomb_player,Luis García Fernández,1,Tier 1 - Exact Match,2026-08-05 17:50:49,
GOAT000336,Luís Miguel Brito Garcia Monteiro,spatial_zone_summary,statsbomb_player,Luís Miguel Brito Garcia Monteiro,1,Tier 1 - Exact Match,2026-08-05 17:50:49,
GOAT000383,Carlos Arturo Bacca Ahumada,spatial_zone_summary,statsbomb_player,Carlos Arturo Bacca Ahumada,1,Tier 1 - Exact Match,2026-08-05 17:50:49,
GOAT000344,Fayçal Fajr,spatial_zone_summary,statsbomb_player,Fayçal Fajr,1,Tier 1 - Exact Match,2026-08-05 17:50:49,
GOAT000386,Antonio López Guerrero,spatial_zone_summary,statsbomb_player,Antonio López Guerrero,1,Tier 1 - Exact Match,2026-08-05 17:50:49,
GOAT000335,Gonzalo Ariel Montiel,spatial_zone_summary,statsbomb_player,Gonzalo Ariel Montiel,1,Tier 1 - Exact Match,2026-08-05 17:50:49,
GOAT000339,Mark van Bommel,spatial_zone_summary,statsbomb_player,Mark van Bommel,1,Tier 1 - Exact Match,2026-08-05 17:50:49,
GOAT000353,Josip Juranović,spatial_zone_summary,statsbomb_player,Josip Juranović,1,Tier 1 - Exact Match,2026-08-05 17:50:49,
GOAT000384,Roberto José Rosales Altuve,spatial_zone_summary,statsbomb_player,Roberto José Rosales Altuve,1,Tier 1 - Exact Match,2026-08-05 17:50:49,
GOAT000338,Mario Mandžukić,spatial_zone_summary,statsbomb_player,Mario Mandžukić,1,Tier 1 - Exact Match,2026-08-05 17:50:49,
GOAT000364,Ander Herrera Agüera,spatial_zone_summary,statsbomb_player,Ander Herrera Agüera,1,Tier 1 - Exact Match,2026-08-05 17:50:49,
GOAT000334,Marcos Javier Acuña,spatial_zone_summary,statsbomb_player,Marcos Javier Acuña,1,Tier 1 - Exact Match,2026-08-05 17:50:49,
GOAT000351,Nikola Vlašić,spatial_zone_summary,statsbomb_player,Nikola Vlašić,1,Tier 1 - Exact Match,2026-08-05 17:50:49,
GOAT000370,Ante Rebić,spatial_zone_summary,statsbomb_player,Ante Rebić,1,Tier 1 - Exact Match,2026-08-05 17:50:49,
GOAT000379,Roberto Trashorras Gayoso,spatial_zone_summary,statsbomb_player,Roberto Trashorras Gayoso,1,Tier 1 - Exact Match,2026-08-05 17:50:49,
GOAT000342,Dudú Aouate,spatial_zone_summary,statsbomb_player,Dudú Aouate,1,Tier 1 - Exact Match,2026-08-05 17:50:49,
GOAT000355,Nemanja Radoja,spatial_zone_summary,statsbomb_player,Nemanja Radoja,1,Tier 1 - Exact Match,2026-08-05 17:50:49,
GOAT000378,Borja Mayoral Moya,spatial_zone_summary,statsbomb_player,Borja Mayoral Moya,1,Tier 1 - Exact Match,2026-08-05 17:50:49,
GOAT000375,Dídac Vilá Rosselló,spatial_zone_summary,statsbomb_player,Dídac Vilá Rosselló,1,Tier 1 - Exact Match,2026-08-05 17:50:49,
GOAT000360,Héctor Alfredo Moreno Herrera,spatial_zone_summary,statsbomb_player,Héctor Alfredo Moreno Herrera,1,Tier 1 - Exact Match,2026-08-05 17:50:49,
GOAT000359,Ibai Gómez Pérez,spatial_zone_summary,statsbomb_player,Ibai Gómez Pérez,1,Tier 1 - Exact Match,2026-08-05 17:50:49,
GOAT000341,Mateo Pablo Musacchio,spatial_zone_summary,statsbomb_player,Mateo Pablo Musacchio,1,Tier 1 - Exact Match,2026-08-05 17:50:49,
GOAT000374,Francisco Casilla Cortés,spatial_zone_summary,statsbomb_player,Francisco Casilla Cortés,1,Tier 1 - Exact Match,2026-08-05 17:50:49,
GOAT000365,Francisco Javier Casquero Paredes,spatial_zone_summary,statsbomb_player,Francisco Javier Casquero Paredes,1,Tier 1 - Exact Match,2026-08-05 17:50:49,
GOAT000382,Przemysław Frankowski,spatial_zone_summary,statsbomb_player,Przemysław Frankowski,1,Tier 1 - Exact Match,2026-08-05 17:50:49,
GOAT000332,Gabriel Armando de Abreu,spatial_zone_summary,statsbomb_player,Gabriel Armando de Abreu,1,Tier 1 - Exact Match,2026-08-05 17:50:49,
GOAT000385,Iván Ramis Barrios,spatial_zone_summary,statsbomb_player,Iván Ramis Barrios,1,Tier 1 - Exact Match,2026-08-05 17:50:49,
GOAT000348,Jan Bednarek,spatial_zone_summary,statsbomb_player,Jan Bednarek,1,Tier 1 - Exact Match,2026-08-05 17:50:49,
GOAT000331,Šime Vrsaljko,spatial_zone_summary,statsbomb_player,Šime Vrsaljko,1,Tier 1 - Exact Match,2026-08-05 17:50:49,
GOAT000347,Pablo Hernández Domínguez,spatial_zone_summary,statsbomb_player,Pablo Hernández Domínguez,1,Tier 1 - Exact Match,2026-08-05 17:50:49,
GOAT000343,Lovro Majer,spatial_zone_summary,statsbomb_player,Lovro Majer,1,Tier 1 - Exact Match,2026-08-05 17:50:49,
GOAT000430,Geoffrey Kondogbia,spatial_zone_summary,statsbomb_player,Geoffrey Kondogbia,1,Tier 1 - Exact Match,2026-08-05 17:50:49,
GOAT000405,Carlos Marchena López,spatial_zone_summary,statsbomb_player,Carlos Marchena López,1,Tier 1 - Exact Match,2026-08-05 17:50:49,
GOAT000393,Jaume Vicent Costa Jordá,spatial_zone_summary,statsbomb_player,Jaume Vicent Costa Jordá,1,Tier 1 - Exact Match,2026-08-05 17:50:49,
GOAT000399,Kingsley Coman,spatial_zone_summary,statsbomb_player,Kingsley Coman,1,Tier 1 - Exact Match,2026-08-05 17:50:49,
GOAT000421,Rafael Alexandre Conceição Leão,spatial_zone_summary,statsbomb_player,Rafael Alexandre Conceição Leão,1,Tier 1 - Exact Match,2026-08-05 17:50:49,
GOAT000409,Kamil Glik,spatial_zone_summary,statsbomb_player,Kamil Glik,1,Tier 1 - Exact Match,2026-08-05 17:50:49,
GOAT000426,César Sánchez Domínguez,spatial_zone_summary,statsbomb_player,César Sánchez Domínguez,1,Tier 1 - Exact Match,2026-08-05 17:50:49,
GOAT000408,Antonio Barragán Fernández,spatial_zone_summary,statsbomb_player,Antonio Barragán Fernández,1,Tier 1 - Exact Match,2026-08-05 17:50:49,
GOAT000428,Jozabed Sánchez Ruiz,spatial_zone_summary,statsbomb_player,Jozabed Sánchez Ruiz,1,Tier 1 - Exact Match,2026-08-05 17:50:49,
GOAT000403,Diego Forlán Corazo,spatial_zone_summary,statsbomb_player,Diego Forlán Corazo,1,Tier 1 - Exact Match,2026-08-05 17:50:49,
GOAT000419,Dimitri Foulquier,spatial_zone_summary,statsbomb_player,Dimitri Foulquier,1,Tier 1 - Exact Match,2026-08-05 17:50:49,
GOAT000396,Moisés Gómez Bordonado,spatial_zone_summary,statsbomb_player,Moisés Gómez Bordonado,1,Tier 1 - Exact Match,2026-08-05 17:50:49,
GOAT000397,Rúben Miguel Nunes Vezo,spatial_zone_summary,statsbomb_player,Rúben Miguel Nunes Vezo,1,Tier 1 - Exact Match,2026-08-05 17:50:49,
GOAT000391,Miguel Alfonso Herrero Javaloyas,spatial_zone_summary,statsbomb_player,Miguel Alfonso Herrero Javaloyas,1,Tier 1 - Exact Match,2026-08-05 17:50:49,
GOAT000407,Aïssa Mandi,spatial_zone_summary,statsbomb_player,Aïssa Mandi,1,Tier 1 - Exact Match,2026-08-05 17:50:49,
GOAT000414,Bernardo José Espinosa Zúñiga,spatial_zone_summary,statsbomb_player,Bernardo José Espinosa Zúñiga,1,Tier 1 - Exact Match,2026-08-05 17:50:49,
GOAT000402,Diego Castro Giménez,spatial_zone_summary,statsbomb_player,Diego Castro Giménez,1,Tier 1 - Exact Match,2026-08-05 17:50:49,
GOAT000400,David Navarro Pedrós,spatial_zone_summary,statsbomb_player,David Navarro Pedrós,1,Tier 1 - Exact Match,2026-08-05 17:50:49,
GOAT000422,Ignacio Pérez Santamaría,spatial_zone_summary,statsbomb_player,Ignacio Pérez Santamaría,1,Tier 1 - Exact Match,2026-08-05 17:50:49,
GOAT000390,Youssouf Fofana,spatial_zone_summary,statsbomb_player,Youssouf Fofana,1,Tier 1 - Exact Match,2026-08-05 17:50:49,
GOAT000431,Yuri Berchiche Izeta,spatial_zone_summary,statsbomb_player,Yuri Berchiche Izeta,1,Tier 1 - Exact Match,2026-08-05 17:50:49,
GOAT000392,Francisco Javier Chica Torres,spatial_zone_summary,statsbomb_player,Francisco Javier Chica Torres,1,Tier 1 - Exact Match,2026-08-05 17:50:49,
GOAT000415,Víctor Camarasa Ferrando,spatial_zone_summary,statsbomb_player,Víctor Camarasa Ferrando,1,Tier 1 - Exact Match,2026-08-05 17:50:49,
GOAT000395,Salvador Sevilla López,spatial_zone_summary,statsbomb_player,Salvador Sevilla López,1,Tier 1 - Exact Match,2026-08-05 17:50:49,
GOAT000388,Adil Rami,spatial_zone_summary,statsbomb_player,Adil Rami,1,Tier 1 - Exact Match,2026-08-05 17:50:49,
GOAT000389,Sergio Escudero Palomo,spatial_zone_summary,statsbomb_player,Sergio Escudero Palomo,1,Tier 1 - Exact Match,2026-08-05 17:50:49,
GOAT000425,Alejandro Bergantiños García,spatial_zone_summary,statsbomb_player,Alejandro Bergantiños García,1,Tier 1 - Exact Match,2026-08-05 17:50:49,
GOAT000418,João Maria Lobo Alves Palhinha Gonçalves,spatial_zone_summary,statsbomb_player,João Maria Lobo Alves Palhinha Gonçalves,1,Tier 1 - Exact Match,2026-08-05 17:50:49,
GOAT000420,Juan Carlos Pérez López,spatial_zone_summary,statsbomb_player,Juan Carlos Pérez López,1,Tier 1 - Exact Match,2026-08-05 17:50:49,
GOAT000416,Juan Francisco Moreno Fuertes,spatial_zone_summary,statsbomb_player,Juan Francisco Moreno Fuertes,1,Tier 1 - Exact Match,2026-08-05 17:50:49,
GOAT000424,Valmiro Lópes Rocha,spatial_zone_summary,statsbomb_player,Valmiro Lópes Rocha,1,Tier 1 - Exact Match,2026-08-05 17:50:49,
GOAT000423,Fernando Pacheco Flores,spatial_zone_summary,statsbomb_player,Fernando Pacheco Flores,1,Tier 1 - Exact Match,2026-08-05 17:50:49,
GOAT000404,Juan Valera Espín,spatial_zone_summary,statsbomb_player,Juan Valera Espín,1,Tier 1 - Exact Match,2026-08-05 17:50:49,
GOAT000412,Samir Nasri,spatial_zone_summary,statsbomb_player,Samir Nasri,1,Tier 1 - Exact Match,2026-08-05 17:50:49,
GOAT000410,Ante Budimir,spatial_zone_summary,statsbomb_player,Ante Budimir,1,Tier 1 - Exact Match,2026-08-05 17:50:49,
GOAT000387,David López Silva,spatial_zone_summary,statsbomb_player,David López Silva,1,Tier 1 - Exact Match,2026-08-05 17:50:49,
GOAT000398,Nacer Chadli,spatial_zone_summary,statsbomb_player,Nacer Chadli,1,Tier 1 - Exact Match,2026-08-05 17:50:49,
GOAT000411,Antonio Adán Garrido,spatial_zone_summary,statsbomb_player,Antonio Adán Garrido,1,Tier 1 - Exact Match,2026-08-05 17:50:49,
GOAT000401,Alberto De La Bella Madureño,spatial_zone_summary,statsbomb_player,Alberto De La Bella Madureño,1,Tier 1 - Exact Match,2026-08-05 17:50:49,
GOAT000394,Yassine Bounou,spatial_zone_summary,statsbomb_player,Yassine Bounou,1,Tier 1 - Exact Match,2026-08-05 17:50:49,
GOAT000406,Joseba Zaldúa Bengoetxea,spatial_zone_summary,statsbomb_player,Joseba Zaldúa Bengoetxea,1,Tier 1 - Exact Match,2026-08-05 17:50:49,
GOAT000429,Gonçalo Manuel Ganchinho Guedes,spatial_zone_summary,statsbomb_player,Gonçalo Manuel Ganchinho Guedes,1,Tier 1 - Exact Match,2026-08-05 17:50:49,
GOAT000417,José Ignacio Martínez García,spatial_zone_summary,statsbomb_player,José Ignacio Martínez García,1,Tier 1 - Exact Match,2026-08-05 17:50:49,
GOAT000432,Daniel Alberto Díaz,spatial_zone_summary,statsbomb_player,Daniel Alberto Díaz,1,Tier 1 - Exact Match,2026-08-05 17:50:49,
GOAT000413,Fernando Amorebieta Mardaras,spatial_zone_summary,statsbomb_player,Fernando Amorebieta Mardaras,1,Tier 1 - Exact Match,2026-08-05 17:50:49,
GOAT000427,José Ángel Valdés Díaz,spatial_zone_summary,statsbomb_player,José Ángel Valdés Díaz,1,Tier 1 - Exact Match,2026-08-05 17:50:49,
GOAT000433,Marcus Thuram,spatial_zone_summary,statsbomb_player,Marcus Thuram,1,Tier 1 - Exact Match,2026-08-05 17:50:49,
GOAT000503,Mikel Merino Zazón,spatial_zone_summary,statsbomb_player,Mikel Merino Zazón,1,Tier 1 - Exact Match,2026-08-05 17:50:49,
GOAT000493,Stefan Savić,spatial_zone_summary,statsbomb_player,Stefan Savić,1,Tier 1 - Exact Match,2026-08-05 17:50:49,
GOAT000266,Steven N''Kemboanza Mike Christopher Nzonzi,spatial_zone_summary,statsbomb_player,Steven N''Kemboanza Mike Christopher Nzonzi,1,Tier 1 - Exact Match,2026-08-05 17:50:49,
GOAT000266,Steven N''Kemboanza Mike Christopher Nzonzi,spatial_zone_summary,statsbomb_player,Steven N'Kemboanza Mike Christopher Nzonzi,1,Tier 2 - Accent Match,2026-08-05 17:50:49,
GOAT000477,Michael Krohn-Dehli,spatial_zone_summary,statsbomb_player,Michael Krohn-Dehli,1,Tier 1 - Exact Match,2026-08-05 17:50:49,
GOAT000504,Miguel Ángel De las Cuevas Barberá,spatial_zone_summary,statsbomb_player,Miguel Ángel De las Cuevas Barberá,1,Tier 1 - Exact Match,2026-08-05 17:50:49,
GOAT000471,Miguel Ángel Moyà Rumbo,spatial_zone_summary,statsbomb_player,Miguel Ángel Moyà Rumbo,1,Tier 1 - Exact Match,2026-08-05 17:50:49,
GOAT000462,Thiago Emiliano da Silva,spatial_zone_summary,statsbomb_player,Thiago Emiliano da Silva,1,Tier 1 - Exact Match,2026-08-05 17:50:49,
GOAT000461,Diego Javier Llorente Ríos,spatial_zone_summary,statsbomb_player,Diego Javier Llorente Ríos,1,Tier 1 - Exact Match,2026-08-05 17:50:49,
GOAT000474,Maximiliano Gómez González,spatial_zone_summary,statsbomb_player,Maximiliano Gómez González,1,Tier 1 - Exact Match,2026-08-05 17:50:49,
GOAT000447,Domingo Cisma González,spatial_zone_summary,statsbomb_player,Domingo Cisma González,1,Tier 1 - Exact Match,2026-08-05 17:50:49,
GOAT000445,Ikechukwu Uche,spatial_zone_summary,statsbomb_player,Ikechukwu Uche,1,Tier 1 - Exact Match,2026-08-05 17:50:49,
GOAT000478,Maximiliano Rubén Rodríguez,spatial_zone_summary,statsbomb_player,Maximiliano Rubén Rodríguez,1,Tier 1 - Exact Match,2026-08-05 17:50:49,
GOAT000448,André Miguel Valente Silva,spatial_zone_summary,statsbomb_player,André Miguel Valente Silva,1,Tier 1 - Exact Match,2026-08-05 17:50:49,
GOAT000451,Jonathan Rodríguez Menéndez,spatial_zone_summary,statsbomb_player,Jonathan Rodríguez Menéndez,1,Tier 1 - Exact Match,2026-08-05 17:50:49,
GOAT000499,Rui Pedro dos Santos Patrício,spatial_zone_summary,statsbomb_player,Rui Pedro dos Santos Patrício,1,Tier 1 - Exact Match,2026-08-05 17:50:49,
GOAT000488,Rubén García Santos,spatial_zone_summary,statsbomb_player,Rubén García Santos,1,Tier 1 - Exact Match,2026-08-05 17:50:49,
GOAT000491,Joan Capdevila Méndez,spatial_zone_summary,statsbomb_player,Joan Capdevila Méndez,1,Tier 1 - Exact Match,2026-08-05 17:50:49,
GOAT000500,Joaquín Navarro Jiménez,spatial_zone_summary,statsbomb_player,Joaquín Navarro Jiménez,1,Tier 1 - Exact Match,2026-08-05 17:50:49,
GOAT000470,Ricardo Miguel Moreira da Costa,spatial_zone_summary,statsbomb_player,Ricardo Miguel Moreira da Costa,1,Tier 1 - Exact Match,2026-08-05 17:50:49,
GOAT000489,Antonio Manuel Luna Rodríguez,spatial_zone_summary,statsbomb_player,Antonio Manuel Luna Rodríguez,1,Tier 1 - Exact Match,2026-08-05 17:50:49,
GOAT000441,Damià Abella Pérez,spatial_zone_summary,statsbomb_player,Damià Abella Pérez,1,Tier 1 - Exact Match,2026-08-05 17:50:49,
GOAT000494,Antonio García Aranda,spatial_zone_summary,statsbomb_player,Antonio García Aranda,1,Tier 1 - Exact Match,2026-08-05 17:50:49,
GOAT000442,Marcos Antonio Senna da Silva,spatial_zone_summary,statsbomb_player,Marcos Antonio Senna da Silva,1,Tier 1 - Exact Match,2026-08-05 17:50:49,
GOAT000487,Enzo Nicolás Pérez,spatial_zone_summary,statsbomb_player,Enzo Nicolás Pérez,1,Tier 1 - Exact Match,2026-08-05 17:50:49,
GOAT000492,Guilherme Magdalena Siqueira,spatial_zone_summary,statsbomb_player,Guilherme Magdalena Siqueira,1,Tier 1 - Exact Match,2026-08-05 17:50:49,
GOAT000450,Nabil Fekir,spatial_zone_summary,statsbomb_player,Nabil Fekir,1,Tier 1 - Exact Match,2026-08-05 17:50:49,
GOAT000498,Samuel Castillejo Azuaga,spatial_zone_summary,statsbomb_player,Samuel Castillejo Azuaga,1,Tier 1 - Exact Match,2026-08-05 17:50:49,
GOAT000469,Edgar Antonio Méndez Ortega,spatial_zone_summary,statsbomb_player,Edgar Antonio Méndez Ortega,1,Tier 1 - Exact Match,2026-08-05 17:50:49,
GOAT000475,Sergi Darder Moll,spatial_zone_summary,statsbomb_player,Sergi Darder Moll,1,Tier 1 - Exact Match,2026-08-05 17:50:49,
GOAT000486,Sergi Gómez Solà,spatial_zone_summary,statsbomb_player,Sergi Gómez Solà,1,Tier 1 - Exact Match,2026-08-05 17:50:49,
GOAT000490,Simão Pedro Fonseca Sabrosa,spatial_zone_summary,statsbomb_player,Simão Pedro Fonseca Sabrosa,1,Tier 1 - Exact Match,2026-08-05 17:50:49,
GOAT000434,Marcos Llorente Moreno,spatial_zone_summary,statsbomb_player,Marcos Llorente Moreno,1,Tier 1 - Exact Match,2026-08-05 17:50:49,
GOAT000452,Oriol Riera Magem,spatial_zone_summary,statsbomb_player,Oriol Riera Magem,1,Tier 1 - Exact Match,2026-08-05 17:50:49,
GOAT000476,Sergio Rico González,spatial_zone_summary,statsbomb_player,Sergio Rico González,1,Tier 1 - Exact Match,2026-08-05 17:50:49,
GOAT000467,José Manuel Jiménez Ortiz,spatial_zone_summary,statsbomb_player,José Manuel Jiménez Ortiz,1,Tier 1 - Exact Match,2026-08-05 17:50:49,
GOAT000436,Daniel Aranzubia Aguado,spatial_zone_summary,statsbomb_player,Daniel Aranzubia Aguado,1,Tier 1 - Exact Match,2026-08-05 17:50:49,
GOAT000437,Alisson Ramsés Becker,spatial_zone_summary,statsbomb_player,Alisson Ramsés Becker,1,Tier 1 - Exact Match,2026-08-05 17:50:49,
GOAT000496,Oier Sanjurjo Mate,spatial_zone_summary,statsbomb_player,Oier Sanjurjo Mate,1,Tier 1 - Exact Match,2026-08-05 17:50:49,
GOAT000443,Unai Simón Mendibil,spatial_zone_summary,statsbomb_player,Unai Simón Mendibil,1,Tier 1 - Exact Match,2026-08-05 17:50:49,
GOAT000438,Fabián Ruiz Peña,spatial_zone_summary,statsbomb_player,Fabián Ruiz Peña,1,Tier 1 - Exact Match,2026-08-05 17:50:49,
GOAT000497,Xavier Torres Buigues,spatial_zone_summary,statsbomb_player,Xavier Torres Buigues,1,Tier 1 - Exact Match,2026-08-05 17:50:49,
GOAT000446,José Raúl Baena Urdiales,spatial_zone_summary,statsbomb_player,José Raúl Baena Urdiales,1,Tier 1 - Exact Match,2026-08-05 17:50:49,
GOAT000472,Leandro Daniel Paredes,spatial_zone_summary,statsbomb_player,Leandro Daniel Paredes,1,Tier 1 - Exact Match,2026-08-05 17:50:49,
GOAT000501,Xabier Alonso Olano,spatial_zone_summary,statsbomb_player,Xabier Alonso Olano,1,Tier 1 - Exact Match,2026-08-05 17:50:49,
GOAT000459,Juan Manuel Mata García,spatial_zone_summary,statsbomb_player,Juan Manuel Mata García,1,Tier 1 - Exact Match,2026-08-05 17:50:49,
GOAT000455,Juan Manuel Ortiz Palazón,spatial_zone_summary,statsbomb_player,Juan Manuel Ortiz Palazón,1,Tier 1 - Exact Match,2026-08-05 17:50:49,
GOAT000453,Celso Borges Mora,spatial_zone_summary,statsbomb_player,Celso Borges Mora,1,Tier 1 - Exact Match,2026-08-05 17:50:49,
GOAT000465,Juan Jesús Gutiérrez Robles,spatial_zone_summary,statsbomb_player,Juan Jesús Gutiérrez Robles,1,Tier 1 - Exact Match,2026-08-05 17:50:49,
GOAT000480,Giuseppe Rossi,spatial_zone_summary,statsbomb_player,Giuseppe Rossi,1,Tier 1 - Exact Match,2026-08-05 17:50:49,
GOAT000444,Fernando Soriano Marco,spatial_zone_summary,statsbomb_player,Fernando Soriano Marco,1,Tier 1 - Exact Match,2026-08-05 17:50:49,
GOAT000485,Felipe Salvador Caicedo Corozo,spatial_zone_summary,statsbomb_player,Felipe Salvador Caicedo Corozo,1,Tier 1 - Exact Match,2026-08-05 17:50:49,
GOAT000463,Pablo Pinillos Caro,spatial_zone_summary,statsbomb_player,Pablo Pinillos Caro,1,Tier 1 - Exact Match,2026-08-05 17:50:49,
GOAT000460,Carlos Martínez Díez,spatial_zone_summary,statsbomb_player,Carlos Martínez Díez,1,Tier 1 - Exact Match,2026-08-05 17:50:49,
GOAT000449,Carlos Gurpegi Nausia,spatial_zone_summary,statsbomb_player,Carlos Gurpegi Nausia,1,Tier 1 - Exact Match,2026-08-05 17:50:49,
GOAT000440,Raúl Rodríguez Navas,spatial_zone_summary,statsbomb_player,Raúl Rodríguez Navas,1,Tier 1 - Exact Match,2026-08-05 17:50:49,
GOAT000468,Raúl González Blanco,spatial_zone_summary,statsbomb_player,Raúl González Blanco,1,Tier 1 - Exact Match,2026-08-05 17:50:49,
GOAT000439,Víctor Laguardia Cisneros,spatial_zone_summary,statsbomb_player,Víctor Laguardia Cisneros,1,Tier 1 - Exact Match,2026-08-05 17:50:49,
GOAT000484,Cristian Portugués Manzanera,spatial_zone_summary,statsbomb_player,Cristian Portugués Manzanera,1,Tier 1 - Exact Match,2026-08-05 17:50:49,
GOAT000435,Gaël Clichy,spatial_zone_summary,statsbomb_player,Gaël Clichy,1,Tier 1 - Exact Match,2026-08-05 17:50:49,
GOAT000457,Juan Ángel Albín Leites,spatial_zone_summary,statsbomb_player,Juan Ángel Albín Leites,1,Tier 1 - Exact Match,2026-08-05 17:50:49,
GOAT000464,Pedro Bigas Rigo,spatial_zone_summary,statsbomb_player,Pedro Bigas Rigo,1,Tier 1 - Exact Match,2026-08-05 17:50:49,
GOAT000473,Laureano Sanabria Ruiz,spatial_zone_summary,statsbomb_player,Laureano Sanabria Ruiz,1,Tier 1 - Exact Match,2026-08-05 17:50:49,
GOAT000479,Francisco Portillo Soler,spatial_zone_summary,statsbomb_player,Francisco Portillo Soler,1,Tier 1 - Exact Match,2026-08-05 17:50:49,
GOAT000495,Julien Escudé,spatial_zone_summary,statsbomb_player,Julien Escudé,1,Tier 1 - Exact Match,2026-08-05 17:50:49,
GOAT000456,Juan Pablo Añor Acosta,spatial_zone_summary,statsbomb_player,Juan Pablo Añor Acosta,1,Tier 1 - Exact Match,2026-08-05 17:50:49,
GOAT000483,Álvaro Vázquez García,spatial_zone_summary,statsbomb_player,Álvaro Vázquez García,1,Tier 1 - Exact Match,2026-08-05 17:50:49,
GOAT000458,Pedro Manuel Munitis Álvarez,spatial_zone_summary,statsbomb_player,Pedro Manuel Munitis Álvarez,1,Tier 1 - Exact Match,2026-08-05 17:50:49,
GOAT000466,Pedro Mosquera Parada,spatial_zone_summary,statsbomb_player,Pedro Mosquera Parada,1,Tier 1 - Exact Match,2026-08-05 17:50:49,
GOAT000502,Francisco Manuel Rico Castro,spatial_zone_summary,statsbomb_player,Francisco Manuel Rico Castro,1,Tier 1 - Exact Match,2026-08-05 17:50:49,
GOAT000454,Wilfredo Daniel Caballero,spatial_zone_summary,statsbomb_player,Wilfredo Daniel Caballero,1,Tier 1 - Exact Match,2026-08-05 17:50:49,
GOAT000482,Óscar Serrano Rodriguez,spatial_zone_summary,statsbomb_player,Óscar Serrano Rodriguez,1,Tier 1 - Exact Match,2026-08-05 17:50:49,
GOAT000481,Ángel Luis Rodríguez Díaz,spatial_zone_summary,statsbomb_player,Ángel Luis Rodríguez Díaz,1,Tier 1 - Exact Match,2026-08-05 17:50:49,
GOAT000592,Ángel Domingo López Ruano,spatial_zone_summary,statsbomb_player,Ángel Domingo López Ruano,1,Tier 1 - Exact Match,2026-08-05 17:50:49,
GOAT000574,Jefferson Andrés Lerma Solís,spatial_zone_summary,statsbomb_player,Jefferson Andrés Lerma Solís,1,Tier 1 - Exact Match,2026-08-05 17:50:49,
GOAT000570,Jesús Gámez Duarte,spatial_zone_summary,statsbomb_player,Jesús Gámez Duarte,1,Tier 1 - Exact Match,2026-08-05 17:50:49,
GOAT000569,Jeremy Doku,spatial_zone_summary,statsbomb_player,Jeremy Doku,1,Tier 1 - Exact Match,2026-08-05 17:50:49,
GOAT000544,Aythami Artiles Oliva,spatial_zone_summary,statsbomb_player,Aythami Artiles Oliva,1,Tier 1 - Exact Match,2026-08-05 17:50:49,
GOAT000581,Javier Márquez Moreno,spatial_zone_summary,statsbomb_player,Javier Márquez Moreno,1,Tier 1 - Exact Match,2026-08-05 17:50:49,
GOAT000538,Jakub Piotr Kiwior,spatial_zone_summary,statsbomb_player,Jakub Piotr Kiwior,1,Tier 1 - Exact Match,2026-08-05 17:50:49,
GOAT000550,Deyverson Brum Silva Acosta,spatial_zone_summary,statsbomb_player,Deyverson Brum Silva Acosta,1,Tier 1 - Exact Match,2026-08-05 17:50:49,
GOAT000588,Miguel Ángel García Pérez Roldán,spatial_zone_summary,statsbomb_player,Miguel Ángel García Pérez Roldán,1,Tier 1 - Exact Match,2026-08-05 17:50:49,
GOAT000573,Javad Nekounam,spatial_zone_summary,statsbomb_player,Javad Nekounam,1,Tier 1 - Exact Match,2026-08-05 17:50:49,
GOAT000507,Pione Sisto Ifolo Emirmija,spatial_zone_summary,statsbomb_player,Pione Sisto Ifolo Emirmija,1,Tier 1 - Exact Match,2026-08-05 17:50:49,
GOAT000543,Karol Świderski,spatial_zone_summary,statsbomb_player,Karol Świderski,1,Tier 1 - Exact Match,2026-08-05 17:50:49,
GOAT000510,Pierre Achille Webó Kouamo,spatial_zone_summary,statsbomb_player,Pierre Achille Webó Kouamo,1,Tier 1 - Exact Match,2026-08-05 17:50:49,
GOAT000525,Pere Pons Riera,spatial_zone_summary,statsbomb_player,Pere Pons Riera,1,Tier 1 - Exact Match,2026-08-05 17:50:49,
GOAT000597,Óliver Torres Muñoz,spatial_zone_summary,statsbomb_player,Óliver Torres Muñoz,1,Tier 1 - Exact Match,2026-08-05 17:50:49,
GOAT000524,Pedro Pablo Hernández,spatial_zone_summary,statsbomb_player,Pedro Pablo Hernández,1,Tier 1 - Exact Match,2026-08-05 17:50:49,
GOAT000540,William Saliba,spatial_zone_summary,statsbomb_player,William Saliba,1,Tier 1 - Exact Match,2026-08-05 17:50:49,
GOAT000598,Giovani Lo Celso,spatial_zone_summary,statsbomb_player,Giovani Lo Celso,1,Tier 1 - Exact Match,2026-08-05 17:50:49,
GOAT000559,Renato Dirnei Florencio,spatial_zone_summary,statsbomb_player,Renato Dirnei Florencio,1,Tier 1 - Exact Match,2026-08-05 17:50:49,
GOAT000571,Aritz Elustondo Irribaria,spatial_zone_summary,statsbomb_player,Aritz Elustondo Irribaria,1,Tier 1 - Exact Match,2026-08-05 17:50:49,
GOAT000527,Carlos Soler Barragán,spatial_zone_summary,statsbomb_player,Carlos Soler Barragán,1,Tier 1 - Exact Match,2026-08-05 17:50:49,
GOAT000586,Sergio León Limones,spatial_zone_summary,statsbomb_player,Sergio León Limones,1,Tier 1 - Exact Match,2026-08-05 17:50:49,
GOAT000517,Alberto Rivera Pizarro,spatial_zone_summary,statsbomb_player,Alberto Rivera Pizarro,1,Tier 1 - Exact Match,2026-08-05 17:50:49,
GOAT000506,Vitor Machado Ferreira,spatial_zone_summary,statsbomb_player,Vitor Machado Ferreira,1,Tier 1 - Exact Match,2026-08-05 17:50:49,
GOAT000595,Gaizka Toquero Pinedo,spatial_zone_summary,statsbomb_player,Gaizka Toquero Pinedo,1,Tier 1 - Exact Match,2026-08-05 17:50:49,
GOAT000554,Randal Kolo Muani,spatial_zone_summary,statsbomb_player,Randal Kolo Muani,1,Tier 1 - Exact Match,2026-08-05 17:50:49,
GOAT000577,Francisco Javier Yeste Navarro,spatial_zone_summary,statsbomb_player,Francisco Javier Yeste Navarro,1,Tier 1 - Exact Match,2026-08-05 17:50:49,
GOAT000582,Corentin Tolisso,spatial_zone_summary,statsbomb_player,Corentin Tolisso,1,Tier 1 - Exact Match,2026-08-05 17:50:49,
GOAT000596,Gabriel Iván Mercado,spatial_zone_summary,statsbomb_player,Gabriel Iván Mercado,1,Tier 1 - Exact Match,2026-08-05 17:50:49,
GOAT000556,Rafael López Gómez,spatial_zone_summary,statsbomb_player,Rafael López Gómez,1,Tier 1 - Exact Match,2026-08-05 17:50:49,
GOAT000576,Leandro Trossard,spatial_zone_summary,statsbomb_player,Leandro Trossard,1,Tier 1 - Exact Match,2026-08-05 17:50:49,
GOAT000518,Florent Sinama-Pongolle,spatial_zone_summary,statsbomb_player,Florent Sinama-Pongolle,1,Tier 1 - Exact Match,2026-08-05 17:50:49,
GOAT000561,Paulo Assunção da Silva,spatial_zone_summary,statsbomb_player,Paulo Assunção da Silva,1,Tier 1 - Exact Match,2026-08-05 17:50:49,
GOAT000509,Vinícius José Paixão de Oliveira Júnior,spatial_zone_summary,statsbomb_player,Vinícius José Paixão de Oliveira Júnior,1,Tier 1 - Exact Match,2026-08-05 17:50:49,
GOAT000530,Igor Zubeldia Elorza,spatial_zone_summary,statsbomb_player,Igor Zubeldia Elorza,1,Tier 1 - Exact Match,2026-08-05 17:50:49,
GOAT000566,Jon Aurtenetxe Borde,spatial_zone_summary,statsbomb_player,Jon Aurtenetxe Borde,1,Tier 1 - Exact Match,2026-08-05 17:50:49,
GOAT000572,Asier Riesgo Unamuno,spatial_zone_summary,statsbomb_player,Asier Riesgo Unamuno,1,Tier 1 - Exact Match,2026-08-05 17:50:49,
GOAT000508,Diego Ángel Capel Trinidad,spatial_zone_summary,statsbomb_player,Diego Ángel Capel Trinidad,1,Tier 1 - Exact Match,2026-08-05 17:50:49,
GOAT000526,Iván Sánchez Rico Soto,spatial_zone_summary,statsbomb_player,Iván Sánchez Rico Soto,1,Tier 1 - Exact Match,2026-08-05 17:50:49,
GOAT000528,Thomas Lemar,spatial_zone_summary,statsbomb_player,Thomas Lemar,1,Tier 1 - Exact Match,2026-08-05 17:50:49,
GOAT000578,John Guidetti,spatial_zone_summary,statsbomb_player,John Guidetti,1,Tier 1 - Exact Match,2026-08-05 17:50:49,
GOAT000541,Rubén Peña Jiménez,spatial_zone_summary,statsbomb_player,Rubén Peña Jiménez,1,Tier 1 - Exact Match,2026-08-05 17:50:49,
GOAT000580,Mislav Oršić,spatial_zone_summary,statsbomb_player,Mislav Oršić,1,Tier 1 - Exact Match,2026-08-05 17:50:49,
GOAT000579,Mikel Vesga Arruti,spatial_zone_summary,statsbomb_player,Mikel Vesga Arruti,1,Tier 1 - Exact Match,2026-08-05 17:50:49,
GOAT000534,Borja Fernández Fernández,spatial_zone_summary,statsbomb_player,Borja Fernández Fernández,1,Tier 1 - Exact Match,2026-08-05 17:50:49,
GOAT000531,Dimitrios Siovas,spatial_zone_summary,statsbomb_player,Dimitrios Siovas,1,Tier 1 - Exact Match,2026-08-05 17:50:49,
GOAT000565,Míchel Macedo Rocha Machado,spatial_zone_summary,statsbomb_player,Míchel Macedo Rocha Machado,1,Tier 1 - Exact Match,2026-08-05 17:50:49,
GOAT000567,David Juncà Reñé,spatial_zone_summary,statsbomb_player,David Juncà Reñé,1,Tier 1 - Exact Match,2026-08-05 17:50:49,
GOAT000545,Jordi Masip López,spatial_zone_summary,statsbomb_player,Jordi Masip López,1,Tier 1 - Exact Match,2026-08-05 17:50:49,
GOAT000522,Marko Livaja,spatial_zone_summary,statsbomb_player,Marko Livaja,1,Tier 1 - Exact Match,2026-08-05 17:50:49,
GOAT000505,Thorgan Hazard,spatial_zone_summary,statsbomb_player,Thorgan Hazard,1,Tier 1 - Exact Match,2026-08-05 17:50:49,
GOAT000514,Manuel Pablo García Díaz,spatial_zone_summary,statsbomb_player,Manuel Pablo García Díaz,1,Tier 1 - Exact Match,2026-08-05 17:50:49,
GOAT000519,Marc Cucurella Saseta,spatial_zone_summary,statsbomb_player,Marc Cucurella Saseta,1,Tier 1 - Exact Match,2026-08-05 17:50:49,
GOAT000557,Eliseu Pereira dos Santos,spatial_zone_summary,statsbomb_player,Eliseu Pereira dos Santos,1,Tier 1 - Exact Match,2026-08-05 17:50:49,
GOAT000583,Simon Thorup Kjær,spatial_zone_summary,statsbomb_player,Simon Thorup Kjær,1,Tier 1 - Exact Match,2026-08-05 17:50:49,
GOAT000521,Marc Torrejón Moya,spatial_zone_summary,statsbomb_player,Marc Torrejón Moya,1,Tier 1 - Exact Match,2026-08-05 17:50:49,
GOAT000546,Enes Ünal,spatial_zone_summary,statsbomb_player,Enes Ünal,1,Tier 1 - Exact Match,2026-08-05 17:50:49,
GOAT000553,Joseba Llorente Etxarri,spatial_zone_summary,statsbomb_player,Joseba Llorente Etxarri,1,Tier 1 - Exact Match,2026-08-05 17:50:49,
GOAT000513,Bruno González Cabrera,spatial_zone_summary,statsbomb_player,Bruno González Cabrera,1,Tier 1 - Exact Match,2026-08-05 17:50:49,
GOAT000552,José Alberto Cañas Ruiz Herrera,spatial_zone_summary,statsbomb_player,José Alberto Cañas Ruiz Herrera,1,Tier 1 - Exact Match,2026-08-05 17:50:49,
GOAT000560,Roberto Jiménez Gago,spatial_zone_summary,statsbomb_player,Roberto Jiménez Gago,1,Tier 1 - Exact Match,2026-08-05 17:50:49,
GOAT000537,Nicolás Ladislao Fedor Flores,spatial_zone_summary,statsbomb_player,Nicolás Ladislao Fedor Flores,1,Tier 1 - Exact Match,2026-08-05 17:50:49,
GOAT000536,Nicolás Martín Pareja,spatial_zone_summary,statsbomb_player,Nicolás Martín Pareja,1,Tier 1 - Exact Match,2026-08-05 17:50:49,
GOAT000575,Simão Mate,spatial_zone_summary,statsbomb_player,Simão Mate,1,Tier 1 - Exact Match,2026-08-05 17:50:49,
GOAT000542,Sofiane Feghouli,spatial_zone_summary,statsbomb_player,Sofiane Feghouli,1,Tier 1 - Exact Match,2026-08-05 17:50:49,
GOAT000585,Sergio Sánchez Ortega,spatial_zone_summary,statsbomb_player,Sergio Sánchez Ortega,1,Tier 1 - Exact Match,2026-08-05 17:50:49,
GOAT000584,Sergio Álvarez Conde,spatial_zone_summary,statsbomb_player,Sergio Álvarez Conde,1,Tier 1 - Exact Match,2026-08-05 17:50:49,
GOAT000548,José Diogo Dalot Teixeira,spatial_zone_summary,statsbomb_player,José Diogo Dalot Teixeira,1,Tier 1 - Exact Match,2026-08-05 17:50:49,
GOAT000549,José Carlos de Araújo Nunes,spatial_zone_summary,statsbomb_player,José Carlos de Araújo Nunes,1,Tier 1 - Exact Match,2026-08-05 17:50:49,
GOAT000547,José Eduardo Rosa Vale de Castro,spatial_zone_summary,statsbomb_player,José Eduardo Rosa Vale de Castro,1,Tier 1 - Exact Match,2026-08-05 17:50:49,
GOAT000555,José Manuel Jurado Marín,spatial_zone_summary,statsbomb_player,José Manuel Jurado Marín,1,Tier 1 - Exact Match,2026-08-05 17:50:49,
GOAT000558,José Luis Sanmartín Mato,spatial_zone_summary,statsbomb_player,José Luis Sanmartín Mato,1,Tier 1 - Exact Match,2026-08-05 17:50:49,
GOAT000535,Gustavo Adolfo Munúa Vera,spatial_zone_summary,statsbomb_player,Gustavo Adolfo Munúa Vera,1,Tier 1 - Exact Match,2026-08-05 17:50:49,
GOAT000587,Federico Santiago Valverde Dipetta,spatial_zone_summary,statsbomb_player,Federico Santiago Valverde Dipetta,1,Tier 1 - Exact Match,2026-08-05 17:50:49,
GOAT000589,Luis Amaranto Perea Mosquera,spatial_zone_summary,statsbomb_player,Luis Amaranto Perea Mosquera,1,Tier 1 - Exact Match,2026-08-05 17:50:49,
GOAT000593,Alhassane Bangoura,spatial_zone_summary,statsbomb_player,Alhassane Bangoura,1,Tier 1 - Exact Match,2026-08-05 17:50:49,
GOAT000551,Federico Julián Fazio,spatial_zone_summary,statsbomb_player,Federico Julián Fazio,1,Tier 1 - Exact Match,2026-08-05 17:50:49,
GOAT000511,João Filipe Iria Santos Moutinho,spatial_zone_summary,statsbomb_player,João Filipe Iria Santos Moutinho,1,Tier 1 - Exact Match,2026-08-05 17:50:49,
GOAT000532,Ricardo López Felipe,spatial_zone_summary,statsbomb_player,Ricardo López Felipe,1,Tier 1 - Exact Match,2026-08-05 17:50:49,
GOAT000533,Ricardo Jorge Luz Horta,spatial_zone_summary,statsbomb_player,Ricardo Jorge Luz Horta,1,Tier 1 - Exact Match,2026-08-05 17:50:49,
GOAT000523,Gonzalo Javier Rodríguez,spatial_zone_summary,statsbomb_player,Gonzalo Javier Rodríguez,1,Tier 1 - Exact Match,2026-08-05 17:50:49,
GOAT000591,Youssef El-Arabi,spatial_zone_summary,statsbomb_player,Youssef El-Arabi,1,Tier 1 - Exact Match,2026-08-05 17:50:49,
GOAT000539,Antonio Amaya Carazo,spatial_zone_summary,statsbomb_player,Antonio Amaya Carazo,1,Tier 1 - Exact Match,2026-08-05 17:50:49,
GOAT000563,Roberto Torres Morales,spatial_zone_summary,statsbomb_player,Roberto Torres Morales,1,Tier 1 - Exact Match,2026-08-05 17:50:49,
GOAT000564,Mubarak Wakaso,spatial_zone_summary,statsbomb_player,Mubarak Wakaso,1,Tier 1 - Exact Match,2026-08-05 17:50:49,
GOAT000590,David López Moreno,spatial_zone_summary,statsbomb_player,David López Moreno,1,Tier 1 - Exact Match,2026-08-05 17:50:49,
GOAT000520,Mauro Wilney Arambarri Rosa,spatial_zone_summary,statsbomb_player,Mauro Wilney Arambarri Rosa,1,Tier 1 - Exact Match,2026-08-05 17:50:49,
GOAT000512,Djené Dakonam Ortega,spatial_zone_summary,statsbomb_player,Djené Dakonam Ortega,1,Tier 1 - Exact Match,2026-08-05 17:50:49,
GOAT000562,Diogo José Teixeira da Silva,spatial_zone_summary,statsbomb_player,Diogo José Teixeira da Silva,1,Tier 1 - Exact Match,2026-08-05 17:50:49,
GOAT000568,David Cortés Caballero,spatial_zone_summary,statsbomb_player,David Cortés Caballero,1,Tier 1 - Exact Match,2026-08-05 17:50:49,
GOAT000515,Timothy Castagne,spatial_zone_summary,statsbomb_player,Timothy Castagne,1,Tier 1 - Exact Match,2026-08-05 17:50:49,
GOAT000516,Borja Valero Iglesias,spatial_zone_summary,statsbomb_player,Borja Valero Iglesias,1,Tier 1 - Exact Match,2026-08-05 17:50:49,
GOAT000529,Igor Gabilondo del Campo,spatial_zone_summary,statsbomb_player,Igor Gabilondo del Campo,1,Tier 1 - Exact Match,2026-08-05 17:50:49,
GOAT000658,Raúl Albentosa Redal,spatial_zone_summary,statsbomb_player,Raúl Albentosa Redal,1,Tier 1 - Exact Match,2026-08-05 17:50:49,
GOAT000698,Xabier Etxeita Gorritxategi,spatial_zone_summary,statsbomb_player,Xabier Etxeita Gorritxategi,1,Tier 1 - Exact Match,2026-08-05 17:50:49,
GOAT000659,Raúl García Carnero,spatial_zone_summary,statsbomb_player,Raúl García Carnero,1,Tier 1 - Exact Match,2026-08-05 17:50:49,
GOAT000682,Alejandro Gálvez Jimena,spatial_zone_summary,statsbomb_player,Alejandro Gálvez Jimena,1,Tier 1 - Exact Match,2026-08-05 17:50:49,
GOAT000622,Alberto Moreno Pérez,spatial_zone_summary,statsbomb_player,Alberto Moreno Pérez,1,Tier 1 - Exact Match,2026-08-05 17:50:49,
GOAT000708,Luciano Vietto,spatial_zone_summary,statsbomb_player,Luciano Vietto,1,Tier 1 - Exact Match,2026-08-05 17:50:49,
GOAT000691,Cédric Bakambu,spatial_zone_summary,statsbomb_player,Cédric Bakambu,1,Tier 1 - Exact Match,2026-08-05 17:50:49,
GOAT000694,César Azpilicueta Tanco,spatial_zone_summary,statsbomb_player,César Azpilicueta Tanco,1,Tier 1 - Exact Match,2026-08-05 17:50:49,
GOAT000628,Ferrán Torres García,spatial_zone_summary,statsbomb_player,Ferrán Torres García,1,Tier 1 - Exact Match,2026-08-05 17:50:49,
GOAT000611,Juan Domínguez Lamas,spatial_zone_summary,statsbomb_player,Juan Domínguez Lamas,1,Tier 1 - Exact Match,2026-08-05 17:50:49,
GOAT000612,Juan Francisco Martínez Modesto,spatial_zone_summary,statsbomb_player,Juan Francisco Martínez Modesto,1,Tier 1 - Exact Match,2026-08-05 17:50:49,
GOAT000625,Fernando Rubén Gago,spatial_zone_summary,statsbomb_player,Fernando Rubén Gago,1,Tier 1 - Exact Match,2026-08-05 17:50:49,
GOAT000601,Sergio Fernández González,spatial_zone_summary,statsbomb_player,Sergio Fernández González,1,Tier 1 - Exact Match,2026-08-05 17:50:49,
GOAT000614,João Mário Naval da Costa Eduardo,spatial_zone_summary,statsbomb_player,João Mário Naval da Costa Eduardo,1,Tier 1 - Exact Match,2026-08-05 17:50:49,
GOAT000602,Sergio Gontán Gallardo,spatial_zone_summary,statsbomb_player,Sergio Gontán Gallardo,1,Tier 1 - Exact Match,2026-08-05 17:50:49,
GOAT000627,Antonio Rukavina,spatial_zone_summary,statsbomb_player,Antonio Rukavina,1,Tier 1 - Exact Match,2026-08-05 17:50:49,
GOAT000637,Koikili Lertxundi Del Campo,spatial_zone_summary,statsbomb_player,Koikili Lertxundi Del Campo,1,Tier 1 - Exact Match,2026-08-05 17:50:49,
GOAT000700,Francisco Jesús Pérez Malia,spatial_zone_summary,statsbomb_player,Francisco Jesús Pérez Malia,1,Tier 1 - Exact Match,2026-08-05 17:50:49,
GOAT000681,Francis Joseph Coquelin,spatial_zone_summary,statsbomb_player,Francis Joseph Coquelin,1,Tier 1 - Exact Match,2026-08-05 17:50:49,
GOAT000680,Víctor Rodríguez Romero,spatial_zone_summary,statsbomb_player,Víctor Rodríguez Romero,1,Tier 1 - Exact Match,2026-08-05 17:50:49,
GOAT000705,Abel Enrique Aguilar Tapia,spatial_zone_summary,statsbomb_player,Abel Enrique Aguilar Tapia,1,Tier 1 - Exact Match,2026-08-05 17:50:49,
GOAT000696,Íñigo López Montaña,spatial_zone_summary,statsbomb_player,Íñigo López Montaña,1,Tier 1 - Exact Match,2026-08-05 17:50:49,
GOAT000679,Willian Borges da Silva,spatial_zone_summary,statsbomb_player,Willian Borges da Silva,1,Tier 1 - Exact Match,2026-08-05 17:50:49,
GOAT000657,Pedro Ríos Maestre,spatial_zone_summary,statsbomb_player,Pedro Ríos Maestre,1,Tier 1 - Exact Match,2026-08-05 17:50:49,
GOAT000609,Petros Matheus dos Santos Araújo,spatial_zone_summary,statsbomb_player,Petros Matheus dos Santos Araújo,1,Tier 1 - Exact Match,2026-08-05 17:50:49,
GOAT000695,Aleksandar Pantić,spatial_zone_summary,statsbomb_player,Aleksandar Pantić,1,Tier 1 - Exact Match,2026-08-05 17:50:49,
GOAT000650,Franco Damián Vázquez,spatial_zone_summary,statsbomb_player,Franco Damián Vázquez,1,Tier 1 - Exact Match,2026-08-05 17:50:49,
GOAT000699,Francisco Medina Luna,spatial_zone_summary,statsbomb_player,Francisco Medina Luna,1,Tier 1 - Exact Match,2026-08-05 17:50:49,
GOAT000643,Ayoze Díaz Díaz,spatial_zone_summary,statsbomb_player,Ayoze Díaz Díaz,1,Tier 1 - Exact Match,2026-08-05 17:50:49,
GOAT000655,Ángel Javier Arizmendi de Lucas,spatial_zone_summary,statsbomb_player,Ángel Javier Arizmendi de Lucas,1,Tier 1 - Exact Match,2026-08-05 17:50:49,
GOAT000608,Javier Rodríguez Venta,spatial_zone_summary,statsbomb_player,Javier Rodríguez Venta,1,Tier 1 - Exact Match,2026-08-05 17:50:49,
GOAT000642,Aymen Abdennour,spatial_zone_summary,statsbomb_player,Aymen Abdennour,1,Tier 1 - Exact Match,2026-08-05 17:50:49,
GOAT000617,Adnan Januzaj,spatial_zone_summary,statsbomb_player,Adnan Januzaj,1,Tier 1 - Exact Match,2026-08-05 17:50:49,
GOAT000600,Javier Guerra Rodríguez,spatial_zone_summary,statsbomb_player,Javier Guerra Rodríguez,1,Tier 1 - Exact Match,2026-08-05 17:50:49,
GOAT000712,Álvaro Vadillo Cifuentes,spatial_zone_summary,statsbomb_player,Álvaro Vadillo Cifuentes,1,Tier 1 - Exact Match,2026-08-05 17:50:49,
GOAT000606,Ariel Miguel Santiago Ibagaza,spatial_zone_summary,statsbomb_player,Ariel Miguel Santiago Ibagaza,1,Tier 1 - Exact Match,2026-08-05 17:50:49,
GOAT000604,Pau López Sabata,spatial_zone_summary,statsbomb_player,Pau López Sabata,1,Tier 1 - Exact Match,2026-08-05 17:50:49,
GOAT000603,Sergio González Soriano,spatial_zone_summary,statsbomb_player,Sergio González Soriano,1,Tier 1 - Exact Match,2026-08-05 17:50:49,
GOAT000613,Pau Francisco Torres,spatial_zone_summary,statsbomb_player,Pau Francisco Torres,1,Tier 1 - Exact Match,2026-08-05 17:50:49,
GOAT000618,Leonardo Daniel Ponzio,spatial_zone_summary,statsbomb_player,Leonardo Daniel Ponzio,1,Tier 1 - Exact Match,2026-08-05 17:50:49,
GOAT000633,Fernando Luiz Roza,spatial_zone_summary,statsbomb_player,Fernando Luiz Roza,1,Tier 1 - Exact Match,2026-08-05 17:50:49,
GOAT000704,Íñigo Lekue Martínez,spatial_zone_summary,statsbomb_player,Íñigo Lekue Martínez,1,Tier 1 - Exact Match,2026-08-05 17:50:49,
GOAT000703,Achraf Hakimi Mouh,spatial_zone_summary,statsbomb_player,Achraf Hakimi Mouh,1,Tier 1 - Exact Match,2026-08-05 17:50:49,
GOAT000653,Gabriel Fernando de Jesus,spatial_zone_summary,statsbomb_player,Gabriel Fernando de Jesus,1,Tier 1 - Exact Match,2026-08-05 17:50:49,
GOAT000626,Kieran Trippier,spatial_zone_summary,statsbomb_player,Kieran Trippier,1,Tier 1 - Exact Match,2026-08-05 17:50:49,
GOAT000654,Gabriel Francisco García de la Torre,spatial_zone_summary,statsbomb_player,Gabriel Francisco García de la Torre,1,Tier 1 - Exact Match,2026-08-05 17:50:49,
GOAT000599,Antonio Tomás González,spatial_zone_summary,statsbomb_player,Antonio Tomás González,1,Tier 1 - Exact Match,2026-08-05 17:50:49,
GOAT000668,José Manuel Casado Bizcocho,spatial_zone_summary,statsbomb_player,José Manuel Casado Bizcocho,1,Tier 1 - Exact Match,2026-08-05 17:50:49,
GOAT000663,José María Callejón Bueno,spatial_zone_summary,statsbomb_player,José María Callejón Bueno,1,Tier 1 - Exact Match,2026-08-05 17:50:49,
GOAT000670,José Maria Gutiérrez Hernández,spatial_zone_summary,statsbomb_player,José Maria Gutiérrez Hernández,1,Tier 1 - Exact Match,2026-08-05 17:50:49,
GOAT000651,Daniel Ceballos Fernández,spatial_zone_summary,statsbomb_player,Daniel Ceballos Fernández,1,Tier 1 - Exact Match,2026-08-05 17:50:49,
GOAT000630,Oriol Lozano Farrán,spatial_zone_summary,statsbomb_player,Oriol Lozano Farrán,1,Tier 1 - Exact Match,2026-08-05 17:50:49,
GOAT000683,Hernán Arsenio Pérez González,spatial_zone_summary,statsbomb_player,Hernán Arsenio Pérez González,1,Tier 1 - Exact Match,2026-08-05 17:50:49,
GOAT000640,Roberto Firmino Barbosa de Oliveira,spatial_zone_summary,statsbomb_player,Roberto Firmino Barbosa de Oliveira,1,Tier 1 - Exact Match,2026-08-05 17:50:49,
GOAT000631,Albert Crusat Domene,spatial_zone_summary,statsbomb_player,Albert Crusat Domene,1,Tier 1 - Exact Match,2026-08-05 17:50:49,
GOAT000646,Bruno Saltor Grau,spatial_zone_summary,statsbomb_player,Bruno Saltor Grau,1,Tier 1 - Exact Match,2026-08-05 17:50:49,
GOAT000686,Danijel Subašić,spatial_zone_summary,statsbomb_player,Danijel Subašić,1,Tier 1 - Exact Match,2026-08-05 17:50:49,
GOAT000685,Danilo Luís Hélio Pereira,spatial_zone_summary,statsbomb_player,Danilo Luís Hélio Pereira,1,Tier 1 - Exact Match,2026-08-05 17:50:49,
GOAT000669,Eduardo Camavinga,spatial_zone_summary,statsbomb_player,Eduardo Camavinga,1,Tier 1 - Exact Match,2026-08-05 17:50:49,
GOAT000706,Mario Suárez Mata,spatial_zone_summary,statsbomb_player,Mario Suárez Mata,1,Tier 1 - Exact Match,2026-08-05 17:50:49,
GOAT000629,Sofiane Boufal,spatial_zone_summary,statsbomb_player,Sofiane Boufal,1,Tier 1 - Exact Match,2026-08-05 17:50:49,
GOAT000635,Nordin Amrabat,spatial_zone_summary,statsbomb_player,Nordin Amrabat,1,Tier 1 - Exact Match,2026-08-05 17:50:49,
GOAT000693,Marco Gastón Ruben Rodríguez,spatial_zone_summary,statsbomb_player,Marco Gastón Ruben Rodríguez,1,Tier 1 - Exact Match,2026-08-05 17:50:49,
GOAT000684,Manuel Rolando Iturra Urrutia,spatial_zone_summary,statsbomb_player,Manuel Rolando Iturra Urrutia,1,Tier 1 - Exact Match,2026-08-05 17:50:49,
GOAT000714,Tomáš Ujfaluši,spatial_zone_summary,statsbomb_player,Tomáš Ujfaluši,1,Tier 1 - Exact Match,2026-08-05 17:50:49,
GOAT000645,Eneko Bóveda Altube,spatial_zone_summary,statsbomb_player,Eneko Bóveda Altube,1,Tier 1 - Exact Match,2026-08-05 17:50:49,
GOAT000636,Néstor Alejandro Araújo Razo,spatial_zone_summary,statsbomb_player,Néstor Alejandro Araújo Razo,1,Tier 1 - Exact Match,2026-08-05 17:50:49,
GOAT000690,Amadou Onana,spatial_zone_summary,statsbomb_player,Amadou Onana,1,Tier 1 - Exact Match,2026-08-05 17:50:49,
GOAT000621,Alberto Mateus Contreiras Gonçalves,spatial_zone_summary,statsbomb_player,Alberto Mateus Contreiras Gonçalves,1,Tier 1 - Exact Match,2026-08-05 17:50:49,
GOAT000692,Daniel Jarque Gonzalez,spatial_zone_summary,statsbomb_player,Daniel Jarque Gonzalez,1,Tier 1 - Exact Match,2026-08-05 17:50:49,
GOAT000688,Luís Fabiano Clemente,spatial_zone_summary,statsbomb_player,Luís Fabiano Clemente,1,Tier 1 - Exact Match,2026-08-05 17:50:49,
GOAT000605,Pablo Fornals Malla,spatial_zone_summary,statsbomb_player,Pablo Fornals Malla,1,Tier 1 - Exact Match,2026-08-05 17:50:49,
GOAT000713,Luis Carlos Correia Pinto,spatial_zone_summary,statsbomb_player,Luis Carlos Correia Pinto,1,Tier 1 - Exact Match,2026-08-05 17:50:49,
GOAT000615,Carlos Andrés Diogo Enseñat,spatial_zone_summary,statsbomb_player,Carlos Andrés Diogo Enseñat,1,Tier 1 - Exact Match,2026-08-05 17:50:49,
GOAT000664,José Romero Urtasun,spatial_zone_summary,statsbomb_player,José Romero Urtasun,1,Tier 1 - Exact Match,2026-08-05 17:50:49,
GOAT000634,Federico Nicolás Cartabia,spatial_zone_summary,statsbomb_player,Federico Nicolás Cartabia,1,Tier 1 - Exact Match,2026-08-05 17:50:49,
GOAT000639,Roberto Canella Suárez,spatial_zone_summary,statsbomb_player,Roberto Canella Suárez,1,Tier 1 - Exact Match,2026-08-05 17:50:49,
GOAT000687,Manuel Jesús Arana Rodríguez,spatial_zone_summary,statsbomb_player,Manuel Jesús Arana Rodríguez,1,Tier 1 - Exact Match,2026-08-05 17:50:49,
GOAT000652,Daniel Filipe Martins Carriço,spatial_zone_summary,statsbomb_player,Daniel Filipe Martins Carriço,1,Tier 1 - Exact Match,2026-08-05 17:50:49,
GOAT000701,Hakim Ziyech,spatial_zone_summary,statsbomb_player,Hakim Ziyech,1,Tier 1 - Exact Match,2026-08-05 17:50:49,
GOAT000610,Carles Pérez Sayol,spatial_zone_summary,statsbomb_player,Carles Pérez Sayol,1,Tier 1 - Exact Match,2026-08-05 17:50:49,
GOAT000697,Marouane Fellaini-Bakkioui,spatial_zone_summary,statsbomb_player,Marouane Fellaini-Bakkioui,1,Tier 1 - Exact Match,2026-08-05 17:50:49,
GOAT000662,Brais Méndez Portela,spatial_zone_summary,statsbomb_player,Brais Méndez Portela,1,Tier 1 - Exact Match,2026-08-05 17:50:49,
GOAT000673,Samuel Chimerenka Chukwueze,spatial_zone_summary,statsbomb_player,Samuel Chimerenka Chukwueze,1,Tier 1 - Exact Match,2026-08-05 17:50:49,
GOAT000656,Roger Martí Salvador,spatial_zone_summary,statsbomb_player,Roger Martí Salvador,1,Tier 1 - Exact Match,2026-08-05 17:50:49,
GOAT000709,Ignacio Cases Mora,spatial_zone_summary,statsbomb_player,Ignacio Cases Mora,1,Tier 1 - Exact Match,2026-08-05 17:50:49,
GOAT000702,Zouhair Feddal,spatial_zone_summary,statsbomb_player,Zouhair Feddal,1,Tier 1 - Exact Match,2026-08-05 17:50:49,
GOAT000648,Jordi Amat Maas,spatial_zone_summary,statsbomb_player,Jordi Amat Maas,1,Tier 1 - Exact Match,2026-08-05 17:50:49,
GOAT000649,Jorge López Montaña,spatial_zone_summary,statsbomb_player,Jorge López Montaña,1,Tier 1 - Exact Match,2026-08-05 17:50:49,
GOAT000660,Borja Oubiña Meléndez,spatial_zone_summary,statsbomb_player,Borja Oubiña Meléndez,1,Tier 1 - Exact Match,2026-08-05 17:50:49,
GOAT000661,Borna Sosa,spatial_zone_summary,statsbomb_player,Borna Sosa,1,Tier 1 - Exact Match,2026-08-05 17:50:49,
GOAT000638,José Antonio García Rabasco,spatial_zone_summary,statsbomb_player,José Antonio García Rabasco,1,Tier 1 - Exact Match,2026-08-05 17:50:49,
GOAT000689,Darwin Daniel Machís Marcano,spatial_zone_summary,statsbomb_player,Darwin Daniel Machís Marcano,1,Tier 1 - Exact Match,2026-08-05 17:50:49,
GOAT000632,Nemanja Maksimović,spatial_zone_summary,statsbomb_player,Nemanja Maksimović,1,Tier 1 - Exact Match,2026-08-05 17:50:49,
GOAT000711,Tiago Manuel Dias Correia,spatial_zone_summary,statsbomb_player,Tiago Manuel Dias Correia,1,Tier 1 - Exact Match,2026-08-05 17:50:49,
GOAT000707,Moisés Hurtado Pérez,spatial_zone_summary,statsbomb_player,Moisés Hurtado Pérez,1,Tier 1 - Exact Match,2026-08-05 17:50:49,
GOAT000678,Mesut Özil,spatial_zone_summary,statsbomb_player,Mesut Özil,1,Tier 1 - Exact Match,2026-08-05 17:50:49,
GOAT000676,Borja Ekiza Imaz,spatial_zone_summary,statsbomb_player,Borja Ekiza Imaz,1,Tier 1 - Exact Match,2026-08-05 17:50:49,
GOAT000667,Borja González Tomás,spatial_zone_summary,statsbomb_player,Borja González Tomás,1,Tier 1 - Exact Match,2026-08-05 17:50:49,
GOAT000647,Roque Luis Santa Cruz Cantero,spatial_zone_summary,statsbomb_player,Roque Luis Santa Cruz Cantero,1,Tier 1 - Exact Match,2026-08-05 17:50:49,
GOAT000623,Ivan Strinić,spatial_zone_summary,statsbomb_player,Ivan Strinić,1,Tier 1 - Exact Match,2026-08-05 17:50:49,
GOAT000624,Ivica Dragutinovic,spatial_zone_summary,statsbomb_player,Ivica Dragutinovic,1,Tier 1 - Exact Match,2026-08-05 17:50:49,
GOAT000607,David Soria Solís,spatial_zone_summary,statsbomb_player,David Soria Solís,1,Tier 1 - Exact Match,2026-08-05 17:50:49,
GOAT000675,John Stones,spatial_zone_summary,statsbomb_player,John Stones,1,Tier 1 - Exact Match,2026-08-05 17:50:49,
GOAT000644,Jonathan Sesma González,spatial_zone_summary,statsbomb_player,Jonathan Sesma González,1,Tier 1 - Exact Match,2026-08-05 17:50:49,
GOAT000710,Imanol Agirretxe Arruti,spatial_zone_summary,statsbomb_player,Imanol Agirretxe Arruti,1,Tier 1 - Exact Match,2026-08-05 17:50:49,
GOAT000641,Rubén González Rocha,spatial_zone_summary,statsbomb_player,Rubén González Rocha,1,Tier 1 - Exact Match,2026-08-05 17:50:49,
GOAT000666,Jonas Gonçalves Oliveira,spatial_zone_summary,statsbomb_player,Jonas Gonçalves Oliveira,1,Tier 1 - Exact Match,2026-08-05 17:50:49,
GOAT000665,Rubén Sobrino Pozuelo,spatial_zone_summary,statsbomb_player,Rubén Sobrino Pozuelo,1,Tier 1 - Exact Match,2026-08-05 17:50:49,
GOAT000616,Adrián Embarba Blázquez,spatial_zone_summary,statsbomb_player,Adrián Embarba Blázquez,1,Tier 1 - Exact Match,2026-08-05 17:50:49,
GOAT000672,Sabin Merino Zuloaga,spatial_zone_summary,statsbomb_player,Sabin Merino Zuloaga,1,Tier 1 - Exact Match,2026-08-05 17:50:49,
GOAT000671,Ruud van Nistelrooy,spatial_zone_summary,statsbomb_player,Ruud van Nistelrooy,1,Tier 1 - Exact Match,2026-08-05 17:50:49,
GOAT000674,Johan Andrés Mojica Palacio,spatial_zone_summary,statsbomb_player,Johan Andrés Mojica Palacio,1,Tier 1 - Exact Match,2026-08-05 17:50:49,
GOAT000619,Miguel Ángel Guerrero Martín,spatial_zone_summary,statsbomb_player,Miguel Ángel Guerrero Martín,1,Tier 1 - Exact Match,2026-08-05 17:50:49,
GOAT000620,Mike Maignan,spatial_zone_summary,statsbomb_player,Mike Maignan,1,Tier 1 - Exact Match,2026-08-05 17:50:49,
GOAT000677,Michy Batshuayi Tunga,spatial_zone_summary,statsbomb_player,Michy Batshuayi Tunga,1,Tier 1 - Exact Match,2026-08-05 17:50:49,
GOAT000740,Jerónimo Figueroa Cabrera,spatial_zone_summary,statsbomb_player,Jerónimo Figueroa Cabrera,1,Tier 1 - Exact Match,2026-08-05 17:50:49,
GOAT000752,Ángel Trujillo Canorea,spatial_zone_summary,statsbomb_player,Ángel Trujillo Canorea,1,Tier 1 - Exact Match,2026-08-05 17:50:49,
GOAT000767,Aarón Martín Caricol,spatial_zone_summary,statsbomb_player,Aarón Martín Caricol,1,Tier 1 - Exact Match,2026-08-05 17:50:49,
GOAT000741,Jesús Joaquín Fernández Sáez de la Torre,spatial_zone_summary,statsbomb_player,Jesús Joaquín Fernández Sáez de la Torre,1,Tier 1 - Exact Match,2026-08-05 17:50:49,
GOAT000792,Diego Alberto Milito,spatial_zone_summary,statsbomb_player,Diego Alberto Milito,1,Tier 1 - Exact Match,2026-08-05 17:50:49,
GOAT000753,Óscar Plano Pedreño,spatial_zone_summary,statsbomb_player,Óscar Plano Pedreño,1,Tier 1 - Exact Match,2026-08-05 17:50:49,
GOAT000853,Jefferson Antonio Montero Vite,spatial_zone_summary,statsbomb_player,Jefferson Antonio Montero Vite,1,Tier 1 - Exact Match,2026-08-05 17:50:49,
GOAT000820,Jaime Gavilán Martínez,spatial_zone_summary,statsbomb_player,Jaime Gavilán Martínez,1,Tier 1 - Exact Match,2026-08-05 17:50:49,
GOAT000822,Jakub Moder,spatial_zone_summary,statsbomb_player,Jakub Moder,1,Tier 1 - Exact Match,2026-08-05 17:50:49,
GOAT000782,Adalberto Peñaranda Maestre,spatial_zone_summary,statsbomb_player,Adalberto Peñaranda Maestre,1,Tier 1 - Exact Match,2026-08-05 17:50:49,
GOAT000784,Ángel Montoro Sánchez,spatial_zone_summary,statsbomb_player,Ángel Montoro Sánchez,1,Tier 1 - Exact Match,2026-08-05 17:50:49,
GOAT000821,Jairo Samperio Bustara,spatial_zone_summary,statsbomb_player,Jairo Samperio Bustara,1,Tier 1 - Exact Match,2026-08-05 17:50:49,
GOAT000791,Juan Torres Ruiz,spatial_zone_summary,statsbomb_player,Juan Torres Ruiz,1,Tier 1 - Exact Match,2026-08-05 17:50:49,
GOAT000760,Gaku Shibasaki,spatial_zone_summary,statsbomb_player,Gaku Shibasaki,1,Tier 1 - Exact Match,2026-08-05 17:50:49,
GOAT000761,Gary Alexis Medel Soto,spatial_zone_summary,statsbomb_player,Gary Alexis Medel Soto,1,Tier 1 - Exact Match,2026-08-05 17:50:49,
GOAT000852,Piotr Trochowski,spatial_zone_summary,statsbomb_player,Piotr Trochowski,1,Tier 1 - Exact Match,2026-08-05 17:50:49,
GOAT000823,Iñaki Muñoz Oroz,spatial_zone_summary,statsbomb_player,Iñaki Muñoz Oroz,1,Tier 1 - Exact Match,2026-08-05 17:50:49,
GOAT000860,Peter Luccin,spatial_zone_summary,statsbomb_player,Peter Luccin,1,Tier 1 - Exact Match,2026-08-05 17:50:49,
GOAT000850,Christian Fernández Salas,spatial_zone_summary,statsbomb_player,Christian Fernández Salas,1,Tier 1 - Exact Match,2026-08-05 17:50:49,
GOAT000730,Alejandro Alfaro Ligero,spatial_zone_summary,statsbomb_player,Alejandro Alfaro Ligero,1,Tier 1 - Exact Match,2026-08-05 17:50:49,
GOAT000808,Kalu Uche,spatial_zone_summary,statsbomb_player,Kalu Uche,1,Tier 1 - Exact Match,2026-08-05 17:50:49,
GOAT000809,Kamil Grosicki,spatial_zone_summary,statsbomb_player,Kamil Grosicki,1,Tier 1 - Exact Match,2026-08-05 17:50:49,
GOAT000801,Kasper Schmeichel,spatial_zone_summary,statsbomb_player,Kasper Schmeichel,1,Tier 1 - Exact Match,2026-08-05 17:50:49,
GOAT000793,Walter Gerardo Pandiani Urquiza,spatial_zone_summary,statsbomb_player,Walter Gerardo Pandiani Urquiza,1,Tier 1 - Exact Match,2026-08-05 17:50:49,
GOAT000833,Pedro Mario Álvarez Abrante,spatial_zone_summary,statsbomb_player,Pedro Mario Álvarez Abrante,1,Tier 1 - Exact Match,2026-08-05 17:50:49,
GOAT000795,Pedro Taunausú Domínguez Placeres,spatial_zone_summary,statsbomb_player,Pedro Taunausú Domínguez Placeres,1,Tier 1 - Exact Match,2026-08-05 17:50:49,
GOAT000845,Juan Manuel Gómez Sánchez,spatial_zone_summary,statsbomb_player,Juan Manuel Gómez Sánchez,1,Tier 1 - Exact Match,2026-08-05 17:50:49,
GOAT000839,Francisco Peña Romero,spatial_zone_summary,statsbomb_player,Francisco Peña Romero,1,Tier 1 - Exact Match,2026-08-05 17:50:49,
GOAT000787,Sergio Martínez Ballesteros,spatial_zone_summary,statsbomb_player,Sergio Martínez Ballesteros,1,Tier 1 - Exact Match,2026-08-05 17:50:49,
GOAT000744,Mauricio Lemos Merladet,spatial_zone_summary,statsbomb_player,Mauricio Lemos Merladet,1,Tier 1 - Exact Match,2026-08-05 17:50:49,
GOAT000829,Diego Rivas Gutiérrez,spatial_zone_summary,statsbomb_player,Diego Rivas Gutiérrez,1,Tier 1 - Exact Match,2026-08-05 17:50:49,
GOAT000751,Álvaro Luiz Maior de Aquino,spatial_zone_summary,statsbomb_player,Álvaro Luiz Maior de Aquino,1,Tier 1 - Exact Match,2026-08-05 17:50:49,
GOAT000805,Sergio Postigo Redondo,spatial_zone_summary,statsbomb_player,Sergio Postigo Redondo,1,Tier 1 - Exact Match,2026-08-05 17:50:49,
GOAT000788,Carlos Reina Aranda,spatial_zone_summary,statsbomb_player,Carlos Reina Aranda,1,Tier 1 - Exact Match,2026-08-05 17:50:49,
GOAT000790,Juan Rafael Fuentes Hernández,spatial_zone_summary,statsbomb_player,Juan Rafael Fuentes Hernández,1,Tier 1 - Exact Match,2026-08-05 17:50:49,
GOAT000827,Juan Daniel Forlín,spatial_zone_summary,statsbomb_player,Juan Daniel Forlín,1,Tier 1 - Exact Match,2026-08-05 17:50:49,
GOAT000802,Francisco Javier García Fernández,spatial_zone_summary,statsbomb_player,Francisco Javier García Fernández,1,Tier 1 - Exact Match,2026-08-05 17:50:49,
GOAT000844,Juan Gutiérrez Moreno,spatial_zone_summary,statsbomb_player,Juan Gutiérrez Moreno,1,Tier 1 - Exact Match,2026-08-05 17:50:49,
GOAT000762,Georginio Wijnaldum,spatial_zone_summary,statsbomb_player,Georginio Wijnaldum,1,Tier 1 - Exact Match,2026-08-05 17:50:49,
GOAT000763,Gerard Gumbau Garriga,spatial_zone_summary,statsbomb_player,Gerard Gumbau Garriga,1,Tier 1 - Exact Match,2026-08-05 17:50:49,
GOAT000757,Alen Halilović,spatial_zone_summary,statsbomb_player,Alen Halilović,1,Tier 1 - Exact Match,2026-08-05 17:50:49,
GOAT000831,Pablo Ínsua Blanco,spatial_zone_summary,statsbomb_player,Pablo Ínsua Blanco,1,Tier 1 - Exact Match,2026-08-05 17:50:49,
GOAT000857,Santiago Arias Naranjo,spatial_zone_summary,statsbomb_player,Santiago Arias Naranjo,1,Tier 1 - Exact Match,2026-08-05 17:50:49,
GOAT000858,Santiago Ezquerro Marín,spatial_zone_summary,statsbomb_player,Santiago Ezquerro Marín,1,Tier 1 - Exact Match,2026-08-05 17:50:49,
GOAT000779,Rubén Baraja Vegas,spatial_zone_summary,statsbomb_player,Rubén Baraja Vegas,1,Tier 1 - Exact Match,2026-08-05 17:50:49,
GOAT000758,Benoît Trémoulinas,spatial_zone_summary,statsbomb_player,Benoît Trémoulinas,1,Tier 1 - Exact Match,2026-08-05 17:50:49,
GOAT000724,Rubén Blanco Veiga,spatial_zone_summary,statsbomb_player,Rubén Blanco Veiga,1,Tier 1 - Exact Match,2026-08-05 17:50:49,
GOAT000746,Iriney Santos Da Silva,spatial_zone_summary,statsbomb_player,Iriney Santos Da Silva,1,Tier 1 - Exact Match,2026-08-05 17:50:49,
GOAT000723,Isaac Ajayi Success,spatial_zone_summary,statsbomb_player,Isaac Ajayi Success,1,Tier 1 - Exact Match,2026-08-05 17:50:49,
GOAT000716,Ismael López Blanco,spatial_zone_summary,statsbomb_player,Ismael López Blanco,1,Tier 1 - Exact Match,2026-08-05 17:50:49,
GOAT000742,Joaquín José Marín Ruiz,spatial_zone_summary,statsbomb_player,Joaquín José Marín Ruiz,1,Tier 1 - Exact Match,2026-08-05 17:50:49,
GOAT000838,Adrián Colunga Pérez,spatial_zone_summary,statsbomb_player,Adrián Colunga Pérez,1,Tier 1 - Exact Match,2026-08-05 17:50:49,
GOAT000811,Cristian Hidalgo González,spatial_zone_summary,statsbomb_player,Cristian Hidalgo González,1,Tier 1 - Exact Match,2026-08-05 17:50:49,
GOAT000803,Sergio Guardiola Navarro,spatial_zone_summary,statsbomb_player,Sergio Guardiola Navarro,1,Tier 1 - Exact Match,2026-08-05 17:50:49,
GOAT000815,Alexander Isak,spatial_zone_summary,statsbomb_player,Alexander Isak,1,Tier 1 - Exact Match,2026-08-05 17:50:49,
GOAT000848,Carlos Martín Vigaray,spatial_zone_summary,statsbomb_player,Carlos Martín Vigaray,1,Tier 1 - Exact Match,2026-08-05 17:50:49,
GOAT000750,Gonzalo Julián Melero Manzanares,spatial_zone_summary,statsbomb_player,Gonzalo Julián Melero Manzanares,1,Tier 1 - Exact Match,2026-08-05 17:50:49,
GOAT000781,Lorenzo Jesús Morón García,spatial_zone_summary,statsbomb_player,Lorenzo Jesús Morón García,1,Tier 1 - Exact Match,2026-08-05 17:50:49,
GOAT000819,Fernando Miguel Fernández Escribano,spatial_zone_summary,statsbomb_player,Fernando Miguel Fernández Escribano,1,Tier 1 - Exact Match,2026-08-05 17:50:49,
GOAT000786,Rodrygo Silva de Goes,spatial_zone_summary,statsbomb_player,Rodrygo Silva de Goes,1,Tier 1 - Exact Match,2026-08-05 17:50:49,
GOAT000745,Blaise Matuidi,spatial_zone_summary,statsbomb_player,Blaise Matuidi,1,Tier 1 - Exact Match,2026-08-05 17:50:49,
GOAT000721,Jon Ansotegi Gorostola,spatial_zone_summary,statsbomb_player,Jon Ansotegi Gorostola,1,Tier 1 - Exact Match,2026-08-05 17:50:49,
GOAT000799,Vicente Rodríguez Guillén,spatial_zone_summary,statsbomb_player,Vicente Rodríguez Guillén,1,Tier 1 - Exact Match,2026-08-05 17:50:49,
GOAT000847,Pablo Ibáñez Tébar,spatial_zone_summary,statsbomb_player,Pablo Ibáñez Tébar,1,Tier 1 - Exact Match,2026-08-05 17:50:49,
GOAT000843,José Ángel Crespo Rincón,spatial_zone_summary,statsbomb_player,José Ángel Crespo Rincón,1,Tier 1 - Exact Match,2026-08-05 17:50:49,
GOAT000834,José Ángel Gómez Campaña,spatial_zone_summary,statsbomb_player,José Ángel Gómez Campaña,1,Tier 1 - Exact Match,2026-08-05 17:50:49,
GOAT000828,Virgil van Dijk,spatial_zone_summary,statsbomb_player,Virgil van Dijk,1,Tier 1 - Exact Match,2026-08-05 17:50:49,
GOAT000765,Alexandre Geijo Pazos,spatial_zone_summary,statsbomb_player,Alexandre Geijo Pazos,1,Tier 1 - Exact Match,2026-08-05 17:50:49,
GOAT000594,Alfred John Momar N''Diaye,spatial_passing_centrality,statsbomb_player,Alfred John Momar N'Diaye,1,Tier 2 - Accent Match,2026-08-05 17:50:49,
GOAT000594,Alfred John Momar N''Diaye,spatial_zone_summary,statsbomb_player,Alfred John Momar N'Diaye,1,Tier 2 - Accent Match,2026-08-05 17:50:49,
GOAT000594,Alfred John Momar N''Diaye,spatial_zone_summary,statsbomb_player,Alfred John Momar N''Diaye,1,Tier 1 - Exact Match,2026-08-05 17:50:49,
GOAT000735,José Miguel da Rocha Fonte,spatial_zone_summary,statsbomb_player,José Miguel da Rocha Fonte,1,Tier 1 - Exact Match,2026-08-05 17:50:49,
GOAT000733,Alberto Zapater Arjol,spatial_zone_summary,statsbomb_player,Alberto Zapater Arjol,1,Tier 1 - Exact Match,2026-08-05 17:50:49,
GOAT000727,Yahia Attiyat allah,spatial_zone_summary,statsbomb_player,Yahia Attiyat allah,1,Tier 1 - Exact Match,2026-08-05 17:50:49,
GOAT000798,Luis Hernández Rodríguez,spatial_zone_summary,statsbomb_player,Luis Hernández Rodríguez,1,Tier 1 - Exact Match,2026-08-05 17:50:49,
GOAT000748,Masoud Shojaei Soleimani,spatial_zone_summary,statsbomb_player,Masoud Shojaei Soleimani,1,Tier 1 - Exact Match,2026-08-05 17:50:49,
GOAT000739,Mate Bilić,spatial_zone_summary,statsbomb_player,Mate Bilić,1,Tier 1 - Exact Match,2026-08-05 17:50:49,
GOAT000769,Roberto Suárez Pier,spatial_zone_summary,statsbomb_player,Roberto Suárez Pier,1,Tier 1 - Exact Match,2026-08-05 17:50:49,
GOAT000720,Aitor Fernández Abarisketa,spatial_zone_summary,statsbomb_player,Aitor Fernández Abarisketa,1,Tier 1 - Exact Match,2026-08-05 17:50:49,
GOAT000836,Harry Kane,spatial_zone_summary,statsbomb_player,Harry Kane,1,Tier 1 - Exact Match,2026-08-05 17:50:49,
GOAT000774,Gonçalo Matias Ramos,spatial_zone_summary,statsbomb_player,Gonçalo Matias Ramos,1,Tier 1 - Exact Match,2026-08-05 17:50:49,
GOAT000772,Gorka Elustondo Urkola,spatial_zone_summary,statsbomb_player,Gorka Elustondo Urkola,1,Tier 1 - Exact Match,2026-08-05 17:50:49,
GOAT000771,Guido Rodríguez,spatial_zone_summary,statsbomb_player,Guido Rodríguez,1,Tier 1 - Exact Match,2026-08-05 17:50:49,
GOAT000789,Pablo Orbaiz Lesaka,spatial_zone_summary,statsbomb_player,Pablo Orbaiz Lesaka,1,Tier 1 - Exact Match,2026-08-05 17:50:49,
GOAT000737,Saúl Berjón Pérez,spatial_zone_summary,statsbomb_player,Saúl Berjón Pérez,1,Tier 1 - Exact Match,2026-08-05 17:50:49,
GOAT000818,Fernando Damián Tissone,spatial_zone_summary,statsbomb_player,Fernando Damián Tissone,1,Tier 1 - Exact Match,2026-08-05 17:50:49,
GOAT000830,Luuk de Jong,spatial_zone_summary,statsbomb_player,Luuk de Jong,1,Tier 1 - Exact Match,2026-08-05 17:50:49,
GOAT000728,Unai López Cabrera,spatial_zone_summary,statsbomb_player,Unai López Cabrera,1,Tier 1 - Exact Match,2026-08-05 17:50:49,
GOAT000718,Ustaritz Aldekoaotalora Astarloa,spatial_zone_summary,statsbomb_player,Ustaritz Aldekoaotalora Astarloa,1,Tier 1 - Exact Match,2026-08-05 17:50:49,
GOAT000854,Ewerthon Henrique de Souza,spatial_zone_summary,statsbomb_player,Ewerthon Henrique de Souza,1,Tier 1 - Exact Match,2026-08-05 17:50:49,
GOAT000855,Exequiel Alejandro Palacios,spatial_zone_summary,statsbomb_player,Exequiel Alejandro Palacios,1,Tier 1 - Exact Match,2026-08-05 17:50:49,
GOAT000856,Fabian Lukas Schär,spatial_zone_summary,statsbomb_player,Fabian Lukas Schär,1,Tier 1 - Exact Match,2026-08-05 17:50:49,
GOAT000825,Carles Planas Antolínez,spatial_zone_summary,statsbomb_player,Carles Planas Antolínez,1,Tier 1 - Exact Match,2026-08-05 17:50:49,
GOAT000859,Santiago Wilmer Acasiete Ariadela,spatial_zone_summary,statsbomb_player,Santiago Wilmer Acasiete Ariadela,1,Tier 1 - Exact Match,2026-08-05 17:50:49,
GOAT000759,Daniel Estrada Agirrezablaga,spatial_zone_summary,statsbomb_player,Daniel Estrada Agirrezablaga,1,Tier 1 - Exact Match,2026-08-05 17:50:49,
GOAT000796,Sergio Álvarez Díaz,spatial_zone_summary,statsbomb_player,Sergio Álvarez Díaz,1,Tier 1 - Exact Match,2026-08-05 17:50:49,
GOAT000862,Nicolás Iván González,spatial_zone_summary,statsbomb_player,Nicolás Iván González,1,Tier 1 - Exact Match,2026-08-05 17:50:49,
GOAT000717,Mariano Ferreira Filho,spatial_zone_summary,statsbomb_player,Mariano Ferreira Filho,1,Tier 1 - Exact Match,2026-08-05 17:50:49,
GOAT000766,Mario Bermejo Castanedo,spatial_zone_summary,statsbomb_player,Mario Bermejo Castanedo,1,Tier 1 - Exact Match,2026-08-05 17:50:49,
GOAT000715,Mario Hermoso Canseco,spatial_zone_summary,statsbomb_player,Mario Hermoso Canseco,1,Tier 1 - Exact Match,2026-08-05 17:50:49,
GOAT000797,Ibrahima Konaté,spatial_zone_summary,statsbomb_player,Ibrahima Konaté,1,Tier 1 - Exact Match,2026-08-05 17:50:49,
GOAT000773,Jordan Pickford,spatial_zone_summary,statsbomb_player,Jordan Pickford,1,Tier 1 - Exact Match,2026-08-05 17:50:49,
GOAT000722,Mark Dennis González Hoffmann,spatial_zone_summary,statsbomb_player,Mark Dennis González Hoffmann,1,Tier 1 - Exact Match,2026-08-05 17:50:49,
GOAT000719,Marko Dmitrović,spatial_zone_summary,statsbomb_player,Marko Dmitrović,1,Tier 1 - Exact Match,2026-08-05 17:50:49,
GOAT000804,Martín Aguirregabiria Padilla,spatial_zone_summary,statsbomb_player,Martín Aguirregabiria Padilla,1,Tier 1 - Exact Match,2026-08-05 17:50:49,
GOAT000777,Enis Bardhi,spatial_zone_summary,statsbomb_player,Enis Bardhi,1,Tier 1 - Exact Match,2026-08-05 17:50:49,
GOAT000776,Tomáš Vaclík,spatial_zone_summary,statsbomb_player,Tomáš Vaclík,1,Tier 1 - Exact Match,2026-08-05 17:50:49,
GOAT000747,Unai Bustinza Martínez,spatial_zone_summary,statsbomb_player,Unai Bustinza Martínez,1,Tier 1 - Exact Match,2026-08-05 17:50:49,
GOAT000841,Ander Barrenetxea Muguruza,spatial_zone_summary,statsbomb_player,Ander Barrenetxea Muguruza,1,Tier 1 - Exact Match,2026-08-05 17:50:49,
GOAT000731,Marcus Rashford,spatial_zone_summary,statsbomb_player,Marcus Rashford,1,Tier 1 - Exact Match,2026-08-05 17:50:49,
GOAT000794,Nuno Mendes,spatial_zone_summary,statsbomb_player,Nuno Mendes,1,Tier 1 - Exact Match,2026-08-05 17:50:49,
GOAT000826,Nicola Zalewski,spatial_zone_summary,statsbomb_player,Nicola Zalewski,1,Tier 1 - Exact Match,2026-08-05 17:50:49,
GOAT000861,Manuel Alejandro García Sánchez,spatial_zone_summary,statsbomb_player,Manuel Alejandro García Sánchez,1,Tier 1 - Exact Match,2026-08-05 17:50:49,
GOAT000754,Yeray Álvarez López,spatial_zone_summary,statsbomb_player,Yeray Álvarez López,1,Tier 1 - Exact Match,2026-08-05 17:50:49,
GOAT000755,Yerry Fernando Mina González,spatial_zone_summary,statsbomb_player,Yerry Fernando Mina González,1,Tier 1 - Exact Match,2026-08-05 17:50:49,
GOAT000756,Yoel Rodríguez Oterino,spatial_zone_summary,statsbomb_player,Yoel Rodríguez Oterino,1,Tier 1 - Exact Match,2026-08-05 17:50:49,
GOAT000800,Hernán Darío Pellerano,spatial_zone_summary,statsbomb_player,Hernán Darío Pellerano,1,Tier 1 - Exact Match,2026-08-05 17:50:49,
GOAT000736,Marc Bertrán Vilanova,spatial_zone_summary,statsbomb_player,Marc Bertrán Vilanova,1,Tier 1 - Exact Match,2026-08-05 17:50:49,
GOAT000780,Enrique García Martínez,spatial_zone_summary,statsbomb_player,Enrique García Martínez,1,Tier 1 - Exact Match,2026-08-05 17:50:49,
GOAT000729,Enzo Maresca,spatial_zone_summary,statsbomb_player,Enzo Maresca,1,Tier 1 - Exact Match,2026-08-05 17:50:49,
GOAT000734,Marc Roca Junqué,spatial_zone_summary,statsbomb_player,Marc Roca Junqué,1,Tier 1 - Exact Match,2026-08-05 17:50:49,
GOAT000732,Marcos Alberto Angeleri,spatial_zone_summary,statsbomb_player,Marcos Alberto Angeleri,1,Tier 1 - Exact Match,2026-08-05 17:50:49,
GOAT000810,Albert Celades López,spatial_zone_summary,statsbomb_player,Albert Celades López,1,Tier 1 - Exact Match,2026-08-05 17:50:49,
GOAT000749,Selim Amallah,spatial_zone_summary,statsbomb_player,Selim Amallah,1,Tier 1 - Exact Match,2026-08-05 17:50:49,
GOAT000738,Arnaldo Antonio Sanabria Ayala,spatial_zone_summary,statsbomb_player,Arnaldo Antonio Sanabria Ayala,1,Tier 1 - Exact Match,2026-08-05 17:50:49,
GOAT000768,Roberto Lago Soto,spatial_zone_summary,statsbomb_player,Roberto Lago Soto,1,Tier 1 - Exact Match,2026-08-05 17:50:49,
GOAT000812,Alberto Botía Rabasco,spatial_zone_summary,statsbomb_player,Alberto Botía Rabasco,1,Tier 1 - Exact Match,2026-08-05 17:50:49,
GOAT000824,Alberto Bueno Calvo,spatial_zone_summary,statsbomb_player,Alberto Bueno Calvo,1,Tier 1 - Exact Match,2026-08-05 17:50:49,
GOAT000849,Alberto Facundo Costa,spatial_zone_summary,statsbomb_player,Alberto Facundo Costa,1,Tier 1 - Exact Match,2026-08-05 17:50:49,
GOAT000846,Alberto Lora Ramos,spatial_zone_summary,statsbomb_player,Alberto Lora Ramos,1,Tier 1 - Exact Match,2026-08-05 17:50:49,
GOAT000806,Néstor Fabián Canobbio Bentaberry,spatial_zone_summary,statsbomb_player,Néstor Fabián Canobbio Bentaberry,1,Tier 1 - Exact Match,2026-08-05 17:50:49,
GOAT000807,Odion Jude Ighalo,spatial_zone_summary,statsbomb_player,Odion Jude Ighalo,1,Tier 1 - Exact Match,2026-08-05 17:50:49,
GOAT000725,Emilio Nsue López,spatial_zone_summary,statsbomb_player,Emilio Nsue López,1,Tier 1 - Exact Match,2026-08-05 17:50:49,
GOAT000726,Jose María Movilla Cubero,spatial_zone_summary,statsbomb_player,Jose María Movilla Cubero,1,Tier 1 - Exact Match,2026-08-05 17:50:49,
GOAT000835,Hedwiges Maduro,spatial_zone_summary,statsbomb_player,Hedwiges Maduro,1,Tier 1 - Exact Match,2026-08-05 17:50:49,
GOAT000832,Henok Goitom,spatial_zone_summary,statsbomb_player,Henok Goitom,1,Tier 1 - Exact Match,2026-08-05 17:50:49,
GOAT000743,Erling Haaland,statistical_player_summary,common_name,Erling Haaland,1,Tier 1 - Exact Match,2026-08-05 17:50:49,
GOAT000783,Jorge Miramón Santagertrudis,spatial_zone_summary,statsbomb_player,Jorge Miramón Santagertrudis,1,Tier 1 - Exact Match,2026-08-05 17:50:49,
GOAT000775,Abraham González Casanova,spatial_zone_summary,statsbomb_player,Abraham González Casanova,1,Tier 1 - Exact Match,2026-08-05 17:50:49,
GOAT000770,Mikel Aranburu Eizagirre,spatial_zone_summary,statsbomb_player,Mikel Aranburu Eizagirre,1,Tier 1 - Exact Match,2026-08-05 17:50:49,
GOAT000813,David de Gea Quintana,spatial_zone_summary,statsbomb_player,David de Gea Quintana,1,Tier 1 - Exact Match,2026-08-05 17:50:49,
GOAT000816,Sofyan Amrabat,spatial_zone_summary,statsbomb_player,Sofyan Amrabat,1,Tier 1 - Exact Match,2026-08-05 17:50:49,
GOAT000817,Stanislav Lobotka,spatial_zone_summary,statsbomb_player,Stanislav Lobotka,1,Tier 1 - Exact Match,2026-08-05 17:50:49,
GOAT000785,Ángel Martínez Cervera,spatial_zone_summary,statsbomb_player,Ángel Martínez Cervera,1,Tier 1 - Exact Match,2026-08-05 17:50:49,
GOAT000851,Javier Paredes Arango,spatial_zone_summary,statsbomb_player,Javier Paredes Arango,1,Tier 1 - Exact Match,2026-08-05 17:50:49,
GOAT000837,Presnel Kimpembe,spatial_zone_summary,statsbomb_player,Presnel Kimpembe,1,Tier 1 - Exact Match,2026-08-05 17:50:49,
GOAT000840,Radamel Falcao García Zárate,spatial_zone_summary,statsbomb_player,Radamel Falcao García Zárate,1,Tier 1 - Exact Match,2026-08-05 17:50:49,
GOAT000842,Ramon Olamilekan Azeez,spatial_zone_summary,statsbomb_player,Ramon Olamilekan Azeez,1,Tier 1 - Exact Match,2026-08-05 17:50:49,
GOAT000764,Óscar Javier González Marcos,spatial_zone_summary,statsbomb_player,Óscar Javier González Marcos,1,Tier 1 - Exact Match,2026-08-05 17:50:49,
GOAT000814,Jasper Cillessen,spatial_zone_summary,statsbomb_player,Jasper Cillessen,1,Tier 1 - Exact Match,2026-08-05 17:50:49,
GOAT000778,Azzedine Ounahi,spatial_zone_summary,statsbomb_player,Azzedine Ounahi,1,Tier 1 - Exact Match,2026-08-05 17:50:49,
GOAT001074,Óscar Rodríguez Arnaiz,spatial_zone_summary,statsbomb_player,Óscar Rodríguez Arnaiz,1,Tier 1 - Exact Match,2026-08-05 17:50:49,
GOAT000958,Jaume Doménech Sánchez,spatial_zone_summary,statsbomb_player,Jaume Doménech Sánchez,1,Tier 1 - Exact Match,2026-08-05 17:50:49,
GOAT000863,Gabriel Appelt Pires,spatial_zone_summary,statsbomb_player,Gabriel Appelt Pires,1,Tier 1 - Exact Match,2026-08-05 17:50:49,
GOAT000864,Fágner Conserva Lemos,spatial_zone_summary,statsbomb_player,Fágner Conserva Lemos,1,Tier 1 - Exact Match,2026-08-05 17:50:49,
GOAT000964,Julián Omar Ramos Suárez,spatial_zone_summary,statsbomb_player,Julián Omar Ramos Suárez,1,Tier 1 - Exact Match,2026-08-05 17:50:49,
GOAT000996,Christian Dannemann Eriksen,spatial_zone_summary,statsbomb_player,Christian Dannemann Eriksen,1,Tier 1 - Exact Match,2026-08-05 17:50:49,
GOAT000997,Christian Bjørnshøj Poulsen,spatial_zone_summary,statsbomb_player,Christian Bjørnshøj Poulsen,1,Tier 1 - Exact Match,2026-08-05 17:50:49,
GOAT000928,Rafael van der Vaart,spatial_zone_summary,statsbomb_player,Rafael van der Vaart,1,Tier 1 - Exact Match,2026-08-05 17:50:49,
GOAT001057,Aleksandar Mitrović,spatial_zone_summary,statsbomb_player,Aleksandar Mitrović,1,Tier 1 - Exact Match,2026-08-05 17:50:49,
GOAT001060,Alejandro Remiro Gargallo,spatial_zone_summary,statsbomb_player,Alejandro Remiro Gargallo,1,Tier 1 - Exact Match,2026-08-05 17:50:49,
GOAT000942,Jawad El Yamiq,spatial_zone_summary,statsbomb_player,Jawad El Yamiq,1,Tier 1 - Exact Match,2026-08-05 17:50:49,
GOAT001075,Ángel Manuel Vivar Dorado,spatial_zone_summary,statsbomb_player,Ángel Manuel Vivar Dorado,1,Tier 1 - Exact Match,2026-08-05 17:50:49,
GOAT001004,Miguel Pallardó González,spatial_zone_summary,statsbomb_player,Miguel Pallardó González,1,Tier 1 - Exact Match,2026-08-05 17:50:49,
GOAT001005,Miguel Marcos Madera,spatial_zone_summary,statsbomb_player,Miguel Marcos Madera,1,Tier 1 - Exact Match,2026-08-05 17:50:49,
GOAT001024,Michaël Pereira,spatial_zone_summary,statsbomb_player,Michaël Pereira,1,Tier 1 - Exact Match,2026-08-05 17:50:49,
GOAT000980,Thievy Guivane Bifouma Koulossa,spatial_zone_summary,statsbomb_player,Thievy Guivane Bifouma Koulossa,1,Tier 1 - Exact Match,2026-08-05 17:50:49,
GOAT000972,Stephen Antunes Eustáquio,spatial_zone_summary,statsbomb_player,Stephen Antunes Eustáquio,1,Tier 1 - Exact Match,2026-08-05 17:50:49,
GOAT000973,Stefan Šćepović,spatial_zone_summary,statsbomb_player,Stefan Šćepović,1,Tier 1 - Exact Match,2026-08-05 17:50:49,
GOAT001003,Miguel Ángel Lozano Ayala,spatial_zone_summary,statsbomb_player,Miguel Ángel Lozano Ayala,1,Tier 1 - Exact Match,2026-08-05 17:50:49,
GOAT000881,Emre Çolak,spatial_zone_summary,statsbomb_player,Emre Çolak,1,Tier 1 - Exact Match,2026-08-05 17:50:49,
GOAT000874,Jorge Pulido Mayoral,spatial_zone_summary,statsbomb_player,Jorge Pulido Mayoral,1,Tier 1 - Exact Match,2026-08-05 17:50:49,
GOAT000875,Jorge Franco Alviz,spatial_zone_summary,statsbomb_player,Jorge Franco Alviz,1,Tier 1 - Exact Match,2026-08-05 17:50:49,
GOAT000914,Erick Cathriel Cabaco Almada,spatial_zone_summary,statsbomb_player,Erick Cathriel Cabaco Almada,1,Tier 1 - Exact Match,2026-08-05 17:50:49,
GOAT000898,Eric Dier,spatial_zone_summary,statsbomb_player,Eric Dier,1,Tier 1 - Exact Match,2026-08-05 17:50:49,
GOAT001030,Hélder Manuel Marques Postiga,spatial_zone_summary,statsbomb_player,Hélder Manuel Marques Postiga,1,Tier 1 - Exact Match,2026-08-05 17:50:49,
GOAT001031,Héctor Miguel Herrera López,spatial_zone_summary,statsbomb_player,Héctor Miguel Herrera López,1,Tier 1 - Exact Match,2026-08-05 17:50:49,
GOAT000882,Emre Can,spatial_zone_summary,statsbomb_player,Emre Can,1,Tier 1 - Exact Match,2026-08-05 17:50:49,
GOAT001052,Marcos Aoás Corrêa,spatial_zone_summary,statsbomb_player,Marcos Aoás Corrêa,1,Tier 1 - Exact Match,2026-08-05 17:50:49,
GOAT000978,Oghenekaro Etebo,spatial_zone_summary,statsbomb_player,Oghenekaro Etebo,1,Tier 1 - Exact Match,2026-08-05 17:50:49,
GOAT001059,Daniel Olmo Carvajal,spatial_zone_summary,statsbomb_player,Daniel Olmo Carvajal,1,Tier 1 - Exact Match,2026-08-05 17:50:49,
GOAT000960,Nélson Augusto Tomar Marcos,spatial_zone_summary,statsbomb_player,Nélson Augusto Tomar Marcos,1,Tier 1 - Exact Match,2026-08-05 17:50:49,
GOAT000930,Bruno Alexandre Vilela Gama,spatial_zone_summary,statsbomb_player,Bruno Alexandre Vilela Gama,1,Tier 1 - Exact Match,2026-08-05 17:50:49,
GOAT000918,Arouna Koné,spatial_zone_summary,statsbomb_player,Arouna Koné,1,Tier 1 - Exact Match,2026-08-05 17:50:49,
GOAT000900,Enzo Pablo Roco Roco,spatial_zone_summary,statsbomb_player,Enzo Pablo Roco Roco,1,Tier 1 - Exact Match,2026-08-05 17:50:49,
GOAT000892,Josip Šutalo,spatial_zone_summary,statsbomb_player,Josip Šutalo,1,Tier 1 - Exact Match,2026-08-05 17:50:49,
GOAT000893,Josip Pivarić,spatial_zone_summary,statsbomb_player,Josip Pivarić,1,Tier 1 - Exact Match,2026-08-05 17:50:49,
GOAT001032,Hernán Darío Bernardello,spatial_zone_summary,statsbomb_player,Hernán Darío Bernardello,1,Tier 1 - Exact Match,2026-08-05 17:50:49,
GOAT001033,Hernán Daniel Santana Trujillo,spatial_zone_summary,statsbomb_player,Hernán Daniel Santana Trujillo,1,Tier 1 - Exact Match,2026-08-05 17:50:49,
GOAT001044,Henrique Adriano Buss,spatial_zone_summary,statsbomb_player,Henrique Adriano Buss,1,Tier 1 - Exact Match,2026-08-05 17:50:49,
GOAT000899,Eric Bertrand Bailly,spatial_zone_summary,statsbomb_player,Eric Bertrand Bailly,1,Tier 1 - Exact Match,2026-08-05 17:50:49,
GOAT001037,Manuel Henrique Tavares Fernandes,spatial_zone_summary,statsbomb_player,Manuel Henrique Tavares Fernandes,1,Tier 1 - Exact Match,2026-08-05 17:50:49,
GOAT000979,Sisinio González Martínez,spatial_zone_summary,statsbomb_player,Sisinio González Martínez,1,Tier 1 - Exact Match,2026-08-05 17:50:49,
GOAT000895,Emiliano Daniel Velázquez Maldonado,spatial_zone_summary,statsbomb_player,Emiliano Daniel Velázquez Maldonado,1,Tier 1 - Exact Match,2026-08-05 17:50:49,
GOAT000896,Emiliano Daniel Armenteros,spatial_zone_summary,statsbomb_player,Emiliano Daniel Armenteros,1,Tier 1 - Exact Match,2026-08-05 17:50:49,
GOAT000961,Nilmar Honorato da Silva,spatial_zone_summary,statsbomb_player,Nilmar Honorato da Silva,1,Tier 1 - Exact Match,2026-08-05 17:50:49,
GOAT001036,Darko Brašanac,spatial_zone_summary,statsbomb_player,Darko Brašanac,1,Tier 1 - Exact Match,2026-08-05 17:50:49,
GOAT000873,Emerson Aparecido Leite de Souza Junior,spatial_zone_summary,statsbomb_player,Emerson Aparecido Leite de Souza Junior,1,Tier 1 - Exact Match,2026-08-05 17:50:49,
GOAT001058,Mariano Andrés Pernía,spatial_zone_summary,statsbomb_player,Mariano Andrés Pernía,1,Tier 1 - Exact Match,2026-08-05 17:50:49,
GOAT001050,Ander Guevara Lajo,spatial_zone_summary,statsbomb_player,Ander Guevara Lajo,1,Tier 1 - Exact Match,2026-08-05 17:50:49,
GOAT001070,Alphonso Davies,spatial_zone_summary,statsbomb_player,Alphonso Davies,1,Tier 1 - Exact Match,2026-08-05 17:50:49,
GOAT001063,Marko Arnautović,spatial_zone_summary,statsbomb_player,Marko Arnautović,1,Tier 1 - Exact Match,2026-08-05 17:50:49,
GOAT000876,Jordi Figueras Montel,spatial_zone_summary,statsbomb_player,Jordi Figueras Montel,1,Tier 1 - Exact Match,2026-08-05 17:50:49,
GOAT000877,Jordi Codina Rodríguez,spatial_zone_summary,statsbomb_player,Jordi Codina Rodríguez,1,Tier 1 - Exact Match,2026-08-05 17:50:49,
GOAT000883,Jonás Ramalho Chimeno,spatial_zone_summary,statsbomb_player,Jonás Ramalho Chimeno,1,Tier 1 - Exact Match,2026-08-05 17:50:49,
GOAT000884,Jonás Manuel Gutiérrez,spatial_zone_summary,statsbomb_player,Jonás Manuel Gutiérrez,1,Tier 1 - Exact Match,2026-08-05 17:50:49,
GOAT000894,Emiliano Moretti,spatial_zone_summary,statsbomb_player,Emiliano Moretti,1,Tier 1 - Exact Match,2026-08-05 17:50:49,
GOAT000962,Nikola Vukčević,spatial_zone_summary,statsbomb_player,Nikola Vukčević,1,Tier 1 - Exact Match,2026-08-05 17:50:49,
GOAT000866,"Daniel Armand N""Gom Komé",spatial_zone_summary,statsbomb_player,"Daniel Armand N""Gom Komé",1,Tier 1 - Exact Match,2026-08-05 17:50:49,
GOAT000977,Orel Mangala,spatial_zone_summary,statsbomb_player,Orel Mangala,1,Tier 1 - Exact Match,2026-08-05 17:50:49,
GOAT000938,Carles Gil de Pareja Vicent,spatial_zone_summary,statsbomb_player,Carles Gil de Pareja Vicent,1,Tier 1 - Exact Match,2026-08-05 17:50:49,
GOAT000890,Robert Pirès,spatial_zone_summary,statsbomb_player,Robert Pirès,1,Tier 1 - Exact Match,2026-08-05 17:50:49,
GOAT000909,Robert Ibáñez Castro,spatial_zone_summary,statsbomb_player,Robert Ibáñez Castro,1,Tier 1 - Exact Match,2026-08-05 17:50:49,
GOAT001000,Vedran Ćorluka,spatial_zone_summary,statsbomb_player,Vedran Ćorluka,1,Tier 1 - Exact Match,2026-08-05 17:50:49,
GOAT001071,Alistair Johnston,spatial_zone_summary,statsbomb_player,Alistair Johnston,1,Tier 1 - Exact Match,2026-08-05 17:50:49,
GOAT000867,Alfreð Finnbogason,spatial_zone_summary,statsbomb_player,Alfreð Finnbogason,1,Tier 1 - Exact Match,2026-08-05 17:50:49,
GOAT001002,Unai Núñez Gestoso,spatial_zone_summary,statsbomb_player,Unai Núñez Gestoso,1,Tier 1 - Exact Match,2026-08-05 17:50:49,
GOAT000891,José Antonio Dorado Ramírez,spatial_zone_summary,statsbomb_player,José Antonio Dorado Ramírez,1,Tier 1 - Exact Match,2026-08-05 17:50:49,
GOAT001021,Luis Alberto Romero Alconchel,spatial_zone_summary,statsbomb_player,Luis Alberto Romero Alconchel,1,Tier 1 - Exact Match,2026-08-05 17:50:49,
GOAT000955,Faustino Marcos Alberto Rojo,spatial_zone_summary,statsbomb_player,Faustino Marcos Alberto Rojo,1,Tier 1 - Exact Match,2026-08-05 17:50:49,
GOAT000956,Facundo Sebastián Roncaglia,spatial_zone_summary,statsbomb_player,Facundo Sebastián Roncaglia,1,Tier 1 - Exact Match,2026-08-05 17:50:49,
GOAT000957,Fabricio Coloccini,spatial_zone_summary,statsbomb_player,Fabricio Coloccini,1,Tier 1 - Exact Match,2026-08-05 17:50:49,
GOAT000939,Fabio Celestini,spatial_zone_summary,statsbomb_player,Fabio Celestini,1,Tier 1 - Exact Match,2026-08-05 17:50:49,
GOAT001039,Luka Ivanušec,spatial_zone_summary,statsbomb_player,Luka Ivanušec,1,Tier 1 - Exact Match,2026-08-05 17:50:49,
GOAT001040,Luis Prieto Zalbidegoitia,spatial_zone_summary,statsbomb_player,Luis Prieto Zalbidegoitia,1,Tier 1 - Exact Match,2026-08-05 17:50:49,
GOAT001041,Luis Jesús Rioja González,spatial_zone_summary,statsbomb_player,Luis Jesús Rioja González,1,Tier 1 - Exact Match,2026-08-05 17:50:49,
GOAT001019,Luis Javier García Sanz,spatial_zone_summary,statsbomb_player,Luis Javier García Sanz,1,Tier 1 - Exact Match,2026-08-05 17:50:49,
GOAT000945,Pablo Ezequiel De Blasis,spatial_zone_summary,statsbomb_player,Pablo Ezequiel De Blasis,1,Tier 1 - Exact Match,2026-08-05 17:50:49,
GOAT000959,Shkodran Mustafi,spatial_zone_summary,statsbomb_player,Shkodran Mustafi,1,Tier 1 - Exact Match,2026-08-05 17:50:49,
GOAT000970,Antonio Jesús Vázquez Muñoz,spatial_zone_summary,statsbomb_player,Antonio Jesús Vázquez Muñoz,1,Tier 1 - Exact Match,2026-08-05 17:50:49,
GOAT000920,Sebastián Carlos Cristóforo Pepe,spatial_zone_summary,statsbomb_player,Sebastián Carlos Cristóforo Pepe,1,Tier 1 - Exact Match,2026-08-05 17:50:49,
GOAT000921,Sebastian Szymański,spatial_zone_summary,statsbomb_player,Sebastian Szymański,1,Tier 1 - Exact Match,2026-08-05 17:50:49,
GOAT001023,Cristiano Piccini,spatial_zone_summary,statsbomb_player,Cristiano Piccini,1,Tier 1 - Exact Match,2026-08-05 17:50:49,
GOAT000926,José María Romero Poyón,spatial_zone_summary,statsbomb_player,José María Romero Poyón,1,Tier 1 - Exact Match,2026-08-05 17:50:49,
GOAT000906,José Manuel Flores Moreno,spatial_zone_summary,statsbomb_player,José Manuel Flores Moreno,1,Tier 1 - Exact Match,2026-08-05 17:50:49,
GOAT000907,José Javier Barkero Saludes,spatial_zone_summary,statsbomb_player,José Javier Barkero Saludes,1,Tier 1 - Exact Match,2026-08-05 17:50:49,
GOAT001045,Harry Maguire,spatial_zone_summary,statsbomb_player,Harry Maguire,1,Tier 1 - Exact Match,2026-08-05 17:50:49,
GOAT001046,Haris Seferović,spatial_zone_summary,statsbomb_player,Haris Seferović,1,Tier 1 - Exact Match,2026-08-05 17:50:49,
GOAT001047,Haris Medunjanin,spatial_zone_summary,statsbomb_player,Haris Medunjanin,1,Tier 1 - Exact Match,2026-08-05 17:50:49,
GOAT001012,Timothée Kolodziejczak,spatial_zone_summary,statsbomb_player,Timothée Kolodziejczak,1,Tier 1 - Exact Match,2026-08-05 17:50:49,
GOAT001028,Andreas Evald Cornelius,spatial_zone_summary,statsbomb_player,Andreas Evald Cornelius,1,Tier 1 - Exact Match,2026-08-05 17:50:49,
GOAT001029,Andreas Christensen,spatial_zone_summary,statsbomb_player,Andreas Christensen,1,Tier 1 - Exact Match,2026-08-05 17:50:49,
GOAT001001,Anga Dedryck Boyata,spatial_zone_summary,statsbomb_player,Anga Dedryck Boyata,1,Tier 1 - Exact Match,2026-08-05 17:50:49,
GOAT001064,Aitor Tornavaca Fernández,spatial_zone_summary,statsbomb_player,Aitor Tornavaca Fernández,1,Tier 1 - Exact Match,2026-08-05 17:50:49,
GOAT000908,Borja Iglesias Quintas,spatial_zone_summary,statsbomb_player,Borja Iglesias Quintas,1,Tier 1 - Exact Match,2026-08-05 17:50:49,
GOAT000889,Robin Aime Robert Le Normand,spatial_zone_summary,statsbomb_player,Robin Aime Robert Le Normand,1,Tier 1 - Exact Match,2026-08-05 17:50:49,
GOAT000902,Samuel García Sánchez,spatial_zone_summary,statsbomb_player,Samuel García Sánchez,1,Tier 1 - Exact Match,2026-08-05 17:50:49,
GOAT001049,Anderson Luis de Carvalho,spatial_zone_summary,statsbomb_player,Anderson Luis de Carvalho,1,Tier 1 - Exact Match,2026-08-05 17:50:49,
GOAT000904,Eduardo Antonio Salvio,spatial_zone_summary,statsbomb_player,Eduardo Antonio Salvio,1,Tier 1 - Exact Match,2026-08-05 17:50:49,
GOAT000905,Edinaldo Gomes Pereira,spatial_zone_summary,statsbomb_player,Edinaldo Gomes Pereira,1,Tier 1 - Exact Match,2026-08-05 17:50:49,
GOAT001035,Martín Zubimendi Ibáñez,spatial_zone_summary,statsbomb_player,Martín Zubimendi Ibáñez,1,Tier 1 - Exact Match,2026-08-05 17:50:49,
GOAT000971,Antonio Galdeano Benítez,spatial_zone_summary,statsbomb_player,Antonio Galdeano Benítez,1,Tier 1 - Exact Match,2026-08-05 17:50:49,
GOAT001020,Luis Fernández Gutiérrez,spatial_zone_summary,statsbomb_player,Luis Fernández Gutiérrez,1,Tier 1 - Exact Match,2026-08-05 17:50:49,
GOAT000968,Felipe Augusto de Almeida Monteiro,spatial_zone_summary,statsbomb_player,Felipe Augusto de Almeida Monteiro,1,Tier 1 - Exact Match,2026-08-05 17:50:49,
GOAT001051,Yangel Clemente Herrera Ravelo,spatial_zone_summary,statsbomb_player,Yangel Clemente Herrera Ravelo,1,Tier 1 - Exact Match,2026-08-05 17:50:49,
GOAT001065,Xherdan Shaqiri,spatial_zone_summary,statsbomb_player,Xherdan Shaqiri,1,Tier 1 - Exact Match,2026-08-05 17:50:49,
GOAT000998,Aleix García Serrano,spatial_zone_summary,statsbomb_player,Aleix García Serrano,1,Tier 1 - Exact Match,2026-08-05 17:50:49,
GOAT000999,Alberto Marcos Rey,spatial_zone_summary,statsbomb_player,Alberto Marcos Rey,1,Tier 1 - Exact Match,2026-08-05 17:50:49,
GOAT000925,José Ortiz Bernal,spatial_zone_summary,statsbomb_player,José Ortiz Bernal,1,Tier 1 - Exact Match,2026-08-05 17:50:49,
GOAT000868,Alfonso Pedraza Sag,spatial_zone_summary,statsbomb_player,Alfonso Pedraza Sag,1,Tier 1 - Exact Match,2026-08-05 17:50:49,
GOAT001017,Vitorino Gabriel Pacheco Antunes,spatial_zone_summary,statsbomb_player,Vitorino Gabriel Pacheco Antunes,1,Tier 1 - Exact Match,2026-08-05 17:50:49,
GOAT000934,Pablo Álvarez Nuñez,spatial_zone_summary,statsbomb_player,Pablo Álvarez Nuñez,1,Tier 1 - Exact Match,2026-08-05 17:50:49,
GOAT001054,César González Navas,spatial_zone_summary,statsbomb_player,César González Navas,1,Tier 1 - Exact Match,2026-08-05 17:50:49,
GOAT001022,Cyle Larin,spatial_zone_summary,statsbomb_player,Cyle Larin,1,Tier 1 - Exact Match,2026-08-05 17:50:49,
GOAT000923,José Vicente Gómez Umpiérrez,spatial_zone_summary,statsbomb_player,José Vicente Gómez Umpiérrez,1,Tier 1 - Exact Match,2026-08-05 17:50:49,
GOAT000924,José Salomón Rondón Giménez,spatial_zone_summary,statsbomb_player,José Salomón Rondón Giménez,1,Tier 1 - Exact Match,2026-08-05 17:50:49,
GOAT000910,Richie Laryea,spatial_zone_summary,statsbomb_player,Richie Laryea,1,Tier 1 - Exact Match,2026-08-05 17:50:49,
GOAT000929,Carlos Fernández Luna,spatial_zone_summary,statsbomb_player,Carlos Fernández Luna,1,Tier 1 - Exact Match,2026-08-05 17:50:49,
GOAT000911,Ricardo Izecson dos Santos Leite,spatial_zone_summary,statsbomb_player,Ricardo Izecson dos Santos Leite,1,Tier 1 - Exact Match,2026-08-05 17:50:49,
GOAT000944,Pablo Hervías Ruiz,spatial_zone_summary,statsbomb_player,Pablo Hervías Ruiz,1,Tier 1 - Exact Match,2026-08-05 17:50:49,
GOAT001018,Victor Moses,spatial_zone_summary,statsbomb_player,Victor Moses,1,Tier 1 - Exact Match,2026-08-05 17:50:49,
GOAT000989,Fernando Varela Ramos,spatial_zone_summary,statsbomb_player,Fernando Varela Ramos,1,Tier 1 - Exact Match,2026-08-05 17:50:49,
GOAT001056,Mathías Olivera Miramontes,spatial_zone_summary,statsbomb_player,Mathías Olivera Miramontes,1,Tier 1 - Exact Match,2026-08-05 17:50:49,
GOAT000974,Nabil Ghilas,spatial_zone_summary,statsbomb_player,Nabil Ghilas,1,Tier 1 - Exact Match,2026-08-05 17:50:49,
GOAT001006,David García Santana,spatial_zone_summary,statsbomb_player,David García Santana,1,Tier 1 - Exact Match,2026-08-05 17:50:49,
GOAT000879,Romain Saïss,spatial_zone_summary,statsbomb_player,Romain Saïss,1,Tier 1 - Exact Match,2026-08-05 17:50:49,
GOAT000880,Rodrigo Tarín Higón,spatial_zone_summary,statsbomb_player,Rodrigo Tarín Higón,1,Tier 1 - Exact Match,2026-08-05 17:50:49,
GOAT000885,Jonathan Pereira Rodríguez,spatial_zone_summary,statsbomb_player,Jonathan Pereira Rodríguez,1,Tier 1 - Exact Match,2026-08-05 17:50:49,
GOAT000886,Jonathan Osorio,spatial_zone_summary,statsbomb_player,Jonathan Osorio,1,Tier 1 - Exact Match,2026-08-05 17:50:49,
GOAT000887,Jonathan David,spatial_zone_summary,statsbomb_player,Jonathan David,1,Tier 1 - Exact Match,2026-08-05 17:50:49,
GOAT000888,Jonathan Cristian Silva,spatial_zone_summary,statsbomb_player,Jonathan Cristian Silva,1,Tier 1 - Exact Match,2026-08-05 17:50:49,
GOAT000897,Jonathan Calleri,spatial_zone_summary,statsbomb_player,Jonathan Calleri,1,Tier 1 - Exact Match,2026-08-05 17:50:49,
GOAT000933,Duje Čop,spatial_zone_summary,statsbomb_player,Duje Čop,1,Tier 1 - Exact Match,2026-08-05 17:50:49,
GOAT000922,Douglas Pereira dos Santos,spatial_zone_summary,statsbomb_player,Douglas Pereira dos Santos,1,Tier 1 - Exact Match,2026-08-05 17:50:49,
GOAT000932,Douglas Luiz Soares de Paulo,spatial_zone_summary,statsbomb_player,Douglas Luiz Soares de Paulo,1,Tier 1 - Exact Match,2026-08-05 17:50:49,
GOAT001014,Florian Grégoire Claude Lejeune,spatial_zone_summary,statsbomb_player,Florian Grégoire Claude Lejeune,1,Tier 1 - Exact Match,2026-08-05 17:50:49,
GOAT000871,Germán Sánchez Barahona,spatial_zone_summary,statsbomb_player,Germán Sánchez Barahona,1,Tier 1 - Exact Match,2026-08-05 17:50:49,
GOAT000872,Germán Darío Lux,spatial_zone_summary,statsbomb_player,Germán Darío Lux,1,Tier 1 - Exact Match,2026-08-05 17:50:49,
GOAT000936,Juan Carlos Martín Corral,spatial_zone_summary,statsbomb_player,Juan Carlos Martín Corral,1,Tier 1 - Exact Match,2026-08-05 17:50:49,
GOAT000912,Rene Krhin,spatial_zone_summary,statsbomb_player,Rene Krhin,1,Tier 1 - Exact Match,2026-08-05 17:50:49,
GOAT000913,Renato Júnior Luz Sanches,spatial_zone_summary,statsbomb_player,Renato Júnior Luz Sanches,1,Tier 1 - Exact Match,2026-08-05 17:50:49,
GOAT000927,Raúl Rodríguez Navarro,spatial_zone_summary,statsbomb_player,Raúl Rodríguez Navarro,1,Tier 1 - Exact Match,2026-08-05 17:50:49,
GOAT000937,Juan Camilo Hernández Suárez,spatial_zone_summary,statsbomb_player,Juan Camilo Hernández Suárez,1,Tier 1 - Exact Match,2026-08-05 17:50:49,
GOAT001007,Leander Dendoncker,spatial_zone_summary,statsbomb_player,Leander Dendoncker,1,Tier 1 - Exact Match,2026-08-05 17:50:49,
GOAT001055,Matty Cash,spatial_zone_summary,statsbomb_player,Matty Cash,1,Tier 1 - Exact Match,2026-08-05 17:50:49,
GOAT000915,Joaquín Oscar Larrivey,spatial_zone_summary,statsbomb_player,Joaquín Oscar Larrivey,1,Tier 1 - Exact Match,2026-08-05 17:50:49,
GOAT001038,David Castedo Escudero,spatial_zone_summary,statsbomb_player,David Castedo Escudero,1,Tier 1 - Exact Match,2026-08-05 17:50:49,
GOAT001013,Ismael Koné,spatial_zone_summary,statsbomb_player,Ismael Koné,1,Tier 1 - Exact Match,2026-08-05 17:50:49,
GOAT000901,Jon Bautista Orgilles,spatial_zone_summary,statsbomb_player,Jon Bautista Orgilles,1,Tier 1 - Exact Match,2026-08-05 17:50:49,
GOAT000878,Rubén Alcaraz Jiménez,spatial_zone_summary,statsbomb_player,Rubén Alcaraz Jiménez,1,Tier 1 - Exact Match,2026-08-05 17:50:49,
GOAT001011,Cristian Gabriel Rodríguez Barrotti,spatial_zone_summary,statsbomb_player,Cristian Gabriel Rodríguez Barrotti,1,Tier 1 - Exact Match,2026-08-05 17:50:49,
GOAT001027,Cristian David Pavón,spatial_zone_summary,statsbomb_player,Cristian David Pavón,1,Tier 1 - Exact Match,2026-08-05 17:50:49,
GOAT000951,Juan Jesús Calatayud Sánchez,spatial_zone_summary,statsbomb_player,Juan Jesús Calatayud Sánchez,1,Tier 1 - Exact Match,2026-08-05 17:50:49,
GOAT001066,Wout Faes,spatial_zone_summary,statsbomb_player,Wout Faes,1,Tier 1 - Exact Match,2026-08-05 17:50:49,
GOAT001015,Víctor Guillermo Álvarez Delgado,spatial_zone_summary,statsbomb_player,Víctor Guillermo Álvarez Delgado,1,Tier 1 - Exact Match,2026-08-05 17:50:49,
GOAT001016,Víctor David Díaz Miguel,spatial_zone_summary,statsbomb_player,Víctor David Díaz Miguel,1,Tier 1 - Exact Match,2026-08-05 17:50:49,
GOAT001034,Francisco Guillermo Ochoa Magaña,spatial_zone_summary,statsbomb_player,Francisco Guillermo Ochoa Magaña,1,Tier 1 - Exact Match,2026-08-05 17:50:49,
GOAT001042,Francisco Fernandes Conceição,spatial_zone_summary,statsbomb_player,Francisco Fernandes Conceição,1,Tier 1 - Exact Match,2026-08-05 17:50:49,
GOAT001043,Francisco Femenía Far,spatial_zone_summary,statsbomb_player,Francisco Femenía Far,1,Tier 1 - Exact Match,2026-08-05 17:50:49,
GOAT000991,Lassana Diarra,spatial_zone_summary,statsbomb_player,Lassana Diarra,1,Tier 1 - Exact Match,2026-08-05 17:50:49,
GOAT000992,Kyle Walker,spatial_zone_summary,statsbomb_player,Kyle Walker,1,Tier 1 - Exact Match,2026-08-05 17:50:49,
GOAT000993,Krystian Bielik,spatial_zone_summary,statsbomb_player,Krystian Bielik,1,Tier 1 - Exact Match,2026-08-05 17:50:49,
GOAT000935,Juan Carlos Valerón Santana,spatial_zone_summary,statsbomb_player,Juan Carlos Valerón Santana,1,Tier 1 - Exact Match,2026-08-05 17:50:49,
GOAT000965,Juan Pedro Ramírez López,spatial_zone_summary,statsbomb_player,Juan Pedro Ramírez López,1,Tier 1 - Exact Match,2026-08-05 17:50:49,
GOAT000966,Juan Pablo Colinas Ferreras,spatial_zone_summary,statsbomb_player,Juan Pablo Colinas Ferreras,1,Tier 1 - Exact Match,2026-08-05 17:50:49,
GOAT000919,Arkadiusz Milik,spatial_zone_summary,statsbomb_player,Arkadiusz Milik,1,Tier 1 - Exact Match,2026-08-05 17:50:49,
GOAT000953,Sergio Ezequiel Araújo,spatial_zone_summary,statsbomb_player,Sergio Ezequiel Araújo,1,Tier 1 - Exact Match,2026-08-05 17:50:49,
GOAT000967,Carmelo José González Jiménez,spatial_zone_summary,statsbomb_player,Carmelo José González Jiménez,1,Tier 1 - Exact Match,2026-08-05 17:50:49,
GOAT000994,Koen Casteels,spatial_zone_summary,statsbomb_player,Koen Casteels,1,Tier 1 - Exact Match,2026-08-05 17:50:49,
GOAT000975,Claudio Beauvue,spatial_zone_summary,statsbomb_player,Claudio Beauvue,1,Tier 1 - Exact Match,2026-08-05 17:50:49,
GOAT000952,Paulo Bruno Exequiel Dybala,spatial_zone_summary,statsbomb_player,Paulo Bruno Exequiel Dybala,1,Tier 1 - Exact Match,2026-08-05 17:50:49,
GOAT000943,António Alberto Bastos Pimparel,spatial_zone_summary,statsbomb_player,António Alberto Bastos Pimparel,1,Tier 1 - Exact Match,2026-08-05 17:50:49,
GOAT000976,David Timor Copoví,spatial_zone_summary,statsbomb_player,David Timor Copoví,1,Tier 1 - Exact Match,2026-08-05 17:50:49,
GOAT000990,David Remeseiro Salgueiro,spatial_zone_summary,statsbomb_player,David Remeseiro Salgueiro,1,Tier 1 - Exact Match,2026-08-05 17:50:49,
GOAT001010,Mohamed Gasana Tchité,spatial_zone_summary,statsbomb_player,Mohamed Gasana Tchité,1,Tier 1 - Exact Match,2026-08-05 17:50:49,
GOAT000982,Sávio Bortolini Pimentel,spatial_zone_summary,statsbomb_player,Sávio Bortolini Pimentel,1,Tier 1 - Exact Match,2026-08-05 17:50:49,
GOAT001008,Moussa Sissoko,spatial_zone_summary,statsbomb_player,Moussa Sissoko,1,Tier 1 - Exact Match,2026-08-05 17:50:49,
GOAT001009,Mousa Sidi Yaya Dembélé,spatial_zone_summary,statsbomb_player,Mousa Sidi Yaya Dembélé,1,Tier 1 - Exact Match,2026-08-05 17:50:49,
GOAT000988,Iván Daniel Alonso Vallejo,spatial_zone_summary,statsbomb_player,Iván Daniel Alonso Vallejo,1,Tier 1 - Exact Match,2026-08-05 17:50:49,
GOAT000870,Álvaro Giménez Candela,spatial_zone_summary,statsbomb_player,Álvaro Giménez Candela,1,Tier 1 - Exact Match,2026-08-05 17:50:49,
GOAT000931,Adrián San Miguel del Castillo,spatial_zone_summary,statsbomb_player,Adrián San Miguel del Castillo,1,Tier 1 - Exact Match,2026-08-05 17:50:49,
GOAT000903,Róbson de Souza,spatial_zone_summary,statsbomb_player,Róbson de Souza,1,Tier 1 - Exact Match,2026-08-05 17:50:49,
GOAT001025,Maya Yoshida,spatial_zone_summary,statsbomb_player,Maya Yoshida,1,Tier 1 - Exact Match,2026-08-05 17:50:49,
GOAT001026,Maximiliano Eduardo Meza,spatial_zone_summary,statsbomb_player,Maximiliano Eduardo Meza,1,Tier 1 - Exact Match,2026-08-05 17:50:49,
GOAT001053,Maurizio Lanzaro,spatial_zone_summary,statsbomb_player,Maurizio Lanzaro,1,Tier 1 - Exact Match,2026-08-05 17:50:49,
GOAT001048,Francisco Montañés Claverías,spatial_zone_summary,statsbomb_player,Francisco Montañés Claverías,1,Tier 1 - Exact Match,2026-08-05 17:50:49,
GOAT001067,Francisco José Olivas Alba,spatial_zone_summary,statsbomb_player,Francisco José Olivas Alba,1,Tier 1 - Exact Match,2026-08-05 17:50:49,
GOAT001068,Francisco José Molinero Calderón,spatial_zone_summary,statsbomb_player,Francisco José Molinero Calderón,1,Tier 1 - Exact Match,2026-08-05 17:50:49,
GOAT001069,Francisco José Beltrán Peinado,spatial_zone_summary,statsbomb_player,Francisco José Beltrán Peinado,1,Tier 1 - Exact Match,2026-08-05 17:50:49,
GOAT000995,Kenan Kodro,spatial_zone_summary,statsbomb_player,Kenan Kodro,1,Tier 1 - Exact Match,2026-08-05 17:50:49,
GOAT000865,Fábio Alexandre da Silva Coentrão,spatial_zone_summary,statsbomb_player,Fábio Alexandre da Silva Coentrão,1,Tier 1 - Exact Match,2026-08-05 17:50:49,
GOAT001061,Alejandro Moreno Lopera,spatial_zone_summary,statsbomb_player,Alejandro Moreno Lopera,1,Tier 1 - Exact Match,2026-08-05 17:50:49,
GOAT001062,Alejandro Menéndez Díez,spatial_zone_summary,statsbomb_player,Alejandro Menéndez Díez,1,Tier 1 - Exact Match,2026-08-05 17:50:49,
GOAT000916,Joaquín Fernández Moreno,spatial_zone_summary,statsbomb_player,Joaquín Fernández Moreno,1,Tier 1 - Exact Match,2026-08-05 17:50:49,
GOAT000984,Iñaki Descarga Retegi,spatial_zone_summary,statsbomb_player,Iñaki Descarga Retegi,1,Tier 1 - Exact Match,2026-08-05 17:50:49,
GOAT000985,Iván López Mendoza,spatial_zone_summary,statsbomb_player,Iván López Mendoza,1,Tier 1 - Exact Match,2026-08-05 17:50:49,
GOAT000986,Iván Helguera Bujía,spatial_zone_summary,statsbomb_player,Iván Helguera Bujía,1,Tier 1 - Exact Match,2026-08-05 17:50:49,
GOAT000987,Iván De la Peña López,spatial_zone_summary,statsbomb_player,Iván De la Peña López,1,Tier 1 - Exact Match,2026-08-05 17:50:49,
GOAT000983,Iñaki Lafuente Sancha,spatial_zone_summary,statsbomb_player,Iñaki Lafuente Sancha,1,Tier 1 - Exact Match,2026-08-05 17:50:49,
GOAT000946,Diego Mariño Villar,spatial_zone_summary,statsbomb_player,Diego Mariño Villar,1,Tier 1 - Exact Match,2026-08-05 17:50:49,
GOAT000947,Diego Mainz García,spatial_zone_summary,statsbomb_player,Diego Mainz García,1,Tier 1 - Exact Match,2026-08-05 17:50:49,
GOAT000948,Diego Daniel Colotto,spatial_zone_summary,statsbomb_player,Diego Daniel Colotto,1,Tier 1 - Exact Match,2026-08-05 17:50:49,
GOAT000949,Diego Carlos Santos Silva,spatial_zone_summary,statsbomb_player,Diego Carlos Santos Silva,1,Tier 1 - Exact Match,2026-08-05 17:50:49,
GOAT000950,Diego Antonio Reyes Rosales,spatial_zone_summary,statsbomb_player,Diego Antonio Reyes Rosales,1,Tier 1 - Exact Match,2026-08-05 17:50:49,
GOAT000869,Álvaro Rubio Robles,spatial_zone_summary,statsbomb_player,Álvaro Rubio Robles,1,Tier 1 - Exact Match,2026-08-05 17:50:49,
GOAT000969,Jakub Kamiński,spatial_zone_summary,statsbomb_player,Jakub Kamiński,1,Tier 1 - Exact Match,2026-08-05 17:50:49,
GOAT000954,Javier Garrido Behovide,spatial_zone_summary,statsbomb_player,Javier Garrido Behovide,1,Tier 1 - Exact Match,2026-08-05 17:50:49,
GOAT000963,Derek Owusu Boateng,spatial_zone_summary,statsbomb_player,Derek Owusu Boateng,1,Tier 1 - Exact Match,2026-08-05 17:50:49,
GOAT000940,Jeison Fabián Murillo Cerón,spatial_zone_summary,statsbomb_player,Jeison Fabián Murillo Cerón,1,Tier 1 - Exact Match,2026-08-05 17:50:49,
GOAT000941,Jean-Sylvain Claude Babin,spatial_zone_summary,statsbomb_player,Jean-Sylvain Claude Babin,1,Tier 1 - Exact Match,2026-08-05 17:50:49,
GOAT000981,Takefusa Kubo,spatial_zone_summary,statsbomb_player,Takefusa Kubo,1,Tier 1 - Exact Match,2026-08-05 17:50:49,
GOAT000917,Jhon Andrés Córdoba Copete,spatial_zone_summary,statsbomb_player,Jhon Andrés Córdoba Copete,1,Tier 1 - Exact Match,2026-08-05 17:50:49,
GOAT001073,Óscar Melendo Jiménez,spatial_zone_summary,statsbomb_player,Óscar Melendo Jiménez,1,Tier 1 - Exact Match,2026-08-05 17:50:49,
GOAT001072,Óscar Esau Duarte Gaitán,spatial_zone_summary,statsbomb_player,Óscar Esau Duarte Gaitán,1,Tier 1 - Exact Match,2026-08-05 17:50:49,
GOAT001380,Aaron Mooy,spatial_zone_summary,statsbomb_player,Aaron Mooy,1,Tier 1 - Exact Match,2026-08-05 17:50:49,
GOAT001082,Éder Gabriel Militão,spatial_zone_summary,statsbomb_player,Éder Gabriel Militão,1,Tier 1 - Exact Match,2026-08-05 17:50:49,
GOAT001370,Javier Baraja Vegas,spatial_zone_summary,statsbomb_player,Javier Baraja Vegas,1,Tier 1 - Exact Match,2026-08-05 17:50:49,
GOAT001088,Andreas Ivanschitz,spatial_zone_summary,statsbomb_player,Andreas Ivanschitz,1,Tier 1 - Exact Match,2026-08-05 17:50:49,
GOAT001212,Miguel Ángel Salgado Fernández,spatial_zone_summary,statsbomb_player,Miguel Ángel Salgado Fernández,1,Tier 1 - Exact Match,2026-08-05 17:50:49,
GOAT001112,Thomas Delaney,spatial_zone_summary,statsbomb_player,Thomas Delaney,1,Tier 1 - Exact Match,2026-08-05 17:50:49,
GOAT001100,André Ayew Pelé,spatial_zone_summary,statsbomb_player,André Ayew Pelé,1,Tier 1 - Exact Match,2026-08-05 17:50:49,
GOAT001202,Mogammat Nasief Morris,spatial_zone_summary,statsbomb_player,Mogammat Nasief Morris,1,Tier 1 - Exact Match,2026-08-05 17:50:49,
GOAT001316,Diego Ifrán Sala,spatial_zone_summary,statsbomb_player,Diego Ifrán Sala,1,Tier 1 - Exact Match,2026-08-05 17:50:49,
GOAT001303,Diego Mario Buonanotte Rende,spatial_zone_summary,statsbomb_player,Diego Mario Buonanotte Rende,1,Tier 1 - Exact Match,2026-08-05 17:50:49,
GOAT001302,Diego Perotti,spatial_zone_summary,statsbomb_player,Diego Perotti,1,Tier 1 - Exact Match,2026-08-05 17:50:49,
GOAT001114,Tajon Buchanan,spatial_zone_summary,statsbomb_player,Tajon Buchanan,1,Tier 1 - Exact Match,2026-08-05 17:50:49,
GOAT001335,Iñigo Córdoba Kerejeta,spatial_zone_summary,statsbomb_player,Iñigo Córdoba Kerejeta,1,Tier 1 - Exact Match,2026-08-05 17:50:49,
GOAT001308,Iñigo Pérez Soto,spatial_zone_summary,statsbomb_player,Iñigo Pérez Soto,1,Tier 1 - Exact Match,2026-08-05 17:50:49,
GOAT001351,Jackson Irvine,spatial_zone_summary,statsbomb_player,Jackson Irvine,1,Tier 1 - Exact Match,2026-08-05 17:50:49,
GOAT001320,Iván Hernández Soto,spatial_zone_summary,statsbomb_player,Iván Hernández Soto,1,Tier 1 - Exact Match,2026-08-05 17:50:49,
GOAT001336,Izet Hajrović,spatial_zone_summary,statsbomb_player,Izet Hajrović,1,Tier 1 - Exact Match,2026-08-05 17:50:49,
GOAT001169,Adrien Sebastian Perruchet Silva,spatial_zone_summary,statsbomb_player,Adrien Sebastian Perruchet Silva,1,Tier 1 - Exact Match,2026-08-05 17:50:49,
GOAT001296,Kamil Jóźwiak,spatial_zone_summary,statsbomb_player,Kamil Jóźwiak,1,Tier 1 - Exact Match,2026-08-05 17:50:49,
GOAT001295,Kang-In Lee,spatial_zone_summary,statsbomb_player,Kang-In Lee,1,Tier 1 - Exact Match,2026-08-05 17:50:49,
GOAT001293,Karl Brillant Toko Ekambi,spatial_zone_summary,statsbomb_player,Karl Brillant Toko Ekambi,1,Tier 1 - Exact Match,2026-08-05 17:50:49,
GOAT001290,Kenneth Josiah Omeruo,spatial_zone_summary,statsbomb_player,Kenneth Josiah Omeruo,1,Tier 1 - Exact Match,2026-08-05 17:50:49,
GOAT001294,Kepa Blanco Gonzalez,spatial_zone_summary,statsbomb_player,Kepa Blanco Gonzalez,1,Tier 1 - Exact Match,2026-08-05 17:50:49,
GOAT001286,Kevin-Prince Boateng,spatial_zone_summary,statsbomb_player,Kevin-Prince Boateng,1,Tier 1 - Exact Match,2026-08-05 17:50:49,
GOAT001094,Wayne Mark Rooney,spatial_zone_summary,statsbomb_player,Wayne Mark Rooney,1,Tier 1 - Exact Match,2026-08-05 17:50:49,
GOAT001173,Pedro Lomba Neto,spatial_zone_summary,statsbomb_player,Pedro Lomba Neto,1,Tier 1 - Exact Match,2026-08-05 17:50:49,
GOAT001170,Pervis Josué Estupiñán Tenorio,spatial_zone_summary,statsbomb_player,Pervis Josué Estupiñán Tenorio,1,Tier 1 - Exact Match,2026-08-05 17:50:49,
GOAT001200,Christian Koffi Romaric N''Dri,spatial_zone_summary,statsbomb_player,Christian Koffi Romaric N''Dri,1,Tier 1 - Exact Match,2026-08-05 17:50:49,
GOAT001199,Christian Rivera Hernández,spatial_zone_summary,statsbomb_player,Christian Rivera Hernández,1,Tier 1 - Exact Match,2026-08-05 17:50:49,
GOAT001174,Phil Jones,spatial_zone_summary,statsbomb_player,Phil Jones,1,Tier 1 - Exact Match,2026-08-05 17:50:49,
GOAT001224,Alejandro López Sánchez,spatial_zone_summary,statsbomb_player,Alejandro López Sánchez,1,Tier 1 - Exact Match,2026-08-05 17:50:49,
GOAT001164,Rachid Aït-Atmane,spatial_zone_summary,statsbomb_player,Rachid Aït-Atmane,1,Tier 1 - Exact Match,2026-08-05 17:50:49,
GOAT001166,Rafael Sastre Reus,spatial_zone_summary,statsbomb_player,Rafael Sastre Reus,1,Tier 1 - Exact Match,2026-08-05 17:50:49,
GOAT001165,Rahamat Riga Mustapha,spatial_zone_summary,statsbomb_player,Rahamat Riga Mustapha,1,Tier 1 - Exact Match,2026-08-05 17:50:49,
GOAT001304,Juan José Expósito Ruíz,spatial_zone_summary,statsbomb_player,Juan José Expósito Ruíz,1,Tier 1 - Exact Match,2026-08-05 17:50:49,
GOAT001157,Raphael Dias Belloli,spatial_zone_summary,statsbomb_player,Raphael Dias Belloli,1,Tier 1 - Exact Match,2026-08-05 17:50:49,
GOAT001120,Sergio Matabuena Delgado,spatial_zone_summary,statsbomb_player,Sergio Matabuena Delgado,1,Tier 1 - Exact Match,2026-08-05 17:50:49,
GOAT001119,Sergio Pelegrín López,spatial_zone_summary,statsbomb_player,Sergio Pelegrín López,1,Tier 1 - Exact Match,2026-08-05 17:50:49,
GOAT001123,António João Pereira Albuquerque Tavares Silva,spatial_zone_summary,statsbomb_player,António João Pereira Albuquerque Tavares Silva,1,Tier 1 - Exact Match,2026-08-05 17:50:49,
GOAT001122,Anuar Mohamed Tuhami,spatial_zone_summary,statsbomb_player,Anuar Mohamed Tuhami,1,Tier 1 - Exact Match,2026-08-05 17:50:49,
GOAT001183,Paweł Dawidowicz,spatial_zone_summary,statsbomb_player,Paweł Dawidowicz,1,Tier 1 - Exact Match,2026-08-05 17:50:49,
GOAT001182,Pedro Alcalá Guirado,spatial_zone_summary,statsbomb_player,Pedro Alcalá Guirado,1,Tier 1 - Exact Match,2026-08-05 17:50:49,
GOAT001204,Cody Mathès Gakpo,spatial_zone_summary,statsbomb_player,Cody Mathès Gakpo,1,Tier 1 - Exact Match,2026-08-05 17:50:49,
GOAT001211,Francisco Javier Farinós Zapata,spatial_zone_summary,statsbomb_player,Francisco Javier Farinós Zapata,1,Tier 1 - Exact Match,2026-08-05 17:50:49,
GOAT001156,Raúl Alonso Jiménez Rodríguez,spatial_zone_summary,statsbomb_player,Raúl Alonso Jiménez Rodríguez,1,Tier 1 - Exact Match,2026-08-05 17:50:49,
GOAT001186,Casto Espinosa Barriga,spatial_zone_summary,statsbomb_player,Casto Espinosa Barriga,1,Tier 1 - Exact Match,2026-08-05 17:50:49,
GOAT001127,Arjen Robben,spatial_zone_summary,statsbomb_player,Arjen Robben,1,Tier 1 - Exact Match,2026-08-05 17:50:49,
GOAT001301,Juan Manuel Vargas Risco,spatial_zone_summary,statsbomb_player,Juan Manuel Vargas Risco,1,Tier 1 - Exact Match,2026-08-05 17:50:49,
GOAT001312,Juan de Dios Prados López,spatial_zone_summary,statsbomb_player,Juan de Dios Prados López,1,Tier 1 - Exact Match,2026-08-05 17:50:49,
GOAT001297,Kacper Urbanski,spatial_zone_summary,statsbomb_player,Kacper Urbanski,1,Tier 1 - Exact Match,2026-08-05 17:50:49,
GOAT001314,Juan Fernando Arango Sáenz,spatial_zone_summary,statsbomb_player,Juan Fernando Arango Sáenz,1,Tier 1 - Exact Match,2026-08-05 17:50:49,
GOAT001210,Francisco Javier García Guerrero,spatial_zone_summary,statsbomb_player,Francisco Javier García Guerrero,1,Tier 1 - Exact Match,2026-08-05 17:50:49,
GOAT001191,Francisco Jiménez Tejada,spatial_zone_summary,statsbomb_player,Francisco Jiménez Tejada,1,Tier 1 - Exact Match,2026-08-05 17:50:49,
GOAT001285,Krisztián Vadócz,spatial_zone_summary,statsbomb_player,Krisztián Vadócz,1,Tier 1 - Exact Match,2026-08-05 17:50:49,
GOAT001284,Krzysztof Piątek,spatial_zone_summary,statsbomb_player,Krzysztof Piątek,1,Tier 1 - Exact Match,2026-08-05 17:50:49,
GOAT001288,Francesc Aday Benítez Caraballo,spatial_zone_summary,statsbomb_player,Francesc Aday Benítez Caraballo,1,Tier 1 - Exact Match,2026-08-05 17:50:49,
GOAT001282,Laureano Antonio Villa Suárez,spatial_zone_summary,statsbomb_player,Laureano Antonio Villa Suárez,1,Tier 1 - Exact Match,2026-08-05 17:50:49,
GOAT001101,Víctor Javier Añino Bermúdez,spatial_zone_summary,statsbomb_player,Víctor Javier Añino Bermúdez,1,Tier 1 - Exact Match,2026-08-05 17:50:49,
GOAT001287,Alejandro Berenguer Remiro,spatial_zone_summary,statsbomb_player,Alejandro Berenguer Remiro,1,Tier 1 - Exact Match,2026-08-05 17:50:49,
GOAT001258,Alejandro Damián Domínguez,spatial_zone_summary,statsbomb_player,Alejandro Damián Domínguez,1,Tier 1 - Exact Match,2026-08-05 17:50:49,
GOAT001257,Alejandro Darío Gómez,spatial_zone_summary,statsbomb_player,Alejandro Darío Gómez,1,Tier 1 - Exact Match,2026-08-05 17:50:49,
GOAT001256,Alejandro Fernández Iglesias,spatial_zone_summary,statsbomb_player,Alejandro Fernández Iglesias,1,Tier 1 - Exact Match,2026-08-05 17:50:49,
GOAT001225,Alejandro Granell Nogué,spatial_zone_summary,statsbomb_player,Alejandro Granell Nogué,1,Tier 1 - Exact Match,2026-08-05 17:50:49,
GOAT001097,Wissam Ben Yedder,spatial_zone_summary,statsbomb_player,Wissam Ben Yedder,1,Tier 1 - Exact Match,2026-08-05 17:50:49,
GOAT001095,Wout Weghorst,spatial_zone_summary,statsbomb_player,Wout Weghorst,1,Tier 1 - Exact Match,2026-08-05 17:50:49,
GOAT001096,Gaël Kakuta,spatial_zone_summary,statsbomb_player,Gaël Kakuta,1,Tier 1 - Exact Match,2026-08-05 17:50:49,
GOAT001319,João Pedro da Silva Pereira,spatial_zone_summary,statsbomb_player,João Pedro da Silva Pereira,1,Tier 1 - Exact Match,2026-08-05 17:50:49,
GOAT001318,João Victor de Albuquerque Bruno,spatial_zone_summary,statsbomb_player,João Victor de Albuquerque Bruno,1,Tier 1 - Exact Match,2026-08-05 17:50:49,
GOAT001315,Juan Alberto Andreu Alvarado,spatial_zone_summary,statsbomb_player,Juan Alberto Andreu Alvarado,1,Tier 1 - Exact Match,2026-08-05 17:50:49,
GOAT001102,Alex Iwobi,spatial_zone_summary,statsbomb_player,Alex Iwobi,1,Tier 1 - Exact Match,2026-08-05 17:50:49,
GOAT001110,Alex Sandro Lobo Silva,spatial_zone_summary,statsbomb_player,Alex Sandro Lobo Silva,1,Tier 1 - Exact Match,2026-08-05 17:50:49,
GOAT001181,Patrice Evra,spatial_zone_summary,statsbomb_player,Patrice Evra,1,Tier 1 - Exact Match,2026-08-05 17:50:49,
GOAT001208,Cristian Darío Álvarez,spatial_zone_summary,statsbomb_player,Cristian Darío Álvarez,1,Tier 1 - Exact Match,2026-08-05 17:50:49,
GOAT001175,Paulo André Rodrigues de Oliveira,spatial_zone_summary,statsbomb_player,Paulo André Rodrigues de Oliveira,1,Tier 1 - Exact Match,2026-08-05 17:50:49,
GOAT001121,Sergio Herrera Pirón,spatial_zone_summary,statsbomb_player,Sergio Herrera Pirón,1,Tier 1 - Exact Match,2026-08-05 17:50:49,
GOAT001099,Waldo Rubio Martín,spatial_zone_summary,statsbomb_player,Waldo Rubio Martín,1,Tier 1 - Exact Match,2026-08-05 17:50:49,
GOAT001280,Leandro Daniel Cabrera Sasía,spatial_zone_summary,statsbomb_player,Leandro Daniel Cabrera Sasía,1,Tier 1 - Exact Match,2026-08-05 17:50:49,
GOAT001162,Renan Brito Soares,spatial_zone_summary,statsbomb_player,Renan Brito Soares,1,Tier 1 - Exact Match,2026-08-05 17:50:49,
GOAT001178,Carlos García Badías,spatial_zone_summary,statsbomb_player,Carlos García Badías,1,Tier 1 - Exact Match,2026-08-05 17:50:49,
GOAT001189,Carlos Joaquín Correa,spatial_zone_summary,statsbomb_player,Carlos Joaquín Correa,1,Tier 1 - Exact Match,2026-08-05 17:50:49,
GOAT001188,Carlos Jorge Neto Martins,spatial_zone_summary,statsbomb_player,Carlos Jorge Neto Martins,1,Tier 1 - Exact Match,2026-08-05 17:50:49,
GOAT001161,Renato Soares de Oliveira Augusto,spatial_zone_summary,statsbomb_player,Renato Soares de Oliveira Augusto,1,Tier 1 - Exact Match,2026-08-05 17:50:49,
GOAT001150,Ricardo Andrade Quaresma Bernardo,spatial_zone_summary,statsbomb_player,Ricardo Andrade Quaresma Bernardo,1,Tier 1 - Exact Match,2026-08-05 17:50:49,
GOAT001149,Ricardo Iván Rodríguez Araya,spatial_zone_summary,statsbomb_player,Ricardo Iván Rodríguez Araya,1,Tier 1 - Exact Match,2026-08-05 17:50:49,
GOAT001283,Lei Wu,spatial_zone_summary,statsbomb_player,Lei Wu,1,Tier 1 - Exact Match,2026-08-05 17:50:49,
GOAT001279,Leonardo Bonucci,spatial_zone_summary,statsbomb_player,Leonardo Bonucci,1,Tier 1 - Exact Match,2026-08-05 17:50:49,
GOAT001321,Fidel Chaves de la Torre,spatial_zone_summary,statsbomb_player,Fidel Chaves de la Torre,1,Tier 1 - Exact Match,2026-08-05 17:50:49,
GOAT001289,Florin Andone,spatial_zone_summary,statsbomb_player,Florin Andone,1,Tier 1 - Exact Match,2026-08-05 17:50:49,
GOAT001278,Liam Millar,spatial_zone_summary,statsbomb_player,Liam Millar,1,Tier 1 - Exact Match,2026-08-05 17:50:49,
GOAT001277,Liassine Cadamuro-Bentaïba,spatial_zone_summary,statsbomb_player,Liassine Cadamuro-Bentaïba,1,Tier 1 - Exact Match,2026-08-05 17:50:49,
GOAT001281,Lluis Sastre Reus,spatial_zone_summary,statsbomb_player,Lluis Sastre Reus,1,Tier 1 - Exact Match,2026-08-05 17:50:49,
GOAT001103,Victoriano Rivas Álvaro,spatial_zone_summary,statsbomb_player,Victoriano Rivas Álvaro,1,Tier 1 - Exact Match,2026-08-05 17:50:49,
GOAT001172,Carlos Bellvís Llorens,spatial_zone_summary,statsbomb_player,Carlos Bellvís Llorens,1,Tier 1 - Exact Match,2026-08-05 17:50:49,
GOAT001180,Carlos Castro García,spatial_zone_summary,statsbomb_player,Carlos Castro García,1,Tier 1 - Exact Match,2026-08-05 17:50:49,
GOAT001179,Carlos Clerc Martínez,spatial_zone_summary,statsbomb_player,Carlos Clerc Martínez,1,Tier 1 - Exact Match,2026-08-05 17:50:49,
GOAT001155,Richarlison de Andrade,spatial_zone_summary,statsbomb_player,Richarlison de Andrade,1,Tier 1 - Exact Match,2026-08-05 17:50:49,
GOAT001154,Rio Ferdinand,spatial_zone_summary,statsbomb_player,Rio Ferdinand,1,Tier 1 - Exact Match,2026-08-05 17:50:49,
GOAT001144,Riza Durmisi,spatial_zone_summary,statsbomb_player,Riza Durmisi,1,Tier 1 - Exact Match,2026-08-05 17:50:49,
GOAT001159,Guilherme Oliveira Santos,spatial_zone_summary,statsbomb_player,Guilherme Oliveira Santos,1,Tier 1 - Exact Match,2026-08-05 17:50:49,
GOAT001177,Guilherme dos Santos Torres,spatial_zone_summary,statsbomb_player,Guilherme dos Santos Torres,1,Tier 1 - Exact Match,2026-08-05 17:50:49,
GOAT001130,Granit Xhaka,spatial_zone_summary,statsbomb_player,Granit Xhaka,1,Tier 1 - Exact Match,2026-08-05 17:50:49,
GOAT001160,Guido Marcelo Carrillo,spatial_zone_summary,statsbomb_player,Guido Marcelo Carrillo,1,Tier 1 - Exact Match,2026-08-05 17:50:49,
GOAT001327,José María Martín-Bejarano Serrano,spatial_zone_summary,statsbomb_player,José María Martín-Bejarano Serrano,1,Tier 1 - Exact Match,2026-08-05 17:50:49,
GOAT001184,Pablo Maffeo Becerra,spatial_zone_summary,statsbomb_player,Pablo Maffeo Becerra,1,Tier 1 - Exact Match,2026-08-05 17:50:49,
GOAT001207,Cédric Ricardo Alves Soares,spatial_zone_summary,statsbomb_player,Cédric Ricardo Alves Soares,1,Tier 1 - Exact Match,2026-08-05 17:50:49,
GOAT001206,César Arzo Amposta,spatial_zone_summary,statsbomb_player,César Arzo Amposta,1,Tier 1 - Exact Match,2026-08-05 17:50:49,
GOAT001215,César Cruchaga Lasa,spatial_zone_summary,statsbomb_player,César Cruchaga Lasa,1,Tier 1 - Exact Match,2026-08-05 17:50:49,
GOAT001080,Alexander Szymanowski,spatial_zone_summary,statsbomb_player,Alexander Szymanowski,1,Tier 1 - Exact Match,2026-08-05 17:50:49,
GOAT001276,Lucas Alfonso Orbán Alegre,spatial_zone_summary,statsbomb_player,Lucas Alfonso Orbán Alegre,1,Tier 1 - Exact Match,2026-08-05 17:50:49,
GOAT001309,Alberto Perea Correoso,spatial_zone_summary,statsbomb_player,Alberto Perea Correoso,1,Tier 1 - Exact Match,2026-08-05 17:50:49,
GOAT001307,Aldo Pedro Duscher,spatial_zone_summary,statsbomb_player,Aldo Pedro Duscher,1,Tier 1 - Exact Match,2026-08-05 17:50:49,
GOAT001093,Yacine Brahimi,spatial_zone_summary,statsbomb_player,Yacine Brahimi,1,Tier 1 - Exact Match,2026-08-05 17:50:49,
GOAT001092,Yan Brice Eteki,spatial_zone_summary,statsbomb_player,Yan Brice Eteki,1,Tier 1 - Exact Match,2026-08-05 17:50:49,
GOAT001324,José Ramiro Funes Mori,spatial_zone_summary,statsbomb_player,José Ramiro Funes Mori,1,Tier 1 - Exact Match,2026-08-05 17:50:49,
GOAT001111,Antonio Latorre Grueso,spatial_zone_summary,statsbomb_player,Antonio Latorre Grueso,1,Tier 1 - Exact Match,2026-08-05 17:50:49,
GOAT001229,Dani Castellano Betancor,spatial_zone_summary,statsbomb_player,Dani Castellano Betancor,1,Tier 1 - Exact Match,2026-08-05 17:50:49,
GOAT001235,Daniel Alejandro Torres Rojas,spatial_zone_summary,statsbomb_player,Daniel Alejandro Torres Rojas,1,Tier 1 - Exact Match,2026-08-05 17:50:49,
GOAT001185,Pablo Daniel Osvaldo,spatial_zone_summary,statsbomb_player,Pablo Daniel Osvaldo,1,Tier 1 - Exact Match,2026-08-05 17:50:49,
GOAT001360,Fabián Larry Estoyanoff Poggio,spatial_zone_summary,statsbomb_player,Fabián Larry Estoyanoff Poggio,1,Tier 1 - Exact Match,2026-08-05 17:50:49,
GOAT001275,Lucas Ariel Ocampos,spatial_zone_summary,statsbomb_player,Lucas Ariel Ocampos,1,Tier 1 - Exact Match,2026-08-05 17:50:49,
GOAT001372,Felipe Melo de Carvalho,spatial_zone_summary,statsbomb_player,Felipe Melo de Carvalho,1,Tier 1 - Exact Match,2026-08-05 17:50:49,
GOAT001371,Felix Dja Ettien Yohou,spatial_zone_summary,statsbomb_player,Felix Dja Ettien Yohou,1,Tier 1 - Exact Match,2026-08-05 17:50:49,
GOAT001354,Ferland Mendy,spatial_zone_summary,statsbomb_player,Ferland Mendy,1,Tier 1 - Exact Match,2026-08-05 17:50:49,
GOAT001353,Fernando Calero Villa,spatial_zone_summary,statsbomb_player,Fernando Calero Villa,1,Tier 1 - Exact Match,2026-08-05 17:50:49,
GOAT001273,Lucas René Olaza Catrofe,spatial_zone_summary,statsbomb_player,Lucas René Olaza Catrofe,1,Tier 1 - Exact Match,2026-08-05 17:50:49,
GOAT001272,Lucas Tolentino Coelho de Lima,spatial_zone_summary,statsbomb_player,Lucas Tolentino Coelho de Lima,1,Tier 1 - Exact Match,2026-08-05 17:50:49,
GOAT001268,Ludovic Delporte,spatial_zone_summary,statsbomb_player,Ludovic Delporte,1,Tier 1 - Exact Match,2026-08-05 17:50:49,
GOAT001274,Luis Fernando Muriel Fruto,spatial_zone_summary,statsbomb_player,Luis Fernando Muriel Fruto,1,Tier 1 - Exact Match,2026-08-05 17:50:49,
GOAT001115,Antonio Baltasar Doblas Santana,spatial_zone_summary,statsbomb_player,Antonio Baltasar Doblas Santana,1,Tier 1 - Exact Match,2026-08-05 17:50:49,
GOAT001328,José Isidoro Gómez Torres,spatial_zone_summary,statsbomb_player,José Isidoro Gómez Torres,1,Tier 1 - Exact Match,2026-08-05 17:50:49,
GOAT001331,José Antonio García Calvo,spatial_zone_summary,statsbomb_player,José Antonio García Calvo,1,Tier 1 - Exact Match,2026-08-05 17:50:49,
GOAT001330,José Antonio Rodríguez Díaz,spatial_zone_summary,statsbomb_player,José Antonio Rodríguez Díaz,1,Tier 1 - Exact Match,2026-08-05 17:50:49,
GOAT001265,Luka Sučić,spatial_zone_summary,statsbomb_player,Luka Sučić,1,Tier 1 - Exact Match,2026-08-05 17:50:49,
GOAT001104,Unai Expósito Medina,spatial_zone_summary,statsbomb_player,Unai Expósito Medina,1,Tier 1 - Exact Match,2026-08-05 17:50:49,
GOAT001105,Vadim Demidov,spatial_zone_summary,statsbomb_player,Vadim Demidov,1,Tier 1 - Exact Match,2026-08-05 17:50:49,
GOAT001264,Luís Eduardo Schmidt,spatial_zone_summary,statsbomb_player,Luís Eduardo Schmidt,1,Tier 1 - Exact Match,2026-08-05 17:50:49,
GOAT001263,Luís Miguel Afonso Fernandes,spatial_zone_summary,statsbomb_player,Luís Miguel Afonso Fernandes,1,Tier 1 - Exact Match,2026-08-05 17:50:49,
GOAT001365,Fabio Cannavaro,spatial_zone_summary,statsbomb_player,Fabio Cannavaro,1,Tier 1 - Exact Match,2026-08-05 17:50:49,
GOAT001329,José Carlos Fernández Vázquez,spatial_zone_summary,statsbomb_player,José Carlos Fernández Vázquez,1,Tier 1 - Exact Match,2026-08-05 17:50:49,
GOAT001176,Gylfi Þór Sigurðsson,spatial_zone_summary,statsbomb_player,Gylfi Þór Sigurðsson,1,Tier 1 - Exact Match,2026-08-05 17:50:49,
GOAT001152,Robert Kenedy Nunes do Nascimento,spatial_zone_summary,statsbomb_player,Robert Kenedy Nunes do Nascimento,1,Tier 1 - Exact Match,2026-08-05 17:50:49,
GOAT001148,Roberto Fabián Ayala,spatial_zone_summary,statsbomb_player,Roberto Fabián Ayala,1,Tier 1 - Exact Match,2026-08-05 17:50:49,
GOAT001147,Roberto Fernández Alvarellos,spatial_zone_summary,statsbomb_player,Roberto Fernández Alvarellos,1,Tier 1 - Exact Match,2026-08-05 17:50:49,
GOAT001171,Carlos Alberto Sánchez Moreno,spatial_zone_summary,statsbomb_player,Carlos Alberto Sánchez Moreno,1,Tier 1 - Exact Match,2026-08-05 17:50:49,
GOAT001125,Santiago Vergini,spatial_zone_summary,statsbomb_player,Santiago Vergini,1,Tier 1 - Exact Match,2026-08-05 17:50:49,
GOAT001124,Sebastián Dubarbier,spatial_zone_summary,statsbomb_player,Sebastián Dubarbier,1,Tier 1 - Exact Match,2026-08-05 17:50:49,
GOAT001146,Roberto Luis Gaspar de Deus Severo,spatial_zone_summary,statsbomb_player,Roberto Luis Gaspar de Deus Severo,1,Tier 1 - Exact Match,2026-08-05 17:50:49,
GOAT001292,Albert Luque Martos,spatial_zone_summary,statsbomb_player,Albert Luque Martos,1,Tier 1 - Exact Match,2026-08-05 17:50:49,
GOAT001291,Albert Riera Ortega,spatial_zone_summary,statsbomb_player,Albert Riera Ortega,1,Tier 1 - Exact Match,2026-08-05 17:50:49,
GOAT001187,Otávio Edmilson da Silva Monteiro,spatial_zone_summary,statsbomb_player,Otávio Edmilson da Silva Monteiro,1,Tier 1 - Exact Match,2026-08-05 17:50:49,
GOAT001118,Sergio Reguilón Rodríguez,spatial_zone_summary,statsbomb_player,Sergio Reguilón Rodríguez,1,Tier 1 - Exact Match,2026-08-05 17:50:49,
GOAT001117,Sergio Rodríguez García,spatial_zone_summary,statsbomb_player,Sergio Rodríguez García,1,Tier 1 - Exact Match,2026-08-05 17:50:49,
GOAT001262,Maciej Rybus,spatial_zone_summary,statsbomb_player,Maciej Rybus,1,Tier 1 - Exact Match,2026-08-05 17:50:49,
GOAT001261,Mahamadou Diarra,spatial_zone_summary,statsbomb_player,Mahamadou Diarra,1,Tier 1 - Exact Match,2026-08-05 17:50:49,
GOAT001260,Manuel Castellano Castro,spatial_zone_summary,statsbomb_player,Manuel Castellano Castro,1,Tier 1 - Exact Match,2026-08-05 17:50:49,
GOAT001259,Manuel Gaspar Haro,spatial_zone_summary,statsbomb_player,Manuel Gaspar Haro,1,Tier 1 - Exact Match,2026-08-05 17:50:49,
GOAT001253,Manuel Neuer,spatial_zone_summary,statsbomb_player,Manuel Neuer,1,Tier 1 - Exact Match,2026-08-05 17:50:49,
GOAT001252,Manuel Obafemi Akanji,spatial_zone_summary,statsbomb_player,Manuel Obafemi Akanji,1,Tier 1 - Exact Match,2026-08-05 17:50:49,
GOAT001333,Josip Brekalo,spatial_zone_summary,statsbomb_player,Josip Brekalo,1,Tier 1 - Exact Match,2026-08-05 17:50:49,
GOAT001341,Josip Stanišić,spatial_zone_summary,statsbomb_player,Josip Stanišić,1,Tier 1 - Exact Match,2026-08-05 17:50:49,
GOAT001340,Josu Sarriegi Zumárraga,spatial_zone_summary,statsbomb_player,Josu Sarriegi Zumárraga,1,Tier 1 - Exact Match,2026-08-05 17:50:49,
GOAT001332,José Antonio Delgado Villar,spatial_zone_summary,statsbomb_player,José Antonio Delgado Villar,1,Tier 1 - Exact Match,2026-08-05 17:50:49,
GOAT001209,Heung-Min Son,spatial_zone_summary,statsbomb_player,Heung-Min Son,1,Tier 1 - Exact Match,2026-08-05 17:50:49,
GOAT001228,Hipólito Fernández Serrano,spatial_zone_summary,statsbomb_player,Hipólito Fernández Serrano,1,Tier 1 - Exact Match,2026-08-05 17:50:49,
GOAT001227,Hiroki Sakai,spatial_zone_summary,statsbomb_player,Hiroki Sakai,1,Tier 1 - Exact Match,2026-08-05 17:50:49,
GOAT001226,Hirving Rodrigo Lozano Bahena,spatial_zone_summary,statsbomb_player,Hirving Rodrigo Lozano Bahena,1,Tier 1 - Exact Match,2026-08-05 17:50:49,
GOAT001223,Hugo Miguel Almeida Costa Lopes,spatial_zone_summary,statsbomb_player,Hugo Miguel Almeida Costa Lopes,1,Tier 1 - Exact Match,2026-08-05 17:50:49,
GOAT001091,Yann Sommer,spatial_zone_summary,statsbomb_player,Yann Sommer,1,Tier 1 - Exact Match,2026-08-05 17:50:49,
GOAT001356,Esteban Andrés Suárez,spatial_zone_summary,statsbomb_player,Esteban Andrés Suárez,1,Tier 1 - Exact Match,2026-08-05 17:50:49,
GOAT001251,Marc Muniesa Martínez,spatial_zone_summary,statsbomb_player,Marc Muniesa Martínez,1,Tier 1 - Exact Match,2026-08-05 17:50:49,
GOAT001346,Enrique Barja Afonso,spatial_zone_summary,statsbomb_player,Enrique Barja Afonso,1,Tier 1 - Exact Match,2026-08-05 17:50:49,
GOAT001355,Enrique de Lucas Martínez,spatial_zone_summary,statsbomb_player,Enrique de Lucas Martínez,1,Tier 1 - Exact Match,2026-08-05 17:50:49,
GOAT001250,Marc Valiente Hernández,spatial_zone_summary,statsbomb_player,Marc Valiente Hernández,1,Tier 1 - Exact Match,2026-08-05 17:50:49,
GOAT001249,Marcelo Alfonso Díaz Rojas,spatial_zone_summary,statsbomb_player,Marcelo Alfonso Díaz Rojas,1,Tier 1 - Exact Match,2026-08-05 17:50:49,
GOAT001254,Danny Rose,spatial_zone_summary,statsbomb_player,Danny Rose,1,Tier 1 - Exact Match,2026-08-05 17:50:49,
GOAT001126,Armindo Tué Na Bangna,spatial_zone_summary,statsbomb_player,Armindo Tué Na Bangna,1,Tier 1 - Exact Match,2026-08-05 17:50:49,
GOAT001129,Arthur Theate,spatial_zone_summary,statsbomb_player,Arthur Theate,1,Tier 1 - Exact Match,2026-08-05 17:50:49,
GOAT001167,Breel-Donald Embolo,spatial_zone_summary,statsbomb_player,Breel-Donald Embolo,1,Tier 1 - Exact Match,2026-08-05 17:50:49,
GOAT001343,Enric Gallego Puigsech,spatial_zone_summary,statsbomb_player,Enric Gallego Puigsech,1,Tier 1 - Exact Match,2026-08-05 17:50:49,
GOAT001109,Tomer Hemed,spatial_zone_summary,statsbomb_player,Tomer Hemed,1,Tier 1 - Exact Match,2026-08-05 17:50:49,
GOAT001107,Tymoteusz Puchacz,spatial_zone_summary,statsbomb_player,Tymoteusz Puchacz,1,Tier 1 - Exact Match,2026-08-05 17:50:49,
GOAT001090,Amath Ndiaye,spatial_zone_summary,statsbomb_player,Amath Ndiaye,1,Tier 1 - Exact Match,2026-08-05 17:50:49,
GOAT001339,Emiliano Adrián Insúa Zapata,spatial_zone_summary,statsbomb_player,Emiliano Adrián Insúa Zapata,1,Tier 1 - Exact Match,2026-08-05 17:50:49,
GOAT001342,Emiliano Buendía,spatial_zone_summary,statsbomb_player,Emiliano Buendía,1,Tier 1 - Exact Match,2026-08-05 17:50:49,
GOAT001193,Nikola Žigić,spatial_zone_summary,statsbomb_player,Nikola Žigić,1,Tier 1 - Exact Match,2026-08-05 17:50:49,
GOAT001194,Noussair Mazraoui,spatial_zone_summary,statsbomb_player,Noussair Mazraoui,1,Tier 1 - Exact Match,2026-08-05 17:50:49,
GOAT001192,Nuno Ricardo de Oliveira Ribeiro,spatial_zone_summary,statsbomb_player,Nuno Ricardo de Oliveira Ribeiro,1,Tier 1 - Exact Match,2026-08-05 17:50:49,
GOAT001190,Oier Olazábal Paredes,spatial_zone_summary,statsbomb_player,Oier Olazábal Paredes,1,Tier 1 - Exact Match,2026-08-05 17:50:49,
GOAT001248,Marcos García Barreno,spatial_zone_summary,statsbomb_player,Marcos García Barreno,1,Tier 1 - Exact Match,2026-08-05 17:50:49,
GOAT001244,Héctor Font Romero,spatial_zone_summary,statsbomb_player,Héctor Font Romero,1,Tier 1 - Exact Match,2026-08-05 17:50:49,
GOAT001243,Héctor Hernández Ortega,spatial_zone_summary,statsbomb_player,Héctor Hernández Ortega,1,Tier 1 - Exact Match,2026-08-05 17:50:49,
GOAT001338,Jose Antonio Culebras Arenas,spatial_zone_summary,statsbomb_player,Jose Antonio Culebras Arenas,1,Tier 1 - Exact Match,2026-08-05 17:50:49,
GOAT001337,Joseba Garmendia Elorriaga,spatial_zone_summary,statsbomb_player,Joseba Garmendia Elorriaga,1,Tier 1 - Exact Match,2026-08-05 17:50:49,
GOAT001334,Joseph Aidoo,spatial_zone_summary,statsbomb_player,Joseph Aidoo,1,Tier 1 - Exact Match,2026-08-05 17:50:49,
GOAT001247,Aitor Ocio Carrión,spatial_zone_summary,statsbomb_player,Aitor Ocio Carrión,1,Tier 1 - Exact Match,2026-08-05 17:50:49,
GOAT001246,Aitor Ruibal García,spatial_zone_summary,statsbomb_player,Aitor Ruibal García,1,Tier 1 - Exact Match,2026-08-05 17:50:49,
GOAT001234,Alain Didier Zokora-Déguy,spatial_zone_summary,statsbomb_player,Alain Didier Zokora-Déguy,1,Tier 1 - Exact Match,2026-08-05 17:50:49,
GOAT001116,Simone Zaza,spatial_zone_summary,statsbomb_player,Simone Zaza,1,Tier 1 - Exact Match,2026-08-05 17:50:49,
GOAT001198,Nicola Sansone,spatial_zone_summary,statsbomb_player,Nicola Sansone,1,Tier 1 - Exact Match,2026-08-05 17:50:49,
GOAT001245,Mariano Díaz Mejía,spatial_zone_summary,statsbomb_player,Mariano Díaz Mejía,1,Tier 1 - Exact Match,2026-08-05 17:50:49,
GOAT001238,Mario Gutiérrez Cotelo,spatial_zone_summary,statsbomb_player,Mario Gutiérrez Cotelo,1,Tier 1 - Exact Match,2026-08-05 17:50:49,
GOAT001237,Mario Sebastián Viera Galain,spatial_zone_summary,statsbomb_player,Mario Sebastián Viera Galain,1,Tier 1 - Exact Match,2026-08-05 17:50:49,
GOAT001326,Eduardo César Daude Gaspar,spatial_zone_summary,statsbomb_player,Eduardo César Daude Gaspar,1,Tier 1 - Exact Match,2026-08-05 17:50:49,
GOAT001085,Zakaria Bakkali,spatial_zone_summary,statsbomb_player,Zakaria Bakkali,1,Tier 1 - Exact Match,2026-08-05 17:50:49,
GOAT001084,Ádám Pintér,spatial_zone_summary,statsbomb_player,Ádám Pintér,1,Tier 1 - Exact Match,2026-08-05 17:50:49,
GOAT001348,Jonathas Cristian de Jesus,spatial_zone_summary,statsbomb_player,Jonathas Cristian de Jesus,1,Tier 1 - Exact Match,2026-08-05 17:50:49,
GOAT001344,Jordan Brian Henderson,spatial_zone_summary,statsbomb_player,Jordan Brian Henderson,1,Tier 1 - Exact Match,2026-08-05 17:50:49,
GOAT001240,Iago Bouzón Amodeo,spatial_zone_summary,statsbomb_player,Iago Bouzón Amodeo,1,Tier 1 - Exact Match,2026-08-05 17:50:49,
GOAT001239,Iago Herrerín Buisán,spatial_zone_summary,statsbomb_player,Iago Herrerín Buisán,1,Tier 1 - Exact Match,2026-08-05 17:50:49,
GOAT001255,Ibrahima Baldé,spatial_zone_summary,statsbomb_player,Ibrahima Baldé,1,Tier 1 - Exact Match,2026-08-05 17:50:49,
GOAT001087,Yuto Nagatomo,spatial_zone_summary,statsbomb_player,Yuto Nagatomo,1,Tier 1 - Exact Match,2026-08-05 17:50:49,
GOAT001086,Zakaria Aboukhlal,spatial_zone_summary,statsbomb_player,Zakaria Aboukhlal,1,Tier 1 - Exact Match,2026-08-05 17:50:49,
GOAT001151,Borja García Freire,spatial_zone_summary,statsbomb_player,Borja García Freire,1,Tier 1 - Exact Match,2026-08-05 17:50:49,
GOAT001236,Marius Stankevičius,spatial_zone_summary,statsbomb_player,Marius Stankevičius,1,Tier 1 - Exact Match,2026-08-05 17:50:49,
GOAT001233,Marko Pjaca,spatial_zone_summary,statsbomb_player,Marko Pjaca,1,Tier 1 - Exact Match,2026-08-05 17:50:49,
GOAT001108,Thomas Müller,spatial_zone_summary,statsbomb_player,Thomas Müller,1,Tier 1 - Exact Match,2026-08-05 17:50:49,
GOAT001098,Andoni Gorosabel Espinosa,spatial_zone_summary,statsbomb_player,Andoni Gorosabel Espinosa,1,Tier 1 - Exact Match,2026-08-05 17:50:49,
GOAT001197,Nathan Aké,spatial_zone_summary,statsbomb_player,Nathan Aké,1,Tier 1 - Exact Match,2026-08-05 17:50:49,
GOAT001196,Nelson Antonio Haedo Valdez,spatial_zone_summary,statsbomb_player,Nelson Antonio Haedo Valdez,1,Tier 1 - Exact Match,2026-08-05 17:50:49,
GOAT001136,Román Fernando Martínez,spatial_zone_summary,statsbomb_player,Román Fernando Martínez,1,Tier 1 - Exact Match,2026-08-05 17:50:49,
GOAT001145,Roberto Soriano,spatial_zone_summary,statsbomb_player,Roberto Soriano,1,Tier 1 - Exact Match,2026-08-05 17:50:49,
GOAT001163,Bradley Barcola,spatial_zone_summary,statsbomb_player,Bradley Barcola,1,Tier 1 - Exact Match,2026-08-05 17:50:49,
GOAT001153,Branko Ilič,spatial_zone_summary,statsbomb_player,Branko Ilič,1,Tier 1 - Exact Match,2026-08-05 17:50:49,
GOAT001142,Rodolfo Bodipo Díaz,spatial_zone_summary,statsbomb_player,Rodolfo Bodipo Díaz,1,Tier 1 - Exact Match,2026-08-05 17:50:49,
GOAT001140,Rodrigo Bentancur Colmán,spatial_zone_summary,statsbomb_player,Rodrigo Bentancur Colmán,1,Tier 1 - Exact Match,2026-08-05 17:50:49,
GOAT001139,Rodrigo Ely,spatial_zone_summary,statsbomb_player,Rodrigo Ely,1,Tier 1 - Exact Match,2026-08-05 17:50:49,
GOAT001128,Arturo García Muñoz,spatial_zone_summary,statsbomb_player,Arturo García Muñoz,1,Tier 1 - Exact Match,2026-08-05 17:50:49,
GOAT001138,Ruben Loftus-Cheek,spatial_zone_summary,statsbomb_player,Ruben Loftus-Cheek,1,Tier 1 - Exact Match,2026-08-05 17:50:49,
GOAT001143,Bernard Mensah,spatial_zone_summary,statsbomb_player,Bernard Mensah,1,Tier 1 - Exact Match,2026-08-05 17:50:49,
GOAT001347,Jon Moncayola Tollar,spatial_zone_summary,statsbomb_player,Jon Moncayola Tollar,1,Tier 1 - Exact Match,2026-08-05 17:50:49,
GOAT001195,Nemanja Gudelj,spatial_zone_summary,statsbomb_player,Nemanja Gudelj,1,Tier 1 - Exact Match,2026-08-05 17:50:49,
GOAT001267,David Belenguer Reverter,spatial_zone_summary,statsbomb_player,David Belenguer Reverter,1,Tier 1 - Exact Match,2026-08-05 17:50:49,
GOAT001266,David Cobeño Iglesias,spatial_zone_summary,statsbomb_player,David Cobeño Iglesias,1,Tier 1 - Exact Match,2026-08-05 17:50:49,
GOAT001106,Anthony Rubén Lozano Colón,spatial_zone_summary,statsbomb_player,Anthony Rubén Lozano Colón,1,Tier 1 - Exact Match,2026-08-05 17:50:49,
GOAT001089,Andreas Hoelgebaum Pereira,spatial_zone_summary,statsbomb_player,Andreas Hoelgebaum Pereira,1,Tier 1 - Exact Match,2026-08-05 17:50:49,
GOAT001323,Duje Ćaleta-Car,spatial_zone_summary,statsbomb_player,Duje Ćaleta-Car,1,Tier 1 - Exact Match,2026-08-05 17:50:49,
GOAT001322,Dušan Tadić,spatial_zone_summary,statsbomb_player,Dušan Tadić,1,Tier 1 - Exact Match,2026-08-05 17:50:49,
GOAT001232,Mateusz Andrzej Klich,spatial_zone_summary,statsbomb_player,Mateusz Andrzej Klich,1,Tier 1 - Exact Match,2026-08-05 17:50:49,
GOAT001271,Ignacio Vidal Miralles,spatial_zone_summary,statsbomb_player,Ignacio Vidal Miralles,1,Tier 1 - Exact Match,2026-08-05 17:50:49,
GOAT001242,Igor Lichnovsky Osorio,spatial_zone_summary,statsbomb_player,Igor Lichnovsky Osorio,1,Tier 1 - Exact Match,2026-08-05 17:50:49,
GOAT001241,Ikoma Loïs Openda,spatial_zone_summary,statsbomb_player,Ikoma Loïs Openda,1,Tier 1 - Exact Match,2026-08-05 17:50:49,
GOAT001345,Jonathan Sundy Zongo,spatial_zone_summary,statsbomb_player,Jonathan Sundy Zongo,1,Tier 1 - Exact Match,2026-08-05 17:50:49,
GOAT001357,Joel Nathaniel Campbell Samuels,spatial_zone_summary,statsbomb_player,Joel Nathaniel Campbell Samuels,1,Tier 1 - Exact Match,2026-08-05 17:50:49,
GOAT001350,John Michael Nchekwube Obinna,spatial_zone_summary,statsbomb_player,John Michael Nchekwube Obinna,1,Tier 1 - Exact Match,2026-08-05 17:50:49,
GOAT001349,John O''Shea,spatial_zone_summary,statsbomb_player,John O''Shea,1,Tier 1 - Exact Match,2026-08-05 17:50:49,
GOAT001306,Ivan Marcano Sierra,spatial_zone_summary,statsbomb_player,Ivan Marcano Sierra,1,Tier 1 - Exact Match,2026-08-05 17:50:49,
GOAT001305,Ivan Obradović,spatial_zone_summary,statsbomb_player,Ivan Obradović,1,Tier 1 - Exact Match,2026-08-05 17:50:49,
GOAT001231,Matheus Dória Macedo,spatial_zone_summary,statsbomb_player,Matheus Dória Macedo,1,Tier 1 - Exact Match,2026-08-05 17:50:49,
GOAT001230,Matheus Luiz Nunes,spatial_zone_summary,statsbomb_player,Matheus Luiz Nunes,1,Tier 1 - Exact Match,2026-08-05 17:50:49,
GOAT001222,Mathew Leckie,spatial_zone_summary,statsbomb_player,Mathew Leckie,1,Tier 1 - Exact Match,2026-08-05 17:50:49,
GOAT001201,Moussa Wagué,spatial_zone_summary,statsbomb_player,Moussa Wagué,1,Tier 1 - Exact Match,2026-08-05 17:50:49,
GOAT001270,David García De La Cruz,spatial_zone_summary,statsbomb_player,David García De La Cruz,1,Tier 1 - Exact Match,2026-08-05 17:50:49,
GOAT001269,David García Zubiría,spatial_zone_summary,statsbomb_player,David García Zubiría,1,Tier 1 - Exact Match,2026-08-05 17:50:49,
GOAT001203,Nabil Baha,spatial_zone_summary,statsbomb_player,Nabil Baha,1,Tier 1 - Exact Match,2026-08-05 17:50:49,
GOAT001221,Mathew Ryan,spatial_zone_summary,statsbomb_player,Mathew Ryan,1,Tier 1 - Exact Match,2026-08-05 17:50:49,
GOAT001220,Mathieu Berson,spatial_zone_summary,statsbomb_player,Mathieu Berson,1,Tier 1 - Exact Match,2026-08-05 17:50:49,
GOAT001219,Mats Hummels,spatial_zone_summary,statsbomb_player,Mats Hummels,1,Tier 1 - Exact Match,2026-08-05 17:50:49,
GOAT001217,Matías Nahuel Leiva Esquivel,spatial_zone_summary,statsbomb_player,Matías Nahuel Leiva Esquivel,1,Tier 1 - Exact Match,2026-08-05 17:50:49,
GOAT001317,Dodi Lukebakio,spatial_zone_summary,statsbomb_player,Dodi Lukebakio,1,Tier 1 - Exact Match,2026-08-05 17:50:49,
GOAT001325,Domingos Sousa Coutinho Meneses Duarte,spatial_zone_summary,statsbomb_player,Domingos Sousa Coutinho Meneses Duarte,1,Tier 1 - Exact Match,2026-08-05 17:50:49,
GOAT001216,Matías Vecino Falero,spatial_zone_summary,statsbomb_player,Matías Vecino Falero,1,Tier 1 - Exact Match,2026-08-05 17:50:49,
GOAT001214,Mauro Javier Dos Santos,spatial_zone_summary,statsbomb_player,Mauro Javier Dos Santos,1,Tier 1 - Exact Match,2026-08-05 17:50:49,
GOAT001218,Maxime Gonalons,spatial_zone_summary,statsbomb_player,Maxime Gonalons,1,Tier 1 - Exact Match,2026-08-05 17:50:49,
GOAT001313,Diego Rico Salguero,spatial_zone_summary,statsbomb_player,Diego Rico Salguero,1,Tier 1 - Exact Match,2026-08-05 17:50:49,
GOAT001311,Diogo Ferreira Salomão,spatial_zone_summary,statsbomb_player,Diogo Ferreira Salomão,1,Tier 1 - Exact Match,2026-08-05 17:50:49,
GOAT001310,Diogo José Rosário Gomes Figueiras,spatial_zone_summary,statsbomb_player,Diogo José Rosário Gomes Figueiras,1,Tier 1 - Exact Match,2026-08-05 17:50:49,
GOAT001213,Memphis Depay,spatial_zone_summary,statsbomb_player,Memphis Depay,1,Tier 1 - Exact Match,2026-08-05 17:50:49,
GOAT001168,Adrián Marín Gómez,spatial_zone_summary,statsbomb_player,Adrián Marín Gómez,1,Tier 1 - Exact Match,2026-08-05 17:50:49,
GOAT001137,Rubén Martín Pulido,spatial_zone_summary,statsbomb_player,Rubén Martín Pulido,1,Tier 1 - Exact Match,2026-08-05 17:50:49,
GOAT001135,Rui Tiago Dantas da Silva,spatial_zone_summary,statsbomb_player,Rui Tiago Dantas da Silva,1,Tier 1 - Exact Match,2026-08-05 17:50:49,
GOAT001131,Ryan Giggs,spatial_zone_summary,statsbomb_player,Ryan Giggs,1,Tier 1 - Exact Match,2026-08-05 17:50:49,
GOAT001141,Bamidele Alli,spatial_zone_summary,statsbomb_player,Bamidele Alli,1,Tier 1 - Exact Match,2026-08-05 17:50:49,
GOAT001134,Sadio Mané,spatial_zone_summary,statsbomb_player,Sadio Mané,1,Tier 1 - Exact Match,2026-08-05 17:50:49,
GOAT001374,Ángel Dealbert Ibáñez,spatial_zone_summary,statsbomb_player,Ángel Dealbert Ibáñez,1,Tier 1 - Exact Match,2026-08-05 17:50:49,
GOAT001083,Achraf Dari,spatial_zone_summary,statsbomb_player,Achraf Dari,1,Tier 1 - Exact Match,2026-08-05 17:50:49,
GOAT001379,Abdelaziz Barrada,spatial_zone_summary,statsbomb_player,Abdelaziz Barrada,1,Tier 1 - Exact Match,2026-08-05 17:50:49,
GOAT001378,Abdelhamid Sabiri,spatial_zone_summary,statsbomb_player,Abdelhamid Sabiri,1,Tier 1 - Exact Match,2026-08-05 17:50:49,
GOAT001077,Abderrazak Hamdallah,spatial_zone_summary,statsbomb_player,Abderrazak Hamdallah,1,Tier 1 - Exact Match,2026-08-05 17:50:49,
GOAT001079,Abdoul Karim Yoda,spatial_zone_summary,statsbomb_player,Abdoul Karim Yoda,1,Tier 1 - Exact Match,2026-08-05 17:50:49,
GOAT001078,Abdoulay Konko,spatial_zone_summary,statsbomb_player,Abdoulay Konko,1,Tier 1 - Exact Match,2026-08-05 17:50:49,
GOAT001377,Abraham Minero Fernández,spatial_zone_summary,statsbomb_player,Abraham Minero Fernández,1,Tier 1 - Exact Match,2026-08-05 17:50:49,
GOAT001132,Salvador Ballesta Vialcho,spatial_zone_summary,statsbomb_player,Salvador Ballesta Vialcho,1,Tier 1 - Exact Match,2026-08-05 17:50:49,
GOAT001376,İlkay Gündoğan,spatial_zone_summary,statsbomb_player,İlkay Gündoğan,1,Tier 1 - Exact Match,2026-08-05 17:50:49,
GOAT001375,Łukasz Piszczek,spatial_zone_summary,statsbomb_player,Łukasz Piszczek,1,Tier 1 - Exact Match,2026-08-05 17:50:49,
GOAT001352,Jamie Vardy,spatial_zone_summary,statsbomb_player,Jamie Vardy,1,Tier 1 - Exact Match,2026-08-05 17:50:49,
GOAT001367,Jaime Romero Gómez,spatial_zone_summary,statsbomb_player,Jaime Romero Gómez,1,Tier 1 - Exact Match,2026-08-05 17:50:49,
GOAT001359,Jesse Lingard,spatial_zone_summary,statsbomb_player,Jesse Lingard,1,Tier 1 - Exact Match,2026-08-05 17:50:49,
GOAT001362,Jesús Daniel Gallardo Vasconcelos,spatial_zone_summary,statsbomb_player,Jesús Daniel Gallardo Vasconcelos,1,Tier 1 - Exact Match,2026-08-05 17:50:49,
GOAT001358,Jirí Jarošík,spatial_zone_summary,statsbomb_player,Jirí Jarošík,1,Tier 1 - Exact Match,2026-08-05 17:50:49,
GOAT001158,Raoul Cédric Loé,spatial_zone_summary,statsbomb_player,Raoul Cédric Loé,1,Tier 1 - Exact Match,2026-08-05 17:50:49,
GOAT001300,Jukka Raitala,spatial_zone_summary,statsbomb_player,Jukka Raitala,1,Tier 1 - Exact Match,2026-08-05 17:50:49,
GOAT001299,Julián de Guzmán,spatial_zone_summary,statsbomb_player,Julián de Guzmán,1,Tier 1 - Exact Match,2026-08-05 17:50:49,
GOAT001113,Gabriel Andrei Torje,spatial_zone_summary,statsbomb_player,Gabriel Andrei Torje,1,Tier 1 - Exact Match,2026-08-05 17:50:49,
GOAT001076,Abel Gómez Moreno,spatial_zone_summary,statsbomb_player,Abel Gómez Moreno,1,Tier 1 - Exact Match,2026-08-05 17:50:49,
GOAT001369,Javier Calleja Revilla,spatial_zone_summary,statsbomb_player,Javier Calleja Revilla,1,Tier 1 - Exact Match,2026-08-05 17:50:49,
GOAT001366,Javier García Portillo,spatial_zone_summary,statsbomb_player,Javier García Portillo,1,Tier 1 - Exact Match,2026-08-05 17:50:49,
GOAT001373,Javier Ontiveros Parra,spatial_zone_summary,statsbomb_player,Javier Ontiveros Parra,1,Tier 1 - Exact Match,2026-08-05 17:50:49,
GOAT001361,Javier Sánchez de Felipe,spatial_zone_summary,statsbomb_player,Javier Sánchez de Felipe,1,Tier 1 - Exact Match,2026-08-05 17:50:49,
GOAT001368,Jaime Mata Arnaiz,spatial_zone_summary,statsbomb_player,Jaime Mata Arnaiz,1,Tier 1 - Exact Match,2026-08-05 17:50:49,
GOAT001133,Aziz Eraltay Behich,spatial_zone_summary,statsbomb_player,Aziz Eraltay Behich,1,Tier 1 - Exact Match,2026-08-05 17:50:49,
GOAT001205,Miguel Ángel Angulo Valderrey,spatial_zone_summary,statsbomb_player,Miguel Ángel Angulo Valderrey,1,Tier 1 - Exact Match,2026-08-05 17:50:49,
GOAT001298,Denzel Dumfries,spatial_zone_summary,statsbomb_player,Denzel Dumfries,1,Tier 1 - Exact Match,2026-08-05 17:50:49,
GOAT001364,Javier Hernández Balcázar,spatial_zone_summary,statsbomb_player,Javier Hernández Balcázar,1,Tier 1 - Exact Match,2026-08-05 17:50:49,
GOAT001363,Javier Ignacio Aquino Carmona,spatial_zone_summary,statsbomb_player,Javier Ignacio Aquino Carmona,1,Tier 1 - Exact Match,2026-08-05 17:50:49,
GOAT001081,Álvaro Odriozola Arzallus,spatial_zone_summary,statsbomb_player,Álvaro Odriozola Arzallus,1,Tier 1 - Exact Match,2026-08-05 17:50:49,
GOAT001384,Abdón Prats Bastidas,spatial_zone_summary,statsbomb_player,Abdón Prats Bastidas,1,Tier 1 - Exact Match,2026-08-05 17:50:49,
GOAT001383,Abdulelah Saad Hameed Al-Malki,spatial_zone_summary,statsbomb_player,Abdulelah Saad Hameed Al-Malki,1,Tier 1 - Exact Match,2026-08-05 17:50:49,
GOAT001991,Abdoulaye Doucouré,spatial_zone_summary,statsbomb_player,Abdoulaye Doucouré,1,Tier 1 - Exact Match,2026-08-05 17:50:49,
GOAT001388,Achille Emaná Edzimbi,spatial_zone_summary,statsbomb_player,Achille Emaná Edzimbi,1,Tier 1 - Exact Match,2026-08-05 17:50:49,
GOAT001381,Aaron Cresswell,spatial_zone_summary,statsbomb_player,Aaron Cresswell,1,Tier 1 - Exact Match,2026-08-05 17:50:49,
GOAT001541,Adam Smith,spatial_zone_summary,statsbomb_player,Adam Smith,1,Tier 1 - Exact Match,2026-08-05 17:50:49,
GOAT001554,Aderllan Leandro de Jesus Santos,spatial_zone_summary,statsbomb_player,Aderllan Leandro de Jesus Santos,1,Tier 1 - Exact Match,2026-08-05 17:50:49,
GOAT001389,Ángel Morales Cuerva,spatial_zone_summary,statsbomb_player,Ángel Morales Cuerva,1,Tier 1 - Exact Match,2026-08-05 17:50:49,
GOAT001992,Abdul Rahman Baba,spatial_zone_summary,statsbomb_player,Abdul Rahman Baba,1,Tier 1 - Exact Match,2026-08-05 17:50:49,
GOAT001989,Abdessamad Ezzalzouli,spatial_zone_summary,statsbomb_player,Abdessamad Ezzalzouli,1,Tier 1 - Exact Match,2026-08-05 17:50:49,
GOAT001420,Javier Casas Cuevas,spatial_zone_summary,statsbomb_player,Javier Casas Cuevas,1,Tier 1 - Exact Match,2026-08-05 17:50:49,
GOAT001421,Javier Del Pino González,spatial_zone_summary,statsbomb_player,Javier Del Pino González,1,Tier 1 - Exact Match,2026-08-05 17:50:49,
GOAT001422,Javier Espinosa González,spatial_zone_summary,statsbomb_player,Javier Espinosa González,1,Tier 1 - Exact Match,2026-08-05 17:50:49,
GOAT001423,Javier Galán Gil,spatial_zone_summary,statsbomb_player,Javier Galán Gil,1,Tier 1 - Exact Match,2026-08-05 17:50:49,
GOAT001418,Jakub Piotrowski,spatial_zone_summary,statsbomb_player,Jakub Piotrowski,1,Tier 1 - Exact Match,2026-08-05 17:50:49,
GOAT001419,Jamaal Lascelles,spatial_zone_summary,statsbomb_player,Jamaal Lascelles,1,Tier 1 - Exact Match,2026-08-05 17:50:49,
GOAT001408,James Collins,spatial_zone_summary,statsbomb_player,James Collins,1,Tier 1 - Exact Match,2026-08-05 17:50:49,
GOAT001409,James McArthur,spatial_zone_summary,statsbomb_player,James McArthur,1,Tier 1 - Exact Match,2026-08-05 17:50:49,
GOAT001393,Álvaro Domínguez Soto,spatial_zone_summary,statsbomb_player,Álvaro Domínguez Soto,1,Tier 1 - Exact Match,2026-08-05 17:50:49,
GOAT001394,Álvaro Fernández Llorente,spatial_zone_summary,statsbomb_player,Álvaro Fernández Llorente,1,Tier 1 - Exact Match,2026-08-05 17:50:49,
GOAT001395,Álvaro Medrán Just,spatial_zone_summary,statsbomb_player,Álvaro Medrán Just,1,Tier 1 - Exact Match,2026-08-05 17:50:49,
GOAT001566,Adam Buksa,spatial_zone_summary,statsbomb_player,Adam Buksa,1,Tier 1 - Exact Match,2026-08-05 17:50:49,
GOAT001546,Adam David Lallana,spatial_zone_summary,statsbomb_player,Adam David Lallana,1,Tier 1 - Exact Match,2026-08-05 17:50:49,
GOAT001397,Zeno Debast,spatial_zone_summary,statsbomb_player,Zeno Debast,1,Tier 1 - Exact Match,2026-08-05 17:50:49,
GOAT001433,Javier Lara Grande,spatial_zone_summary,statsbomb_player,Javier Lara Grande,1,Tier 1 - Exact Match,2026-08-05 17:50:49,
GOAT001434,Javier Magro Matilla,spatial_zone_summary,statsbomb_player,Javier Magro Matilla,1,Tier 1 - Exact Match,2026-08-05 17:50:49,
GOAT001435,Javier Moyano Lujano,spatial_zone_summary,statsbomb_player,Javier Moyano Lujano,1,Tier 1 - Exact Match,2026-08-05 17:50:49,
GOAT001406,Javier Ros Añón,spatial_zone_summary,statsbomb_player,Javier Ros Añón,1,Tier 1 - Exact Match,2026-08-05 17:50:49,
GOAT001469,Jens Jønsson,spatial_zone_summary,statsbomb_player,Jens Jønsson,1,Tier 1 - Exact Match,2026-08-05 17:50:49,
GOAT001425,Jason Denayer,spatial_zone_summary,statsbomb_player,Jason Denayer,1,Tier 1 - Exact Match,2026-08-05 17:50:49,
GOAT001426,Jason Puncheon,spatial_zone_summary,statsbomb_player,Jason Puncheon,1,Tier 1 - Exact Match,2026-08-05 17:50:49,
GOAT001398,Àngel Rangel Zaragoza,spatial_zone_summary,statsbomb_player,Àngel Rangel Zaragoza,1,Tier 1 - Exact Match,2026-08-05 17:50:49,
GOAT001399,Ádám Nagy,spatial_zone_summary,statsbomb_player,Ádám Nagy,1,Tier 1 - Exact Match,2026-08-05 17:50:49,
GOAT001400,Ádám Szalai,spatial_zone_summary,statsbomb_player,Ádám Szalai,1,Tier 1 - Exact Match,2026-08-05 17:50:49,
GOAT001401,Álvaro Arroyo Martínez,spatial_zone_summary,statsbomb_player,Álvaro Arroyo Martínez,1,Tier 1 - Exact Match,2026-08-05 17:50:49,
GOAT001412,Yussuf Yurary Poulsen,spatial_zone_summary,statsbomb_player,Yussuf Yurary Poulsen,1,Tier 1 - Exact Match,2026-08-05 17:50:49,
GOAT001396,Yūya Ōsako,spatial_zone_summary,statsbomb_player,Yūya Ōsako,1,Tier 1 - Exact Match,2026-08-05 17:50:49,
GOAT001699,Ahmed Musa,spatial_zone_summary,statsbomb_player,Ahmed Musa,1,Tier 1 - Exact Match,2026-08-05 17:50:49,
GOAT001917,Aitor López Rekarte,spatial_zone_summary,statsbomb_player,Aitor López Rekarte,1,Tier 1 - Exact Match,2026-08-05 17:50:49,
GOAT001415,Yevhen Konoplyanka,spatial_zone_summary,statsbomb_player,Yevhen Konoplyanka,1,Tier 1 - Exact Match,2026-08-05 17:50:49,
GOAT001517,Jae-Sung Lee,spatial_zone_summary,statsbomb_player,Jae-Sung Lee,1,Tier 1 - Exact Match,2026-08-05 17:50:49,
GOAT001407,Jaime Seoane Valenciano,spatial_zone_summary,statsbomb_player,Jaime Seoane Valenciano,1,Tier 1 - Exact Match,2026-08-05 17:50:49,
GOAT001628,Jairo Izquierdo González,spatial_zone_summary,statsbomb_player,Jairo Izquierdo González,1,Tier 1 - Exact Match,2026-08-05 17:50:49,
GOAT001437,Jakub Błaszczykowski,spatial_zone_summary,statsbomb_player,Jakub Błaszczykowski,1,Tier 1 - Exact Match,2026-08-05 17:50:49,
GOAT001410,James Philip Milner,spatial_zone_summary,statsbomb_player,James Philip Milner,1,Tier 1 - Exact Match,2026-08-05 17:50:49,
GOAT001404,Yohan Cabaye,spatial_zone_summary,statsbomb_player,Yohan Cabaye,1,Tier 1 - Exact Match,2026-08-05 17:50:49,
GOAT001405,Young-Gwon Kim,spatial_zone_summary,statsbomb_player,Young-Gwon Kim,1,Tier 1 - Exact Match,2026-08-05 17:50:49,
GOAT001763,Alberto Rodríguez Baró,spatial_zone_summary,statsbomb_player,Alberto Rodríguez Baró,1,Tier 1 - Exact Match,2026-08-05 17:50:49,
GOAT001414,Yassine Meriah,spatial_zone_summary,statsbomb_player,Yassine Meriah,1,Tier 1 - Exact Match,2026-08-05 17:50:49,
GOAT001835,Alberto Aquilani,spatial_zone_summary,statsbomb_player,Alberto Aquilani,1,Tier 1 - Exact Match,2026-08-05 17:50:49,
GOAT001439,Willian Lanes Lanes de Lima,spatial_zone_summary,statsbomb_player,Willian Lanes Lanes de Lima,1,Tier 1 - Exact Match,2026-08-05 17:50:49,
GOAT001440,Winston Reid,spatial_zone_summary,statsbomb_player,Winston Reid,1,Tier 1 - Exact Match,2026-08-05 17:50:49,
GOAT001429,Woo-Young Jung,spatial_zone_summary,statsbomb_player,Woo-Young Jung,1,Tier 1 - Exact Match,2026-08-05 17:50:49,
GOAT001411,Xavi Simons,spatial_zone_summary,statsbomb_player,Xavi Simons,1,Tier 1 - Exact Match,2026-08-05 17:50:49,
GOAT001456,Wesley Sneijder,spatial_zone_summary,statsbomb_player,Wesley Sneijder,1,Tier 1 - Exact Match,2026-08-05 17:50:49,
GOAT001457,Wilfried Zaha,spatial_zone_summary,statsbomb_player,Wilfried Zaha,1,Tier 1 - Exact Match,2026-08-05 17:50:49,
GOAT001458,Willi Orban,spatial_zone_summary,statsbomb_player,Willi Orban,1,Tier 1 - Exact Match,2026-08-05 17:50:49,
GOAT001438,William Troost-Ekong,spatial_zone_summary,statsbomb_player,William Troost-Ekong,1,Tier 1 - Exact Match,2026-08-05 17:50:49,
GOAT001485,Jeremías Ledesma,spatial_zone_summary,statsbomb_player,Jeremías Ledesma,1,Tier 1 - Exact Match,2026-08-05 17:50:49,
GOAT001486,Jermaine Pennant,spatial_zone_summary,statsbomb_player,Jermaine Pennant,1,Tier 1 - Exact Match,2026-08-05 17:50:49,
GOAT001436,Jesús Capitán Prada,spatial_zone_summary,statsbomb_player,Jesús Capitán Prada,1,Tier 1 - Exact Match,2026-08-05 17:50:49,
GOAT001468,Jesús María Lacruz Gómez,spatial_zone_summary,statsbomb_player,Jesús María Lacruz Gómez,1,Tier 1 - Exact Match,2026-08-05 17:50:49,
GOAT001451,Jens Stryger Larsen,spatial_zone_summary,statsbomb_player,Jens Stryger Larsen,1,Tier 1 - Exact Match,2026-08-05 17:50:49,
GOAT001452,Jerdy Schouten,spatial_zone_summary,statsbomb_player,Jerdy Schouten,1,Tier 1 - Exact Match,2026-08-05 17:50:49,
GOAT001906,Alejandro Pozuelo Melero,spatial_zone_summary,statsbomb_player,Alejandro Pozuelo Melero,1,Tier 1 - Exact Match,2026-08-05 17:50:49,
GOAT001462,Vítor Hugo Gomes Passos,spatial_zone_summary,statsbomb_player,Vítor Hugo Gomes Passos,1,Tier 1 - Exact Match,2026-08-05 17:50:49,
GOAT001463,Wahbi Khazri,spatial_zone_summary,statsbomb_player,Wahbi Khazri,1,Tier 1 - Exact Match,2026-08-05 17:50:49,
GOAT001443,Wanderson Maciel Sousa Campos,spatial_zone_summary,statsbomb_player,Wanderson Maciel Sousa Campos,1,Tier 1 - Exact Match,2026-08-05 17:50:49,
GOAT001445,Wayne Routledge,spatial_zone_summary,statsbomb_player,Wayne Routledge,1,Tier 1 - Exact Match,2026-08-05 17:50:49,
GOAT001446,Wellington Alves da Silva,spatial_zone_summary,statsbomb_player,Wellington Alves da Silva,1,Tier 1 - Exact Match,2026-08-05 17:50:49,
GOAT001471,Víctor Gómez Perea,spatial_zone_summary,statsbomb_player,Víctor Gómez Perea,1,Tier 1 - Exact Match,2026-08-05 17:50:49,
GOAT001501,Jin-Su Kim,spatial_zone_summary,statsbomb_player,Jin-Su Kim,1,Tier 1 - Exact Match,2026-08-05 17:50:49,
GOAT001741,Jacek Góralski,spatial_zone_summary,statsbomb_player,Jacek Góralski,1,Tier 1 - Exact Match,2026-08-05 17:50:49,
GOAT001609,Jack Frank Porteous Cork,spatial_zone_summary,statsbomb_player,Jack Frank Porteous Cork,1,Tier 1 - Exact Match,2026-08-05 17:50:49,
GOAT001533,Jackson Arley Martínez Valencia,spatial_zone_summary,statsbomb_player,Jackson Arley Martínez Valencia,1,Tier 1 - Exact Match,2026-08-05 17:50:49,
GOAT001534,Jacob Shaffelburg,spatial_zone_summary,statsbomb_player,Jacob Shaffelburg,1,Tier 1 - Exact Match,2026-08-05 17:50:49,
GOAT001704,Iván Díaz Ruiz,spatial_zone_summary,statsbomb_player,Iván Díaz Ruiz,1,Tier 1 - Exact Match,2026-08-05 17:50:49,
GOAT001484,Jeremie Frimpong,spatial_zone_summary,statsbomb_player,Jeremie Frimpong,1,Tier 1 - Exact Match,2026-08-05 17:50:49,
GOAT001464,Vladimir Stojković,spatial_zone_summary,statsbomb_player,Vladimir Stojković,1,Tier 1 - Exact Match,2026-08-05 17:50:49,
GOAT001465,Vladimír Coufal,spatial_zone_summary,statsbomb_player,Vladimír Coufal,1,Tier 1 - Exact Match,2026-08-05 17:50:49,
GOAT001466,Vladimír Weiss,spatial_zone_summary,statsbomb_player,Vladimír Weiss,1,Tier 1 - Exact Match,2026-08-05 17:50:49,
GOAT001493,Alexander Kerzhakov,spatial_zone_summary,statsbomb_player,Alexander Kerzhakov,1,Tier 1 - Exact Match,2026-08-05 17:50:49,
GOAT001994,Alexander Prass,spatial_zone_summary,statsbomb_player,Alexander Prass,1,Tier 1 - Exact Match,2026-08-05 17:50:49,
GOAT001987,Alexandros Tziolis,spatial_zone_summary,statsbomb_player,Alexandros Tziolis,1,Tier 1 - Exact Match,2026-08-05 17:50:49,
GOAT001444,Vurnon Anita,spatial_zone_summary,statsbomb_player,Vurnon Anita,1,Tier 1 - Exact Match,2026-08-05 17:50:49,
GOAT001461,Victor Obinna Nsofor,spatial_zone_summary,statsbomb_player,Victor Obinna Nsofor,1,Tier 1 - Exact Match,2026-08-05 17:50:49,
GOAT001490,Unai Vencedor Paris,spatial_zone_summary,statsbomb_player,Unai Vencedor Paris,1,Tier 1 - Exact Match,2026-08-05 17:50:49,
GOAT001491,Uroš Račić,spatial_zone_summary,statsbomb_player,Uroš Račić,1,Tier 1 - Exact Match,2026-08-05 17:50:49,
GOAT001594,Iván Villar Martínez,spatial_zone_summary,statsbomb_player,Iván Villar Martínez,1,Tier 1 - Exact Match,2026-08-05 17:50:49,
GOAT001481,Joakim Mæhle,spatial_zone_summary,statsbomb_player,Joakim Mæhle,1,Tier 1 - Exact Match,2026-08-05 17:50:49,
GOAT001449,Joan Oriol i Gràcia,spatial_zone_summary,statsbomb_player,Joan Oriol i Gràcia,1,Tier 1 - Exact Match,2026-08-05 17:50:49,
GOAT001450,Joan Sastre Vanrell,spatial_zone_summary,statsbomb_player,Joan Sastre Vanrell,1,Tier 1 - Exact Match,2026-08-05 17:50:49,
GOAT001483,Joel Robles Blázquez,spatial_zone_summary,statsbomb_player,Joel Robles Blázquez,1,Tier 1 - Exact Match,2026-08-05 17:50:49,
GOAT001497,Joey Veerman,spatial_zone_summary,statsbomb_player,Joey Veerman,1,Tier 1 - Exact Match,2026-08-05 17:50:49,
GOAT001500,Ji-Sung Park,spatial_zone_summary,statsbomb_player,Ji-Sung Park,1,Tier 1 - Exact Match,2026-08-05 17:50:49,
GOAT001988,Alhassane Keita,spatial_zone_summary,statsbomb_player,Alhassane Keita,1,Tier 1 - Exact Match,2026-08-05 17:50:49,
GOAT001402,Ali Albulayhi,spatial_zone_summary,statsbomb_player,Ali Albulayhi,1,Tier 1 - Exact Match,2026-08-05 17:50:49,
GOAT001403,Ali Maâloul,spatial_zone_summary,statsbomb_player,Ali Maâloul,1,Tier 1 - Exact Match,2026-08-05 17:50:49,
GOAT001385,Alin Dorinel Toșca,spatial_zone_summary,statsbomb_player,Alin Dorinel Toșca,1,Tier 1 - Exact Match,2026-08-05 17:50:49,
GOAT001479,Tomáš Suslov,spatial_zone_summary,statsbomb_player,Tomáš Suslov,1,Tier 1 - Exact Match,2026-08-05 17:50:49,
GOAT001480,Trent Alexander-Arnold,spatial_zone_summary,statsbomb_player,Trent Alexander-Arnold,1,Tier 1 - Exact Match,2026-08-05 17:50:49,
GOAT001487,Uche Henry Agbo,spatial_zone_summary,statsbomb_player,Uche Henry Agbo,1,Tier 1 - Exact Match,2026-08-05 17:50:49,
GOAT001499,Johann Berg Guðmunds­son,spatial_zone_summary,statsbomb_player,Johann Berg Guðmunds­son,1,Tier 1 - Exact Match,2026-08-05 17:50:49,
GOAT001518,John Aloisi,spatial_zone_summary,statsbomb_player,John Aloisi,1,Tier 1 - Exact Match,2026-08-05 17:50:49,
GOAT001762,Issam El Adoua,spatial_zone_summary,statsbomb_player,Issam El Adoua,1,Tier 1 - Exact Match,2026-08-05 17:50:49,
GOAT001742,Ivan Ricardo Neves Abreu Cavaleiro,spatial_zone_summary,statsbomb_player,Ivan Ricardo Neves Abreu Cavaleiro,1,Tier 1 - Exact Match,2026-08-05 17:50:49,
GOAT001725,Iván Alejo Peralta,spatial_zone_summary,statsbomb_player,Iván Alejo Peralta,1,Tier 1 - Exact Match,2026-08-05 17:50:49,
GOAT001703,Iván Bolado Palacios,spatial_zone_summary,statsbomb_player,Iván Bolado Palacios,1,Tier 1 - Exact Match,2026-08-05 17:50:49,
GOAT001705,Iván Gabriel Heinze,spatial_zone_summary,statsbomb_player,Iván Gabriel Heinze,1,Tier 1 - Exact Match,2026-08-05 17:50:49,
GOAT001706,Iván López Álvarez,spatial_zone_summary,statsbomb_player,Iván López Álvarez,1,Tier 1 - Exact Match,2026-08-05 17:50:49,
GOAT001390,Alphonse Areola,spatial_zone_summary,statsbomb_player,Alphonse Areola,1,Tier 1 - Exact Match,2026-08-05 17:50:49,
GOAT001392,Aly Cissokho,spatial_zone_summary,statsbomb_player,Aly Cissokho,1,Tier 1 - Exact Match,2026-08-05 17:50:49,
GOAT001492,Tomáš Holeš,spatial_zone_summary,statsbomb_player,Tomáš Holeš,1,Tier 1 - Exact Match,2026-08-05 17:50:49,
GOAT001478,Tomáš Souček,spatial_zone_summary,statsbomb_player,Tomáš Souček,1,Tier 1 - Exact Match,2026-08-05 17:50:49,
GOAT001488,Tijjani Reijnders,spatial_zone_summary,statsbomb_player,Tijjani Reijnders,1,Tier 1 - Exact Match,2026-08-05 17:50:49,
GOAT001489,Tim Howard,spatial_zone_summary,statsbomb_player,Tim Howard,1,Tier 1 - Exact Match,2026-08-05 17:50:49,
GOAT001413,Ander Murillo García,spatial_zone_summary,statsbomb_player,Ander Murillo García,1,Tier 1 - Exact Match,2026-08-05 17:50:49,
GOAT001459,Andrea Barzagli,spatial_zone_summary,statsbomb_player,Andrea Barzagli,1,Tier 1 - Exact Match,2026-08-05 17:50:49,
GOAT001472,Andrew Robertson,spatial_zone_summary,statsbomb_player,Andrew Robertson,1,Tier 1 - Exact Match,2026-08-05 17:50:49,
GOAT001473,Andrew Surman,spatial_zone_summary,statsbomb_player,Andrew Surman,1,Tier 1 - Exact Match,2026-08-05 17:50:49,
GOAT001474,Andrija Delibašić,spatial_zone_summary,statsbomb_player,Andrija Delibašić,1,Tier 1 - Exact Match,2026-08-05 17:50:49,
GOAT001475,Andrija Živković,spatial_zone_summary,statsbomb_player,Andrija Živković,1,Tier 1 - Exact Match,2026-08-05 17:50:49,
GOAT001482,Johnny Heitinga,spatial_zone_summary,statsbomb_player,Johnny Heitinga,1,Tier 1 - Exact Match,2026-08-05 17:50:49,
GOAT001550,Jon Errasti Zabalete,spatial_zone_summary,statsbomb_player,Jon Errasti Zabalete,1,Tier 1 - Exact Match,2026-08-05 17:50:49,
GOAT001964,In-Beom Hwang,spatial_zone_summary,statsbomb_player,In-Beom Hwang,1,Tier 1 - Exact Match,2026-08-05 17:50:49,
GOAT001498,Johan Bakayoko,spatial_zone_summary,statsbomb_player,Johan Bakayoko,1,Tier 1 - Exact Match,2026-08-05 17:50:49,
GOAT001505,Theo Walcott,spatial_zone_summary,statsbomb_player,Theo Walcott,1,Tier 1 - Exact Match,2026-08-05 17:50:49,
GOAT001510,Sébastien Squillaci,spatial_zone_summary,statsbomb_player,Sébastien Squillaci,1,Tier 1 - Exact Match,2026-08-05 17:50:49,
GOAT001511,Sérgio Miguel Relvas Gonçalves Pereira de Oliveira,spatial_zone_summary,statsbomb_player,Sérgio Miguel Relvas Gonçalves Pereira de Oliveira,1,Tier 1 - Exact Match,2026-08-05 17:50:49,
GOAT001512,Sérgio da Silva Pinto,spatial_zone_summary,statsbomb_player,Sérgio da Silva Pinto,1,Tier 1 - Exact Match,2026-08-05 17:50:49,
GOAT001513,Sílvio Manuel Azevedo Ferreira Sá Pereira,spatial_zone_summary,statsbomb_player,Sílvio Manuel Azevedo Ferreira Sá Pereira,1,Tier 1 - Exact Match,2026-08-05 17:50:49,
GOAT001460,András Schäfer,spatial_zone_summary,statsbomb_player,András Schäfer,1,Tier 1 - Exact Match,2026-08-05 17:50:49,
GOAT001430,André de Castro Pereira,spatial_zone_summary,statsbomb_player,André de Castro Pereira,1,Tier 1 - Exact Match,2026-08-05 17:50:49,
GOAT001431,André-Frank Zambo Anguissa,spatial_zone_summary,statsbomb_player,André-Frank Zambo Anguissa,1,Tier 1 - Exact Match,2026-08-05 17:50:49,
GOAT001476,Andrés Mateus Uribe Villa,spatial_zone_summary,statsbomb_player,Andrés Mateus Uribe Villa,1,Tier 1 - Exact Match,2026-08-05 17:50:49,
GOAT001477,Andrés Nicolás D''Alessandro,spatial_zone_summary,statsbomb_player,Andrés Nicolás D''Alessandro,1,Tier 1 - Exact Match,2026-08-05 17:50:49,
GOAT001504,Stéphane M''Bia Etoundi,spatial_zone_summary,statsbomb_player,Stéphane M''Bia Etoundi,1,Tier 1 - Exact Match,2026-08-05 17:50:49,
GOAT001522,Sultan Abdullah Salim Al Ghannam,spatial_zone_summary,statsbomb_player,Sultan Abdullah Salim Al Ghannam,1,Tier 1 - Exact Match,2026-08-05 17:50:49,
GOAT001761,Ismael Urzáiz Aranda,spatial_zone_summary,statsbomb_player,Ismael Urzáiz Aranda,1,Tier 1 - Exact Match,2026-08-05 17:50:49,
GOAT001931,Idrissa Gana Gueye,spatial_zone_summary,statsbomb_player,Idrissa Gana Gueye,1,Tier 1 - Exact Match,2026-08-05 17:50:49,
GOAT001508,Steve Cook,spatial_zone_summary,statsbomb_player,Steve Cook,1,Tier 1 - Exact Match,2026-08-05 17:50:49,
GOAT001509,Steve Mandanda,spatial_zone_summary,statsbomb_player,Steve Mandanda,1,Tier 1 - Exact Match,2026-08-05 17:50:49,
GOAT001525,Steven Zuber,spatial_zone_summary,statsbomb_player,Steven Zuber,1,Tier 1 - Exact Match,2026-08-05 17:50:49,
GOAT001526,Steven de Sousa Vitoria,spatial_zone_summary,statsbomb_player,Steven de Sousa Vitoria,1,Tier 1 - Exact Match,2026-08-05 17:50:49,
GOAT001523,Antoni Lluis Adrover Colom,spatial_zone_summary,statsbomb_player,Antoni Lluis Adrover Colom,1,Tier 1 - Exact Match,2026-08-05 17:50:49,
GOAT001543,Simone Verdi,spatial_zone_summary,statsbomb_player,Simone Verdi,1,Tier 1 - Exact Match,2026-08-05 17:50:49,
GOAT001535,Stefan Posch,spatial_zone_summary,statsbomb_player,Stefan Posch,1,Tier 1 - Exact Match,2026-08-05 17:50:49,
GOAT001536,Stefan de Vrij,spatial_zone_summary,statsbomb_player,Stefan de Vrij,1,Tier 1 - Exact Match,2026-08-05 17:50:49,
GOAT001537,Stefano Sorrentino,spatial_zone_summary,statsbomb_player,Stefano Sorrentino,1,Tier 1 - Exact Match,2026-08-05 17:50:49,
GOAT001538,Stephan Lichtsteiner,spatial_zone_summary,statsbomb_player,Stephan Lichtsteiner,1,Tier 1 - Exact Match,2026-08-05 17:50:49,
GOAT001552,Shinji Okazaki,spatial_zone_summary,statsbomb_player,Shinji Okazaki,1,Tier 1 - Exact Match,2026-08-05 17:50:49,
GOAT001524,Sidi Yaya Keita,spatial_zone_summary,statsbomb_player,Sidi Yaya Keita,1,Tier 1 - Exact Match,2026-08-05 17:50:49,
GOAT001549,Jonathan de Guzmán,spatial_zone_summary,statsbomb_player,Jonathan de Guzmán,1,Tier 1 - Exact Match,2026-08-05 17:50:49,
GOAT001548,Jonhatan Montiel Caballero,spatial_zone_summary,statsbomb_player,Jonhatan Montiel Caballero,1,Tier 1 - Exact Match,2026-08-05 17:50:49,
GOAT001581,Jordan Ayew,spatial_zone_summary,statsbomb_player,Jordan Ayew,1,Tier 1 - Exact Match,2026-08-05 17:50:49,
GOAT001582,Jordan Lotiès,spatial_zone_summary,statsbomb_player,Jordan Lotiès,1,Tier 1 - Exact Match,2026-08-05 17:50:49,
GOAT001922,Hélder Miguel Do Rosario Data,spatial_zone_summary,statsbomb_player,Hélder Miguel Do Rosario Data,1,Tier 1 - Exact Match,2026-08-05 17:50:49,
GOAT001923,Hörður Björgvin Magnússon,spatial_zone_summary,statsbomb_player,Hörður Björgvin Magnússon,1,Tier 1 - Exact Match,2026-08-05 17:50:49,
GOAT001965,Ibrahim Amadou,spatial_zone_summary,statsbomb_player,Ibrahim Amadou,1,Tier 1 - Exact Match,2026-08-05 17:50:49,
GOAT001947,Isaac Carcelén Valencia,spatial_zone_summary,statsbomb_player,Isaac Carcelén Valencia,1,Tier 1 - Exact Match,2026-08-05 17:50:49,
GOAT001542,Simon Francis,spatial_zone_summary,statsbomb_player,Simon Francis,1,Tier 1 - Exact Match,2026-08-05 17:50:49,
GOAT001494,Angelos Basinas,spatial_zone_summary,statsbomb_player,Angelos Basinas,1,Tier 1 - Exact Match,2026-08-05 17:50:49,
GOAT001528,Seung-Gyu Kim,spatial_zone_summary,statsbomb_player,Seung-Gyu Kim,1,Tier 1 - Exact Match,2026-08-05 17:50:49,
GOAT001551,Seung-Ho Paik,spatial_zone_summary,statsbomb_player,Seung-Ho Paik,1,Tier 1 - Exact Match,2026-08-05 17:50:49,
GOAT001503,Antonio José Raillo Arenas,spatial_zone_summary,statsbomb_player,Antonio José Raillo Arenas,1,Tier 1 - Exact Match,2026-08-05 17:50:49,
GOAT001544,Antonio Moral Segura,spatial_zone_summary,statsbomb_player,Antonio Moral Segura,1,Tier 1 - Exact Match,2026-08-05 17:50:49,
GOAT001539,Aridane Hernández Umpiérrez,spatial_zone_summary,statsbomb_player,Aridane Hernández Umpiérrez,1,Tier 1 - Exact Match,2026-08-05 17:50:49,
GOAT001540,Ariel Gerardo Nahuelpán Osten,spatial_zone_summary,statsbomb_player,Ariel Gerardo Nahuelpán Osten,1,Tier 1 - Exact Match,2026-08-05 17:50:49,
GOAT001565,Sergio Gómez Martín,spatial_zone_summary,statsbomb_player,Sergio Gómez Martín,1,Tier 1 - Exact Match,2026-08-05 17:50:49,
GOAT001545,"Antonio Pacheco D""Agosti",spatial_zone_summary,statsbomb_player,"Antonio Pacheco D""Agosti",1,Tier 1 - Exact Match,2026-08-05 17:50:49,
GOAT001527,Antonio Puerta Pérez,spatial_zone_summary,statsbomb_player,Antonio Puerta Pérez,1,Tier 1 - Exact Match,2026-08-05 17:50:49,
GOAT001930,Idrissa Doumbia,spatial_zone_summary,statsbomb_player,Idrissa Doumbia,1,Tier 1 - Exact Match,2026-08-05 17:50:49,
GOAT001562,Jordan Veretout,spatial_zone_summary,statsbomb_player,Jordan Veretout,1,Tier 1 - Exact Match,2026-08-05 17:50:49,
GOAT001563,Jordi López Felpeto,spatial_zone_summary,statsbomb_player,Jordi López Felpeto,1,Tier 1 - Exact Match,2026-08-05 17:50:49,
GOAT001564,Jordi Xumetra Feliu,spatial_zone_summary,statsbomb_player,Jordi Xumetra Feliu,1,Tier 1 - Exact Match,2026-08-05 17:50:49,
GOAT001595,Jorge De Frutos Sebastián,spatial_zone_summary,statsbomb_player,Jorge De Frutos Sebastián,1,Tier 1 - Exact Match,2026-08-05 17:50:49,
GOAT001596,Jorge Galán Anaut,spatial_zone_summary,statsbomb_player,Jorge Galán Anaut,1,Tier 1 - Exact Match,2026-08-05 17:50:49,
GOAT001514,Antonio Rodríguez Dovale,spatial_zone_summary,statsbomb_player,Antonio Rodríguez Dovale,1,Tier 1 - Exact Match,2026-08-05 17:50:49,
GOAT001515,Antonio Rüdiger,spatial_zone_summary,statsbomb_player,Antonio Rüdiger,1,Tier 1 - Exact Match,2026-08-05 17:50:49,
GOAT001516,Antony Matheus dos Santos,spatial_zone_summary,statsbomb_player,Antony Matheus dos Santos,1,Tier 1 - Exact Match,2026-08-05 17:50:49,
GOAT001569,Antonín Barák,spatial_zone_summary,statsbomb_player,Antonín Barák,1,Tier 1 - Exact Match,2026-08-05 17:50:49,
GOAT001555,Serge Gnabry,spatial_zone_summary,statsbomb_player,Serge Gnabry,1,Tier 1 - Exact Match,2026-08-05 17:50:49,
GOAT001556,Sergej Milinković-Savić,spatial_zone_summary,statsbomb_player,Sergej Milinković-Savić,1,Tier 1 - Exact Match,2026-08-05 17:50:49,
GOAT001557,Sergi Samper Montaña,spatial_zone_summary,statsbomb_player,Sergi Samper Montaña,1,Tier 1 - Exact Match,2026-08-05 17:50:49,
GOAT001558,Sergio Aragoneses Almeida,spatial_zone_summary,statsbomb_player,Sergio Aragoneses Almeida,1,Tier 1 - Exact Match,2026-08-05 17:50:49,
GOAT001559,Sergio Boris González Monteagudo,spatial_zone_summary,statsbomb_player,Sergio Boris González Monteagudo,1,Tier 1 - Exact Match,2026-08-05 17:50:49,
GOAT001553,Aníbal Samuel Matellán,spatial_zone_summary,statsbomb_player,Aníbal Samuel Matellán,1,Tier 1 - Exact Match,2026-08-05 17:50:49,
GOAT001547,Jorge Larena Avellaneda Roig,spatial_zone_summary,statsbomb_player,Jorge Larena Avellaneda Roig,1,Tier 1 - Exact Match,2026-08-05 17:50:49,
GOAT001577,Jorge Luiz Frello Filho,spatial_zone_summary,statsbomb_player,Jorge Luiz Frello Filho,1,Tier 1 - Exact Match,2026-08-05 17:50:49,
GOAT001578,Jorge López Marco,spatial_zone_summary,statsbomb_player,Jorge López Marco,1,Tier 1 - Exact Match,2026-08-05 17:50:49,
GOAT001579,Jorge Meré Pérez,spatial_zone_summary,statsbomb_player,Jorge Meré Pérez,1,Tier 1 - Exact Match,2026-08-05 17:50:49,
GOAT001918,Héctor Bellerín Moruno,spatial_zone_summary,statsbomb_player,Héctor Bellerín Moruno,1,Tier 1 - Exact Match,2026-08-05 17:50:49,
GOAT001919,Héctor Berenguel del Piño,spatial_zone_summary,statsbomb_player,Héctor Berenguel del Piño,1,Tier 1 - Exact Match,2026-08-05 17:50:49,
GOAT001920,Héctor Rodas Ramírez,spatial_zone_summary,statsbomb_player,Héctor Rodas Ramírez,1,Tier 1 - Exact Match,2026-08-05 17:50:49,
GOAT001863,Hélder Filipe Oliveira Lopes,spatial_zone_summary,statsbomb_player,Hélder Filipe Oliveira Lopes,1,Tier 1 - Exact Match,2026-08-05 17:50:49,
GOAT001966,Ibán Javier Cuadrado Alonso,spatial_zone_summary,statsbomb_player,Ibán Javier Cuadrado Alonso,1,Tier 1 - Exact Match,2026-08-05 17:50:49,
GOAT001929,Iddrisu Baba Mohammed,spatial_zone_summary,statsbomb_player,Iddrisu Baba Mohammed,1,Tier 1 - Exact Match,2026-08-05 17:50:49,
GOAT001567,Sebastián Bruno Fernández Miglierina,spatial_zone_summary,statsbomb_player,Sebastián Bruno Fernández Miglierina,1,Tier 1 - Exact Match,2026-08-05 17:50:49,
GOAT001568,Sebastián Coates Nión,spatial_zone_summary,statsbomb_player,Sebastián Coates Nión,1,Tier 1 - Exact Match,2026-08-05 17:50:49,
GOAT001571,Sebastián Eguren Ledesma,spatial_zone_summary,statsbomb_player,Sebastián Eguren Ledesma,1,Tier 1 - Exact Match,2026-08-05 17:50:49,
GOAT001580,Jorge Sammir Cruz Campos,spatial_zone_summary,statsbomb_player,Jorge Sammir Cruz Campos,1,Tier 1 - Exact Match,2026-08-05 17:50:49,
GOAT001593,Joseba Andoni Etxeberria Lizardi,spatial_zone_summary,statsbomb_player,Joseba Andoni Etxeberria Lizardi,1,Tier 1 - Exact Match,2026-08-05 17:50:49,
GOAT001610,Josep Señé Escudero,spatial_zone_summary,statsbomb_player,Josep Señé Escudero,1,Tier 1 - Exact Match,2026-08-05 17:50:49,
GOAT001611,Joshua Kimmich,spatial_zone_summary,statsbomb_player,Joshua Kimmich,1,Tier 1 - Exact Match,2026-08-05 17:50:49,
GOAT001612,Joshua King,spatial_zone_summary,statsbomb_player,Joshua King,1,Tier 1 - Exact Match,2026-08-05 17:50:49,
GOAT001896,Hotaru Yamaguchi,spatial_zone_summary,statsbomb_player,Hotaru Yamaguchi,1,Tier 1 - Exact Match,2026-08-05 17:50:49,
GOAT001572,Aron Einar Gunnarsson,spatial_zone_summary,statsbomb_player,Aron Einar Gunnarsson,1,Tier 1 - Exact Match,2026-08-05 17:50:49,
GOAT001573,Santiago Cáseres,spatial_zone_summary,statsbomb_player,Santiago Cáseres,1,Tier 1 - Exact Match,2026-08-05 17:50:49,
GOAT001591,Saud Abdullah Abdul Hamid,spatial_zone_summary,statsbomb_player,Saud Abdullah Abdul Hamid,1,Tier 1 - Exact Match,2026-08-05 17:50:49,
GOAT001597,Saúl Fernández García,spatial_zone_summary,statsbomb_player,Saúl Fernández García,1,Tier 1 - Exact Match,2026-08-05 17:50:49,
GOAT001598,Saša Lukić,spatial_zone_summary,statsbomb_player,Saša Lukić,1,Tier 1 - Exact Match,2026-08-05 17:50:49,
GOAT001599,Scott Dann,spatial_zone_summary,statsbomb_player,Scott Dann,1,Tier 1 - Exact Match,2026-08-05 17:50:49,
GOAT001588,Samuele Longo,spatial_zone_summary,statsbomb_player,Samuele Longo,1,Tier 1 - Exact Match,2026-08-05 17:50:49,
GOAT001570,Artur Jędrzejczyk,spatial_zone_summary,statsbomb_player,Artur Jędrzejczyk,1,Tier 1 - Exact Match,2026-08-05 17:50:49,
GOAT001772,Hee-Chan Hwang,spatial_zone_summary,statsbomb_player,Hee-Chan Hwang,1,Tier 1 - Exact Match,2026-08-05 17:50:49,
GOAT001773,Heiko Westermann,spatial_zone_summary,statsbomb_player,Heiko Westermann,1,Tier 1 - Exact Match,2026-08-05 17:50:49,
GOAT001774,Henrik Dalsgaard,spatial_zone_summary,statsbomb_player,Henrik Dalsgaard,1,Tier 1 - Exact Match,2026-08-05 17:50:49,
GOAT001868,Henrique Sereno Fonseca,spatial_zone_summary,statsbomb_player,Henrique Sereno Fonseca,1,Tier 1 - Exact Match,2026-08-05 17:50:49,
GOAT001645,José Alejandro Suárez Martín,spatial_zone_summary,statsbomb_player,José Alejandro Suárez Martín,1,Tier 1 - Exact Match,2026-08-05 17:50:49,
GOAT001921,Hélder Jorge Leal Rodrigues Barbosa,spatial_zone_summary,statsbomb_player,Hélder Jorge Leal Rodrigues Barbosa,1,Tier 1 - Exact Match,2026-08-05 17:50:49,
GOAT001602,Asier Villalibre Molina,spatial_zone_summary,statsbomb_player,Asier Villalibre Molina,1,Tier 1 - Exact Match,2026-08-05 17:50:49,
GOAT001603,Asier del Horno Cosgaya,spatial_zone_summary,statsbomb_player,Asier del Horno Cosgaya,1,Tier 1 - Exact Match,2026-08-05 17:50:49,
GOAT001604,Atiba Hutchinson,spatial_zone_summary,statsbomb_player,Atiba Hutchinson,1,Tier 1 - Exact Match,2026-08-05 17:50:49,
GOAT001605,Attila Fiola,spatial_zone_summary,statsbomb_player,Attila Fiola,1,Tier 1 - Exact Match,2026-08-05 17:50:49,
GOAT001606,Attila Szalai,spatial_zone_summary,statsbomb_player,Attila Szalai,1,Tier 1 - Exact Match,2026-08-05 17:50:49,
GOAT001608,Ayoze Pérez Gutiérrez,spatial_zone_summary,statsbomb_player,Ayoze Pérez Gutiérrez,1,Tier 1 - Exact Match,2026-08-05 17:50:49,
GOAT001589,Saleh Khalid Al Shehri,spatial_zone_summary,statsbomb_player,Saleh Khalid Al Shehri,1,Tier 1 - Exact Match,2026-08-05 17:50:49,
GOAT001590,Salem Mohammed Al Dawsari,spatial_zone_summary,statsbomb_player,Salem Mohammed Al Dawsari,1,Tier 1 - Exact Match,2026-08-05 17:50:49,
GOAT001615,Sam Adekugbe,spatial_zone_summary,statsbomb_player,Sam Adekugbe,1,Tier 1 - Exact Match,2026-08-05 17:50:49,
GOAT001616,Samuel Sáiz Alonso,spatial_zone_summary,statsbomb_player,Samuel Sáiz Alonso,1,Tier 1 - Exact Match,2026-08-05 17:50:49,
GOAT001619,Rúben Afonso Borges Semedo,spatial_zone_summary,statsbomb_player,Rúben Afonso Borges Semedo,1,Tier 1 - Exact Match,2026-08-05 17:50:49,
GOAT001620,Rúben Micael Freitas da Ressurreição,spatial_zone_summary,statsbomb_player,Rúben Micael Freitas da Ressurreição,1,Tier 1 - Exact Match,2026-08-05 17:50:49,
GOAT001621,Răzvan Dincă Raț,spatial_zone_summary,statsbomb_player,Răzvan Dincă Raț,1,Tier 1 - Exact Match,2026-08-05 17:50:49,
GOAT001624,José Eduardo Albácar Gallego,spatial_zone_summary,statsbomb_player,José Eduardo Albácar Gallego,1,Tier 1 - Exact Match,2026-08-05 17:50:49,
GOAT001614,José Ernesto Sosa,spatial_zone_summary,statsbomb_player,José Ernesto Sosa,1,Tier 1 - Exact Match,2026-08-05 17:50:49,
GOAT001768,Hannes Þór Halldórsson,spatial_zone_summary,statsbomb_player,Hannes Þór Halldórsson,1,Tier 1 - Exact Match,2026-08-05 17:50:49,
GOAT001769,Harry Souttar,spatial_zone_summary,statsbomb_player,Harry Souttar,1,Tier 1 - Exact Match,2026-08-05 17:50:49,
GOAT001622,Axel Disasi,spatial_zone_summary,statsbomb_player,Axel Disasi,1,Tier 1 - Exact Match,2026-08-05 17:50:49,
GOAT001607,Ayoze García Pérez,spatial_zone_summary,statsbomb_player,Ayoze García Pérez,1,Tier 1 - Exact Match,2026-08-05 17:50:49,
GOAT001601,Ryan Shawcross,spatial_zone_summary,statsbomb_player,Ryan Shawcross,1,Tier 1 - Exact Match,2026-08-05 17:50:49,
GOAT001631,Bafétimbi Gomis,spatial_zone_summary,statsbomb_player,Bafétimbi Gomis,1,Tier 1 - Exact Match,2026-08-05 17:50:49,
GOAT001632,Bart Verbruggen,spatial_zone_summary,statsbomb_player,Bart Verbruggen,1,Tier 1 - Exact Match,2026-08-05 17:50:49,
GOAT001633,Bartholomew Owogbalor Ogbeche,spatial_zone_summary,statsbomb_player,Bartholomew Owogbalor Ogbeche,1,Tier 1 - Exact Match,2026-08-05 17:50:49,
GOAT001617,Bartosz Slisz,spatial_zone_summary,statsbomb_player,Bartosz Slisz,1,Tier 1 - Exact Match,2026-08-05 17:50:49,
GOAT001618,Bastian Schweinsteiger,spatial_zone_summary,statsbomb_player,Bastian Schweinsteiger,1,Tier 1 - Exact Match,2026-08-05 17:50:49,
GOAT001629,Rubén Suárez Estrada,spatial_zone_summary,statsbomb_player,Rubén Suárez Estrada,1,Tier 1 - Exact Match,2026-08-05 17:50:49,
GOAT001630,Rubén de la Red Gutiérrez,spatial_zone_summary,statsbomb_player,Rubén de la Red Gutiérrez,1,Tier 1 - Exact Match,2026-08-05 17:50:49,
GOAT001626,José Ignacio Peleteiro Ramallo,spatial_zone_summary,statsbomb_player,José Ignacio Peleteiro Ramallo,1,Tier 1 - Exact Match,2026-08-05 17:50:49,
GOAT001642,José Izquierdo Martínez,spatial_zone_summary,statsbomb_player,José Izquierdo Martínez,1,Tier 1 - Exact Match,2026-08-05 17:50:49,
GOAT001643,José Joaquín Moreno Verdú,spatial_zone_summary,statsbomb_player,José Joaquín Moreno Verdú,1,Tier 1 - Exact Match,2026-08-05 17:50:49,
GOAT001730,Guillermo Alfonso Maripán Loaysa,spatial_zone_summary,statsbomb_player,Guillermo Alfonso Maripán Loaysa,1,Tier 1 - Exact Match,2026-08-05 17:50:49,
GOAT001731,Guillermo Luis Franco Farquarson,spatial_zone_summary,statsbomb_player,Guillermo Luis Franco Farquarson,1,Tier 1 - Exact Match,2026-08-05 17:50:49,
GOAT001654,Borja Gómez Pérez,spatial_zone_summary,statsbomb_player,Borja Gómez Pérez,1,Tier 1 - Exact Match,2026-08-05 17:50:49,
GOAT001636,Royston Ricky Drenthe,spatial_zone_summary,statsbomb_player,Royston Ricky Drenthe,1,Tier 1 - Exact Match,2026-08-05 17:50:49,
GOAT001637,Ruben Vargas,spatial_zone_summary,statsbomb_player,Ruben Vargas,1,Tier 1 - Exact Match,2026-08-05 17:50:49,
GOAT001650,Roland Conde Lamah,spatial_zone_summary,statsbomb_player,Roland Conde Lamah,1,Tier 1 - Exact Match,2026-08-05 17:50:49,
GOAT001651,Roland Sallai,spatial_zone_summary,statsbomb_player,Roland Sallai,1,Tier 1 - Exact Match,2026-08-05 17:50:49,
GOAT001623,Romano Schmid,spatial_zone_summary,statsbomb_player,Romano Schmid,1,Tier 1 - Exact Match,2026-08-05 17:50:49,
GOAT001666,Birkir Bjarnason,spatial_zone_summary,statsbomb_player,Birkir Bjarnason,1,Tier 1 - Exact Match,2026-08-05 17:50:49,
GOAT001667,Birkir Már Sævarsson,spatial_zone_summary,statsbomb_player,Birkir Már Sævarsson,1,Tier 1 - Exact Match,2026-08-05 17:50:49,
GOAT001668,Björn Bergmann Sigurðarson,spatial_zone_summary,statsbomb_player,Björn Bergmann Sigurðarson,1,Tier 1 - Exact Match,2026-08-05 17:50:49,
GOAT001646,Robin Gosens,spatial_zone_summary,statsbomb_player,Robin Gosens,1,Tier 1 - Exact Match,2026-08-05 17:50:49,
GOAT001634,Rodolfo Martín Arruabarrena,spatial_zone_summary,statsbomb_player,Rodolfo Martín Arruabarrena,1,Tier 1 - Exact Match,2026-08-05 17:50:49,
GOAT001681,José Manuel Arnáiz Díaz,spatial_zone_summary,statsbomb_player,José Manuel Arnáiz Díaz,1,Tier 1 - Exact Match,2026-08-05 17:50:49,
GOAT001669,Gorka Brit Gallego,spatial_zone_summary,statsbomb_player,Gorka Brit Gallego,1,Tier 1 - Exact Match,2026-08-05 17:50:49,
GOAT001635,Rodrigo Andrés Battaglia,spatial_zone_summary,statsbomb_player,Rodrigo Andrés Battaglia,1,Tier 1 - Exact Match,2026-08-05 17:50:49,
GOAT001648,Rodrigo Ríos Lozano,spatial_zone_summary,statsbomb_player,Rodrigo Ríos Lozano,1,Tier 1 - Exact Match,2026-08-05 17:50:49,
GOAT001649,Rodrigo Sánchez Rodriguez,spatial_zone_summary,statsbomb_player,Rodrigo Sánchez Rodriguez,1,Tier 1 - Exact Match,2026-08-05 17:50:49,
GOAT001709,Brian Oladapo Idowu,spatial_zone_summary,statsbomb_player,Brian Oladapo Idowu,1,Tier 1 - Exact Match,2026-08-05 17:50:49,
GOAT001662,Roberto López Esquiroz,spatial_zone_summary,statsbomb_player,Roberto López Esquiroz,1,Tier 1 - Exact Match,2026-08-05 17:50:49,
GOAT001693,Borja Valle Balonga,spatial_zone_summary,statsbomb_player,Borja Valle Balonga,1,Tier 1 - Exact Match,2026-08-05 17:50:49,
GOAT001694,Borna Barišić,spatial_zone_summary,statsbomb_player,Borna Barišić,1,Tier 1 - Exact Match,2026-08-05 17:50:49,
GOAT001655,Robert de Pinho de Souza,spatial_zone_summary,statsbomb_player,Robert de Pinho de Souza,1,Tier 1 - Exact Match,2026-08-05 17:50:49,
GOAT001656,Roberto Antonio Correa Silva,spatial_zone_summary,statsbomb_player,Roberto Antonio Correa Silva,1,Tier 1 - Exact Match,2026-08-05 17:50:49,
GOAT001647,Roberto Carlos Abbondanzieri,spatial_zone_summary,statsbomb_player,Roberto Carlos Abbondanzieri,1,Tier 1 - Exact Match,2026-08-05 17:50:49,
GOAT001661,Roberto Carlos da Silva,spatial_zone_summary,statsbomb_player,Roberto Carlos da Silva,1,Tier 1 - Exact Match,2026-08-05 17:50:49,
GOAT001710,Carl Jenkinson,spatial_zone_summary,statsbomb_player,Carl Jenkinson,1,Tier 1 - Exact Match,2026-08-05 17:50:49,
GOAT001711,Carl Medjani,spatial_zone_summary,statsbomb_player,Carl Medjani,1,Tier 1 - Exact Match,2026-08-05 17:50:49,
GOAT001672,Ricardo de Oliveira,spatial_zone_summary,statsbomb_player,Ricardo de Oliveira,1,Tier 1 - Exact Match,2026-08-05 17:50:49,
GOAT001663,Ricky van Wolfswinkel,spatial_zone_summary,statsbomb_player,Ricky van Wolfswinkel,1,Tier 1 - Exact Match,2026-08-05 17:50:49,
GOAT001664,Riley McGree,spatial_zone_summary,statsbomb_player,Riley McGree,1,Tier 1 - Exact Match,2026-08-05 17:50:49,
GOAT001670,Gue-Sung Cho,spatial_zone_summary,statsbomb_player,Gue-Sung Cho,1,Tier 1 - Exact Match,2026-08-05 17:50:49,
GOAT001671,Guido Hernán Pizarro,spatial_zone_summary,statsbomb_player,Guido Hernán Pizarro,1,Tier 1 - Exact Match,2026-08-05 17:50:49,
GOAT001677,José María Calvo,spatial_zone_summary,statsbomb_player,José María Calvo,1,Tier 1 - Exact Match,2026-08-05 17:50:49,
GOAT001679,José Paolo Guerrero Gonzáles,spatial_zone_summary,statsbomb_player,José Paolo Guerrero Gonzáles,1,Tier 1 - Exact Match,2026-08-05 17:50:49,
GOAT001732,Carlos Neva Tey,spatial_zone_summary,statsbomb_player,Carlos Neva Tey,1,Tier 1 - Exact Match,2026-08-05 17:50:49,
GOAT001683,Ricardo Alberto Silveira de Carvalho,spatial_zone_summary,statsbomb_player,Ricardo Alberto Silveira de Carvalho,1,Tier 1 - Exact Match,2026-08-05 17:50:49,
GOAT001684,Ricardo Alexandre Martins Soares Pereira,spatial_zone_summary,statsbomb_player,Ricardo Alexandre Martins Soares Pereira,1,Tier 1 - Exact Match,2026-08-05 17:50:49,
GOAT001695,Carlos Alberto Tevez,spatial_zone_summary,statsbomb_player,Carlos Alberto Tevez,1,Tier 1 - Exact Match,2026-08-05 17:50:49,
GOAT001718,Carlos Calvo Sobrado,spatial_zone_summary,statsbomb_player,Carlos Calvo Sobrado,1,Tier 1 - Exact Match,2026-08-05 17:50:49,
GOAT001755,Charly Musonda Junior,spatial_zone_summary,statsbomb_player,Charly Musonda Junior,1,Tier 1 - Exact Match,2026-08-05 17:50:49,
GOAT001665,Raúl Miguel Cámara,spatial_zone_summary,statsbomb_player,Raúl Miguel Cámara,1,Tier 1 - Exact Match,2026-08-05 17:50:49,
GOAT001675,Raúl de Tomás Gómez,spatial_zone_summary,statsbomb_player,Raúl de Tomás Gómez,1,Tier 1 - Exact Match,2026-08-05 17:50:49,
GOAT001676,Remo Freuler,spatial_zone_summary,statsbomb_player,Remo Freuler,1,Tier 1 - Exact Match,2026-08-05 17:50:49,
GOAT001682,Renan Augusto Lodi dos Santos,spatial_zone_summary,statsbomb_player,Renan Augusto Lodi dos Santos,1,Tier 1 - Exact Match,2026-08-05 17:50:49,
GOAT001685,Gonçalo Bernardo Inácio,spatial_zone_summary,statsbomb_player,Gonçalo Bernardo Inácio,1,Tier 1 - Exact Match,2026-08-05 17:50:49,
GOAT001680,José Santiago Cañizares Ruíz,spatial_zone_summary,statsbomb_player,José Santiago Cañizares Ruíz,1,Tier 1 - Exact Match,2026-08-05 17:50:49,
GOAT001689,João Fernando Nelo,spatial_zone_summary,statsbomb_player,João Fernando Nelo,1,Tier 1 - Exact Match,2026-08-05 17:50:49,
GOAT001575,Gilbert Gianelli Imbula Wanga,spatial_zone_summary,statsbomb_player,Gilbert Gianelli Imbula Wanga,1,Tier 1 - Exact Match,2026-08-05 17:50:49,
GOAT001576,Giorgi Kochorashvili,spatial_zone_summary,statsbomb_player,Giorgi Kochorashvili,1,Tier 1 - Exact Match,2026-08-05 17:50:49,
GOAT001733,Carlos Uriel Antuna Romero,spatial_zone_summary,statsbomb_player,Carlos Uriel Antuna Romero,1,Tier 1 - Exact Match,2026-08-05 17:50:49,
GOAT001750,Chancel Mbemba Mangulu,spatial_zone_summary,statsbomb_player,Chancel Mbemba Mangulu,1,Tier 1 - Exact Match,2026-08-05 17:50:49,
GOAT001754,Charlie Daniels,spatial_zone_summary,statsbomb_player,Charlie Daniels,1,Tier 1 - Exact Match,2026-08-05 17:50:49,
GOAT001698,Ragnar Sigurðsson,spatial_zone_summary,statsbomb_player,Ragnar Sigurðsson,1,Tier 1 - Exact Match,2026-08-05 17:50:49,
GOAT001756,Cheik Ismaël Tioté,spatial_zone_summary,statsbomb_player,Cheik Ismaël Tioté,1,Tier 1 - Exact Match,2026-08-05 17:50:49,
GOAT001783,Cheikhou Kouyaté,spatial_zone_summary,statsbomb_player,Cheikhou Kouyaté,1,Tier 1 - Exact Match,2026-08-05 17:50:49,
GOAT001784,Christian Abbiati,spatial_zone_summary,statsbomb_player,Christian Abbiati,1,Tier 1 - Exact Match,2026-08-05 17:50:49,
GOAT001805,Christian Alberto Cueva Bravo,spatial_zone_summary,statsbomb_player,Christian Alberto Cueva Bravo,1,Tier 1 - Exact Match,2026-08-05 17:50:49,
GOAT001806,Christian Benteke Liolo,spatial_zone_summary,statsbomb_player,Christian Benteke Liolo,1,Tier 1 - Exact Match,2026-08-05 17:50:49,
GOAT001686,Rafael Alexandre Fernandes Ferreira da Silva,spatial_zone_summary,statsbomb_player,Rafael Alexandre Fernandes Ferreira da Silva,1,Tier 1 - Exact Match,2026-08-05 17:50:49,
GOAT001687,Rafael Barber Rodríguez,spatial_zone_summary,statsbomb_player,Rafael Barber Rodríguez,1,Tier 1 - Exact Match,2026-08-05 17:50:49,
GOAT001673,Rafael Jiménez Jarque,spatial_zone_summary,statsbomb_player,Rafael Jiménez Jarque,1,Tier 1 - Exact Match,2026-08-05 17:50:49,
GOAT001674,Rafael Mir Vicente,spatial_zone_summary,statsbomb_player,Rafael Mir Vicente,1,Tier 1 - Exact Match,2026-08-05 17:50:49,
GOAT001585,Giorgio Chiellini,spatial_zone_summary,statsbomb_player,Giorgio Chiellini,1,Tier 1 - Exact Match,2026-08-05 17:50:49,
GOAT001586,Giorgios Seitaridis,spatial_zone_summary,statsbomb_player,Giorgios Seitaridis,1,Tier 1 - Exact Match,2026-08-05 17:50:49,
GOAT001587,Giovanni Di Lorenzo,spatial_zone_summary,statsbomb_player,Giovanni Di Lorenzo,1,Tier 1 - Exact Match,2026-08-05 17:50:49,
GOAT001690,João Neves,spatial_zone_summary,statsbomb_player,João Neves,1,Tier 1 - Exact Match,2026-08-05 17:50:49,
GOAT001747,Juan Bernat Velasco,spatial_zone_summary,statsbomb_player,Juan Bernat Velasco,1,Tier 1 - Exact Match,2026-08-05 17:50:49,
GOAT001506,Gergő Lovrencsics,spatial_zone_summary,statsbomb_player,Gergő Lovrencsics,1,Tier 1 - Exact Match,2026-08-05 17:50:49,
GOAT001496,Gernot Trauner,spatial_zone_summary,statsbomb_player,Gernot Trauner,1,Tier 1 - Exact Match,2026-08-05 17:50:49,
GOAT001502,Gheorghe Craioveanu,spatial_zone_summary,statsbomb_player,Gheorghe Craioveanu,1,Tier 1 - Exact Match,2026-08-05 17:50:49,
GOAT001652,Glenn Whelan,spatial_zone_summary,statsbomb_player,Glenn Whelan,1,Tier 1 - Exact Match,2026-08-05 17:50:49,
GOAT001829,Chu-Young Park,spatial_zone_summary,statsbomb_player,Chu-Young Park,1,Tier 1 - Exact Match,2026-08-05 17:50:49,
GOAT001830,Chung-Yong Lee,spatial_zone_summary,statsbomb_player,Chung-Yong Lee,1,Tier 1 - Exact Match,2026-08-05 17:50:49,
GOAT001717,Philip Foden,spatial_zone_summary,statsbomb_player,Philip Foden,1,Tier 1 - Exact Match,2026-08-05 17:50:49,
GOAT001700,Philipp Mwene,spatial_zone_summary,statsbomb_player,Philipp Mwene,1,Tier 1 - Exact Match,2026-08-05 17:50:49,
GOAT001701,Philipp Wollscheid,spatial_zone_summary,statsbomb_player,Philipp Wollscheid,1,Tier 1 - Exact Match,2026-08-05 17:50:49,
GOAT001702,Pierre-Emile Højbjerg,spatial_zone_summary,statsbomb_player,Pierre-Emile Højbjerg,1,Tier 1 - Exact Match,2026-08-05 17:50:49,
GOAT001600,Gianluigi Buffon,spatial_zone_summary,statsbomb_player,Gianluigi Buffon,1,Tier 1 - Exact Match,2026-08-05 17:50:49,
GOAT001574,Gianluigi Donnarumma,spatial_zone_summary,statsbomb_player,Gianluigi Donnarumma,1,Tier 1 - Exact Match,2026-08-05 17:50:49,
GOAT001721,Juan Fernando Quintero Paniagua,spatial_zone_summary,statsbomb_player,Juan Fernando Quintero Paniagua,1,Tier 1 - Exact Match,2026-08-05 17:50:49,
GOAT001760,Juan Guillermo Cuadrado Bello,spatial_zone_summary,statsbomb_player,Juan Guillermo Cuadrado Bello,1,Tier 1 - Exact Match,2026-08-05 17:50:49,
GOAT001417,Geoff Cameron,spatial_zone_summary,statsbomb_player,Geoff Cameron,1,Tier 1 - Exact Match,2026-08-05 17:50:49,
GOAT001696,Przemysław Tytoń,spatial_zone_summary,statsbomb_player,Przemysław Tytoń,1,Tier 1 - Exact Match,2026-08-05 17:50:49,
GOAT001697,Péter Gulácsi,spatial_zone_summary,statsbomb_player,Péter Gulácsi,1,Tier 1 - Exact Match,2026-08-05 17:50:49,
GOAT001713,Peter Pekarík,spatial_zone_summary,statsbomb_player,Peter Pekarík,1,Tier 1 - Exact Match,2026-08-05 17:50:49,
GOAT001714,Petr Čech,spatial_zone_summary,statsbomb_player,Petr Čech,1,Tier 1 - Exact Match,2026-08-05 17:50:49,
GOAT001716,Petr Ševčík,spatial_zone_summary,statsbomb_player,Petr Ševčík,1,Tier 1 - Exact Match,2026-08-05 17:50:49,
GOAT001807,Christian Nørgaard,spatial_zone_summary,statsbomb_player,Christian Nørgaard,1,Tier 1 - Exact Match,2026-08-05 17:50:49,
GOAT001808,Christian Robert Santos Kwasniewski,spatial_zone_summary,statsbomb_player,Christian Robert Santos Kwasniewski,1,Tier 1 - Exact Match,2026-08-05 17:50:49,
GOAT001809,Christoph Baumgartner,spatial_zone_summary,statsbomb_player,Christoph Baumgartner,1,Tier 1 - Exact Match,2026-08-05 17:50:49,
GOAT001810,Christoph Metzelder,spatial_zone_summary,statsbomb_player,Christoph Metzelder,1,Tier 1 - Exact Match,2026-08-05 17:50:49,
GOAT001853,Cléber Santana Loureiro,spatial_zone_summary,statsbomb_player,Cléber Santana Loureiro,1,Tier 1 - Exact Match,2026-08-05 17:50:49,
GOAT001857,Cosmin Marius Contra,spatial_zone_summary,statsbomb_player,Cosmin Marius Contra,1,Tier 1 - Exact Match,2026-08-05 17:50:49,
GOAT001736,Pedro David Gallese Quiróz,spatial_zone_summary,statsbomb_player,Pedro David Gallese Quiróz,1,Tier 1 - Exact Match,2026-08-05 17:50:49,
GOAT001712,Pedro Roberto Silva Botelho,spatial_zone_summary,statsbomb_player,Pedro Roberto Silva Botelho,1,Tier 1 - Exact Match,2026-08-05 17:50:49,
GOAT001428,Gerard Autet Serrabasa,spatial_zone_summary,statsbomb_player,Gerard Autet Serrabasa,1,Tier 1 - Exact Match,2026-08-05 17:50:49,
GOAT001743,Juan Luis Gómez López,spatial_zone_summary,statsbomb_player,Juan Luis Gómez López,1,Tier 1 - Exact Match,2026-08-05 17:50:49,
GOAT001744,Juan Luis Hens Lorite,spatial_zone_summary,statsbomb_player,Juan Luis Hens Lorite,1,Tier 1 - Exact Match,2026-08-05 17:50:49,
GOAT001757,Juan Marcos Foyth,spatial_zone_summary,statsbomb_player,Juan Marcos Foyth,1,Tier 1 - Exact Match,2026-08-05 17:50:49,
GOAT001758,Juan Muñoz Muñoz,spatial_zone_summary,statsbomb_player,Juan Muñoz Muñoz,1,Tier 1 - Exact Match,2026-08-05 17:50:49,
GOAT001877,Cristian Osvaldo Álvarez,spatial_zone_summary,statsbomb_player,Cristian Osvaldo Álvarez,1,Tier 1 - Exact Match,2026-08-05 17:50:49,
GOAT001729,Paul Scholes,spatial_zone_summary,statsbomb_player,Paul Scholes,1,Tier 1 - Exact Match,2026-08-05 17:50:49,
GOAT001726,Paulo César Da Silva Barrios,spatial_zone_summary,statsbomb_player,Paulo César Da Silva Barrios,1,Tier 1 - Exact Match,2026-08-05 17:50:49,
GOAT001735,Pedro Antonio Porro Sauceda,spatial_zone_summary,statsbomb_player,Pedro Antonio Porro Sauceda,1,Tier 1 - Exact Match,2026-08-05 17:50:49,
GOAT001812,Ciro Immobile,spatial_zone_summary,statsbomb_player,Ciro Immobile,1,Tier 1 - Exact Match,2026-08-05 17:50:49,
GOAT001813,Claudio Marchisio,spatial_zone_summary,statsbomb_player,Claudio Marchisio,1,Tier 1 - Exact Match,2026-08-05 17:50:49,
GOAT001814,Claudio Matías Kranevitter,spatial_zone_summary,statsbomb_player,Claudio Matías Kranevitter,1,Tier 1 - Exact Match,2026-08-05 17:50:49,
GOAT001748,Patrick Wimmer,spatial_zone_summary,statsbomb_player,Patrick Wimmer,1,Tier 1 - Exact Match,2026-08-05 17:50:49,
GOAT001749,Patrik Schick,spatial_zone_summary,statsbomb_player,Patrik Schick,1,Tier 1 - Exact Match,2026-08-05 17:50:49,
GOAT001858,Craig Goodwin,spatial_zone_summary,statsbomb_player,Craig Goodwin,1,Tier 1 - Exact Match,2026-08-05 17:50:49,
GOAT001759,Juan Ramón Cabrero Obrer,spatial_zone_summary,statsbomb_player,Juan Ramón Cabrero Obrer,1,Tier 1 - Exact Match,2026-08-05 17:50:49,
GOAT001790,Jude Bellingham,spatial_zone_summary,statsbomb_player,Jude Bellingham,1,Tier 1 - Exact Match,2026-08-05 17:50:49,
GOAT001993,Garang Kuol,spatial_zone_summary,statsbomb_player,Garang Kuol,1,Tier 1 - Exact Match,2026-08-05 17:50:49,
GOAT001441,Garry Mendes Rodrigues,spatial_zone_summary,statsbomb_player,Garry Mendes Rodrigues,1,Tier 1 - Exact Match,2026-08-05 17:50:49,
GOAT001442,Gary Cahill,spatial_zone_summary,statsbomb_player,Gary Cahill,1,Tier 1 - Exact Match,2026-08-05 17:50:49,
GOAT001416,Gaspar Gálvez Burgos,spatial_zone_summary,statsbomb_player,Gaspar Gálvez Burgos,1,Tier 1 - Exact Match,2026-08-05 17:50:49,
GOAT001734,Pablo Pérez Rodríguez,spatial_zone_summary,statsbomb_player,Pablo Pérez Rodríguez,1,Tier 1 - Exact Match,2026-08-05 17:50:49,
GOAT001751,Pablo Sicilia Roig,spatial_zone_summary,statsbomb_player,Pablo Sicilia Roig,1,Tier 1 - Exact Match,2026-08-05 17:50:49,
GOAT001752,Papa Babacar Diawara,spatial_zone_summary,statsbomb_player,Papa Babacar Diawara,1,Tier 1 - Exact Match,2026-08-05 17:50:49,
GOAT001753,Pape Cheikh Diop Gueye,spatial_zone_summary,statsbomb_player,Pape Cheikh Diop Gueye,1,Tier 1 - Exact Match,2026-08-05 17:50:49,
GOAT001738,Pape N''Diaye Souaré,spatial_zone_summary,statsbomb_player,Pape N''Diaye Souaré,1,Tier 1 - Exact Match,2026-08-05 17:50:49,
GOAT001737,Pascal Cygan,spatial_zone_summary,statsbomb_player,Pascal Cygan,1,Tier 1 - Exact Match,2026-08-05 17:50:49,
GOAT001727,Patrick Claude Ekeng Ekeng,spatial_zone_summary,statsbomb_player,Patrick Claude Ekeng Ekeng,1,Tier 1 - Exact Match,2026-08-05 17:50:49,
GOAT001791,Julio Álvarez Mosquera,spatial_zone_summary,statsbomb_player,Julio Álvarez Mosquera,1,Tier 1 - Exact Match,2026-08-05 17:50:49,
GOAT001770,Jun-Ho Son,spatial_zone_summary,statsbomb_player,Jun-Ho Son,1,Tier 1 - Exact Match,2026-08-05 17:50:49,
GOAT001771,Juraj Kucka,spatial_zone_summary,statsbomb_player,Juraj Kucka,1,Tier 1 - Exact Match,2026-08-05 17:50:49,
GOAT001495,Gabriel Teodoro Martinelli Silva,spatial_zone_summary,statsbomb_player,Gabriel Teodoro Martinelli Silva,1,Tier 1 - Exact Match,2026-08-05 17:50:49,
GOAT001728,Patrick Pentz,spatial_zone_summary,statsbomb_player,Patrick Pentz,1,Tier 1 - Exact Match,2026-08-05 17:50:49,
GOAT001875,Damián Ariel Escudero,spatial_zone_summary,statsbomb_player,Damián Ariel Escudero,1,Tier 1 - Exact Match,2026-08-05 17:50:49,
GOAT001903,Dan Gosling,spatial_zone_summary,statsbomb_player,Dan Gosling,1,Tier 1 - Exact Match,2026-08-05 17:50:49,
GOAT001878,Cristiano Biraghi,spatial_zone_summary,statsbomb_player,Cristiano Biraghi,1,Tier 1 - Exact Match,2026-08-05 17:50:49,
GOAT001889,César Jasib Montes Castro,spatial_zone_summary,statsbomb_player,César Jasib Montes Castro,1,Tier 1 - Exact Match,2026-08-05 17:50:49,
GOAT001890,César Palacios Chocarro,spatial_zone_summary,statsbomb_player,César Palacios Chocarro,1,Tier 1 - Exact Match,2026-08-05 17:50:49,
GOAT001926,Daniel Gómez Alcón,spatial_zone_summary,statsbomb_player,Daniel Gómez Alcón,1,Tier 1 - Exact Match,2026-08-05 17:50:49,
GOAT001780,Oriol Romeu Vidal,spatial_zone_summary,statsbomb_player,Oriol Romeu Vidal,1,Tier 1 - Exact Match,2026-08-05 17:50:49,
GOAT001739,Pablo Cendrós López,spatial_zone_summary,statsbomb_player,Pablo Cendrós López,1,Tier 1 - Exact Match,2026-08-05 17:50:49,
GOAT001740,Pablo César Aimar Giordano,spatial_zone_summary,statsbomb_player,Pablo César Aimar Giordano,1,Tier 1 - Exact Match,2026-08-05 17:50:49,
GOAT001765,Ondrej Duda,spatial_zone_summary,statsbomb_player,Ondrej Duda,1,Tier 1 - Exact Match,2026-08-05 17:50:49,
GOAT001766,Onyinye Wilfred Ndidi,spatial_zone_summary,statsbomb_player,Onyinye Wilfred Ndidi,1,Tier 1 - Exact Match,2026-08-05 17:50:49,
GOAT001803,Júlio César Clement Baptista,spatial_zone_summary,statsbomb_player,Júlio César Clement Baptista,1,Tier 1 - Exact Match,2026-08-05 17:50:49,
GOAT001819,Júlio César Jacobi,spatial_zone_summary,statsbomb_player,Júlio César Jacobi,1,Tier 1 - Exact Match,2026-08-05 17:50:49,
GOAT001820,Kacper Kozłowski,spatial_zone_summary,statsbomb_player,Kacper Kozłowski,1,Tier 1 - Exact Match,2026-08-05 17:50:49,
GOAT001821,Kai Havertz,spatial_zone_summary,statsbomb_player,Kai Havertz,1,Tier 1 - Exact Match,2026-08-05 17:50:49,
GOAT001924,Daniel González Benítez,spatial_zone_summary,statsbomb_player,Daniel González Benítez,1,Tier 1 - Exact Match,2026-08-05 17:50:49,
GOAT001925,Daniel González Güiza,spatial_zone_summary,statsbomb_player,Daniel González Güiza,1,Tier 1 - Exact Match,2026-08-05 17:50:49,
GOAT001775,Nélson Miguel Castro Oliveira,spatial_zone_summary,statsbomb_player,Nélson Miguel Castro Oliveira,1,Tier 1 - Exact Match,2026-08-05 17:50:49,
GOAT001776,Néstor Fernando Muslera Micol,spatial_zone_summary,statsbomb_player,Néstor Fernando Muslera Micol,1,Tier 1 - Exact Match,2026-08-05 17:50:49,
GOAT001777,Okay Yokuşlu,spatial_zone_summary,statsbomb_player,Okay Yokuşlu,1,Tier 1 - Exact Match,2026-08-05 17:50:49,
GOAT001792,Oliver Burke,spatial_zone_summary,statsbomb_player,Oliver Burke,1,Tier 1 - Exact Match,2026-08-05 17:50:49,
GOAT001764,Omar Mascarell González,spatial_zone_summary,statsbomb_player,Omar Mascarell González,1,Tier 1 - Exact Match,2026-08-05 17:50:49,
GOAT001927,Daniel José Rodríguez Vázquez,spatial_zone_summary,statsbomb_player,Daniel José Rodríguez Vázquez,1,Tier 1 - Exact Match,2026-08-05 17:50:49,
GOAT001942,Daniel Nii Tackie Mensah Welbeck,spatial_zone_summary,statsbomb_player,Daniel Nii Tackie Mensah Welbeck,1,Tier 1 - Exact Match,2026-08-05 17:50:49,
GOAT001943,Daniel Raba Antolín,spatial_zone_summary,statsbomb_player,Daniel Raba Antolín,1,Tier 1 - Exact Match,2026-08-05 17:50:49,
GOAT001793,Nihat Kahveci,spatial_zone_summary,statsbomb_player,Nihat Kahveci,1,Tier 1 - Exact Match,2026-08-05 17:50:49,
GOAT001778,Nikica Jelavić,spatial_zone_summary,statsbomb_player,Nikica Jelavić,1,Tier 1 - Exact Match,2026-08-05 17:50:49,
GOAT001779,Nikola Milenković,spatial_zone_summary,statsbomb_player,Nikola Milenković,1,Tier 1 - Exact Match,2026-08-05 17:50:49,
GOAT001967,Daniele Bonera,spatial_zone_summary,statsbomb_player,Daniele Bonera,1,Tier 1 - Exact Match,2026-08-05 17:50:49,
GOAT001944,Daniele Verde,spatial_zone_summary,statsbomb_player,Daniele Verde,1,Tier 1 - Exact Match,2026-08-05 17:50:49,
GOAT001975,Danilo Barbosa da Silva,spatial_zone_summary,statsbomb_player,Danilo Barbosa da Silva,1,Tier 1 - Exact Match,2026-08-05 17:50:49,
GOAT001800,Kanga Gauthier Akalé,spatial_zone_summary,statsbomb_player,Kanga Gauthier Akalé,1,Tier 1 - Exact Match,2026-08-05 17:50:49,
GOAT001638,Franco Armani,spatial_zone_summary,statsbomb_player,Franco Armani,1,Tier 1 - Exact Match,2026-08-05 17:50:49,
GOAT001639,Franco Zuculini,spatial_zone_summary,statsbomb_player,Franco Zuculini,1,Tier 1 - Exact Match,2026-08-05 17:50:49,
GOAT001640,Frederico Rodrigues Santos,spatial_zone_summary,statsbomb_player,Frederico Rodrigues Santos,1,Tier 1 - Exact Match,2026-08-05 17:50:49,
GOAT001795,Nemanja Vidić,spatial_zone_summary,statsbomb_player,Nemanja Vidić,1,Tier 1 - Exact Match,2026-08-05 17:50:49,
GOAT001811,Nicholas Williams Arthuer,spatial_zone_summary,statsbomb_player,Nicholas Williams Arthuer,1,Tier 1 - Exact Match,2026-08-05 17:50:49,
GOAT001796,Nicolas Seiwald,spatial_zone_summary,statsbomb_player,Nicolas Seiwald,1,Tier 1 - Exact Match,2026-08-05 17:50:49,
GOAT001797,Nicolò Barella,spatial_zone_summary,statsbomb_player,Nicolò Barella,1,Tier 1 - Exact Match,2026-08-05 17:50:49,
GOAT001974,David Aganzo Méndez,spatial_zone_summary,statsbomb_player,David Aganzo Méndez,1,Tier 1 - Exact Match,2026-08-05 17:50:49,
GOAT001963,David Beckham,spatial_zone_summary,statsbomb_player,David Beckham,1,Tier 1 - Exact Match,2026-08-05 17:50:49,
GOAT001794,Nemanja Radonjić,spatial_zone_summary,statsbomb_player,Nemanja Radonjić,1,Tier 1 - Exact Match,2026-08-05 17:50:49,
GOAT001912,David Junior Hoilett,spatial_zone_summary,statsbomb_player,David Junior Hoilett,1,Tier 1 - Exact Match,2026-08-05 17:50:49,
GOAT001798,Nahitan Michel Nández Acosta,spatial_zone_summary,statsbomb_player,Nahitan Michel Nández Acosta,1,Tier 1 - Exact Match,2026-08-05 17:50:49,
GOAT001507,Fyodor Smolov,spatial_zone_summary,statsbomb_player,Fyodor Smolov,1,Tier 1 - Exact Match,2026-08-05 17:50:49,
GOAT001802,Kasper Dolberg,spatial_zone_summary,statsbomb_player,Kasper Dolberg,1,Tier 1 - Exact Match,2026-08-05 17:50:49,
GOAT001818,Keanu Baccus,spatial_zone_summary,statsbomb_player,Keanu Baccus,1,Tier 1 - Exact Match,2026-08-05 17:50:49,
GOAT001849,Kennedy Bakircioglu,spatial_zone_summary,statsbomb_player,Kennedy Bakircioglu,1,Tier 1 - Exact Match,2026-08-05 17:50:49,
GOAT001850,Kepa Arrizabalaga Revuelta,spatial_zone_summary,statsbomb_player,Kepa Arrizabalaga Revuelta,1,Tier 1 - Exact Match,2026-08-05 17:50:49,
GOAT001801,Kevin Danso,spatial_zone_summary,statsbomb_player,Kevin Danso,1,Tier 1 - Exact Match,2026-08-05 17:50:49,
GOAT001833,Kevin Mbabu,spatial_zone_summary,statsbomb_player,Kevin Mbabu,1,Tier 1 - Exact Match,2026-08-05 17:50:49,
GOAT001799,Kamal Miller,spatial_zone_summary,statsbomb_player,Kamal Miller,1,Tier 1 - Exact Match,2026-08-05 17:50:49,
GOAT001823,Nauzet Alemán Viera,spatial_zone_summary,statsbomb_player,Nauzet Alemán Viera,1,Tier 1 - Exact Match,2026-08-05 17:50:49,
GOAT001824,Nawaf Shaker Al Abid,spatial_zone_summary,statsbomb_player,Nawaf Shaker Al Abid,1,Tier 1 - Exact Match,2026-08-05 17:50:49,
GOAT001825,Nayef Aguerd,spatial_zone_summary,statsbomb_player,Nayef Aguerd,1,Tier 1 - Exact Match,2026-08-05 17:50:49,
GOAT001822,Mouctar Diakhaby,spatial_zone_summary,statsbomb_player,Mouctar Diakhaby,1,Tier 1 - Exact Match,2026-08-05 17:50:49,
GOAT001843,Munir Mohand Mohamedi,spatial_zone_summary,statsbomb_player,Munir Mohand Mohamedi,1,Tier 1 - Exact Match,2026-08-05 17:50:49,
GOAT001949,David Cuéllar Tainta,spatial_zone_summary,statsbomb_player,David Cuéllar Tainta,1,Tier 1 - Exact Match,2026-08-05 17:50:49,
GOAT001950,David Ferreiro Quiroga,spatial_zone_summary,statsbomb_player,David Ferreiro Quiroga,1,Tier 1 - Exact Match,2026-08-05 17:50:49,
GOAT001848,Kevin Vázquez Comesaña,spatial_zone_summary,statsbomb_player,Kevin Vázquez Comesaña,1,Tier 1 - Exact Match,2026-08-05 17:50:49,
GOAT001782,Francisco José Perdomo Borges,spatial_zone_summary,statsbomb_player,Francisco José Perdomo Borges,1,Tier 1 - Exact Match,2026-08-05 17:50:49,
GOAT001767,Francisco Mérida Pérez,spatial_zone_summary,statsbomb_player,Francisco Mérida Pérez,1,Tier 1 - Exact Match,2026-08-05 17:50:49,
GOAT001653,Francisco Sebastián Nadal Martorell,spatial_zone_summary,statsbomb_player,Francisco Sebastián Nadal Martorell,1,Tier 1 - Exact Match,2026-08-05 17:50:49,
GOAT001911,David Generelo Miranda,spatial_zone_summary,statsbomb_player,David Generelo Miranda,1,Tier 1 - Exact Match,2026-08-05 17:50:49,
GOAT001815,Moon-Hwan Kim,spatial_zone_summary,statsbomb_player,Moon-Hwan Kim,1,Tier 1 - Exact Match,2026-08-05 17:50:49,
GOAT001883,David Omar Rodríguez Barrera,spatial_zone_summary,statsbomb_player,David Omar Rodríguez Barrera,1,Tier 1 - Exact Match,2026-08-05 17:50:49,
GOAT001884,David Sergio Trézéguet,spatial_zone_summary,statsbomb_player,David Sergio Trézéguet,1,Tier 1 - Exact Match,2026-08-05 17:50:49,
GOAT001885,David Simón Rodríguez Santana,spatial_zone_summary,statsbomb_player,David Simón Rodríguez Santana,1,Tier 1 - Exact Match,2026-08-05 17:50:49,
GOAT001846,Modibo Sagnan,spatial_zone_summary,statsbomb_player,Modibo Sagnan,1,Tier 1 - Exact Match,2026-08-05 17:50:49,
GOAT001847,Modou Barrow,spatial_zone_summary,statsbomb_player,Modou Barrow,1,Tier 1 - Exact Match,2026-08-05 17:50:49,
GOAT001826,Mohamed El Yaagoubi,spatial_zone_summary,statsbomb_player,Mohamed El Yaagoubi,1,Tier 1 - Exact Match,2026-08-05 17:50:49,
GOAT001827,Mohamed Salisu,spatial_zone_summary,statsbomb_player,Mohamed Salisu,1,Tier 1 - Exact Match,2026-08-05 17:50:49,
GOAT001828,Mohammed Al Burayk,spatial_zone_summary,statsbomb_player,Mohammed Al Burayk,1,Tier 1 - Exact Match,2026-08-05 17:50:49,
GOAT001854,Mohammed Kanoo,spatial_zone_summary,statsbomb_player,Mohammed Kanoo,1,Tier 1 - Exact Match,2026-08-05 17:50:49,
GOAT001855,Mohammed Khalil Al Owais,spatial_zone_summary,statsbomb_player,Mohammed Khalil Al Owais,1,Tier 1 - Exact Match,2026-08-05 17:50:49,
GOAT001864,Kolo Habib Touré,spatial_zone_summary,statsbomb_player,Kolo Habib Touré,1,Tier 1 - Exact Match,2026-08-05 17:50:49,
GOAT001865,Konrad Laimer,spatial_zone_summary,statsbomb_player,Konrad Laimer,1,Tier 1 - Exact Match,2026-08-05 17:50:49,
GOAT001861,Francisco Gámez López,spatial_zone_summary,statsbomb_player,Francisco Gámez López,1,Tier 1 - Exact Match,2026-08-05 17:50:49,
GOAT001862,Francisco Javier Guerrero Martín,spatial_zone_summary,statsbomb_player,Francisco Javier Guerrero Martín,1,Tier 1 - Exact Match,2026-08-05 17:50:49,
GOAT001719,Francisco Javier Rodríguez Vílchez,spatial_zone_summary,statsbomb_player,Francisco Javier Rodríguez Vílchez,1,Tier 1 - Exact Match,2026-08-05 17:50:49,
GOAT001831,Moise Bombito,spatial_zone_summary,statsbomb_player,Moise Bombito,1,Tier 1 - Exact Match,2026-08-05 17:50:49,
GOAT001817,Delio Cesar Toledo,spatial_zone_summary,statsbomb_player,Delio Cesar Toledo,1,Tier 1 - Exact Match,2026-08-05 17:50:49,
GOAT001832,Mikkel Damsgaard,spatial_zone_summary,statsbomb_player,Mikkel Damsgaard,1,Tier 1 - Exact Match,2026-08-05 17:50:49,
GOAT001838,Milan Badelj,spatial_zone_summary,statsbomb_player,Milan Badelj,1,Tier 1 - Exact Match,2026-08-05 17:50:49,
GOAT001839,Milan Borjan,spatial_zone_summary,statsbomb_player,Milan Borjan,1,Tier 1 - Exact Match,2026-08-05 17:50:49,
GOAT001840,Milan Škriniar,spatial_zone_summary,statsbomb_player,Milan Škriniar,1,Tier 1 - Exact Match,2026-08-05 17:50:49,
GOAT001841,Mile Jedinak,spatial_zone_summary,statsbomb_player,Mile Jedinak,1,Tier 1 - Exact Match,2026-08-05 17:50:49,
GOAT001842,Milos Veljkovic,spatial_zone_summary,statsbomb_player,Milos Veljkovic,1,Tier 1 - Exact Match,2026-08-05 17:50:49,
GOAT001860,Miloš Degenek,spatial_zone_summary,statsbomb_player,Miloš Degenek,1,Tier 1 - Exact Match,2026-08-05 17:50:49,
GOAT001844,Mitchell Thomas Duke,spatial_zone_summary,statsbomb_player,Mitchell Thomas Duke,1,Tier 1 - Exact Match,2026-08-05 17:50:49,
GOAT001845,Modeste M''bami,spatial_zone_summary,statsbomb_player,Modeste M''bami,1,Tier 1 - Exact Match,2026-08-05 17:50:49,
GOAT001852,Mikel Alonso Olano,spatial_zone_summary,statsbomb_player,Mikel Alonso Olano,1,Tier 1 - Exact Match,2026-08-05 17:50:49,
GOAT001836,Davinson Sánchez Mina,spatial_zone_summary,statsbomb_player,Davinson Sánchez Mina,1,Tier 1 - Exact Match,2026-08-05 17:50:49,
GOAT001837,Dawid Kownacki,spatial_zone_summary,statsbomb_player,Dawid Kownacki,1,Tier 1 - Exact Match,2026-08-05 17:50:49,
GOAT001787,Declan Rice,spatial_zone_summary,statsbomb_player,Declan Rice,1,Tier 1 - Exact Match,2026-08-05 17:50:49,
GOAT001781,Francisco Joaquín Pérez Rufete,spatial_zone_summary,statsbomb_player,Francisco Joaquín Pérez Rufete,1,Tier 1 - Exact Match,2026-08-05 17:50:49,
GOAT001866,Kye Rowles,spatial_zone_summary,statsbomb_player,Kye Rowles,1,Tier 1 - Exact Match,2026-08-05 17:50:49,
GOAT001851,Kévin Manuel Rodrigues,spatial_zone_summary,statsbomb_player,Kévin Manuel Rodrigues,1,Tier 1 - Exact Match,2026-08-05 17:50:49,
GOAT001899,Lamine Yamal Nasraoui Ebana,spatial_zone_summary,statsbomb_player,Lamine Yamal Nasraoui Ebana,1,Tier 1 - Exact Match,2026-08-05 17:50:49,
GOAT001956,Francesc Arnau,spatial_zone_summary,statsbomb_player,Francesc Arnau,1,Tier 1 - Exact Match,2026-08-05 17:50:49,
GOAT001957,Francis Odinaka Uzoho,spatial_zone_summary,statsbomb_player,Francis Odinaka Uzoho,1,Tier 1 - Exact Match,2026-08-05 17:50:49,
GOAT001958,Francisco Andrés Silva Gajardo,spatial_zone_summary,statsbomb_player,Francisco Andrés Silva Gajardo,1,Tier 1 - Exact Match,2026-08-05 17:50:49,
GOAT001816,Dejan Lekić,spatial_zone_summary,statsbomb_player,Dejan Lekić,1,Tier 1 - Exact Match,2026-08-05 17:50:49,
GOAT001859,Miguel Pérez Cuesta,spatial_zone_summary,statsbomb_player,Miguel Pérez Cuesta,1,Tier 1 - Exact Match,2026-08-05 17:50:49,
GOAT001873,Miguel Ángel Ferrer Martínez,spatial_zone_summary,statsbomb_player,Miguel Ángel Ferrer Martínez,1,Tier 1 - Exact Match,2026-08-05 17:50:49,
GOAT001804,Denis Lemi Zakaria Lako Lado,spatial_zone_summary,statsbomb_player,Denis Lemi Zakaria Lako Lado,1,Tier 1 - Exact Match,2026-08-05 17:50:49,
GOAT001785,Denis Vavro,spatial_zone_summary,statsbomb_player,Denis Vavro,1,Tier 1 - Exact Match,2026-08-05 17:50:49,
GOAT001786,Derek Cornelius,spatial_zone_summary,statsbomb_player,Derek Cornelius,1,Tier 1 - Exact Match,2026-08-05 17:50:49,
GOAT001789,Didier Digard,spatial_zone_summary,statsbomb_player,Didier Digard,1,Tier 1 - Exact Match,2026-08-05 17:50:49,
GOAT001914,Laurent Koscielny,spatial_zone_summary,statsbomb_player,Laurent Koscielny,1,Tier 1 - Exact Match,2026-08-05 17:50:49,
GOAT001915,Laurențiu Dumitru Roșu,spatial_zone_summary,statsbomb_player,Laurențiu Dumitru Roșu,1,Tier 1 - Exact Match,2026-08-05 17:50:49,
GOAT001916,Leandro Andrés Gioda,spatial_zone_summary,statsbomb_player,Leandro Andrés Gioda,1,Tier 1 - Exact Match,2026-08-05 17:50:49,
GOAT001897,Leandro Chichizola,spatial_zone_summary,statsbomb_player,Leandro Chichizola,1,Tier 1 - Exact Match,2026-08-05 17:50:49,
GOAT001867,Leon Aderemi Balogun,spatial_zone_summary,statsbomb_player,Leon Aderemi Balogun,1,Tier 1 - Exact Match,2026-08-05 17:50:49,
GOAT001898,Leon Britton,spatial_zone_summary,statsbomb_player,Leon Britton,1,Tier 1 - Exact Match,2026-08-05 17:50:49,
GOAT001788,Diego Alejandro Rolan Silva,spatial_zone_summary,statsbomb_player,Diego Alejandro Rolan Silva,1,Tier 1 - Exact Match,2026-08-05 17:50:49,
GOAT001887,Michail Antonio,spatial_zone_summary,statsbomb_player,Michail Antonio,1,Tier 1 - Exact Match,2026-08-05 17:50:49,
GOAT001874,Michał Pazdan,spatial_zone_summary,statsbomb_player,Michał Pazdan,1,Tier 1 - Exact Match,2026-08-05 17:50:49,
GOAT001869,Michał Skóraś,spatial_zone_summary,statsbomb_player,Michał Skóraś,1,Tier 1 - Exact Match,2026-08-05 17:50:49,
GOAT001870,Mickaël Malsa,spatial_zone_summary,statsbomb_player,Mickaël Malsa,1,Tier 1 - Exact Match,2026-08-05 17:50:49,
GOAT001871,Miguel Arturo Layún Prado,spatial_zone_summary,statsbomb_player,Miguel Arturo Layún Prado,1,Tier 1 - Exact Match,2026-08-05 17:50:49,
GOAT001856,Miguel Baeza Pérez,spatial_zone_summary,statsbomb_player,Miguel Baeza Pérez,1,Tier 1 - Exact Match,2026-08-05 17:50:49,
GOAT001720,Dimitri Payet,spatial_zone_summary,statsbomb_player,Dimitri Payet,1,Tier 1 - Exact Match,2026-08-05 17:50:49,
GOAT001879,Mehdi Carcela-González,spatial_zone_summary,statsbomb_player,Mehdi Carcela-González,1,Tier 1 - Exact Match,2026-08-05 17:50:49,
GOAT001872,Michael Carrick,spatial_zone_summary,statsbomb_player,Michael Carrick,1,Tier 1 - Exact Match,2026-08-05 17:50:49,
GOAT001707,Diego Camacho Quesada,spatial_zone_summary,statsbomb_player,Diego Camacho Quesada,1,Tier 1 - Exact Match,2026-08-05 17:50:49,
GOAT001932,Leonardo Neoren Franco,spatial_zone_summary,statsbomb_player,Leonardo Neoren Franco,1,Tier 1 - Exact Match,2026-08-05 17:50:49,
GOAT001933,Leroy Sané,spatial_zone_summary,statsbomb_player,Leroy Sané,1,Tier 1 - Exact Match,2026-08-05 17:50:49,
GOAT001934,Lewis Grabban,spatial_zone_summary,statsbomb_player,Lewis Grabban,1,Tier 1 - Exact Match,2026-08-05 17:50:49,
GOAT001722,Filip Bradarić,spatial_zone_summary,statsbomb_player,Filip Bradarić,1,Tier 1 - Exact Match,2026-08-05 17:50:49,
GOAT001724,Firas Tariq Nasser Al Albirakan,spatial_zone_summary,statsbomb_player,Firas Tariq Nasser Al Albirakan,1,Tier 1 - Exact Match,2026-08-05 17:50:49,
GOAT001948,Florian Grillitsch,spatial_zone_summary,statsbomb_player,Florian Grillitsch,1,Tier 1 - Exact Match,2026-08-05 17:50:49,
GOAT001834,Florian Thauvin,spatial_zone_summary,statsbomb_player,Florian Thauvin,1,Tier 1 - Exact Match,2026-08-05 17:50:49,
GOAT001886,Michael Gregoritsch,spatial_zone_summary,statsbomb_player,Michael Gregoritsch,1,Tier 1 - Exact Match,2026-08-05 17:50:49,
GOAT001745,Dorlan Mauricio Pabón Ríos,spatial_zone_summary,statsbomb_player,Dorlan Mauricio Pabón Ríos,1,Tier 1 - Exact Match,2026-08-05 17:50:49,
GOAT001876,Maxime Crépeau,spatial_zone_summary,statsbomb_player,Maxime Crépeau,1,Tier 1 - Exact Match,2026-08-05 17:50:49,
GOAT001894,Maximilian Wöber,spatial_zone_summary,statsbomb_player,Maximilian Wöber,1,Tier 1 - Exact Match,2026-08-05 17:50:49,
GOAT001895,Maximiliano Gastón López,spatial_zone_summary,statsbomb_player,Maximiliano Gastón López,1,Tier 1 - Exact Match,2026-08-05 17:50:49,
GOAT001708,Diego Sebastián Laxalt Suárez,spatial_zone_summary,statsbomb_player,Diego Sebastián Laxalt Suárez,1,Tier 1 - Exact Match,2026-08-05 17:50:49,
GOAT001532,Fernando Martín Forestieri,spatial_zone_summary,statsbomb_player,Fernando Martín Forestieri,1,Tier 1 - Exact Match,2026-08-05 17:50:49,
GOAT001723,Fernando Morientes Sánchez,spatial_zone_summary,statsbomb_player,Fernando Morientes Sánchez,1,Tier 1 - Exact Match,2026-08-05 17:50:49,
GOAT001691,Fernando Sanz Durán,spatial_zone_summary,statsbomb_player,Fernando Sanz Durán,1,Tier 1 - Exact Match,2026-08-05 17:50:49,
GOAT001692,Fernando Vega Torres,spatial_zone_summary,statsbomb_player,Fernando Vega Torres,1,Tier 1 - Exact Match,2026-08-05 17:50:49,
GOAT001905,Matthias Ginter,spatial_zone_summary,statsbomb_player,Matthias Ginter,1,Tier 1 - Exact Match,2026-08-05 17:50:49,
GOAT001880,Matías Ariel Fernández Fernández,spatial_zone_summary,statsbomb_player,Matías Ariel Fernández Fernández,1,Tier 1 - Exact Match,2026-08-05 17:50:49,
GOAT001881,Matías Emanuel Lequi,spatial_zone_summary,statsbomb_player,Matías Emanuel Lequi,1,Tier 1 - Exact Match,2026-08-05 17:50:49,
GOAT001882,Matías Lionel Fritzler,spatial_zone_summary,statsbomb_player,Matías Lionel Fritzler,1,Tier 1 - Exact Match,2026-08-05 17:50:49,
GOAT001678,Domingo Nagore Arbizu,spatial_zone_summary,statsbomb_player,Domingo Nagore Arbizu,1,Tier 1 - Exact Match,2026-08-05 17:50:49,
GOAT001891,Mathias Jørgensen Jatta,spatial_zone_summary,statsbomb_player,Mathias Jørgensen Jatta,1,Tier 1 - Exact Match,2026-08-05 17:50:49,
GOAT001892,Matt Ritchie,spatial_zone_summary,statsbomb_player,Matt Ritchie,1,Tier 1 - Exact Match,2026-08-05 17:50:49,
GOAT001893,Matteo Contini,spatial_zone_summary,statsbomb_player,Matteo Contini,1,Tier 1 - Exact Match,2026-08-05 17:50:49,
GOAT001904,Matteo Darmian,spatial_zone_summary,statsbomb_player,Matteo Darmian,1,Tier 1 - Exact Match,2026-08-05 17:50:49,
GOAT001888,Mason Mount,spatial_zone_summary,statsbomb_player,Mason Mount,1,Tier 1 - Exact Match,2026-08-05 17:50:49,
GOAT001688,Eddy Silvestre Pascual İsrafilov,spatial_zone_summary,statsbomb_player,Eddy Silvestre Pascual İsrafilov,1,Tier 1 - Exact Match,2026-08-05 17:50:49,
GOAT001657,Edgar Patricio De Carvalho Pacheco,spatial_zone_summary,statsbomb_player,Edgar Patricio De Carvalho Pacheco,1,Tier 1 - Exact Match,2026-08-05 17:50:49,
GOAT001625,Edinson Roberto Cavani Gómez,spatial_zone_summary,statsbomb_player,Edinson Roberto Cavani Gómez,1,Tier 1 - Exact Match,2026-08-05 17:50:49,
GOAT001658,Edson Omar Álvarez Velázquez,spatial_zone_summary,statsbomb_player,Edson Omar Álvarez Velázquez,1,Tier 1 - Exact Match,2026-08-05 17:50:49,
GOAT001951,Loïc Négo,spatial_zone_summary,statsbomb_player,Loïc Négo,1,Tier 1 - Exact Match,2026-08-05 17:50:49,
GOAT001952,Luca Sangalli Fuentes,spatial_zone_summary,statsbomb_player,Luca Sangalli Fuentes,1,Tier 1 - Exact Match,2026-08-05 17:50:49,
GOAT001953,Lucas Ariel Boyé,spatial_zone_summary,statsbomb_player,Lucas Ariel Boyé,1,Tier 1 - Exact Match,2026-08-05 17:50:49,
GOAT001746,Douglas Costa de Souza,spatial_zone_summary,statsbomb_player,Douglas Costa de Souza,1,Tier 1 - Exact Match,2026-08-05 17:50:49,
GOAT001902,Martin Dúbravka,spatial_zone_summary,statsbomb_player,Martin Dúbravka,1,Tier 1 - Exact Match,2026-08-05 17:50:49,
GOAT001907,Martin Petrov,spatial_zone_summary,statsbomb_player,Martin Petrov,1,Tier 1 - Exact Match,2026-08-05 17:50:49,
GOAT001908,Martin Valjent,spatial_zone_summary,statsbomb_player,Martin Valjent,1,Tier 1 - Exact Match,2026-08-05 17:50:49,
GOAT001900,Martin Ødegaard,spatial_zone_summary,statsbomb_player,Martin Ødegaard,1,Tier 1 - Exact Match,2026-08-05 17:50:49,
GOAT001901,Martí Crespí Pascual,spatial_zone_summary,statsbomb_player,Martí Crespí Pascual,1,Tier 1 - Exact Match,2026-08-05 17:50:49,
GOAT001660,Edwin van der Sar,spatial_zone_summary,statsbomb_player,Edwin van der Sar,1,Tier 1 - Exact Match,2026-08-05 17:50:49,
GOAT001641,Eiji Kawashima,spatial_zone_summary,statsbomb_player,Eiji Kawashima,1,Tier 1 - Exact Match,2026-08-05 17:50:49,
GOAT001909,Mark Noble,spatial_zone_summary,statsbomb_player,Mark Noble,1,Tier 1 - Exact Match,2026-08-05 17:50:49,
GOAT001910,Marlon Santos da Silva Barbosa,spatial_zone_summary,statsbomb_player,Marlon Santos da Silva Barbosa,1,Tier 1 - Exact Match,2026-08-05 17:50:49,
GOAT001935,Marin Pongracic,spatial_zone_summary,statsbomb_player,Marin Pongracic,1,Tier 1 - Exact Match,2026-08-05 17:50:49,
GOAT001627,Eduardo Expósito Jaén,spatial_zone_summary,statsbomb_player,Eduardo Expósito Jaén,1,Tier 1 - Exact Match,2026-08-05 17:50:49,
GOAT001659,Eduardo Jesús Vargas Rojas,spatial_zone_summary,statsbomb_player,Eduardo Jesús Vargas Rojas,1,Tier 1 - Exact Match,2026-08-05 17:50:49,
GOAT001928,Lucas Torreira Di Pascua,spatial_zone_summary,statsbomb_player,Lucas Torreira Di Pascua,1,Tier 1 - Exact Match,2026-08-05 17:50:49,
GOAT001984,Luciano Fabián Monzón,spatial_zone_summary,statsbomb_player,Luciano Fabián Monzón,1,Tier 1 - Exact Match,2026-08-05 17:50:49,
GOAT001985,Luciano Martín Galletti,spatial_zone_summary,statsbomb_player,Luciano Martín Galletti,1,Tier 1 - Exact Match,2026-08-05 17:50:49,
GOAT001455,Federico Chiesa,spatial_zone_summary,statsbomb_player,Federico Chiesa,1,Tier 1 - Exact Match,2026-08-05 17:50:49,
GOAT001432,Federico Fernández,spatial_zone_summary,statsbomb_player,Federico Fernández,1,Tier 1 - Exact Match,2026-08-05 17:50:49,
GOAT001427,Federico Piovaccari,spatial_zone_summary,statsbomb_player,Federico Piovaccari,1,Tier 1 - Exact Match,2026-08-05 17:50:49,
GOAT001913,Loukas Vyntra,spatial_zone_summary,statsbomb_player,Loukas Vyntra,1,Tier 1 - Exact Match,2026-08-05 17:50:49,
GOAT001955,Marcos Mauro López Gutiérrez,spatial_zone_summary,statsbomb_player,Marcos Mauro López Gutiérrez,1,Tier 1 - Exact Match,2026-08-05 17:50:49,
GOAT001937,Marcos Sebastián Aguirre,spatial_zone_summary,statsbomb_player,Marcos Sebastián Aguirre,1,Tier 1 - Exact Match,2026-08-05 17:50:49,
GOAT001938,Marcos Tébar Ramiro,spatial_zone_summary,statsbomb_player,Marcos Tébar Ramiro,1,Tier 1 - Exact Match,2026-08-05 17:50:49,
GOAT001644,Ellyes Joris Skhiri,spatial_zone_summary,statsbomb_player,Ellyes Joris Skhiri,1,Tier 1 - Exact Match,2026-08-05 17:50:49,
GOAT001613,Emil Hallfreðsson,spatial_zone_summary,statsbomb_player,Emil Hallfreðsson,1,Tier 1 - Exact Match,2026-08-05 17:50:49,
GOAT001936,Marcos André de Sousa Mendonça,spatial_zone_summary,statsbomb_player,Marcos André de Sousa Mendonça,1,Tier 1 - Exact Match,2026-08-05 17:50:49,
GOAT001592,Emir Spahić,spatial_zone_summary,statsbomb_player,Emir Spahić,1,Tier 1 - Exact Match,2026-08-05 17:50:49,
GOAT001583,Emmanuel Okyere Boateng,spatial_zone_summary,statsbomb_player,Emmanuel Okyere Boateng,1,Tier 1 - Exact Match,2026-08-05 17:50:49,
GOAT001584,Emre Mor,spatial_zone_summary,statsbomb_player,Emre Mor,1,Tier 1 - Exact Match,2026-08-05 17:50:49,
GOAT001560,Endre Botka,spatial_zone_summary,statsbomb_player,Endre Botka,1,Tier 1 - Exact Match,2026-08-05 17:50:49,
GOAT001561,Enner Remberto Valencia Lastra,spatial_zone_summary,statsbomb_player,Enner Remberto Valencia Lastra,1,Tier 1 - Exact Match,2026-08-05 17:50:49,
GOAT001959,Luis Alfonso Espino García,spatial_zone_summary,statsbomb_player,Luis Alfonso Espino García,1,Tier 1 - Exact Match,2026-08-05 17:50:49,
GOAT001960,Luis Antonio Valencia Mosquera,spatial_zone_summary,statsbomb_player,Luis Antonio Valencia Mosquera,1,Tier 1 - Exact Match,2026-08-05 17:50:49,
GOAT001961,Luis Carlos Pereira Carneiro,spatial_zone_summary,statsbomb_player,Luis Carlos Pereira Carneiro,1,Tier 1 - Exact Match,2026-08-05 17:50:49,
GOAT001962,Luis Eduardo Delgado Pacheco,spatial_zone_summary,statsbomb_player,Luis Eduardo Delgado Pacheco,1,Tier 1 - Exact Match,2026-08-05 17:50:49,
GOAT001976,Luis Gerardo Chávez Magallón,spatial_zone_summary,statsbomb_player,Luis Gerardo Chávez Magallón,1,Tier 1 - Exact Match,2026-08-05 17:50:49,
GOAT001977,Luis Jan Piers Advíncula Castrillón,spatial_zone_summary,statsbomb_player,Luis Jan Piers Advíncula Castrillón,1,Tier 1 - Exact Match,2026-08-05 17:50:49,
GOAT001978,Luis Javier Suárez Charris,spatial_zone_summary,statsbomb_player,Luis Javier Suárez Charris,1,Tier 1 - Exact Match,2026-08-05 17:50:49,
GOAT001940,Marc Pugh,spatial_zone_summary,statsbomb_player,Marc Pugh,1,Tier 1 - Exact Match,2026-08-05 17:50:49,
GOAT001941,Marcel Sabitzer,spatial_zone_summary,statsbomb_player,Marcel Sabitzer,1,Tier 1 - Exact Match,2026-08-05 17:50:49,
GOAT001945,Marco Andreolli,spatial_zone_summary,statsbomb_player,Marco Andreolli,1,Tier 1 - Exact Match,2026-08-05 17:50:49,
GOAT001946,Marco Aurélio Brito Dos Prazeres,spatial_zone_summary,statsbomb_player,Marco Aurélio Brito Dos Prazeres,1,Tier 1 - Exact Match,2026-08-05 17:50:49,
GOAT001954,Manuel Reina Rodríguez,spatial_zone_summary,statsbomb_player,Manuel Reina Rodríguez,1,Tier 1 - Exact Match,2026-08-05 17:50:49,
GOAT001971,Manuel Torres Caturla,spatial_zone_summary,statsbomb_player,Manuel Torres Caturla,1,Tier 1 - Exact Match,2026-08-05 17:50:49,
GOAT001972,Marc Cardona Rovira,spatial_zone_summary,statsbomb_player,Marc Cardona Rovira,1,Tier 1 - Exact Match,2026-08-05 17:50:49,
GOAT001939,Marc Navarro Ceciliano,spatial_zone_summary,statsbomb_player,Marc Navarro Ceciliano,1,Tier 1 - Exact Match,2026-08-05 17:50:49,
GOAT001531,Enrique Corrales Martín,spatial_zone_summary,statsbomb_player,Enrique Corrales Martín,1,Tier 1 - Exact Match,2026-08-05 17:50:49,
GOAT001529,Enrique Mateo Montoya,spatial_zone_summary,statsbomb_player,Enrique Mateo Montoya,1,Tier 1 - Exact Match,2026-08-05 17:50:49,
GOAT001530,Enrique Pérez Muñoz,spatial_zone_summary,statsbomb_player,Enrique Pérez Muñoz,1,Tier 1 - Exact Match,2026-08-05 17:50:49,
GOAT001521,Enrique Sola Clemente,spatial_zone_summary,statsbomb_player,Enrique Sola Clemente,1,Tier 1 - Exact Match,2026-08-05 17:50:49,
GOAT001979,Luis Morán Sánchez,spatial_zone_summary,statsbomb_player,Luis Morán Sánchez,1,Tier 1 - Exact Match,2026-08-05 17:50:49,
GOAT001453,Fabio Coltorti,spatial_zone_summary,statsbomb_player,Fabio Coltorti,1,Tier 1 - Exact Match,2026-08-05 17:50:49,
GOAT001424,Fabricio Fabio Fuentes,spatial_zone_summary,statsbomb_player,Fabricio Fabio Fuentes,1,Tier 1 - Exact Match,2026-08-05 17:50:49,
GOAT001386,Fabricio Martín Agosto Ramírez,spatial_zone_summary,statsbomb_player,Fabricio Martín Agosto Ramírez,1,Tier 1 - Exact Match,2026-08-05 17:50:49,
GOAT001519,Erik Morán Arribas,spatial_zone_summary,statsbomb_player,Erik Morán Arribas,1,Tier 1 - Exact Match,2026-08-05 17:50:49,
GOAT001520,Ernesto Alexis Vega Rojas,spatial_zone_summary,statsbomb_player,Ernesto Alexis Vega Rojas,1,Tier 1 - Exact Match,2026-08-05 17:50:49,
GOAT001447,Ezequiel Luna,spatial_zone_summary,statsbomb_player,Ezequiel Luna,1,Tier 1 - Exact Match,2026-08-05 17:50:49,
GOAT001448,Fabiano Eler dos Santos,spatial_zone_summary,statsbomb_player,Fabiano Eler dos Santos,1,Tier 1 - Exact Match,2026-08-05 17:50:49,
GOAT001969,László Sepsi,spatial_zone_summary,statsbomb_player,László Sepsi,1,Tier 1 - Exact Match,2026-08-05 17:50:49,
GOAT001970,Lévy Clément Madinda,spatial_zone_summary,statsbomb_player,Lévy Clément Madinda,1,Tier 1 - Exact Match,2026-08-05 17:50:49,
GOAT001980,Makoto Hasebe,spatial_zone_summary,statsbomb_player,Makoto Hasebe,1,Tier 1 - Exact Match,2026-08-05 17:50:49,
GOAT001981,Mamadou Koné,spatial_zone_summary,statsbomb_player,Mamadou Koné,1,Tier 1 - Exact Match,2026-08-05 17:50:49,
GOAT001982,Mame Biram Diouf,spatial_zone_summary,statsbomb_player,Mame Biram Diouf,1,Tier 1 - Exact Match,2026-08-05 17:50:49,
GOAT001454,Fausto Rossi,spatial_zone_summary,statsbomb_player,Fausto Rossi,1,Tier 1 - Exact Match,2026-08-05 17:50:49,
GOAT001983,Lukáš Haraslín,spatial_zone_summary,statsbomb_player,Lukáš Haraslín,1,Tier 1 - Exact Match,2026-08-05 17:50:49,
GOAT001973,Luís Carlos Almeida da Cunha,spatial_zone_summary,statsbomb_player,Luís Carlos Almeida da Cunha,1,Tier 1 - Exact Match,2026-08-05 17:50:49,
GOAT001968,László Kleinheisler,spatial_zone_summary,statsbomb_player,László Kleinheisler,1,Tier 1 - Exact Match,2026-08-05 17:50:49,
GOAT001467,Etienne Capoue,spatial_zone_summary,statsbomb_player,Etienne Capoue,1,Tier 1 - Exact Match,2026-08-05 17:50:49,
GOAT001470,Eunan O''Kane,spatial_zone_summary,statsbomb_player,Eunan O''Kane,1,Tier 1 - Exact Match,2026-08-05 17:50:49,
GOAT001997,Aaron Ramsey,spatial_zone_summary,statsbomb_player,Aaron Ramsey,1,Tier 1 - Exact Match,2026-08-05 17:50:49,
GOAT001382,Édison Michael Flores Peralta,spatial_zone_summary,statsbomb_player,Édison Michael Flores Peralta,1,Tier 1 - Exact Match,2026-08-05 17:50:49,
GOAT001996,Óscar David Romero Villamayor,spatial_zone_summary,statsbomb_player,Óscar David Romero Villamayor,1,Tier 1 - Exact Match,2026-08-05 17:50:49,
GOAT001995,Óscar Guido Trejo,spatial_zone_summary,statsbomb_player,Óscar Guido Trejo,1,Tier 1 - Exact Match,2026-08-05 17:50:49,
GOAT001990,Abdoulaye Ba,spatial_zone_summary,statsbomb_player,Abdoulaye Ba,1,Tier 1 - Exact Match,2026-08-05 17:50:49,
GOAT001715,Adrián López Rodríguez,spatial_zone_summary,statsbomb_player,Adrián López Rodríguez,1,Tier 1 - Exact Match,2026-08-05 17:50:49,
GOAT001986,Łukasz Fabiański,spatial_zone_summary,statsbomb_player,Łukasz Fabiański,1,Tier 1 - Exact Match,2026-08-05 17:50:49,
GOAT001391,Łukasz Teodorczyk,spatial_zone_summary,statsbomb_player,Łukasz Teodorczyk,1,Tier 1 - Exact Match,2026-08-05 17:50:49,
GOAT001387,Jaroslav Plašil,spatial_zone_summary,statsbomb_player,Jaroslav Plašil,1,Tier 1 - Exact Match,2026-08-05 17:50:49,
GOAT003195,Jakub Jankto,spatial_passing_centrality,statsbomb_player,Jakub Jankto,1,Tier 1 - Exact Match,2026-08-05 17:50:49,
GOAT003195,Jakub Jankto,spatial_zone_summary,statsbomb_player,Jakub Jankto,1,Tier 1 - Exact Match,2026-08-05 17:50:49,
GOAT003200,Jakub Świerczok,spatial_passing_centrality,statsbomb_player,Jakub Świerczok,1,Tier 1 - Exact Match,2026-08-05 17:50:49,
GOAT003200,Jakub Świerczok,spatial_zone_summary,statsbomb_player,Jakub Świerczok,1,Tier 1 - Exact Match,2026-08-05 17:50:49,
GOAT003236,James Grant Chester,spatial_passing_centrality,statsbomb_player,James Grant Chester,1,Tier 1 - Exact Match,2026-08-05 17:50:49,
GOAT003236,James Grant Chester,spatial_zone_summary,statsbomb_player,James Grant Chester,1,Tier 1 - Exact Match,2026-08-05 17:50:49,
GOAT003270,Abdullahi Shehu,spatial_passing_centrality,statsbomb_player,Abdullahi Shehu,1,Tier 1 - Exact Match,2026-08-05 17:50:49,
GOAT003270,Abdullahi Shehu,spatial_zone_summary,statsbomb_player,Abdullahi Shehu,1,Tier 1 - Exact Match,2026-08-05 17:50:49,
GOAT003273,Óscar Montiel Marín,spatial_passing_centrality,statsbomb_player,Óscar Montiel Marín,1,Tier 1 - Exact Match,2026-08-05 17:50:49,
GOAT003273,Óscar Montiel Marín,spatial_zone_summary,statsbomb_player,Óscar Montiel Marín,1,Tier 1 - Exact Match,2026-08-05 17:50:49,
GOAT001998,Óscar Sánchez Fuentes,spatial_passing_centrality,statsbomb_player,Óscar Sánchez Fuentes,1,Tier 1 - Exact Match,2026-08-05 17:50:49,
GOAT001998,Óscar Sánchez Fuentes,spatial_zone_summary,statsbomb_player,Óscar Sánchez Fuentes,1,Tier 1 - Exact Match,2026-08-05 17:50:49,
GOAT003267,İsmail Yüksek,spatial_passing_centrality,statsbomb_player,İsmail Yüksek,1,Tier 1 - Exact Match,2026-08-05 17:50:49,
GOAT003267,İsmail Yüksek,spatial_zone_summary,statsbomb_player,İsmail Yüksek,1,Tier 1 - Exact Match,2026-08-05 17:50:49,
GOAT002027,Álvaro García Rivera,spatial_passing_centrality,statsbomb_player,Álvaro García Rivera,1,Tier 1 - Exact Match,2026-08-05 17:50:49,
GOAT002027,Álvaro García Rivera,spatial_zone_summary,statsbomb_player,Álvaro García Rivera,1,Tier 1 - Exact Match,2026-08-05 17:50:49,
GOAT002028,Álvaro José Jiménez Guerrero,spatial_passing_centrality,statsbomb_player,Álvaro José Jiménez Guerrero,1,Tier 1 - Exact Match,2026-08-05 17:50:49,
GOAT002028,Álvaro José Jiménez Guerrero,spatial_zone_summary,statsbomb_player,Álvaro José Jiménez Guerrero,1,Tier 1 - Exact Match,2026-08-05 17:50:49,
GOAT003245,Álvaro Juan Cruz Armada,spatial_passing_centrality,statsbomb_player,Álvaro Juan Cruz Armada,1,Tier 1 - Exact Match,2026-08-05 17:50:49,
GOAT003245,Álvaro Juan Cruz Armada,spatial_zone_summary,statsbomb_player,Álvaro Juan Cruz Armada,1,Tier 1 - Exact Match,2026-08-05 17:50:49,
GOAT002004,Álvaro Mejía Pérez,spatial_passing_centrality,statsbomb_player,Álvaro Mejía Pérez,1,Tier 1 - Exact Match,2026-08-05 17:50:49,
GOAT002004,Álvaro Mejía Pérez,spatial_zone_summary,statsbomb_player,Álvaro Mejía Pérez,1,Tier 1 - Exact Match,2026-08-05 17:50:49,
GOAT003261,Álvaro Tejero Sacristán,spatial_passing_centrality,statsbomb_player,Álvaro Tejero Sacristán,1,Tier 1 - Exact Match,2026-08-05 17:50:49,
GOAT003261,Álvaro Tejero Sacristán,spatial_zone_summary,statsbomb_player,Álvaro Tejero Sacristán,1,Tier 1 - Exact Match,2026-08-05 17:50:49,
GOAT002955,Adam Federici,spatial_passing_centrality,statsbomb_player,Adam Federici,1,Tier 1 - Exact Match,2026-08-05 17:50:49,
GOAT002955,Adam Federici,spatial_zone_summary,statsbomb_player,Adam Federici,1,Tier 1 - Exact Match,2026-08-05 17:50:49,
GOAT002177,Alain Nef,spatial_passing_centrality,statsbomb_player,Alain Nef,1,Tier 1 - Exact Match,2026-08-05 17:50:49,
GOAT002177,Alain Nef,spatial_zone_summary,statsbomb_player,Alain Nef,1,Tier 1 - Exact Match,2026-08-05 17:50:49,
GOAT002178,Alan Dzagoev,spatial_passing_centrality,statsbomb_player,Alan Dzagoev,1,Tier 1 - Exact Match,2026-08-05 17:50:49,
GOAT002178,Alan Dzagoev,spatial_zone_summary,statsbomb_player,Alan Dzagoev,1,Tier 1 - Exact Match,2026-08-05 17:50:49,
GOAT002179,Alan Hutton,spatial_passing_centrality,statsbomb_player,Alan Hutton,1,Tier 1 - Exact Match,2026-08-05 17:50:49,
GOAT002179,Alan Hutton,spatial_zone_summary,statsbomb_player,Alan Hutton,1,Tier 1 - Exact Match,2026-08-05 17:50:49,
GOAT003284,Lukáš Hrádecký,spatial_passing_centrality,statsbomb_player,Lukáš Hrádecký,1,Tier 1 - Exact Match,2026-08-05 17:50:49,
GOAT003284,Lukáš Hrádecký,spatial_zone_summary,statsbomb_player,Lukáš Hrádecký,1,Tier 1 - Exact Match,2026-08-05 17:50:49,
GOAT003283,Lukáš Masopust,spatial_passing_centrality,statsbomb_player,Lukáš Masopust,1,Tier 1 - Exact Match,2026-08-05 17:50:49,
GOAT003283,Lukáš Masopust,spatial_zone_summary,statsbomb_player,Lukáš Masopust,1,Tier 1 - Exact Match,2026-08-05 17:50:49,
GOAT002030,Lukáš Provod,spatial_passing_centrality,statsbomb_player,Lukáš Provod,1,Tier 1 - Exact Match,2026-08-05 17:50:49,
GOAT002030,Lukáš Provod,spatial_zone_summary,statsbomb_player,Lukáš Provod,1,Tier 1 - Exact Match,2026-08-05 17:50:49,
GOAT002031,Lutsharel Geertruida,spatial_passing_centrality,statsbomb_player,Lutsharel Geertruida,1,Tier 1 - Exact Match,2026-08-05 17:50:49,
GOAT002031,Lutsharel Geertruida,spatial_zone_summary,statsbomb_player,Lutsharel Geertruida,1,Tier 1 - Exact Match,2026-08-05 17:50:49,
GOAT002042,Luís Carlos Ramos Martins,spatial_passing_centrality,statsbomb_player,Luís Carlos Ramos Martins,1,Tier 1 - Exact Match,2026-08-05 17:50:49,
GOAT002042,Luís Carlos Ramos Martins,spatial_zone_summary,statsbomb_player,Luís Carlos Ramos Martins,1,Tier 1 - Exact Match,2026-08-05 17:50:49,
GOAT002051,Lyndon Dykes,spatial_passing_centrality,statsbomb_player,Lyndon Dykes,1,Tier 1 - Exact Match,2026-08-05 17:50:49,
GOAT002051,Lyndon Dykes,spatial_zone_summary,statsbomb_player,Lyndon Dykes,1,Tier 1 - Exact Match,2026-08-05 17:50:49,
GOAT003137,Esteban Rodrigo Burgos,spatial_passing_centrality,statsbomb_player,Esteban Rodrigo Burgos,1,Tier 1 - Exact Match,2026-08-05 17:50:49,
GOAT003137,Esteban Rodrigo Burgos,spatial_zone_summary,statsbomb_player,Esteban Rodrigo Burgos,1,Tier 1 - Exact Match,2026-08-05 17:50:49,
GOAT003138,Esteban Rolón,spatial_passing_centrality,statsbomb_player,Esteban Rolón,1,Tier 1 - Exact Match,2026-08-05 17:50:49,
GOAT003138,Esteban Rolón,spatial_zone_summary,statsbomb_player,Esteban Rolón,1,Tier 1 - Exact Match,2026-08-05 17:50:49,
GOAT003042,Eugen Polanski,spatial_passing_centrality,statsbomb_player,Eugen Polanski,1,Tier 1 - Exact Match,2026-08-05 17:50:49,
GOAT003042,Eugen Polanski,spatial_zone_summary,statsbomb_player,Eugen Polanski,1,Tier 1 - Exact Match,2026-08-05 17:50:49,
GOAT003268,Émerson Ferreira da Rosa,spatial_passing_centrality,statsbomb_player,Émerson Ferreira da Rosa,1,Tier 1 - Exact Match,2026-08-05 17:50:49,
GOAT003268,Émerson Ferreira da Rosa,spatial_zone_summary,statsbomb_player,Émerson Ferreira da Rosa,1,Tier 1 - Exact Match,2026-08-05 17:50:49,
GOAT003265,Érick Gabriel Gutiérrez Galaviz,spatial_passing_centrality,statsbomb_player,Érick Gabriel Gutiérrez Galaviz,1,Tier 1 - Exact Match,2026-08-05 17:50:49,
GOAT003265,Érick Gabriel Gutiérrez Galaviz,spatial_zone_summary,statsbomb_player,Érick Gabriel Gutiérrez Galaviz,1,Tier 1 - Exact Match,2026-08-05 17:50:49,
GOAT003266,Íñigo Díaz de Cerio Conejero,spatial_passing_centrality,statsbomb_player,Íñigo Díaz de Cerio Conejero,1,Tier 1 - Exact Match,2026-08-05 17:50:49,
GOAT003266,Íñigo Díaz de Cerio Conejero,spatial_zone_summary,statsbomb_player,Íñigo Díaz de Cerio Conejero,1,Tier 1 - Exact Match,2026-08-05 17:50:49,
GOAT002010,Íñigo Vélez De Mendizábal Fernández De García,spatial_passing_centrality,statsbomb_player,Íñigo Vélez De Mendizábal Fernández De García,1,Tier 1 - Exact Match,2026-08-05 17:50:49,
GOAT002010,Íñigo Vélez De Mendizábal Fernández De García,spatial_zone_summary,statsbomb_player,Íñigo Vélez De Mendizábal Fernández De García,1,Tier 1 - Exact Match,2026-08-05 17:50:49,
GOAT002002,Óscar Alfredo Ustari,spatial_passing_centrality,statsbomb_player,Óscar Alfredo Ustari,1,Tier 1 - Exact Match,2026-08-05 17:50:49,
GOAT002002,Óscar Alfredo Ustari,spatial_zone_summary,statsbomb_player,Óscar Alfredo Ustari,1,Tier 1 - Exact Match,2026-08-05 17:50:49,
GOAT002009,Žan Celar,spatial_passing_centrality,statsbomb_player,Žan Celar,1,Tier 1 - Exact Match,2026-08-05 17:50:49,
GOAT002009,Žan Celar,spatial_zone_summary,statsbomb_player,Žan Celar,1,Tier 1 - Exact Match,2026-08-05 17:50:49,
GOAT003237,James McClean,spatial_passing_centrality,statsbomb_player,James McClean,1,Tier 1 - Exact Match,2026-08-05 17:50:49,
GOAT003237,James McClean,spatial_zone_summary,statsbomb_player,James McClean,1,Tier 1 - Exact Match,2026-08-05 17:50:49,
GOAT002904,Erick Antonio Pulgar Farfán,spatial_passing_centrality,statsbomb_player,Erick Antonio Pulgar Farfán,1,Tier 1 - Exact Match,2026-08-05 17:50:49,
GOAT002904,Erick Antonio Pulgar Farfán,spatial_zone_summary,statsbomb_player,Erick Antonio Pulgar Farfán,1,Tier 1 - Exact Match,2026-08-05 17:50:49,
GOAT003093,Erick Javier Davis Grajales,spatial_passing_centrality,statsbomb_player,Erick Javier Davis Grajales,1,Tier 1 - Exact Match,2026-08-05 17:50:49,
GOAT003093,Erick Javier Davis Grajales,spatial_zone_summary,statsbomb_player,Erick Javier Davis Grajales,1,Tier 1 - Exact Match,2026-08-05 17:50:49,
GOAT003094,Erik Lamela,spatial_passing_centrality,statsbomb_player,Erik Lamela,1,Tier 1 - Exact Match,2026-08-05 17:50:49,
GOAT003094,Erik Lamela,spatial_zone_summary,statsbomb_player,Erik Lamela,1,Tier 1 - Exact Match,2026-08-05 17:50:49,
GOAT002996,Erik Pieters,spatial_passing_centrality,statsbomb_player,Erik Pieters,1,Tier 1 - Exact Match,2026-08-05 17:50:49,
GOAT002996,Erik Pieters,spatial_zone_summary,statsbomb_player,Erik Pieters,1,Tier 1 - Exact Match,2026-08-05 17:50:49,
GOAT002997,Ermedin Demirović,spatial_passing_centrality,statsbomb_player,Ermedin Demirović,1,Tier 1 - Exact Match,2026-08-05 17:50:49,
GOAT002997,Ermedin Demirović,spatial_zone_summary,statsbomb_player,Ermedin Demirović,1,Tier 1 - Exact Match,2026-08-05 17:50:49,
GOAT002998,Ernesto Galán Iñigo,spatial_passing_centrality,statsbomb_player,Ernesto Galán Iñigo,1,Tier 1 - Exact Match,2026-08-05 17:50:49,
GOAT002998,Ernesto Galán Iñigo,spatial_zone_summary,statsbomb_player,Ernesto Galán Iñigo,1,Tier 1 - Exact Match,2026-08-05 17:50:49,
GOAT003171,Ezequiel Muñoz,spatial_passing_centrality,statsbomb_player,Ezequiel Muñoz,1,Tier 1 - Exact Match,2026-08-05 17:50:49,
GOAT003171,Ezequiel Muñoz,spatial_zone_summary,statsbomb_player,Ezequiel Muñoz,1,Tier 1 - Exact Match,2026-08-05 17:50:49,
GOAT003172,Fabio Borini,spatial_passing_centrality,statsbomb_player,Fabio Borini,1,Tier 1 - Exact Match,2026-08-05 17:50:49,
GOAT003172,Fabio Borini,spatial_zone_summary,statsbomb_player,Fabio Borini,1,Tier 1 - Exact Match,2026-08-05 17:50:49,
GOAT002052,M'Baye Babacar Niang,spatial_passing_centrality,statsbomb_player,M'Baye Babacar Niang,1,Tier 1 - Exact Match,2026-08-05 17:50:49,
GOAT002052,M'Baye Babacar Niang,spatial_zone_summary,statsbomb_player,M'Baye Babacar Niang,1,Tier 1 - Exact Match,2026-08-05 17:50:49,
GOAT002053,Maarten Stekelenburg,spatial_passing_centrality,statsbomb_player,Maarten Stekelenburg,1,Tier 1 - Exact Match,2026-08-05 17:50:49,
GOAT002053,Maarten Stekelenburg,spatial_zone_summary,statsbomb_player,Maarten Stekelenburg,1,Tier 1 - Exact Match,2026-08-05 17:50:49,
GOAT002054,MacDonald Mariga Wanyama,spatial_passing_centrality,statsbomb_player,MacDonald Mariga Wanyama,1,Tier 1 - Exact Match,2026-08-05 17:50:49,
GOAT002054,MacDonald Mariga Wanyama,spatial_zone_summary,statsbomb_player,MacDonald Mariga Wanyama,1,Tier 1 - Exact Match,2026-08-05 17:50:49,
GOAT003282,Mamadou Sylla Diallo,spatial_passing_centrality,statsbomb_player,Mamadou Sylla Diallo,1,Tier 1 - Exact Match,2026-08-05 17:50:49,
GOAT003282,Mamadou Sylla Diallo,spatial_zone_summary,statsbomb_player,Mamadou Sylla Diallo,1,Tier 1 - Exact Match,2026-08-05 17:50:49,
GOAT002057,Manuel Fernández Muñíz,spatial_passing_centrality,statsbomb_player,Manuel Fernández Muñíz,1,Tier 1 - Exact Match,2026-08-05 17:50:49,
GOAT002057,Manuel Fernández Muñíz,spatial_zone_summary,statsbomb_player,Manuel Fernández Muñíz,1,Tier 1 - Exact Match,2026-08-05 17:50:49,
GOAT002058,Manuel Herrera Yagüe,spatial_passing_centrality,statsbomb_player,Manuel Herrera Yagüe,1,Tier 1 - Exact Match,2026-08-05 17:50:49,
GOAT002058,Manuel Herrera Yagüe,spatial_zone_summary,statsbomb_player,Manuel Herrera Yagüe,1,Tier 1 - Exact Match,2026-08-05 17:50:49,
GOAT002059,Manuel Javier Vallejo Galván,spatial_passing_centrality,statsbomb_player,Manuel Javier Vallejo Galván,1,Tier 1 - Exact Match,2026-08-05 17:50:49,
GOAT002059,Manuel Javier Vallejo Galván,spatial_zone_summary,statsbomb_player,Manuel Javier Vallejo Galván,1,Tier 1 - Exact Match,2026-08-05 17:50:49,
GOAT002083,Luke Shaw,spatial_passing_centrality,statsbomb_player,Luke Shaw,1,Tier 1 - Exact Match,2026-08-05 17:50:49,
GOAT002083,Luke Shaw,spatial_zone_summary,statsbomb_player,Luke Shaw,1,Tier 1 - Exact Match,2026-08-05 17:50:49,
GOAT003280,Luiz Gustavo Dias,spatial_passing_centrality,statsbomb_player,Luiz Gustavo Dias,1,Tier 1 - Exact Match,2026-08-05 17:50:49,
GOAT003280,Luiz Gustavo Dias,spatial_zone_summary,statsbomb_player,Luiz Gustavo Dias,1,Tier 1 - Exact Match,2026-08-05 17:50:49,
GOAT003281,Luka Lochoshvili,spatial_passing_centrality,statsbomb_player,Luka Lochoshvili,1,Tier 1 - Exact Match,2026-08-05 17:50:49,
GOAT003281,Luka Lochoshvili,spatial_zone_summary,statsbomb_player,Luka Lochoshvili,1,Tier 1 - Exact Match,2026-08-05 17:50:49,
GOAT003174,Fabián Andrés Vargas Rivera,spatial_passing_centrality,statsbomb_player,Fabián Andrés Vargas Rivera,1,Tier 1 - Exact Match,2026-08-05 17:50:49,
GOAT003174,Fabián Andrés Vargas Rivera,spatial_zone_summary,statsbomb_player,Fabián Andrés Vargas Rivera,1,Tier 1 - Exact Match,2026-08-05 17:50:49,
GOAT002017,Facundo Pellistri Rebollo,spatial_passing_centrality,statsbomb_player,Facundo Pellistri Rebollo,1,Tier 1 - Exact Match,2026-08-05 17:50:49,
GOAT002017,Facundo Pellistri Rebollo,spatial_zone_summary,statsbomb_player,Facundo Pellistri Rebollo,1,Tier 1 - Exact Match,2026-08-05 17:50:49,
GOAT002018,Fakhreddine Ben Youssef,spatial_passing_centrality,statsbomb_player,Fakhreddine Ben Youssef,1,Tier 1 - Exact Match,2026-08-05 17:50:49,
GOAT002018,Fakhreddine Ben Youssef,spatial_zone_summary,statsbomb_player,Fakhreddine Ben Youssef,1,Tier 1 - Exact Match,2026-08-05 17:50:49,
GOAT003175,Farouk Ben Mustapha,spatial_passing_centrality,statsbomb_player,Farouk Ben Mustapha,1,Tier 1 - Exact Match,2026-08-05 17:50:49,
GOAT003175,Farouk Ben Mustapha,spatial_zone_summary,statsbomb_player,Farouk Ben Mustapha,1,Tier 1 - Exact Match,2026-08-05 17:50:49,
GOAT003176,Fausto Antonio Tienza Nuñez,spatial_passing_centrality,statsbomb_player,Fausto Antonio Tienza Nuñez,1,Tier 1 - Exact Match,2026-08-05 17:50:49,
GOAT003176,Fausto Antonio Tienza Nuñez,spatial_zone_summary,statsbomb_player,Fausto Antonio Tienza Nuñez,1,Tier 1 - Exact Match,2026-08-05 17:50:49,
GOAT003205,Federico Vico Villegas,spatial_passing_centrality,statsbomb_player,Federico Vico Villegas,1,Tier 1 - Exact Match,2026-08-05 17:50:49,
GOAT003205,Federico Vico Villegas,spatial_zone_summary,statsbomb_player,Federico Vico Villegas,1,Tier 1 - Exact Match,2026-08-05 17:50:49,
GOAT002046,Manuel Jesús Vázquez Florido,spatial_passing_centrality,statsbomb_player,Manuel Jesús Vázquez Florido,1,Tier 1 - Exact Match,2026-08-05 17:50:49,
GOAT002046,Manuel Jesús Vázquez Florido,spatial_zone_summary,statsbomb_player,Manuel Jesús Vázquez Florido,1,Tier 1 - Exact Match,2026-08-05 17:50:49,
GOAT002047,Manuel Lanzarote Bruno,spatial_passing_centrality,statsbomb_player,Manuel Lanzarote Bruno,1,Tier 1 - Exact Match,2026-08-05 17:50:49,
GOAT002047,Manuel Lanzarote Bruno,spatial_zone_summary,statsbomb_player,Manuel Lanzarote Bruno,1,Tier 1 - Exact Match,2026-08-05 17:50:49,
GOAT002048,Manuel Lanzini,spatial_passing_centrality,statsbomb_player,Manuel Lanzini,1,Tier 1 - Exact Match,2026-08-05 17:50:49,
GOAT002048,Manuel Lanzini,spatial_zone_summary,statsbomb_player,Manuel Lanzini,1,Tier 1 - Exact Match,2026-08-05 17:50:49,
GOAT002089,Manuel Marouan da Costa Trinidade,spatial_passing_centrality,statsbomb_player,Manuel Marouan da Costa Trinidade,1,Tier 1 - Exact Match,2026-08-05 17:50:49,
GOAT002089,Manuel Marouan da Costa Trinidade,spatial_zone_summary,statsbomb_player,Manuel Marouan da Costa Trinidade,1,Tier 1 - Exact Match,2026-08-05 17:50:49,
GOAT002090,Manuel Martínez Lara,spatial_passing_centrality,statsbomb_player,Manuel Martínez Lara,1,Tier 1 - Exact Match,2026-08-05 17:50:49,
GOAT002090,Manuel Martínez Lara,spatial_zone_summary,statsbomb_player,Manuel Martínez Lara,1,Tier 1 - Exact Match,2026-08-05 17:50:49,
GOAT002091,Manuel Morlanes Ariño,spatial_passing_centrality,statsbomb_player,Manuel Morlanes Ariño,1,Tier 1 - Exact Match,2026-08-05 17:50:49,
GOAT002091,Manuel Morlanes Ariño,spatial_zone_summary,statsbomb_player,Manuel Morlanes Ariño,1,Tier 1 - Exact Match,2026-08-05 17:50:49,
GOAT002092,Manuel Onwu Villafranca,spatial_passing_centrality,statsbomb_player,Manuel Onwu Villafranca,1,Tier 1 - Exact Match,2026-08-05 17:50:49,
GOAT002092,Manuel Onwu Villafranca,spatial_zone_summary,statsbomb_player,Manuel Onwu Villafranca,1,Tier 1 - Exact Match,2026-08-05 17:50:49,
GOAT002903,Eric García Martret,spatial_passing_centrality,statsbomb_player,Eric García Martret,1,Tier 1 - Exact Match,2026-08-05 17:50:49,
GOAT002903,Eric García Martret,spatial_zone_summary,statsbomb_player,Eric García Martret,1,Tier 1 - Exact Match,2026-08-05 17:50:49,
GOAT002108,Marco Antonio Simoes Caneira,spatial_passing_centrality,statsbomb_player,Marco Antonio Simoes Caneira,1,Tier 1 - Exact Match,2026-08-05 17:50:49,
GOAT002108,Marco Antonio Simoes Caneira,spatial_zone_summary,statsbomb_player,Marco Antonio Simoes Caneira,1,Tier 1 - Exact Match,2026-08-05 17:50:49,
GOAT002106,Marco Jhonnier Pérez Murillo,spatial_passing_centrality,statsbomb_player,Marco Jhonnier Pérez Murillo,1,Tier 1 - Exact Match,2026-08-05 17:50:49,
GOAT002106,Marco Jhonnier Pérez Murillo,spatial_zone_summary,statsbomb_player,Marco Jhonnier Pérez Murillo,1,Tier 1 - Exact Match,2026-08-05 17:50:49,
GOAT002115,Marco Natanel Torsiglieri,spatial_passing_centrality,statsbomb_player,Marco Natanel Torsiglieri,1,Tier 1 - Exact Match,2026-08-05 17:50:49,
GOAT002115,Marco Natanel Torsiglieri,spatial_zone_summary,statsbomb_player,Marco Natanel Torsiglieri,1,Tier 1 - Exact Match,2026-08-05 17:50:49,
GOAT002116,Marco Reus,spatial_passing_centrality,statsbomb_player,Marco Reus,1,Tier 1 - Exact Match,2026-08-05 17:50:49,
GOAT002116,Marco Reus,spatial_zone_summary,statsbomb_player,Marco Reus,1,Tier 1 - Exact Match,2026-08-05 17:50:49,
GOAT002999,Ersen Martin,spatial_passing_centrality,statsbomb_player,Ersen Martin,1,Tier 1 - Exact Match,2026-08-05 17:50:49,
GOAT002999,Ersen Martin,spatial_zone_summary,statsbomb_player,Ersen Martin,1,Tier 1 - Exact Match,2026-08-05 17:50:49,
GOAT002061,Manuel Pérez Rodrigo,spatial_passing_centrality,statsbomb_player,Manuel Pérez Rodrigo,1,Tier 1 - Exact Match,2026-08-05 17:50:49,
GOAT002061,Manuel Pérez Rodrigo,spatial_zone_summary,statsbomb_player,Manuel Pérez Rodrigo,1,Tier 1 - Exact Match,2026-08-05 17:50:49,
GOAT002055,Manuel Sánchez De La Peña,spatial_passing_centrality,statsbomb_player,Manuel Sánchez De La Peña,1,Tier 1 - Exact Match,2026-08-05 17:50:49,
GOAT002055,Manuel Sánchez De La Peña,spatial_zone_summary,statsbomb_player,Manuel Sánchez De La Peña,1,Tier 1 - Exact Match,2026-08-05 17:50:49,
GOAT002056,Marc Albrighton,spatial_passing_centrality,statsbomb_player,Marc Albrighton,1,Tier 1 - Exact Match,2026-08-05 17:50:49,
GOAT002056,Marc Albrighton,spatial_zone_summary,statsbomb_player,Marc Albrighton,1,Tier 1 - Exact Match,2026-08-05 17:50:49,
GOAT002098,Marc Fernández Gràcia,spatial_passing_centrality,statsbomb_player,Marc Fernández Gràcia,1,Tier 1 - Exact Match,2026-08-05 17:50:49,
GOAT002098,Marc Fernández Gràcia,spatial_zone_summary,statsbomb_player,Marc Fernández Gràcia,1,Tier 1 - Exact Match,2026-08-05 17:50:49,
GOAT002099,Marc Pedraza Sarto,spatial_passing_centrality,statsbomb_player,Marc Pedraza Sarto,1,Tier 1 - Exact Match,2026-08-05 17:50:49,
GOAT002099,Marc Pedraza Sarto,spatial_zone_summary,statsbomb_player,Marc Pedraza Sarto,1,Tier 1 - Exact Match,2026-08-05 17:50:49,
GOAT002900,Enrique Fernando Ortiz Moruno,spatial_passing_centrality,statsbomb_player,Enrique Fernando Ortiz Moruno,1,Tier 1 - Exact Match,2026-08-05 17:50:49,
GOAT002900,Enrique Fernando Ortiz Moruno,spatial_zone_summary,statsbomb_player,Enrique Fernando Ortiz Moruno,1,Tier 1 - Exact Match,2026-08-05 17:50:49,
GOAT002964,Enrique González Casín,spatial_passing_centrality,statsbomb_player,Enrique González Casín,1,Tier 1 - Exact Match,2026-08-05 17:50:49,
GOAT002964,Enrique González Casín,spatial_zone_summary,statsbomb_player,Enrique González Casín,1,Tier 1 - Exact Match,2026-08-05 17:50:49,
GOAT002044,Luis Manuel Rubiales Béjar,spatial_passing_centrality,statsbomb_player,Luis Manuel Rubiales Béjar,1,Tier 1 - Exact Match,2026-08-05 17:50:49,
GOAT002044,Luis Manuel Rubiales Béjar,spatial_zone_summary,statsbomb_player,Luis Manuel Rubiales Béjar,1,Tier 1 - Exact Match,2026-08-05 17:50:49,
GOAT003277,Luis Manuel Villa López,spatial_passing_centrality,statsbomb_player,Luis Manuel Villa López,1,Tier 1 - Exact Match,2026-08-05 17:50:49,
GOAT003277,Luis Manuel Villa López,spatial_zone_summary,statsbomb_player,Luis Manuel Villa López,1,Tier 1 - Exact Match,2026-08-05 17:50:49,
GOAT003278,Luis Miguel Sánchez Benítez,spatial_passing_centrality,statsbomb_player,Luis Miguel Sánchez Benítez,1,Tier 1 - Exact Match,2026-08-05 17:50:49,
GOAT003278,Luis Miguel Sánchez Benítez,spatial_zone_summary,statsbomb_player,Luis Miguel Sánchez Benítez,1,Tier 1 - Exact Match,2026-08-05 17:50:49,
GOAT003279,Luis Milla Manzanares,spatial_passing_centrality,statsbomb_player,Luis Milla Manzanares,1,Tier 1 - Exact Match,2026-08-05 17:50:49,
GOAT003279,Luis Milla Manzanares,spatial_zone_summary,statsbomb_player,Luis Milla Manzanares,1,Tier 1 - Exact Match,2026-08-05 17:50:49,
GOAT003191,Felipe Alejandro Gutiérrez Leiva,spatial_passing_centrality,statsbomb_player,Felipe Alejandro Gutiérrez Leiva,1,Tier 1 - Exact Match,2026-08-05 17:50:49,
GOAT003191,Felipe Alejandro Gutiérrez Leiva,spatial_zone_summary,statsbomb_player,Felipe Alejandro Gutiérrez Leiva,1,Tier 1 - Exact Match,2026-08-05 17:50:49,
GOAT003192,Felipe Guréndez Aldanondo,spatial_passing_centrality,statsbomb_player,Felipe Guréndez Aldanondo,1,Tier 1 - Exact Match,2026-08-05 17:50:49,
GOAT003192,Felipe Guréndez Aldanondo,spatial_zone_summary,statsbomb_player,Felipe Guréndez Aldanondo,1,Tier 1 - Exact Match,2026-08-05 17:50:49,
GOAT002068,Luis Carlos Cuartero Lafarga,spatial_passing_centrality,statsbomb_player,Luis Carlos Cuartero Lafarga,1,Tier 1 - Exact Match,2026-08-05 17:50:49,
GOAT002068,Luis Carlos Cuartero Lafarga,spatial_zone_summary,statsbomb_player,Luis Carlos Cuartero Lafarga,1,Tier 1 - Exact Match,2026-08-05 17:50:49,
GOAT002069,Luis Carlos Tejada Hansell,spatial_passing_centrality,statsbomb_player,Luis Carlos Tejada Hansell,1,Tier 1 - Exact Match,2026-08-05 17:50:49,
GOAT002069,Luis Carlos Tejada Hansell,spatial_zone_summary,statsbomb_player,Luis Carlos Tejada Hansell,1,Tier 1 - Exact Match,2026-08-05 17:50:49,
GOAT002086,Luis Ezequiel Ávila,spatial_passing_centrality,statsbomb_player,Luis Ezequiel Ávila,1,Tier 1 - Exact Match,2026-08-05 17:50:49,
GOAT002086,Luis Ezequiel Ávila,spatial_zone_summary,statsbomb_player,Luis Ezequiel Ávila,1,Tier 1 - Exact Match,2026-08-05 17:50:49,
GOAT002087,Luis Fernando Díaz Marulanda,spatial_passing_centrality,statsbomb_player,Luis Fernando Díaz Marulanda,1,Tier 1 - Exact Match,2026-08-05 17:50:49,
GOAT002087,Luis Fernando Díaz Marulanda,spatial_zone_summary,statsbomb_player,Luis Fernando Díaz Marulanda,1,Tier 1 - Exact Match,2026-08-05 17:50:49,
GOAT002043,Luis García Conde,spatial_passing_centrality,statsbomb_player,Luis García Conde,1,Tier 1 - Exact Match,2026-08-05 17:50:49,
GOAT002043,Luis García Conde,spatial_zone_summary,statsbomb_player,Luis García Conde,1,Tier 1 - Exact Match,2026-08-05 17:50:49,
GOAT002130,Lucas Rodrigo Biglia,spatial_passing_centrality,statsbomb_player,Lucas Rodrigo Biglia,1,Tier 1 - Exact Match,2026-08-05 17:50:49,
GOAT002130,Lucas Rodrigo Biglia,spatial_zone_summary,statsbomb_player,Lucas Rodrigo Biglia,1,Tier 1 - Exact Match,2026-08-05 17:50:49,
GOAT003041,Enrique Álvarez San Juan,spatial_passing_centrality,statsbomb_player,Enrique Álvarez San Juan,1,Tier 1 - Exact Match,2026-08-05 17:50:49,
GOAT003041,Enrique Álvarez San Juan,spatial_zone_summary,statsbomb_player,Enrique Álvarez San Juan,1,Tier 1 - Exact Match,2026-08-05 17:50:49,
GOAT002966,Enzo Alan Zidane Fernández,spatial_passing_centrality,statsbomb_player,Enzo Alan Zidane Fernández,1,Tier 1 - Exact Match,2026-08-05 17:50:49,
GOAT002966,Enzo Alan Zidane Fernández,spatial_zone_summary,statsbomb_player,Enzo Alan Zidane Fernández,1,Tier 1 - Exact Match,2026-08-05 17:50:49,
GOAT002902,Eray Ervin Cömert,spatial_passing_centrality,statsbomb_player,Eray Ervin Cömert,1,Tier 1 - Exact Match,2026-08-05 17:50:49,
GOAT002902,Eray Ervin Cömert,spatial_zone_summary,statsbomb_player,Eray Ervin Cömert,1,Tier 1 - Exact Match,2026-08-05 17:50:49,
GOAT002100,Marcel Halstenberg,spatial_passing_centrality,statsbomb_player,Marcel Halstenberg,1,Tier 1 - Exact Match,2026-08-05 17:50:49,
GOAT002100,Marcel Halstenberg,spatial_zone_summary,statsbomb_player,Marcel Halstenberg,1,Tier 1 - Exact Match,2026-08-05 17:50:49,
GOAT002101,Marcel Schmelzer,spatial_passing_centrality,statsbomb_player,Marcel Schmelzer,1,Tier 1 - Exact Match,2026-08-05 17:50:49,
GOAT002101,Marcel Schmelzer,spatial_zone_summary,statsbomb_player,Marcel Schmelzer,1,Tier 1 - Exact Match,2026-08-05 17:50:49,
GOAT002102,Marcelino Ignacio Nuñez Espinoza,spatial_passing_centrality,statsbomb_player,Marcelino Ignacio Nuñez Espinoza,1,Tier 1 - Exact Match,2026-08-05 17:50:49,
GOAT002102,Marcelino Ignacio Nuñez Espinoza,spatial_zone_summary,statsbomb_player,Marcelino Ignacio Nuñez Espinoza,1,Tier 1 - Exact Match,2026-08-05 17:50:49,
GOAT002103,Marcelo Andrés Silva Fernández,spatial_passing_centrality,statsbomb_player,Marcelo Andrés Silva Fernández,1,Tier 1 - Exact Match,2026-08-05 17:50:49,
GOAT002103,Marcelo Andrés Silva Fernández,spatial_zone_summary,statsbomb_player,Marcelo Andrés Silva Fernández,1,Tier 1 - Exact Match,2026-08-05 17:50:49,
GOAT002107,Marco Antonio Ortega Cotano,spatial_passing_centrality,statsbomb_player,Marco Antonio Ortega Cotano,1,Tier 1 - Exact Match,2026-08-05 17:50:49,
GOAT002107,Marco Antonio Ortega Cotano,spatial_zone_summary,statsbomb_player,Marco Antonio Ortega Cotano,1,Tier 1 - Exact Match,2026-08-05 17:50:49,
GOAT002114,Marek Hamšík,spatial_passing_centrality,statsbomb_player,Marek Hamšík,1,Tier 1 - Exact Match,2026-08-05 17:50:49,
GOAT002114,Marek Hamšík,spatial_zone_summary,statsbomb_player,Marek Hamšík,1,Tier 1 - Exact Match,2026-08-05 17:50:49,
GOAT002759,Elseid Hysaj,spatial_passing_centrality,statsbomb_player,Elseid Hysaj,1,Tier 1 - Exact Match,2026-08-05 17:50:49,
GOAT002759,Elseid Hysaj,spatial_zone_summary,statsbomb_player,Elseid Hysaj,1,Tier 1 - Exact Match,2026-08-05 17:50:49,
GOAT002757,Elton Giovanni Machado,spatial_passing_centrality,statsbomb_player,Elton Giovanni Machado,1,Tier 1 - Exact Match,2026-08-05 17:50:49,
GOAT002757,Elton Giovanni Machado,spatial_zone_summary,statsbomb_player,Elton Giovanni Machado,1,Tier 1 - Exact Match,2026-08-05 17:50:49,
GOAT002822,Emanuel Cecchini,spatial_passing_centrality,statsbomb_player,Emanuel Cecchini,1,Tier 1 - Exact Match,2026-08-05 17:50:49,
GOAT002822,Emanuel Cecchini,spatial_zone_summary,statsbomb_player,Emanuel Cecchini,1,Tier 1 - Exact Match,2026-08-05 17:50:49,
GOAT002823,Emerson Palmieri dos Santos,spatial_passing_centrality,statsbomb_player,Emerson Palmieri dos Santos,1,Tier 1 - Exact Match,2026-08-05 17:50:49,
GOAT002823,Emerson Palmieri dos Santos,spatial_zone_summary,statsbomb_player,Emerson Palmieri dos Santos,1,Tier 1 - Exact Match,2026-08-05 17:50:49,
GOAT002117,Marco Sangalli Fuentes,spatial_passing_centrality,statsbomb_player,Marco Sangalli Fuentes,1,Tier 1 - Exact Match,2026-08-05 17:50:49,
GOAT002117,Marco Sangalli Fuentes,spatial_zone_summary,statsbomb_player,Marco Sangalli Fuentes,1,Tier 1 - Exact Match,2026-08-05 17:50:49,
GOAT002118,Marco Storari,spatial_passing_centrality,statsbomb_player,Marco Storari,1,Tier 1 - Exact Match,2026-08-05 17:50:49,
GOAT002118,Marco Storari,spatial_zone_summary,statsbomb_player,Marco Storari,1,Tier 1 - Exact Match,2026-08-05 17:50:49,
GOAT002119,Marco Verratti,spatial_passing_centrality,statsbomb_player,Marco Verratti,1,Tier 1 - Exact Match,2026-08-05 17:50:49,
GOAT002119,Marco Verratti,spatial_zone_summary,statsbomb_player,Marco Verratti,1,Tier 1 - Exact Match,2026-08-05 17:50:49,
GOAT002120,Marco van Ginkel,spatial_passing_centrality,statsbomb_player,Marco van Ginkel,1,Tier 1 - Exact Match,2026-08-05 17:50:49,
GOAT002120,Marco van Ginkel,spatial_zone_summary,statsbomb_player,Marco van Ginkel,1,Tier 1 - Exact Match,2026-08-05 17:50:49,
GOAT002121,Marcos Danilo Ureña Porras,spatial_passing_centrality,statsbomb_player,Marcos Danilo Ureña Porras,1,Tier 1 - Exact Match,2026-08-05 17:50:49,
GOAT002121,Marcos Danilo Ureña Porras,spatial_zone_summary,statsbomb_player,Marcos Danilo Ureña Porras,1,Tier 1 - Exact Match,2026-08-05 17:50:49,
GOAT002899,Emilio José Viqueira Moure,spatial_passing_centrality,statsbomb_player,Emilio José Viqueira Moure,1,Tier 1 - Exact Match,2026-08-05 17:50:49,
GOAT002899,Emilio José Viqueira Moure,spatial_zone_summary,statsbomb_player,Emilio José Viqueira Moure,1,Tier 1 - Exact Match,2026-08-05 17:50:49,
GOAT002851,Emmanuel Adebayor,spatial_passing_centrality,statsbomb_player,Emmanuel Adebayor,1,Tier 1 - Exact Match,2026-08-05 17:50:49,
GOAT002851,Emmanuel Adebayor,spatial_zone_summary,statsbomb_player,Emmanuel Adebayor,1,Tier 1 - Exact Match,2026-08-05 17:50:49,
GOAT002872,Emmanuel Nosakhare Igiebor,spatial_passing_centrality,statsbomb_player,Emmanuel Nosakhare Igiebor,1,Tier 1 - Exact Match,2026-08-05 17:50:49,
GOAT002872,Emmanuel Nosakhare Igiebor,spatial_zone_summary,statsbomb_player,Emmanuel Nosakhare Igiebor,1,Tier 1 - Exact Match,2026-08-05 17:50:49,
GOAT002965,Enric Saborit Teixidor,spatial_passing_centrality,statsbomb_player,Enric Saborit Teixidor,1,Tier 1 - Exact Match,2026-08-05 17:50:49,
GOAT002965,Enric Saborit Teixidor,spatial_zone_summary,statsbomb_player,Enric Saborit Teixidor,1,Tier 1 - Exact Match,2026-08-05 17:50:49,
GOAT002122,Marcos Gullón Ferrera,spatial_passing_centrality,statsbomb_player,Marcos Gullón Ferrera,1,Tier 1 - Exact Match,2026-08-05 17:50:49,
GOAT002122,Marcos Gullón Ferrera,spatial_zone_summary,statsbomb_player,Marcos Gullón Ferrera,1,Tier 1 - Exact Match,2026-08-05 17:50:49,
GOAT003260,Fedor Kudryashov,spatial_passing_centrality,statsbomb_player,Fedor Kudryashov,1,Tier 1 - Exact Match,2026-08-05 17:50:49,
GOAT003260,Fedor Kudryashov,spatial_zone_summary,statsbomb_player,Fedor Kudryashov,1,Tier 1 - Exact Match,2026-08-05 17:50:49,
GOAT002715,Eduardo Ramos Gómez,spatial_passing_centrality,statsbomb_player,Eduardo Ramos Gómez,1,Tier 1 - Exact Match,2026-08-05 17:50:49,
GOAT002715,Eduardo Ramos Gómez,spatial_zone_summary,statsbomb_player,Eduardo Ramos Gómez,1,Tier 1 - Exact Match,2026-08-05 17:50:49,
GOAT002131,Lucas Silva Borges,spatial_passing_centrality,statsbomb_player,Lucas Silva Borges,1,Tier 1 - Exact Match,2026-08-05 17:50:49,
GOAT002131,Lucas Silva Borges,spatial_zone_summary,statsbomb_player,Lucas Silva Borges,1,Tier 1 - Exact Match,2026-08-05 17:50:49,
GOAT003285,Lucas Torró Marset,spatial_passing_centrality,statsbomb_player,Lucas Torró Marset,1,Tier 1 - Exact Match,2026-08-05 17:50:49,
GOAT003285,Lucas Torró Marset,spatial_zone_summary,statsbomb_player,Lucas Torró Marset,1,Tier 1 - Exact Match,2026-08-05 17:50:49,
GOAT003286,Luciano Gabriel Figueroa Herrera,spatial_passing_centrality,statsbomb_player,Luciano Gabriel Figueroa Herrera,1,Tier 1 - Exact Match,2026-08-05 17:50:49,
GOAT003286,Luciano Gabriel Figueroa Herrera,spatial_zone_summary,statsbomb_player,Luciano Gabriel Figueroa Herrera,1,Tier 1 - Exact Match,2026-08-05 17:50:49,
GOAT003287,Ludovic Butelle,spatial_passing_centrality,statsbomb_player,Ludovic Butelle,1,Tier 1 - Exact Match,2026-08-05 17:50:49,
GOAT003287,Ludovic Butelle,spatial_zone_summary,statsbomb_player,Ludovic Butelle,1,Tier 1 - Exact Match,2026-08-05 17:50:49,
GOAT002067,Ludwig Augustinsson,spatial_passing_centrality,statsbomb_player,Ludwig Augustinsson,1,Tier 1 - Exact Match,2026-08-05 17:50:49,
GOAT002067,Ludwig Augustinsson,spatial_zone_summary,statsbomb_player,Ludwig Augustinsson,1,Tier 1 - Exact Match,2026-08-05 17:50:49,
GOAT003177,Federico Barba,spatial_passing_centrality,statsbomb_player,Federico Barba,1,Tier 1 - Exact Match,2026-08-05 17:50:49,
GOAT003177,Federico Barba,spatial_zone_summary,statsbomb_player,Federico Barba,1,Tier 1 - Exact Match,2026-08-05 17:50:49,
GOAT003186,Federico Dimarco,spatial_passing_centrality,statsbomb_player,Federico Dimarco,1,Tier 1 - Exact Match,2026-08-05 17:50:49,
GOAT003186,Federico Dimarco,spatial_zone_summary,statsbomb_player,Federico Dimarco,1,Tier 1 - Exact Match,2026-08-05 17:50:49,
GOAT003203,Federico Ricca Rostagnol,spatial_passing_centrality,statsbomb_player,Federico Ricca Rostagnol,1,Tier 1 - Exact Match,2026-08-05 17:50:49,
GOAT003203,Federico Ricca Rostagnol,spatial_zone_summary,statsbomb_player,Federico Ricca Rostagnol,1,Tier 1 - Exact Match,2026-08-05 17:50:49,
GOAT003204,Federico San Emeterio Díaz,spatial_passing_centrality,statsbomb_player,Federico San Emeterio Díaz,1,Tier 1 - Exact Match,2026-08-05 17:50:49,
GOAT003204,Federico San Emeterio Díaz,spatial_zone_summary,statsbomb_player,Federico San Emeterio Díaz,1,Tier 1 - Exact Match,2026-08-05 17:50:49,
GOAT002123,Marcos Johan López Lanfranco,spatial_passing_centrality,statsbomb_player,Marcos Johan López Lanfranco,1,Tier 1 - Exact Match,2026-08-05 17:50:49,
GOAT002123,Marcos Johan López Lanfranco,spatial_zone_summary,statsbomb_player,Marcos Johan López Lanfranco,1,Tier 1 - Exact Match,2026-08-05 17:50:49,
GOAT002062,Marcos Nikolas Bolados Hidalgo,spatial_passing_centrality,statsbomb_player,Marcos Nikolas Bolados Hidalgo,1,Tier 1 - Exact Match,2026-08-05 17:50:49,
GOAT002062,Marcos Nikolas Bolados Hidalgo,spatial_zone_summary,statsbomb_player,Marcos Nikolas Bolados Hidalgo,1,Tier 1 - Exact Match,2026-08-05 17:50:49,
GOAT002096,Marcos dos Santos Assunção,spatial_passing_centrality,statsbomb_player,Marcos dos Santos Assunção,1,Tier 1 - Exact Match,2026-08-05 17:50:49,
GOAT002096,Marcos dos Santos Assunção,spatial_zone_summary,statsbomb_player,Marcos dos Santos Assunção,1,Tier 1 - Exact Match,2026-08-05 17:50:49,
GOAT002097,Marcus Andreas Danielsson,spatial_passing_centrality,statsbomb_player,Marcus Andreas Danielsson,1,Tier 1 - Exact Match,2026-08-05 17:50:49,
GOAT002097,Marcus Andreas Danielsson,spatial_zone_summary,statsbomb_player,Marcus Andreas Danielsson,1,Tier 1 - Exact Match,2026-08-05 17:50:49,
GOAT002127,Marcus Berg,spatial_passing_centrality,statsbomb_player,Marcus Berg,1,Tier 1 - Exact Match,2026-08-05 17:50:49,
GOAT002127,Marcus Berg,spatial_zone_summary,statsbomb_player,Marcus Berg,1,Tier 1 - Exact Match,2026-08-05 17:50:49,
GOAT002128,Marcus Forss,spatial_passing_centrality,statsbomb_player,Marcus Forss,1,Tier 1 - Exact Match,2026-08-05 17:50:49,
GOAT002128,Marcus Forss,spatial_zone_summary,statsbomb_player,Marcus Forss,1,Tier 1 - Exact Match,2026-08-05 17:50:49,
GOAT002182,Marko Babić,spatial_passing_centrality,statsbomb_player,Marko Babić,1,Tier 1 - Exact Match,2026-08-05 17:50:49,
GOAT002182,Marko Babić,spatial_zone_summary,statsbomb_player,Marko Babić,1,Tier 1 - Exact Match,2026-08-05 17:50:49,
GOAT002183,Marko Marin,spatial_passing_centrality,statsbomb_player,Marko Marin,1,Tier 1 - Exact Match,2026-08-05 17:50:49,
GOAT002183,Marko Marin,spatial_zone_summary,statsbomb_player,Marko Marin,1,Tier 1 - Exact Match,2026-08-05 17:50:49,
GOAT002157,Marko Rog,spatial_passing_centrality,statsbomb_player,Marko Rog,1,Tier 1 - Exact Match,2026-08-05 17:50:49,
GOAT002157,Marko Rog,spatial_zone_summary,statsbomb_player,Marko Rog,1,Tier 1 - Exact Match,2026-08-05 17:50:49,
GOAT002158,Markus Rosenberg,spatial_passing_centrality,statsbomb_player,Markus Rosenberg,1,Tier 1 - Exact Match,2026-08-05 17:50:49,
GOAT002158,Markus Rosenberg,spatial_zone_summary,statsbomb_player,Markus Rosenberg,1,Tier 1 - Exact Match,2026-08-05 17:50:49,
GOAT002159,Markus Steinhöfer,spatial_passing_centrality,statsbomb_player,Markus Steinhöfer,1,Tier 1 - Exact Match,2026-08-05 17:50:49,
GOAT002159,Markus Steinhöfer,spatial_zone_summary,statsbomb_player,Markus Steinhöfer,1,Tier 1 - Exact Match,2026-08-05 17:50:49,
GOAT002824,Emil Krafth,spatial_passing_centrality,statsbomb_player,Emil Krafth,1,Tier 1 - Exact Match,2026-08-05 17:50:49,
GOAT002824,Emil Krafth,spatial_zone_summary,statsbomb_player,Emil Krafth,1,Tier 1 - Exact Match,2026-08-05 17:50:49,
GOAT002825,Emil Peter Forsberg,spatial_passing_centrality,statsbomb_player,Emil Peter Forsberg,1,Tier 1 - Exact Match,2026-08-05 17:50:49,
GOAT002825,Emil Peter Forsberg,spatial_zone_summary,statsbomb_player,Emil Peter Forsberg,1,Tier 1 - Exact Match,2026-08-05 17:50:49,
GOAT002898,Emiliano Ariel Rigoni,spatial_passing_centrality,statsbomb_player,Emiliano Ariel Rigoni,1,Tier 1 - Exact Match,2026-08-05 17:50:49,
GOAT002898,Emiliano Ariel Rigoni,spatial_zone_summary,statsbomb_player,Emiliano Ariel Rigoni,1,Tier 1 - Exact Match,2026-08-05 17:50:49,
GOAT002153,Mario Fernández Cuesta,spatial_passing_centrality,statsbomb_player,Mario Fernández Cuesta,1,Tier 1 - Exact Match,2026-08-05 17:50:49,
GOAT002153,Mario Fernández Cuesta,spatial_zone_summary,statsbomb_player,Mario Fernández Cuesta,1,Tier 1 - Exact Match,2026-08-05 17:50:49,
GOAT002154,Mario Gavranović,spatial_passing_centrality,statsbomb_player,Mario Gavranović,1,Tier 1 - Exact Match,2026-08-05 17:50:49,
GOAT002154,Mario Gavranović,spatial_zone_summary,statsbomb_player,Mario Gavranović,1,Tier 1 - Exact Match,2026-08-05 17:50:49,
GOAT002155,Mario Lemina,spatial_passing_centrality,statsbomb_player,Mario Lemina,1,Tier 1 - Exact Match,2026-08-05 17:50:49,
GOAT002155,Mario Lemina,spatial_zone_summary,statsbomb_player,Mario Lemina,1,Tier 1 - Exact Match,2026-08-05 17:50:49,
GOAT002156,Mario Martínez Rubio,spatial_passing_centrality,statsbomb_player,Mario Martínez Rubio,1,Tier 1 - Exact Match,2026-08-05 17:50:49,
GOAT002156,Mario Martínez Rubio,spatial_zone_summary,statsbomb_player,Mario Martínez Rubio,1,Tier 1 - Exact Match,2026-08-05 17:50:49,
GOAT002142,Mario Mitaj,spatial_passing_centrality,statsbomb_player,Mario Mitaj,1,Tier 1 - Exact Match,2026-08-05 17:50:49,
GOAT002142,Mario Mitaj,spatial_zone_summary,statsbomb_player,Mario Mitaj,1,Tier 1 - Exact Match,2026-08-05 17:50:49,
GOAT002712,Eduardo Moya Castillo,spatial_passing_centrality,statsbomb_player,Eduardo Moya Castillo,1,Tier 1 - Exact Match,2026-08-05 17:50:49,
GOAT002712,Eduardo Moya Castillo,spatial_zone_summary,statsbomb_player,Eduardo Moya Castillo,1,Tier 1 - Exact Match,2026-08-05 17:50:49,
GOAT002713,Eduardo Nascimento Costa,spatial_passing_centrality,statsbomb_player,Eduardo Nascimento Costa,1,Tier 1 - Exact Match,2026-08-05 17:50:49,
GOAT002713,Eduardo Nascimento Costa,spatial_zone_summary,statsbomb_player,Eduardo Nascimento Costa,1,Tier 1 - Exact Match,2026-08-05 17:50:49,
GOAT002714,Eduardo Nicolás Tuzzio,spatial_passing_centrality,statsbomb_player,Eduardo Nicolás Tuzzio,1,Tier 1 - Exact Match,2026-08-05 17:50:49,
GOAT002714,Eduardo Nicolás Tuzzio,spatial_zone_summary,statsbomb_player,Eduardo Nicolás Tuzzio,1,Tier 1 - Exact Match,2026-08-05 17:50:49,
GOAT002187,Marten de Roon,spatial_passing_centrality,statsbomb_player,Marten de Roon,1,Tier 1 - Exact Match,2026-08-05 17:50:49,
GOAT002187,Marten de Roon,spatial_zone_summary,statsbomb_player,Marten de Roon,1,Tier 1 - Exact Match,2026-08-05 17:50:49,
GOAT002188,Martin Baturina,spatial_passing_centrality,statsbomb_player,Martin Baturina,1,Tier 1 - Exact Match,2026-08-05 17:50:49,
GOAT002188,Martin Baturina,spatial_zone_summary,statsbomb_player,Martin Baturina,1,Tier 1 - Exact Match,2026-08-05 17:50:49,
GOAT002197,Martin Kelly,spatial_passing_centrality,statsbomb_player,Martin Kelly,1,Tier 1 - Exact Match,2026-08-05 17:50:49,
GOAT002197,Martin Kelly,spatial_zone_summary,statsbomb_player,Martin Kelly,1,Tier 1 - Exact Match,2026-08-05 17:50:49,
GOAT002198,Martin Keown,spatial_passing_centrality,statsbomb_player,Martin Keown,1,Tier 1 - Exact Match,2026-08-05 17:50:49,
GOAT002198,Martin Keown,spatial_zone_summary,statsbomb_player,Martin Keown,1,Tier 1 - Exact Match,2026-08-05 17:50:49,
GOAT002199,Martin Koscelník,spatial_passing_centrality,statsbomb_player,Martin Koscelník,1,Tier 1 - Exact Match,2026-08-05 17:50:49,
GOAT002199,Martin Koscelník,spatial_zone_summary,statsbomb_player,Martin Koscelník,1,Tier 1 - Exact Match,2026-08-05 17:50:49,
GOAT002200,Martin Olsson,spatial_passing_centrality,statsbomb_player,Martin Olsson,1,Tier 1 - Exact Match,2026-08-05 17:50:49,
GOAT002200,Martin Olsson,spatial_zone_summary,statsbomb_player,Martin Olsson,1,Tier 1 - Exact Match,2026-08-05 17:50:49,
GOAT002193,Martin Škrtel,spatial_passing_centrality,statsbomb_player,Martin Škrtel,1,Tier 1 - Exact Match,2026-08-05 17:50:49,
GOAT002193,Martin Škrtel,spatial_zone_summary,statsbomb_player,Martin Škrtel,1,Tier 1 - Exact Match,2026-08-05 17:50:49,
GOAT002194,Martín Mauricio Astudillo,spatial_passing_centrality,statsbomb_player,Martín Mauricio Astudillo,1,Tier 1 - Exact Match,2026-08-05 17:50:49,
GOAT002194,Martín Mauricio Astudillo,spatial_zone_summary,statsbomb_player,Martín Mauricio Astudillo,1,Tier 1 - Exact Match,2026-08-05 17:50:49,
GOAT002195,Martín Maximiliano Mantovani,spatial_passing_centrality,statsbomb_player,Martín Maximiliano Mantovani,1,Tier 1 - Exact Match,2026-08-05 17:50:49,
GOAT002195,Martín Maximiliano Mantovani,spatial_zone_summary,statsbomb_player,Martín Maximiliano Mantovani,1,Tier 1 - Exact Match,2026-08-05 17:50:49,
GOAT002716,Efraín Juárez Váldez,spatial_passing_centrality,statsbomb_player,Efraín Juárez Váldez,1,Tier 1 - Exact Match,2026-08-05 17:50:49,
GOAT002716,Efraín Juárez Váldez,spatial_zone_summary,statsbomb_player,Efraín Juárez Váldez,1,Tier 1 - Exact Match,2026-08-05 17:50:49,
GOAT002753,Ehsan Hajsafi,spatial_passing_centrality,statsbomb_player,Ehsan Hajsafi,1,Tier 1 - Exact Match,2026-08-05 17:50:49,
GOAT002753,Ehsan Hajsafi,spatial_zone_summary,statsbomb_player,Ehsan Hajsafi,1,Tier 1 - Exact Match,2026-08-05 17:50:49,
GOAT002754,Elderson Uwa Echiejile,spatial_passing_centrality,statsbomb_player,Elderson Uwa Echiejile,1,Tier 1 - Exact Match,2026-08-05 17:50:49,
GOAT002754,Elderson Uwa Echiejile,spatial_zone_summary,statsbomb_player,Elderson Uwa Echiejile,1,Tier 1 - Exact Match,2026-08-05 17:50:49,
GOAT002821,Elias Mendes Trindade,spatial_passing_centrality,statsbomb_player,Elias Mendes Trindade,1,Tier 1 - Exact Match,2026-08-05 17:50:49,
GOAT002821,Elias Mendes Trindade,spatial_zone_summary,statsbomb_player,Elias Mendes Trindade,1,Tier 1 - Exact Match,2026-08-05 17:50:49,
GOAT002143,Maris Verpakovskis,spatial_passing_centrality,statsbomb_player,Maris Verpakovskis,1,Tier 1 - Exact Match,2026-08-05 17:50:49,
GOAT002143,Maris Verpakovskis,spatial_zone_summary,statsbomb_player,Maris Verpakovskis,1,Tier 1 - Exact Match,2026-08-05 17:50:49,
GOAT002144,Marius Mihai Marin,spatial_passing_centrality,statsbomb_player,Marius Mihai Marin,1,Tier 1 - Exact Match,2026-08-05 17:50:49,
GOAT002144,Marius Mihai Marin,spatial_zone_summary,statsbomb_player,Marius Mihai Marin,1,Tier 1 - Exact Match,2026-08-05 17:50:49,
GOAT002181,Mark Milligan,spatial_passing_centrality,statsbomb_player,Mark Milligan,1,Tier 1 - Exact Match,2026-08-05 17:50:49,
GOAT002181,Mark Milligan,spatial_zone_summary,statsbomb_player,Mark Milligan,1,Tier 1 - Exact Match,2026-08-05 17:50:49,
GOAT002646,Eduardo Bedia Peláez,spatial_passing_centrality,statsbomb_player,Eduardo Bedia Peláez,1,Tier 1 - Exact Match,2026-08-05 17:50:49,
GOAT002646,Eduardo Bedia Peláez,spatial_zone_summary,statsbomb_player,Eduardo Bedia Peláez,1,Tier 1 - Exact Match,2026-08-05 17:50:49,
GOAT002168,Lovre Kalinić,spatial_passing_centrality,statsbomb_player,Lovre Kalinić,1,Tier 1 - Exact Match,2026-08-05 17:50:49,
GOAT002168,Lovre Kalinić,spatial_zone_summary,statsbomb_player,Lovre Kalinić,1,Tier 1 - Exact Match,2026-08-05 17:50:49,
GOAT002084,Lucas Antonio Wílchez,spatial_passing_centrality,statsbomb_player,Lucas Antonio Wílchez,1,Tier 1 - Exact Match,2026-08-05 17:50:49,
GOAT002084,Lucas Antonio Wílchez,spatial_zone_summary,statsbomb_player,Lucas Antonio Wílchez,1,Tier 1 - Exact Match,2026-08-05 17:50:49,
GOAT002085,Lucas Daniel Cavallini,spatial_passing_centrality,statsbomb_player,Lucas Daniel Cavallini,1,Tier 1 - Exact Match,2026-08-05 17:50:49,
GOAT002085,Lucas Daniel Cavallini,spatial_zone_summary,statsbomb_player,Lucas Daniel Cavallini,1,Tier 1 - Exact Match,2026-08-05 17:50:49,
GOAT002211,Lucas Martínez Quarta,spatial_passing_centrality,statsbomb_player,Lucas Martínez Quarta,1,Tier 1 - Exact Match,2026-08-05 17:50:49,
GOAT002211,Lucas Martínez Quarta,spatial_zone_summary,statsbomb_player,Lucas Martínez Quarta,1,Tier 1 - Exact Match,2026-08-05 17:50:49,
GOAT002212,Lucas Matías Licht,spatial_passing_centrality,statsbomb_player,Lucas Matías Licht,1,Tier 1 - Exact Match,2026-08-05 17:50:49,
GOAT002212,Lucas Matías Licht,spatial_zone_summary,statsbomb_player,Lucas Matías Licht,1,Tier 1 - Exact Match,2026-08-05 17:50:49,
GOAT002213,Lucas Pezzini Leiva,spatial_passing_centrality,statsbomb_player,Lucas Pezzini Leiva,1,Tier 1 - Exact Match,2026-08-05 17:50:49,
GOAT002213,Lucas Pezzini Leiva,spatial_zone_summary,statsbomb_player,Lucas Pezzini Leiva,1,Tier 1 - Exact Match,2026-08-05 17:50:49,
GOAT003193,Felipe Mattioni Rohde,spatial_passing_centrality,statsbomb_player,Felipe Mattioni Rohde,1,Tier 1 - Exact Match,2026-08-05 17:50:49,
GOAT003193,Felipe Mattioni Rohde,spatial_zone_summary,statsbomb_player,Felipe Mattioni Rohde,1,Tier 1 - Exact Match,2026-08-05 17:50:49,
GOAT003230,Felix Eduardo Torres Caicedo,spatial_passing_centrality,statsbomb_player,Felix Eduardo Torres Caicedo,1,Tier 1 - Exact Match,2026-08-05 17:50:49,
GOAT003230,Felix Eduardo Torres Caicedo,spatial_zone_summary,statsbomb_player,Felix Eduardo Torres Caicedo,1,Tier 1 - Exact Match,2026-08-05 17:50:49,
GOAT002818,Ferdi Erenay Kadıoğlu,spatial_passing_centrality,statsbomb_player,Ferdi Erenay Kadıoğlu,1,Tier 1 - Exact Match,2026-08-05 17:50:49,
GOAT002818,Ferdi Erenay Kadıoğlu,spatial_zone_summary,statsbomb_player,Ferdi Erenay Kadıoğlu,1,Tier 1 - Exact Match,2026-08-05 17:50:49,
GOAT003045,Ferjani Sassi,spatial_passing_centrality,statsbomb_player,Ferjani Sassi,1,Tier 1 - Exact Match,2026-08-05 17:50:49,
GOAT003045,Ferjani Sassi,spatial_zone_summary,statsbomb_player,Ferjani Sassi,1,Tier 1 - Exact Match,2026-08-05 17:50:49,
GOAT003046,Fernando Ezequiel Cavenaghi,spatial_passing_centrality,statsbomb_player,Fernando Ezequiel Cavenaghi,1,Tier 1 - Exact Match,2026-08-05 17:50:49,
GOAT003046,Fernando Ezequiel Cavenaghi,spatial_zone_summary,statsbomb_player,Fernando Ezequiel Cavenaghi,1,Tier 1 - Exact Match,2026-08-05 17:50:49,
GOAT002967,Fernando José da Silva Freitas Meira,spatial_passing_centrality,statsbomb_player,Fernando José da Silva Freitas Meira,1,Tier 1 - Exact Match,2026-08-05 17:50:49,
GOAT002967,Fernando José da Silva Freitas Meira,spatial_zone_summary,statsbomb_player,Fernando José da Silva Freitas Meira,1,Tier 1 - Exact Match,2026-08-05 17:50:49,
GOAT002343,Flávio Nunes Ferreira,spatial_passing_centrality,statsbomb_player,Flávio Nunes Ferreira,1,Tier 1 - Exact Match,2026-08-05 17:50:49,
GOAT002343,Flávio Nunes Ferreira,spatial_zone_summary,statsbomb_player,Flávio Nunes Ferreira,1,Tier 1 - Exact Match,2026-08-05 17:50:49,
GOAT002160,Marlos Moreno Durán,spatial_passing_centrality,statsbomb_player,Marlos Moreno Durán,1,Tier 1 - Exact Match,2026-08-05 17:50:49,
GOAT002160,Marlos Moreno Durán,spatial_zone_summary,statsbomb_player,Marlos Moreno Durán,1,Tier 1 - Exact Match,2026-08-05 17:50:49,
GOAT002186,Marouane Chamakh,spatial_passing_centrality,statsbomb_player,Marouane Chamakh,1,Tier 1 - Exact Match,2026-08-05 17:50:49,
GOAT002186,Marouane Chamakh,spatial_zone_summary,statsbomb_player,Marouane Chamakh,1,Tier 1 - Exact Match,2026-08-05 17:50:49,
GOAT002642,Dávid Ďuriš,spatial_passing_centrality,statsbomb_player,Dávid Ďuriš,1,Tier 1 - Exact Match,2026-08-05 17:50:49,
GOAT002642,Dávid Ďuriš,spatial_zone_summary,statsbomb_player,Dávid Ďuriš,1,Tier 1 - Exact Match,2026-08-05 17:50:49,
GOAT002643,Ebi Smolarek,spatial_passing_centrality,statsbomb_player,Ebi Smolarek,1,Tier 1 - Exact Match,2026-08-05 17:50:49,
GOAT002643,Ebi Smolarek,spatial_zone_summary,statsbomb_player,Ebi Smolarek,1,Tier 1 - Exact Match,2026-08-05 17:50:49,
GOAT002185,Mateo Retegui,spatial_passing_centrality,statsbomb_player,Mateo Retegui,1,Tier 1 - Exact Match,2026-08-05 17:50:49,
GOAT002185,Mateo Retegui,spatial_zone_summary,statsbomb_player,Mateo Retegui,1,Tier 1 - Exact Match,2026-08-05 17:50:49,
GOAT002230,Mathias Jensen,spatial_passing_centrality,statsbomb_player,Mathias Jensen,1,Tier 1 - Exact Match,2026-08-05 17:50:49,
GOAT002230,Mathias Jensen,spatial_zone_summary,statsbomb_player,Mathias Jensen,1,Tier 1 - Exact Match,2026-08-05 17:50:49,
GOAT002231,Mathieu Choiniere,spatial_passing_centrality,statsbomb_player,Mathieu Choiniere,1,Tier 1 - Exact Match,2026-08-05 17:50:49,
GOAT002231,Mathieu Choiniere,spatial_zone_summary,statsbomb_player,Mathieu Choiniere,1,Tier 1 - Exact Match,2026-08-05 17:50:49,
GOAT002232,Mathieu Flamini,spatial_passing_centrality,statsbomb_player,Mathieu Flamini,1,Tier 1 - Exact Match,2026-08-05 17:50:49,
GOAT002232,Mathieu Flamini,spatial_zone_summary,statsbomb_player,Mathieu Flamini,1,Tier 1 - Exact Match,2026-08-05 17:50:49,
GOAT002233,Matt Jarvis,spatial_passing_centrality,statsbomb_player,Matt Jarvis,1,Tier 1 - Exact Match,2026-08-05 17:50:49,
GOAT002233,Matt Jarvis,spatial_zone_summary,statsbomb_player,Matt Jarvis,1,Tier 1 - Exact Match,2026-08-05 17:50:49,
GOAT002196,Martín Merquelanz Castellanos,spatial_passing_centrality,statsbomb_player,Martín Merquelanz Castellanos,1,Tier 1 - Exact Match,2026-08-05 17:50:49,
GOAT002196,Martín Merquelanz Castellanos,spatial_zone_summary,statsbomb_player,Martín Merquelanz Castellanos,1,Tier 1 - Exact Match,2026-08-05 17:50:49,
GOAT002184,Mateo Ezequiel García,spatial_passing_centrality,statsbomb_player,Mateo Ezequiel García,1,Tier 1 - Exact Match,2026-08-05 17:50:49,
GOAT002184,Mateo Ezequiel García,spatial_zone_summary,statsbomb_player,Mateo Ezequiel García,1,Tier 1 - Exact Match,2026-08-05 17:50:49,
GOAT002663,Edgar Badía Guardiola,spatial_passing_centrality,statsbomb_player,Edgar Badía Guardiola,1,Tier 1 - Exact Match,2026-08-05 17:50:49,
GOAT002663,Edgar Badía Guardiola,spatial_zone_summary,statsbomb_player,Edgar Badía Guardiola,1,Tier 1 - Exact Match,2026-08-05 17:50:49,
GOAT002705,Edgar Yoel Bárcenas Herrera,spatial_passing_centrality,statsbomb_player,Edgar Yoel Bárcenas Herrera,1,Tier 1 - Exact Match,2026-08-05 17:50:49,
GOAT002705,Edgar Yoel Bárcenas Herrera,spatial_zone_summary,statsbomb_player,Edgar Yoel Bárcenas Herrera,1,Tier 1 - Exact Match,2026-08-05 17:50:49,
GOAT002789,Edimar Curitiba Fraga,spatial_passing_centrality,statsbomb_player,Edimar Curitiba Fraga,1,Tier 1 - Exact Match,2026-08-05 17:50:49,
GOAT002789,Edimar Curitiba Fraga,spatial_zone_summary,statsbomb_player,Edimar Curitiba Fraga,1,Tier 1 - Exact Match,2026-08-05 17:50:49,
GOAT002790,Edimilson Fernandes,spatial_passing_centrality,statsbomb_player,Edimilson Fernandes,1,Tier 1 - Exact Match,2026-08-05 17:50:49,
GOAT002790,Edimilson Fernandes,spatial_zone_summary,statsbomb_player,Edimilson Fernandes,1,Tier 1 - Exact Match,2026-08-05 17:50:49,
GOAT002709,Edson Ramos de Silva,spatial_passing_centrality,statsbomb_player,Edson Ramos de Silva,1,Tier 1 - Exact Match,2026-08-05 17:50:49,
GOAT002709,Edson Ramos de Silva,spatial_zone_summary,statsbomb_player,Edson Ramos de Silva,1,Tier 1 - Exact Match,2026-08-05 17:50:49,
GOAT002710,Eduard Campabadal Claros,spatial_passing_centrality,statsbomb_player,Eduard Campabadal Claros,1,Tier 1 - Exact Match,2026-08-05 17:50:49,
GOAT002710,Eduard Campabadal Claros,spatial_zone_summary,statsbomb_player,Eduard Campabadal Claros,1,Tier 1 - Exact Match,2026-08-05 17:50:49,
GOAT002711,Eduardo Alonso Álvarez,spatial_passing_centrality,statsbomb_player,Eduardo Alonso Álvarez,1,Tier 1 - Exact Match,2026-08-05 17:50:49,
GOAT002711,Eduardo Alonso Álvarez,spatial_zone_summary,statsbomb_player,Eduardo Alonso Álvarez,1,Tier 1 - Exact Match,2026-08-05 17:50:49,
GOAT002202,Matthieu Saunier,spatial_passing_centrality,statsbomb_player,Matthieu Saunier,1,Tier 1 - Exact Match,2026-08-05 17:50:49,
GOAT002202,Matthieu Saunier,spatial_zone_summary,statsbomb_player,Matthieu Saunier,1,Tier 1 - Exact Match,2026-08-05 17:50:49,
GOAT002203,Mattia Zaccagni,spatial_passing_centrality,statsbomb_player,Mattia Zaccagni,1,Tier 1 - Exact Match,2026-08-05 17:50:49,
GOAT002203,Mattia Zaccagni,spatial_zone_summary,statsbomb_player,Mattia Zaccagni,1,Tier 1 - Exact Match,2026-08-05 17:50:49,
GOAT002204,Mattéo Guendouzi Olié,spatial_passing_centrality,statsbomb_player,Mattéo Guendouzi Olié,1,Tier 1 - Exact Match,2026-08-05 17:50:49,
GOAT002204,Mattéo Guendouzi Olié,spatial_zone_summary,statsbomb_player,Mattéo Guendouzi Olié,1,Tier 1 - Exact Match,2026-08-05 17:50:49,
GOAT002268,Matías Aguirregaray Guruceaga,spatial_passing_centrality,statsbomb_player,Matías Aguirregaray Guruceaga,1,Tier 1 - Exact Match,2026-08-05 17:50:49,
GOAT002268,Matías Aguirregaray Guruceaga,spatial_zone_summary,statsbomb_player,Matías Aguirregaray Guruceaga,1,Tier 1 - Exact Match,2026-08-05 17:50:49,
GOAT002237,Matías Ezequiel Vargas Martín,spatial_passing_centrality,statsbomb_player,Matías Ezequiel Vargas Martín,1,Tier 1 - Exact Match,2026-08-05 17:50:49,
GOAT002237,Matías Ezequiel Vargas Martín,spatial_zone_summary,statsbomb_player,Matías Ezequiel Vargas Martín,1,Tier 1 - Exact Match,2026-08-05 17:50:49,
GOAT002238,Matías Gustavo Alustiza,spatial_passing_centrality,statsbomb_player,Matías Gustavo Alustiza,1,Tier 1 - Exact Match,2026-08-05 17:50:49,
GOAT002238,Matías Gustavo Alustiza,spatial_zone_summary,statsbomb_player,Matías Gustavo Alustiza,1,Tier 1 - Exact Match,2026-08-05 17:50:49,
GOAT002252,Matías Nicolás Pavoni,spatial_passing_centrality,statsbomb_player,Matías Nicolás Pavoni,1,Tier 1 - Exact Match,2026-08-05 17:50:49,
GOAT002252,Matías Nicolás Pavoni,spatial_zone_summary,statsbomb_player,Matías Nicolás Pavoni,1,Tier 1 - Exact Match,2026-08-05 17:50:49,
GOAT002221,Matías Nicolás Viña Susperreguy,spatial_passing_centrality,statsbomb_player,Matías Nicolás Viña Susperreguy,1,Tier 1 - Exact Match,2026-08-05 17:50:49,
GOAT002221,Matías Nicolás Viña Susperreguy,spatial_zone_summary,statsbomb_player,Matías Nicolás Viña Susperreguy,1,Tier 1 - Exact Match,2026-08-05 17:50:49,
GOAT002612,Djibril Sidibé,spatial_passing_centrality,statsbomb_player,Djibril Sidibé,1,Tier 1 - Exact Match,2026-08-05 17:50:49,
GOAT002612,Djibril Sidibé,spatial_zone_summary,statsbomb_player,Djibril Sidibé,1,Tier 1 - Exact Match,2026-08-05 17:50:49,
GOAT002613,Djibril Sow,spatial_passing_centrality,statsbomb_player,Djibril Sow,1,Tier 1 - Exact Match,2026-08-05 17:50:49,
GOAT002613,Djibril Sow,spatial_zone_summary,statsbomb_player,Djibril Sow,1,Tier 1 - Exact Match,2026-08-05 17:50:49,
GOAT002614,Domenico Berardi,spatial_passing_centrality,statsbomb_player,Domenico Berardi,1,Tier 1 - Exact Match,2026-08-05 17:50:49,
GOAT002614,Domenico Berardi,spatial_zone_summary,statsbomb_player,Domenico Berardi,1,Tier 1 - Exact Match,2026-08-05 17:50:49,
GOAT002617,Duncan Watmore,spatial_passing_centrality,statsbomb_player,Duncan Watmore,1,Tier 1 - Exact Match,2026-08-05 17:50:49,
GOAT002617,Duncan Watmore,spatial_zone_summary,statsbomb_player,Duncan Watmore,1,Tier 1 - Exact Match,2026-08-05 17:50:49,
GOAT002618,Dušan Vlahović,spatial_passing_centrality,statsbomb_player,Dušan Vlahović,1,Tier 1 - Exact Match,2026-08-05 17:50:49,
GOAT002618,Dušan Vlahović,spatial_zone_summary,statsbomb_player,Dušan Vlahović,1,Tier 1 - Exact Match,2026-08-05 17:50:49,
GOAT002706,Dwight Gayle,spatial_passing_centrality,statsbomb_player,Dwight Gayle,1,Tier 1 - Exact Match,2026-08-05 17:50:49,
GOAT002706,Dwight Gayle,spatial_zone_summary,statsbomb_player,Dwight Gayle,1,Tier 1 - Exact Match,2026-08-05 17:50:49,
GOAT002707,Dylan Daniel Mahmoud Bronn,spatial_passing_centrality,statsbomb_player,Dylan Daniel Mahmoud Bronn,1,Tier 1 - Exact Match,2026-08-05 17:50:49,
GOAT002707,Dylan Daniel Mahmoud Bronn,spatial_zone_summary,statsbomb_player,Dylan Daniel Mahmoud Bronn,1,Tier 1 - Exact Match,2026-08-05 17:50:49,
GOAT002708,Dávid Hancko,spatial_passing_centrality,statsbomb_player,Dávid Hancko,1,Tier 1 - Exact Match,2026-08-05 17:50:49,
GOAT002708,Dávid Hancko,spatial_zone_summary,statsbomb_player,Dávid Hancko,1,Tier 1 - Exact Match,2026-08-05 17:50:49,
GOAT002565,Diego Rodolfo Placente,spatial_passing_centrality,statsbomb_player,Diego Rodolfo Placente,1,Tier 1 - Exact Match,2026-08-05 17:50:49,
GOAT002565,Diego Rodolfo Placente,spatial_zone_summary,statsbomb_player,Diego Rodolfo Placente,1,Tier 1 - Exact Match,2026-08-05 17:50:49,
GOAT002619,Diego Tardelli Martins,spatial_passing_centrality,statsbomb_player,Diego Tardelli Martins,1,Tier 1 - Exact Match,2026-08-05 17:50:49,
GOAT002619,Diego Tardelli Martins,spatial_zone_summary,statsbomb_player,Diego Tardelli Martins,1,Tier 1 - Exact Match,2026-08-05 17:50:49,
GOAT002620,Dimas Delgado Morgado,spatial_passing_centrality,statsbomb_player,Dimas Delgado Morgado,1,Tier 1 - Exact Match,2026-08-05 17:50:49,
GOAT002620,Dimas Delgado Morgado,spatial_zone_summary,statsbomb_player,Dimas Delgado Morgado,1,Tier 1 - Exact Match,2026-08-05 17:50:49,
GOAT002295,Foued Kadir,spatial_passing_centrality,statsbomb_player,Foued Kadir,1,Tier 1 - Exact Match,2026-08-05 17:50:49,
GOAT002295,Foued Kadir,spatial_zone_summary,statsbomb_player,Foued Kadir,1,Tier 1 - Exact Match,2026-08-05 17:50:49,
GOAT002137,Lionel Sebastián Scaloni,spatial_passing_centrality,statsbomb_player,Lionel Sebastián Scaloni,1,Tier 1 - Exact Match,2026-08-05 17:50:49,
GOAT002137,Lionel Sebastián Scaloni,spatial_zone_summary,statsbomb_player,Lionel Sebastián Scaloni,1,Tier 1 - Exact Match,2026-08-05 17:50:49,
GOAT002138,Lisandro Magallán,spatial_passing_centrality,statsbomb_player,Lisandro Magallán,1,Tier 1 - Exact Match,2026-08-05 17:50:49,
GOAT002138,Lisandro Magallán,spatial_zone_summary,statsbomb_player,Lisandro Magallán,1,Tier 1 - Exact Match,2026-08-05 17:50:49,
GOAT002242,Ljubomir Fejsa,spatial_passing_centrality,statsbomb_player,Ljubomir Fejsa,1,Tier 1 - Exact Match,2026-08-05 17:50:49,
GOAT002242,Ljubomir Fejsa,spatial_zone_summary,statsbomb_player,Ljubomir Fejsa,1,Tier 1 - Exact Match,2026-08-05 17:50:49,
GOAT002243,Lluís López Mármol,spatial_passing_centrality,statsbomb_player,Lluís López Mármol,1,Tier 1 - Exact Match,2026-08-05 17:50:49,
GOAT002243,Lluís López Mármol,spatial_zone_summary,statsbomb_player,Lluís López Mármol,1,Tier 1 - Exact Match,2026-08-05 17:50:49,
GOAT002164,Lorenzo Enrique Reyes Vicencio,spatial_passing_centrality,statsbomb_player,Lorenzo Enrique Reyes Vicencio,1,Tier 1 - Exact Match,2026-08-05 17:50:49,
GOAT002164,Lorenzo Enrique Reyes Vicencio,spatial_zone_summary,statsbomb_player,Lorenzo Enrique Reyes Vicencio,1,Tier 1 - Exact Match,2026-08-05 17:50:49,
GOAT002165,Lorenzo Insigne,spatial_passing_centrality,statsbomb_player,Lorenzo Insigne,1,Tier 1 - Exact Match,2026-08-05 17:50:49,
GOAT002165,Lorenzo Insigne,spatial_zone_summary,statsbomb_player,Lorenzo Insigne,1,Tier 1 - Exact Match,2026-08-05 17:50:49,
GOAT002166,Lorenzo Pellegrini,spatial_passing_centrality,statsbomb_player,Lorenzo Pellegrini,1,Tier 1 - Exact Match,2026-08-05 17:50:49,
GOAT002166,Lorenzo Pellegrini,spatial_zone_summary,statsbomb_player,Lorenzo Pellegrini,1,Tier 1 - Exact Match,2026-08-05 17:50:49,
GOAT002167,Loris Karius,spatial_passing_centrality,statsbomb_player,Loris Karius,1,Tier 1 - Exact Match,2026-08-05 17:50:49,
GOAT002167,Loris Karius,spatial_zone_summary,statsbomb_player,Loris Karius,1,Tier 1 - Exact Match,2026-08-05 17:50:49,
GOAT002968,Fernando Macedo Da Silva Rodilla,spatial_passing_centrality,statsbomb_player,Fernando Macedo Da Silva Rodilla,1,Tier 1 - Exact Match,2026-08-05 17:50:49,
GOAT002968,Fernando Macedo Da Silva Rodilla,spatial_zone_summary,statsbomb_player,Fernando Macedo Da Silva Rodilla,1,Tier 1 - Exact Match,2026-08-05 17:50:49,
GOAT002571,Fernando Niño Rodriguez,spatial_passing_centrality,statsbomb_player,Fernando Niño Rodriguez,1,Tier 1 - Exact Match,2026-08-05 17:50:49,
GOAT002571,Fernando Niño Rodriguez,spatial_zone_summary,statsbomb_player,Fernando Niño Rodriguez,1,Tier 1 - Exact Match,2026-08-05 17:50:49,
GOAT002214,Leon Goretzka,spatial_passing_centrality,statsbomb_player,Leon Goretzka,1,Tier 1 - Exact Match,2026-08-05 17:50:49,
GOAT002214,Leon Goretzka,spatial_zone_summary,statsbomb_player,Leon Goretzka,1,Tier 1 - Exact Match,2026-08-05 17:50:49,
GOAT002568,Dimitar Ivanov Berbatov,spatial_passing_centrality,statsbomb_player,Dimitar Ivanov Berbatov,1,Tier 1 - Exact Match,2026-08-05 17:50:49,
GOAT002568,Dimitar Ivanov Berbatov,spatial_zone_summary,statsbomb_player,Dimitar Ivanov Berbatov,1,Tier 1 - Exact Match,2026-08-05 17:50:49,
GOAT002215,Leon Osman,spatial_passing_centrality,statsbomb_player,Leon Osman,1,Tier 1 - Exact Match,2026-08-05 17:50:49,
GOAT002215,Leon Osman,spatial_zone_summary,statsbomb_player,Leon Osman,1,Tier 1 - Exact Match,2026-08-05 17:50:49,
GOAT002135,Leonardo Spinazzola,spatial_passing_centrality,statsbomb_player,Leonardo Spinazzola,1,Tier 1 - Exact Match,2026-08-05 17:50:49,
GOAT002135,Leonardo Spinazzola,spatial_zone_summary,statsbomb_player,Leonardo Spinazzola,1,Tier 1 - Exact Match,2026-08-05 17:50:49,
GOAT002136,Leroy Fer,spatial_passing_centrality,statsbomb_player,Leroy Fer,1,Tier 1 - Exact Match,2026-08-05 17:50:49,
GOAT002136,Leroy Fer,spatial_zone_summary,statsbomb_player,Leroy Fer,1,Tier 1 - Exact Match,2026-08-05 17:50:49,
GOAT002569,Fidel Escobar Mendieta,spatial_passing_centrality,statsbomb_player,Fidel Escobar Mendieta,1,Tier 1 - Exact Match,2026-08-05 17:50:49,
GOAT002569,Fidel Escobar Mendieta,spatial_zone_summary,statsbomb_player,Fidel Escobar Mendieta,1,Tier 1 - Exact Match,2026-08-05 17:50:49,
GOAT002570,Filip Kostić,spatial_passing_centrality,statsbomb_player,Filip Kostić,1,Tier 1 - Exact Match,2026-08-05 17:50:49,
GOAT002570,Filip Kostić,spatial_zone_summary,statsbomb_player,Filip Kostić,1,Tier 1 - Exact Match,2026-08-05 17:50:49,
GOAT002297,Filip Mladenović,spatial_passing_centrality,statsbomb_player,Filip Mladenović,1,Tier 1 - Exact Match,2026-08-05 17:50:49,
GOAT002297,Filip Mladenović,spatial_zone_summary,statsbomb_player,Filip Mladenović,1,Tier 1 - Exact Match,2026-08-05 17:50:49,
GOAT002298,Filipe Augusto Carvalho Souza,spatial_passing_centrality,statsbomb_player,Filipe Augusto Carvalho Souza,1,Tier 1 - Exact Match,2026-08-05 17:50:49,
GOAT002298,Filipe Augusto Carvalho Souza,spatial_zone_summary,statsbomb_player,Filipe Augusto Carvalho Souza,1,Tier 1 - Exact Match,2026-08-05 17:50:49,
GOAT002342,Florin Constantin Niţă,spatial_passing_centrality,statsbomb_player,Florin Constantin Niţă,1,Tier 1 - Exact Match,2026-08-05 17:50:49,
GOAT002342,Florin Constantin Niţă,spatial_zone_summary,statsbomb_player,Florin Constantin Niţă,1,Tier 1 - Exact Match,2026-08-05 17:50:49,
GOAT002045,Francisco David Sousa Franquelo,spatial_passing_centrality,statsbomb_player,Francisco David Sousa Franquelo,1,Tier 1 - Exact Match,2026-08-05 17:50:49,
GOAT002045,Francisco David Sousa Franquelo,spatial_zone_summary,statsbomb_player,Francisco David Sousa Franquelo,1,Tier 1 - Exact Match,2026-08-05 17:50:49,
GOAT002653,Dominic Calvert-Lewin,spatial_passing_centrality,statsbomb_player,Dominic Calvert-Lewin,1,Tier 1 - Exact Match,2026-08-05 17:50:49,
GOAT002653,Dominic Calvert-Lewin,spatial_zone_summary,statsbomb_player,Dominic Calvert-Lewin,1,Tier 1 - Exact Match,2026-08-05 17:50:49,
GOAT002515,Donyell Malen,spatial_passing_centrality,statsbomb_player,Donyell Malen,1,Tier 1 - Exact Match,2026-08-05 17:50:49,
GOAT002515,Donyell Malen,spatial_zone_summary,statsbomb_player,Donyell Malen,1,Tier 1 - Exact Match,2026-08-05 17:50:49,
GOAT002258,Mauricio Andrés Cuero Castillo,spatial_passing_centrality,statsbomb_player,Mauricio Andrés Cuero Castillo,1,Tier 1 - Exact Match,2026-08-05 17:50:49,
GOAT002258,Mauricio Andrés Cuero Castillo,spatial_zone_summary,statsbomb_player,Mauricio Andrés Cuero Castillo,1,Tier 1 - Exact Match,2026-08-05 17:50:49,
GOAT002259,Mauricio Aníbal Isla Isla,spatial_passing_centrality,statsbomb_player,Mauricio Aníbal Isla Isla,1,Tier 1 - Exact Match,2026-08-05 17:50:49,
GOAT002259,Mauricio Aníbal Isla Isla,spatial_zone_summary,statsbomb_player,Mauricio Aníbal Isla Isla,1,Tier 1 - Exact Match,2026-08-05 17:50:49,
GOAT002260,Mauricio Roberto Pochettino Trossero,spatial_passing_centrality,statsbomb_player,Mauricio Roberto Pochettino Trossero,1,Tier 1 - Exact Match,2026-08-05 17:50:49,
GOAT002260,Mauricio Roberto Pochettino Trossero,spatial_zone_summary,statsbomb_player,Mauricio Roberto Pochettino Trossero,1,Tier 1 - Exact Match,2026-08-05 17:50:49,
GOAT002261,Max-Alain Gradel,spatial_passing_centrality,statsbomb_player,Max-Alain Gradel,1,Tier 1 - Exact Match,2026-08-05 17:50:49,
GOAT002261,Max-Alain Gradel,spatial_zone_summary,statsbomb_player,Max-Alain Gradel,1,Tier 1 - Exact Match,2026-08-05 17:50:49,
GOAT002476,Diego Ribas da Cunha,spatial_passing_centrality,statsbomb_player,Diego Ribas da Cunha,1,Tier 1 - Exact Match,2026-08-05 17:50:49,
GOAT002476,Diego Ribas da Cunha,spatial_zone_summary,statsbomb_player,Diego Ribas da Cunha,1,Tier 1 - Exact Match,2026-08-05 17:50:49,
GOAT002254,Michal Ďuriš,spatial_passing_centrality,statsbomb_player,Michal Ďuriš,1,Tier 1 - Exact Match,2026-08-05 17:50:49,
GOAT002254,Michal Ďuriš,spatial_zone_summary,statsbomb_player,Michal Ďuriš,1,Tier 1 - Exact Match,2026-08-05 17:50:49,
GOAT002274,Mickaël Ciani,spatial_passing_centrality,statsbomb_player,Mickaël Ciani,1,Tier 1 - Exact Match,2026-08-05 17:50:49,
GOAT002274,Mickaël Ciani,spatial_zone_summary,statsbomb_player,Mickaël Ciani,1,Tier 1 - Exact Match,2026-08-05 17:50:49,
GOAT002313,Miguel Filipe Nunes Cardoso,spatial_passing_centrality,statsbomb_player,Miguel Filipe Nunes Cardoso,1,Tier 1 - Exact Match,2026-08-05 17:50:49,
GOAT002313,Miguel Filipe Nunes Cardoso,spatial_zone_summary,statsbomb_player,Miguel Filipe Nunes Cardoso,1,Tier 1 - Exact Match,2026-08-05 17:50:49,
GOAT002314,Miguel Olavide Montes,spatial_passing_centrality,statsbomb_player,Miguel Olavide Montes,1,Tier 1 - Exact Match,2026-08-05 17:50:49,
GOAT002314,Miguel Olavide Montes,spatial_zone_summary,statsbomb_player,Miguel Olavide Montes,1,Tier 1 - Exact Match,2026-08-05 17:50:49,
GOAT002315,Miguel Palanca Fernández,spatial_passing_centrality,statsbomb_player,Miguel Palanca Fernández,1,Tier 1 - Exact Match,2026-08-05 17:50:49,
GOAT002315,Miguel Palanca Fernández,spatial_zone_summary,statsbomb_player,Miguel Palanca Fernández,1,Tier 1 - Exact Match,2026-08-05 17:50:49,
GOAT002234,Mbark Boussoufa,spatial_passing_centrality,statsbomb_player,Mbark Boussoufa,1,Tier 1 - Exact Match,2026-08-05 17:50:49,
GOAT002234,Mbark Boussoufa,spatial_zone_summary,statsbomb_player,Mbark Boussoufa,1,Tier 1 - Exact Match,2026-08-05 17:50:49,
GOAT002267,Medhi Amine El Mouttaqi Benatia,spatial_passing_centrality,statsbomb_player,Medhi Amine El Mouttaqi Benatia,1,Tier 1 - Exact Match,2026-08-05 17:50:49,
GOAT002267,Medhi Amine El Mouttaqi Benatia,spatial_zone_summary,statsbomb_player,Medhi Amine El Mouttaqi Benatia,1,Tier 1 - Exact Match,2026-08-05 17:50:49,
GOAT002266,Mehdi Taremi,spatial_passing_centrality,statsbomb_player,Mehdi Taremi,1,Tier 1 - Exact Match,2026-08-05 17:50:49,
GOAT002266,Mehdi Taremi,spatial_zone_summary,statsbomb_player,Mehdi Taremi,1,Tier 1 - Exact Match,2026-08-05 17:50:49,
GOAT002275,Mehmet Topal,spatial_passing_centrality,statsbomb_player,Mehmet Topal,1,Tier 1 - Exact Match,2026-08-05 17:50:49,
GOAT002275,Mehmet Topal,spatial_zone_summary,statsbomb_player,Mehmet Topal,1,Tier 1 - Exact Match,2026-08-05 17:50:49,
GOAT002276,Mehmet Zeki Çelik,spatial_passing_centrality,statsbomb_player,Mehmet Zeki Çelik,1,Tier 1 - Exact Match,2026-08-05 17:50:49,
GOAT002276,Mehmet Zeki Çelik,spatial_zone_summary,statsbomb_player,Mehmet Zeki Çelik,1,Tier 1 - Exact Match,2026-08-05 17:50:49,
GOAT002277,Merih Demiral,spatial_passing_centrality,statsbomb_player,Merih Demiral,1,Tier 1 - Exact Match,2026-08-05 17:50:49,
GOAT002277,Merih Demiral,spatial_zone_summary,statsbomb_player,Merih Demiral,1,Tier 1 - Exact Match,2026-08-05 17:50:49,
GOAT002278,Micah Richards,spatial_passing_centrality,statsbomb_player,Micah Richards,1,Tier 1 - Exact Match,2026-08-05 17:50:49,
GOAT002278,Micah Richards,spatial_zone_summary,statsbomb_player,Micah Richards,1,Tier 1 - Exact Match,2026-08-05 17:50:49,
GOAT002279,Michael Amir Murillo Bermudez,spatial_passing_centrality,statsbomb_player,Michael Amir Murillo Bermudez,1,Tier 1 - Exact Match,2026-08-05 17:50:49,
GOAT002279,Michael Amir Murillo Bermudez,spatial_zone_summary,statsbomb_player,Michael Amir Murillo Bermudez,1,Tier 1 - Exact Match,2026-08-05 17:50:49,
GOAT002280,Michael Essien,spatial_passing_centrality,statsbomb_player,Michael Essien,1,Tier 1 - Exact Match,2026-08-05 17:50:49,
GOAT002280,Michael Essien,spatial_zone_summary,statsbomb_player,Michael Essien,1,Tier 1 - Exact Match,2026-08-05 17:50:49,
GOAT002472,Diego Benito Rey,spatial_passing_centrality,statsbomb_player,Diego Benito Rey,1,Tier 1 - Exact Match,2026-08-05 17:50:49,
GOAT002472,Diego Benito Rey,spatial_zone_summary,statsbomb_player,Diego Benito Rey,1,Tier 1 - Exact Match,2026-08-05 17:50:49,
GOAT002514,Diego Lainez Leyva,spatial_passing_centrality,statsbomb_player,Diego Lainez Leyva,1,Tier 1 - Exact Match,2026-08-05 17:50:49,
GOAT002514,Diego Lainez Leyva,spatial_zone_summary,statsbomb_player,Diego Lainez Leyva,1,Tier 1 - Exact Match,2026-08-05 17:50:49,
GOAT002482,Diafra Sakho,spatial_passing_centrality,statsbomb_player,Diafra Sakho,1,Tier 1 - Exact Match,2026-08-05 17:50:49,
GOAT002482,Diafra Sakho,spatial_zone_summary,statsbomb_player,Diafra Sakho,1,Tier 1 - Exact Match,2026-08-05 17:50:49,
GOAT002255,Francisco Esteban Granados,spatial_passing_centrality,statsbomb_player,Francisco Esteban Granados,1,Tier 1 - Exact Match,2026-08-05 17:50:49,
GOAT002255,Francisco Esteban Granados,spatial_zone_summary,statsbomb_player,Francisco Esteban Granados,1,Tier 1 - Exact Match,2026-08-05 17:50:49,
GOAT002245,Laureano Bisan-Etame Mayer,spatial_passing_centrality,statsbomb_player,Laureano Bisan-Etame Mayer,1,Tier 1 - Exact Match,2026-08-05 17:50:49,
GOAT002245,Laureano Bisan-Etame Mayer,spatial_zone_summary,statsbomb_player,Laureano Bisan-Etame Mayer,1,Tier 1 - Exact Match,2026-08-05 17:50:49,
GOAT002169,Laurent Courtois,spatial_passing_centrality,statsbomb_player,Laurent Courtois,1,Tier 1 - Exact Match,2026-08-05 17:50:49,
GOAT002169,Laurent Courtois,spatial_zone_summary,statsbomb_player,Laurent Courtois,1,Tier 1 - Exact Match,2026-08-05 17:50:49,
GOAT002170,Laurent Viaud,spatial_passing_centrality,statsbomb_player,Laurent Viaud,1,Tier 1 - Exact Match,2026-08-05 17:50:49,
GOAT002170,Laurent Viaud,spatial_zone_summary,statsbomb_player,Laurent Viaud,1,Tier 1 - Exact Match,2026-08-05 17:50:49,
GOAT002171,Lawrence Ati-Zigi,spatial_passing_centrality,statsbomb_player,Lawrence Ati-Zigi,1,Tier 1 - Exact Match,2026-08-05 17:50:49,
GOAT002171,Lawrence Ati-Zigi,spatial_zone_summary,statsbomb_player,Lawrence Ati-Zigi,1,Tier 1 - Exact Match,2026-08-05 17:50:49,
GOAT002172,Leandro Bacuna,spatial_passing_centrality,statsbomb_player,Leandro Bacuna,1,Tier 1 - Exact Match,2026-08-05 17:50:49,
GOAT002172,Leandro Bacuna,spatial_zone_summary,statsbomb_player,Leandro Bacuna,1,Tier 1 - Exact Match,2026-08-05 17:50:49,
GOAT002209,Leandro Daniel Somoza,spatial_passing_centrality,statsbomb_player,Leandro Daniel Somoza,1,Tier 1 - Exact Match,2026-08-05 17:50:49,
GOAT002209,Leandro Daniel Somoza,spatial_zone_summary,statsbomb_player,Leandro Daniel Somoza,1,Tier 1 - Exact Match,2026-08-05 17:50:49,
GOAT002210,Lee Cattermole,spatial_passing_centrality,statsbomb_player,Lee Cattermole,1,Tier 1 - Exact Match,2026-08-05 17:50:49,
GOAT002210,Lee Cattermole,spatial_zone_summary,statsbomb_player,Lee Cattermole,1,Tier 1 - Exact Match,2026-08-05 17:50:49,
GOAT002294,Leighton Baines,spatial_passing_centrality,statsbomb_player,Leighton Baines,1,Tier 1 - Exact Match,2026-08-05 17:50:49,
GOAT002294,Leighton Baines,spatial_zone_summary,statsbomb_player,Leighton Baines,1,Tier 1 - Exact Match,2026-08-05 17:50:49,
GOAT002289,Francisco Javier Vicente Navarro,spatial_passing_centrality,statsbomb_player,Francisco Javier Vicente Navarro,1,Tier 1 - Exact Match,2026-08-05 17:50:49,
GOAT002289,Francisco Javier Vicente Navarro,spatial_zone_summary,statsbomb_player,Francisco Javier Vicente Navarro,1,Tier 1 - Exact Match,2026-08-05 17:50:49,
GOAT002438,Didier Domi,spatial_passing_centrality,statsbomb_player,Didier Domi,1,Tier 1 - Exact Match,2026-08-05 17:50:49,
GOAT002438,Didier Domi,spatial_zone_summary,statsbomb_player,Didier Domi,1,Tier 1 - Exact Match,2026-08-05 17:50:49,
GOAT002281,Miguel Ángel Garrido Cifuentes,spatial_passing_centrality,statsbomb_player,Miguel Ángel Garrido Cifuentes,1,Tier 1 - Exact Match,2026-08-05 17:50:49,
GOAT002281,Miguel Ángel Garrido Cifuentes,spatial_zone_summary,statsbomb_player,Miguel Ángel Garrido Cifuentes,1,Tier 1 - Exact Match,2026-08-05 17:50:49,
GOAT002222,Michael Krmenčík,spatial_passing_centrality,statsbomb_player,Michael Krmenčík,1,Tier 1 - Exact Match,2026-08-05 17:50:49,
GOAT002222,Michael Krmenčík,spatial_zone_summary,statsbomb_player,Michael Krmenčík,1,Tier 1 - Exact Match,2026-08-05 17:50:49,
GOAT002223,Michael Nicolás Santos Rosadilla,spatial_passing_centrality,statsbomb_player,Michael Nicolás Santos Rosadilla,1,Tier 1 - Exact Match,2026-08-05 17:50:49,
GOAT002223,Michael Nicolás Santos Rosadilla,spatial_zone_summary,statsbomb_player,Michael Nicolás Santos Rosadilla,1,Tier 1 - Exact Match,2026-08-05 17:50:49,
GOAT002224,Michael Olunga Ogada,spatial_passing_centrality,statsbomb_player,Michael Olunga Ogada,1,Tier 1 - Exact Match,2026-08-05 17:50:49,
GOAT002224,Michael Olunga Ogada,spatial_zone_summary,statsbomb_player,Michael Olunga Ogada,1,Tier 1 - Exact Match,2026-08-05 17:50:49,
GOAT002332,Kári Árnason,spatial_passing_centrality,statsbomb_player,Kári Árnason,1,Tier 1 - Exact Match,2026-08-05 17:50:49,
GOAT002332,Kári Árnason,spatial_zone_summary,statsbomb_player,Kári Árnason,1,Tier 1 - Exact Match,2026-08-05 17:50:49,
GOAT002301,Ladislav Krejčí,spatial_passing_centrality,statsbomb_player,Ladislav Krejčí,1,Tier 1 - Exact Match,2026-08-05 17:50:49,
GOAT002301,Ladislav Krejčí,spatial_zone_summary,statsbomb_player,Ladislav Krejčí,1,Tier 1 - Exact Match,2026-08-05 17:50:49,
GOAT002216,Lasha Dvali,spatial_passing_centrality,statsbomb_player,Lasha Dvali,1,Tier 1 - Exact Match,2026-08-05 17:50:49,
GOAT002216,Lasha Dvali,spatial_zone_summary,statsbomb_player,Lasha Dvali,1,Tier 1 - Exact Match,2026-08-05 17:50:49,
GOAT002217,Lassad Hassen Nouioui,spatial_passing_centrality,statsbomb_player,Lassad Hassen Nouioui,1,Tier 1 - Exact Match,2026-08-05 17:50:49,
GOAT002217,Lassad Hassen Nouioui,spatial_zone_summary,statsbomb_player,Lassad Hassen Nouioui,1,Tier 1 - Exact Match,2026-08-05 17:50:49,
GOAT002218,Lasse Schöne,spatial_passing_centrality,statsbomb_player,Lasse Schöne,1,Tier 1 - Exact Match,2026-08-05 17:50:49,
GOAT002218,Lasse Schöne,spatial_zone_summary,statsbomb_player,Lasse Schöne,1,Tier 1 - Exact Match,2026-08-05 17:50:49,
GOAT002296,Fran Karačić,spatial_passing_centrality,statsbomb_player,Fran Karačić,1,Tier 1 - Exact Match,2026-08-05 17:50:49,
GOAT002296,Fran Karačić,spatial_zone_summary,statsbomb_player,Fran Karačić,1,Tier 1 - Exact Match,2026-08-05 17:50:49,
GOAT002066,Francisco Borja Enrique Ayesa,spatial_passing_centrality,statsbomb_player,Francisco Borja Enrique Ayesa,1,Tier 1 - Exact Match,2026-08-05 17:50:49,
GOAT002066,Francisco Borja Enrique Ayesa,spatial_zone_summary,statsbomb_player,Francisco Borja Enrique Ayesa,1,Tier 1 - Exact Match,2026-08-05 17:50:49,
GOAT002370,Kieran Gibbs,spatial_passing_centrality,statsbomb_player,Kieran Gibbs,1,Tier 1 - Exact Match,2026-08-05 17:50:49,
GOAT002370,Kieran Gibbs,spatial_zone_summary,statsbomb_player,Kieran Gibbs,1,Tier 1 - Exact Match,2026-08-05 17:50:49,
GOAT002437,Dejan Dražić,spatial_passing_centrality,statsbomb_player,Dejan Dražić,1,Tier 1 - Exact Match,2026-08-05 17:50:49,
GOAT002437,Dejan Dražić,spatial_zone_summary,statsbomb_player,Dejan Dražić,1,Tier 1 - Exact Match,2026-08-05 17:50:49,
GOAT002371,Dejan Kulusevski,spatial_passing_centrality,statsbomb_player,Dejan Kulusevski,1,Tier 1 - Exact Match,2026-08-05 17:50:49,
GOAT002371,Dejan Kulusevski,spatial_zone_summary,statsbomb_player,Dejan Kulusevski,1,Tier 1 - Exact Match,2026-08-05 17:50:49,
GOAT002316,Miguel Ángel Borja Hernández,spatial_passing_centrality,statsbomb_player,Miguel Ángel Borja Hernández,1,Tier 1 - Exact Match,2026-08-05 17:50:49,
GOAT002316,Miguel Ángel Borja Hernández,spatial_zone_summary,statsbomb_player,Miguel Ángel Borja Hernández,1,Tier 1 - Exact Match,2026-08-05 17:50:49,
GOAT002285,Miguel Ángel Britos Cabrera,spatial_passing_centrality,statsbomb_player,Miguel Ángel Britos Cabrera,1,Tier 1 - Exact Match,2026-08-05 17:50:49,
GOAT002285,Miguel Ángel Britos Cabrera,spatial_zone_summary,statsbomb_player,Miguel Ángel Britos Cabrera,1,Tier 1 - Exact Match,2026-08-05 17:50:49,
GOAT002412,Denis Mihai Drăguş,spatial_passing_centrality,statsbomb_player,Denis Mihai Drăguş,1,Tier 1 - Exact Match,2026-08-05 17:50:49,
GOAT002412,Denis Mihai Drăguş,spatial_zone_summary,statsbomb_player,Denis Mihai Drăguş,1,Tier 1 - Exact Match,2026-08-05 17:50:49,
GOAT002433,Dennis Bergkamp,spatial_passing_centrality,statsbomb_player,Dennis Bergkamp,1,Tier 1 - Exact Match,2026-08-05 17:50:49,
GOAT002433,Dennis Bergkamp,spatial_zone_summary,statsbomb_player,Dennis Bergkamp,1,Tier 1 - Exact Match,2026-08-05 17:50:49,
GOAT002434,Dennis Man,spatial_passing_centrality,statsbomb_player,Dennis Man,1,Tier 1 - Exact Match,2026-08-05 17:50:49,
GOAT002434,Dennis Man,spatial_zone_summary,statsbomb_player,Dennis Man,1,Tier 1 - Exact Match,2026-08-05 17:50:49,
GOAT002435,Dennis Praet,spatial_passing_centrality,statsbomb_player,Dennis Praet,1,Tier 1 - Exact Match,2026-08-05 17:50:49,
GOAT002435,Dennis Praet,spatial_zone_summary,statsbomb_player,Dennis Praet,1,Tier 1 - Exact Match,2026-08-05 17:50:49,
GOAT002372,Denis Alibec,spatial_passing_centrality,statsbomb_player,Denis Alibec,1,Tier 1 - Exact Match,2026-08-05 17:50:49,
GOAT002372,Denis Alibec,spatial_zone_summary,statsbomb_player,Denis Alibec,1,Tier 1 - Exact Match,2026-08-05 17:50:49,
GOAT002304,Mikel Labaka Zurriarain,spatial_passing_centrality,statsbomb_player,Mikel Labaka Zurriarain,1,Tier 1 - Exact Match,2026-08-05 17:50:49,
GOAT002304,Mikel Labaka Zurriarain,spatial_zone_summary,statsbomb_player,Mikel Labaka Zurriarain,1,Tier 1 - Exact Match,2026-08-05 17:50:49,
GOAT002348,Milad Mohammadi,spatial_passing_centrality,statsbomb_player,Milad Mohammadi,1,Tier 1 - Exact Match,2026-08-05 17:50:49,
GOAT002348,Milad Mohammadi,spatial_zone_summary,statsbomb_player,Milad Mohammadi,1,Tier 1 - Exact Match,2026-08-05 17:50:49,
GOAT002317,Milan Stepanov,spatial_passing_centrality,statsbomb_player,Milan Stepanov,1,Tier 1 - Exact Match,2026-08-05 17:50:49,
GOAT002317,Milan Stepanov,spatial_zone_summary,statsbomb_player,Milan Stepanov,1,Tier 1 - Exact Match,2026-08-05 17:50:49,
GOAT002319,Min Jae Kim,spatial_passing_centrality,statsbomb_player,Min Jae Kim,1,Tier 1 - Exact Match,2026-08-05 17:50:49,
GOAT002319,Min Jae Kim,spatial_zone_summary,statsbomb_player,Min Jae Kim,1,Tier 1 - Exact Match,2026-08-05 17:50:49,
GOAT002320,Mirlind Daku,spatial_passing_centrality,statsbomb_player,Mirlind Daku,1,Tier 1 - Exact Match,2026-08-05 17:50:49,
GOAT002320,Mirlind Daku,spatial_zone_summary,statsbomb_player,Mirlind Daku,1,Tier 1 - Exact Match,2026-08-05 17:50:49,
GOAT002282,Miguel Ángel Nieto de la Calle,spatial_passing_centrality,statsbomb_player,Miguel Ángel Nieto de la Calle,1,Tier 1 - Exact Match,2026-08-05 17:50:49,
GOAT002282,Miguel Ángel Nieto de la Calle,spatial_zone_summary,statsbomb_player,Miguel Ángel Nieto de la Calle,1,Tier 1 - Exact Match,2026-08-05 17:50:49,
GOAT002283,Miguel Ángel Sánchez Muñoz,spatial_passing_centrality,statsbomb_player,Miguel Ángel Sánchez Muñoz,1,Tier 1 - Exact Match,2026-08-05 17:50:49,
GOAT002283,Miguel Ángel Sánchez Muñoz,spatial_zone_summary,statsbomb_player,Miguel Ángel Sánchez Muñoz,1,Tier 1 - Exact Match,2026-08-05 17:50:49,
GOAT002284,Miguel Ángel Trauco Saavedra,spatial_passing_centrality,statsbomb_player,Miguel Ángel Trauco Saavedra,1,Tier 1 - Exact Match,2026-08-05 17:50:49,
GOAT002284,Miguel Ángel Trauco Saavedra,spatial_zone_summary,statsbomb_player,Miguel Ángel Trauco Saavedra,1,Tier 1 - Exact Match,2026-08-05 17:50:49,
GOAT002253,Mikael Lustig,spatial_passing_centrality,statsbomb_player,Mikael Lustig,1,Tier 1 - Exact Match,2026-08-05 17:50:49,
GOAT002253,Mikael Lustig,spatial_zone_summary,statsbomb_player,Mikael Lustig,1,Tier 1 - Exact Match,2026-08-05 17:50:49,
GOAT002321,Mikaël Silvestre,spatial_passing_centrality,statsbomb_player,Mikaël Silvestre,1,Tier 1 - Exact Match,2026-08-05 17:50:49,
GOAT002321,Mikaël Silvestre,spatial_zone_summary,statsbomb_player,Mikaël Silvestre,1,Tier 1 - Exact Match,2026-08-05 17:50:49,
GOAT002302,Mikel Aguirregomezkorta Larrea,spatial_passing_centrality,statsbomb_player,Mikel Aguirregomezkorta Larrea,1,Tier 1 - Exact Match,2026-08-05 17:50:49,
GOAT002302,Mikel Aguirregomezkorta Larrea,spatial_zone_summary,statsbomb_player,Mikel Aguirregomezkorta Larrea,1,Tier 1 - Exact Match,2026-08-05 17:50:49,
GOAT002303,Mikel Arruabarrena Aranbide,spatial_passing_centrality,statsbomb_player,Mikel Arruabarrena Aranbide,1,Tier 1 - Exact Match,2026-08-05 17:50:49,
GOAT002303,Mikel Arruabarrena Aranbide,spatial_zone_summary,statsbomb_player,Mikel Arruabarrena Aranbide,1,Tier 1 - Exact Match,2026-08-05 17:50:49,
GOAT002345,Davide Frattesi,spatial_passing_centrality,statsbomb_player,Davide Frattesi,1,Tier 1 - Exact Match,2026-08-05 17:50:49,
GOAT002345,Davide Frattesi,spatial_zone_summary,statsbomb_player,Davide Frattesi,1,Tier 1 - Exact Match,2026-08-05 17:50:49,
GOAT002436,Deian Cristian Sorescu,spatial_passing_centrality,statsbomb_player,Deian Cristian Sorescu,1,Tier 1 - Exact Match,2026-08-05 17:50:49,
GOAT002436,Deian Cristian Sorescu,spatial_zone_summary,statsbomb_player,Deian Cristian Sorescu,1,Tier 1 - Exact Match,2026-08-05 17:50:49,
GOAT002293,Kyung-Won Kwon,spatial_passing_centrality,statsbomb_player,Kyung-Won Kwon,1,Tier 1 - Exact Match,2026-08-05 17:50:49,
GOAT002293,Kyung-Won Kwon,spatial_zone_summary,statsbomb_player,Kyung-Won Kwon,1,Tier 1 - Exact Match,2026-08-05 17:50:49,
GOAT002360,Mohamed Naser Elsayed Elneny,spatial_passing_centrality,statsbomb_player,Mohamed Naser Elsayed Elneny,1,Tier 1 - Exact Match,2026-08-05 17:50:49,
GOAT002360,Mohamed Naser Elsayed Elneny,spatial_zone_summary,statsbomb_player,Mohamed Naser Elsayed Elneny,1,Tier 1 - Exact Match,2026-08-05 17:50:49,
GOAT002361,Mohamed Salah,spatial_passing_centrality,statsbomb_player,Mohamed Salah,1,Tier 1 - Exact Match,2026-08-05 17:50:49,
GOAT002361,Mohamed Salah,spatial_zone_summary,statsbomb_player,Mohamed Salah,1,Tier 1 - Exact Match,2026-08-05 17:50:49,
GOAT002364,Mohammed Kudus,spatial_passing_centrality,statsbomb_player,Mohammed Kudus,1,Tier 1 - Exact Match,2026-08-05 17:50:49,
GOAT002364,Mohammed Kudus,spatial_zone_summary,statsbomb_player,Mohammed Kudus,1,Tier 1 - Exact Match,2026-08-05 17:50:49,
GOAT002248,Kieran Tierney,spatial_passing_centrality,statsbomb_player,Kieran Tierney,1,Tier 1 - Exact Match,2026-08-05 17:50:49,
GOAT002248,Kieran Tierney,spatial_zone_summary,statsbomb_player,Kieran Tierney,1,Tier 1 - Exact Match,2026-08-05 17:50:49,
GOAT002249,Klaas-Jan Huntelaar,spatial_passing_centrality,statsbomb_player,Klaas-Jan Huntelaar,1,Tier 1 - Exact Match,2026-08-05 17:50:49,
GOAT002249,Klaas-Jan Huntelaar,spatial_zone_summary,statsbomb_player,Klaas-Jan Huntelaar,1,Tier 1 - Exact Match,2026-08-05 17:50:49,
GOAT002250,Klaus Gjasula,spatial_passing_centrality,statsbomb_player,Klaus Gjasula,1,Tier 1 - Exact Match,2026-08-05 17:50:49,
GOAT002250,Klaus Gjasula,spatial_zone_summary,statsbomb_player,Klaus Gjasula,1,Tier 1 - Exact Match,2026-08-05 17:50:49,
GOAT002251,Knut Olav Rindarøy,spatial_passing_centrality,statsbomb_player,Knut Olav Rindarøy,1,Tier 1 - Exact Match,2026-08-05 17:50:49,
GOAT002251,Knut Olav Rindarøy,spatial_zone_summary,statsbomb_player,Knut Olav Rindarøy,1,Tier 1 - Exact Match,2026-08-05 17:50:49,
GOAT002290,Kristjan Asllani,spatial_passing_centrality,statsbomb_player,Kristjan Asllani,1,Tier 1 - Exact Match,2026-08-05 17:50:49,
GOAT002290,Kristjan Asllani,spatial_zone_summary,statsbomb_player,Kristjan Asllani,1,Tier 1 - Exact Match,2026-08-05 17:50:49,
GOAT002291,Kristoffer Nordfeldt,spatial_passing_centrality,statsbomb_player,Kristoffer Nordfeldt,1,Tier 1 - Exact Match,2026-08-05 17:50:49,
GOAT002291,Kristoffer Nordfeldt,spatial_zone_summary,statsbomb_player,Kristoffer Nordfeldt,1,Tier 1 - Exact Match,2026-08-05 17:50:49,
GOAT002292,Kristoffer Olsson,spatial_passing_centrality,statsbomb_player,Kristoffer Olsson,1,Tier 1 - Exact Match,2026-08-05 17:50:49,
GOAT002292,Kristoffer Olsson,spatial_zone_summary,statsbomb_player,Kristoffer Olsson,1,Tier 1 - Exact Match,2026-08-05 17:50:49,
GOAT002286,Francisco Javier Calvo Quesada,spatial_passing_centrality,statsbomb_player,Francisco Javier Calvo Quesada,1,Tier 1 - Exact Match,2026-08-05 17:50:49,
GOAT002286,Francisco Javier Calvo Quesada,spatial_zone_summary,statsbomb_player,Francisco Javier Calvo Quesada,1,Tier 1 - Exact Match,2026-08-05 17:50:49,
GOAT002287,Francisco Javier Hidalgo Gómez,spatial_passing_centrality,statsbomb_player,Francisco Javier Hidalgo Gómez,1,Tier 1 - Exact Match,2026-08-05 17:50:49,
GOAT002287,Francisco Javier Hidalgo Gómez,spatial_zone_summary,statsbomb_player,Francisco Javier Hidalgo Gómez,1,Tier 1 - Exact Match,2026-08-05 17:50:49,
GOAT002288,Francisco Javier Sánchez Broto,spatial_passing_centrality,statsbomb_player,Francisco Javier Sánchez Broto,1,Tier 1 - Exact Match,2026-08-05 17:50:49,
GOAT002288,Francisco Javier Sánchez Broto,spatial_zone_summary,statsbomb_player,Francisco Javier Sánchez Broto,1,Tier 1 - Exact Match,2026-08-05 17:50:49,
GOAT002340,Kevin Nahin Álvarez Campos,spatial_passing_centrality,statsbomb_player,Kevin Nahin Álvarez Campos,1,Tier 1 - Exact Match,2026-08-05 17:50:49,
GOAT002340,Kevin Nahin Álvarez Campos,spatial_zone_summary,statsbomb_player,Kevin Nahin Álvarez Campos,1,Tier 1 - Exact Match,2026-08-05 17:50:49,
GOAT002333,Moisés Isaac Caicedo Corozo,spatial_passing_centrality,statsbomb_player,Moisés Isaac Caicedo Corozo,1,Tier 1 - Exact Match,2026-08-05 17:50:49,
GOAT002333,Moisés Isaac Caicedo Corozo,spatial_zone_summary,statsbomb_player,Moisés Isaac Caicedo Corozo,1,Tier 1 - Exact Match,2026-08-05 17:50:49,
GOAT002334,Mojmír Chytil,spatial_passing_centrality,statsbomb_player,Mojmír Chytil,1,Tier 1 - Exact Match,2026-08-05 17:50:49,
GOAT002334,Mojmír Chytil,spatial_zone_summary,statsbomb_player,Mojmír Chytil,1,Tier 1 - Exact Match,2026-08-05 17:50:49,
GOAT002082,David García Cubillo,spatial_passing_centrality,statsbomb_player,David García Cubillo,1,Tier 1 - Exact Match,2026-08-05 17:50:49,
GOAT002082,David García Cubillo,spatial_zone_summary,statsbomb_player,David García Cubillo,1,Tier 1 - Exact Match,2026-08-05 17:50:49,
GOAT002335,Montassar Omar Talbi,spatial_passing_centrality,statsbomb_player,Montassar Omar Talbi,1,Tier 1 - Exact Match,2026-08-05 17:50:49,
GOAT002335,Montassar Omar Talbi,spatial_zone_summary,statsbomb_player,Montassar Omar Talbi,1,Tier 1 - Exact Match,2026-08-05 17:50:49,
GOAT002367,Morgan Schneiderlin,spatial_passing_centrality,statsbomb_player,Morgan Schneiderlin,1,Tier 1 - Exact Match,2026-08-05 17:50:49,
GOAT002367,Morgan Schneiderlin,spatial_zone_summary,statsbomb_player,Morgan Schneiderlin,1,Tier 1 - Exact Match,2026-08-05 17:50:49,
GOAT002368,Morteza Pouraliganji,spatial_passing_centrality,statsbomb_player,Morteza Pouraliganji,1,Tier 1 - Exact Match,2026-08-05 17:50:49,
GOAT002368,Morteza Pouraliganji,spatial_zone_summary,statsbomb_player,Morteza Pouraliganji,1,Tier 1 - Exact Match,2026-08-05 17:50:49,
GOAT002369,Moses Daddy-Ajala Simon,spatial_passing_centrality,statsbomb_player,Moses Daddy-Ajala Simon,1,Tier 1 - Exact Match,2026-08-05 17:50:49,
GOAT002369,Moses Daddy-Ajala Simon,spatial_zone_summary,statsbomb_player,Moses Daddy-Ajala Simon,1,Tier 1 - Exact Match,2026-08-05 17:50:49,
GOAT002220,David Mateos Ramajo,spatial_passing_centrality,statsbomb_player,David Mateos Ramajo,1,Tier 1 - Exact Match,2026-08-05 17:50:49,
GOAT002220,David Mateos Ramajo,spatial_zone_summary,statsbomb_player,David Mateos Ramajo,1,Tier 1 - Exact Match,2026-08-05 17:50:49,
GOAT002189,David Odonkor,spatial_passing_centrality,statsbomb_player,David Odonkor,1,Tier 1 - Exact Match,2026-08-05 17:50:49,
GOAT002189,David Odonkor,spatial_zone_summary,statsbomb_player,David Odonkor,1,Tier 1 - Exact Match,2026-08-05 17:50:49,
GOAT002239,David Olatukunbo Alaba,spatial_passing_centrality,statsbomb_player,David Olatukunbo Alaba,1,Tier 1 - Exact Match,2026-08-05 17:50:49,
GOAT002239,David Olatukunbo Alaba,spatial_zone_summary,statsbomb_player,David Olatukunbo Alaba,1,Tier 1 - Exact Match,2026-08-05 17:50:49,
GOAT002240,David Ospina Ramírez,spatial_passing_centrality,statsbomb_player,David Ospina Ramírez,1,Tier 1 - Exact Match,2026-08-05 17:50:49,
GOAT002240,David Ospina Ramírez,spatial_zone_summary,statsbomb_player,David Ospina Ramírez,1,Tier 1 - Exact Match,2026-08-05 17:50:49,
GOAT002241,David Prieto Gálvez,spatial_passing_centrality,statsbomb_player,David Prieto Gálvez,1,Tier 1 - Exact Match,2026-08-05 17:50:49,
GOAT002241,David Prieto Gálvez,spatial_zone_summary,statsbomb_player,David Prieto Gálvez,1,Tier 1 - Exact Match,2026-08-05 17:50:49,
GOAT002246,David Siger,spatial_passing_centrality,statsbomb_player,David Siger,1,Tier 1 - Exact Match,2026-08-05 17:50:49,
GOAT002246,David Siger,spatial_zone_summary,statsbomb_player,David Siger,1,Tier 1 - Exact Match,2026-08-05 17:50:49,
GOAT002247,David Strelec,spatial_passing_centrality,statsbomb_player,David Strelec,1,Tier 1 - Exact Match,2026-08-05 17:50:49,
GOAT002247,David Strelec,spatial_zone_summary,statsbomb_player,David Strelec,1,Tier 1 - Exact Match,2026-08-05 17:50:49,
GOAT002244,David Sánchez Rodríguez,spatial_passing_centrality,statsbomb_player,David Sánchez Rodríguez,1,Tier 1 - Exact Match,2026-08-05 17:50:49,
GOAT002244,David Sánchez Rodríguez,spatial_zone_summary,statsbomb_player,David Sánchez Rodríguez,1,Tier 1 - Exact Match,2026-08-05 17:50:49,
GOAT002357,Mohamed Adama Sarr,spatial_passing_centrality,statsbomb_player,Mohamed Adama Sarr,1,Tier 1 - Exact Match,2026-08-05 17:50:49,
GOAT002357,Mohamed Adama Sarr,spatial_zone_summary,statsbomb_player,Mohamed Adama Sarr,1,Tier 1 - Exact Match,2026-08-05 17:50:49,
GOAT002358,Mohamed Ali Ben Romdhane,spatial_passing_centrality,statsbomb_player,Mohamed Ali Ben Romdhane,1,Tier 1 - Exact Match,2026-08-05 17:50:49,
GOAT002358,Mohamed Ali Ben Romdhane,spatial_zone_summary,statsbomb_player,Mohamed Ali Ben Romdhane,1,Tier 1 - Exact Match,2026-08-05 17:50:49,
GOAT002359,Mohamed Lamine Sissoko Gillan,spatial_passing_centrality,statsbomb_player,Mohamed Lamine Sissoko Gillan,1,Tier 1 - Exact Match,2026-08-05 17:50:49,
GOAT002359,Mohamed Lamine Sissoko Gillan,spatial_zone_summary,statsbomb_player,Mohamed Lamine Sissoko Gillan,1,Tier 1 - Exact Match,2026-08-05 17:50:49,
GOAT002355,Mário Fernando Magalhães da Silva,spatial_passing_centrality,statsbomb_player,Mário Fernando Magalhães da Silva,1,Tier 1 - Exact Match,2026-08-05 17:50:49,
GOAT002355,Mário Fernando Magalhães da Silva,spatial_zone_summary,statsbomb_player,Mário Fernando Magalhães da Silva,1,Tier 1 - Exact Match,2026-08-05 17:50:49,
GOAT002356,Mário Figueira Fernandes,spatial_passing_centrality,statsbomb_player,Mário Figueira Fernandes,1,Tier 1 - Exact Match,2026-08-05 17:50:49,
GOAT002356,Mário Figueira Fernandes,spatial_zone_summary,statsbomb_player,Mário Figueira Fernandes,1,Tier 1 - Exact Match,2026-08-05 17:50:49,
GOAT002080,David Doudera,spatial_passing_centrality,statsbomb_player,David Doudera,1,Tier 1 - Exact Match,2026-08-05 17:50:49,
GOAT002080,David Doudera,spatial_zone_summary,statsbomb_player,David Doudera,1,Tier 1 - Exact Match,2026-08-05 17:50:49,
GOAT002341,Kevin Nisbet,spatial_passing_centrality,statsbomb_player,Kevin Nisbet,1,Tier 1 - Exact Match,2026-08-05 17:50:49,
GOAT002341,Kevin Nisbet,spatial_zone_summary,statsbomb_player,Kevin Nisbet,1,Tier 1 - Exact Match,2026-08-05 17:50:49,
GOAT002325,Kevin Varga,spatial_passing_centrality,statsbomb_player,Kevin Varga,1,Tier 1 - Exact Match,2026-08-05 17:50:49,
GOAT002325,Kevin Varga,spatial_zone_summary,statsbomb_player,Kevin Varga,1,Tier 1 - Exact Match,2026-08-05 17:50:49,
GOAT002326,Kevin Volland,spatial_passing_centrality,statsbomb_player,Kevin Volland,1,Tier 1 - Exact Match,2026-08-05 17:50:49,
GOAT002326,Kevin Volland,spatial_zone_summary,statsbomb_player,Kevin Volland,1,Tier 1 - Exact Match,2026-08-05 17:50:49,
GOAT002327,Khadim N'Diaye,spatial_passing_centrality,statsbomb_player,Khadim N'Diaye,1,Tier 1 - Exact Match,2026-08-05 17:50:49,
GOAT002327,Khadim N'Diaye,spatial_zone_summary,statsbomb_player,Khadim N'Diaye,1,Tier 1 - Exact Match,2026-08-05 17:50:49,
GOAT002328,Khalid Boulahrouz,spatial_passing_centrality,statsbomb_player,Khalid Boulahrouz,1,Tier 1 - Exact Match,2026-08-05 17:50:49,
GOAT002328,Khalid Boulahrouz,spatial_zone_summary,statsbomb_player,Khalid Boulahrouz,1,Tier 1 - Exact Match,2026-08-05 17:50:49,
GOAT002329,Khalid Boutaïb,spatial_passing_centrality,statsbomb_player,Khalid Boutaïb,1,Tier 1 - Exact Match,2026-08-05 17:50:49,
GOAT002329,Khalid Boutaïb,spatial_zone_summary,statsbomb_player,Khalid Boutaïb,1,Tier 1 - Exact Match,2026-08-05 17:50:49,
GOAT002346,Khouma El Hadji Babacar,spatial_passing_centrality,statsbomb_player,Khouma El Hadji Babacar,1,Tier 1 - Exact Match,2026-08-05 17:50:49,
GOAT002346,Khouma El Hadji Babacar,spatial_zone_summary,statsbomb_player,Khouma El Hadji Babacar,1,Tier 1 - Exact Match,2026-08-05 17:50:49,
GOAT002458,Francisco José Maldonado Collantes,spatial_passing_centrality,statsbomb_player,Francisco José Maldonado Collantes,1,Tier 1 - Exact Match,2026-08-05 17:50:49,
GOAT002458,Francisco José Maldonado Collantes,spatial_zone_summary,statsbomb_player,Francisco José Maldonado Collantes,1,Tier 1 - Exact Match,2026-08-05 17:50:49,
GOAT002459,Francisco Manuel Vélez Jiménez,spatial_passing_centrality,statsbomb_player,Francisco Manuel Vélez Jiménez,1,Tier 1 - Exact Match,2026-08-05 17:50:49,
GOAT002459,Francisco Manuel Vélez Jiménez,spatial_zone_summary,statsbomb_player,Francisco Manuel Vélez Jiménez,1,Tier 1 - Exact Match,2026-08-05 17:50:49,
GOAT002672,Francisco Pavón Barahona,spatial_passing_centrality,statsbomb_player,Francisco Pavón Barahona,1,Tier 1 - Exact Match,2026-08-05 17:50:49,
GOAT002672,Francisco Pavón Barahona,spatial_zone_summary,statsbomb_player,Francisco Pavón Barahona,1,Tier 1 - Exact Match,2026-08-05 17:50:49,
GOAT002347,Khvicha Kvaratskhelia,spatial_passing_centrality,statsbomb_player,Khvicha Kvaratskhelia,1,Tier 1 - Exact Match,2026-08-05 17:50:49,
GOAT002347,Khvicha Kvaratskhelia,spatial_zone_summary,statsbomb_player,Khvicha Kvaratskhelia,1,Tier 1 - Exact Match,2026-08-05 17:50:49,
GOAT002733,Fredson Câmara Pereira,spatial_passing_centrality,statsbomb_player,Fredson Câmara Pereira,1,Tier 1 - Exact Match,2026-08-05 17:50:49,
GOAT002733,Fredson Câmara Pereira,spatial_zone_summary,statsbomb_player,Fredson Câmara Pereira,1,Tier 1 - Exact Match,2026-08-05 17:50:49,
GOAT002081,David Fuster Torrijos,spatial_passing_centrality,statsbomb_player,David Fuster Torrijos,1,Tier 1 - Exact Match,2026-08-05 17:50:49,
GOAT002081,David Fuster Torrijos,spatial_zone_summary,statsbomb_player,David Fuster Torrijos,1,Tier 1 - Exact Match,2026-08-05 17:50:49,
GOAT002402,Nathaniel Atkinson,spatial_passing_centrality,statsbomb_player,Nathaniel Atkinson,1,Tier 1 - Exact Match,2026-08-05 17:50:49,
GOAT002402,Nathaniel Atkinson,spatial_zone_summary,statsbomb_player,Nathaniel Atkinson,1,Tier 1 - Exact Match,2026-08-05 17:50:49,
GOAT002351,Nathaniel Edwin Clyne,spatial_passing_centrality,statsbomb_player,Nathaniel Edwin Clyne,1,Tier 1 - Exact Match,2026-08-05 17:50:49,
GOAT002351,Nathaniel Edwin Clyne,spatial_zone_summary,statsbomb_player,Nathaniel Edwin Clyne,1,Tier 1 - Exact Match,2026-08-05 17:50:49,
GOAT002734,Fredy Hinestroza Arias,spatial_passing_centrality,statsbomb_player,Fredy Hinestroza Arias,1,Tier 1 - Exact Match,2026-08-05 17:50:49,
GOAT002734,Fredy Hinestroza Arias,spatial_zone_summary,statsbomb_player,Fredy Hinestroza Arias,1,Tier 1 - Exact Match,2026-08-05 17:50:49,
GOAT002406,Karol Linetty,spatial_passing_centrality,statsbomb_player,Karol Linetty,1,Tier 1 - Exact Match,2026-08-05 17:50:49,
GOAT002406,Karol Linetty,spatial_zone_summary,statsbomb_player,Karol Linetty,1,Tier 1 - Exact Match,2026-08-05 17:50:49,
GOAT002330,Keisuke Honda,spatial_passing_centrality,statsbomb_player,Keisuke Honda,1,Tier 1 - Exact Match,2026-08-05 17:50:49,
GOAT002330,Keisuke Honda,spatial_zone_summary,statsbomb_player,Keisuke Honda,1,Tier 1 - Exact Match,2026-08-05 17:50:49,
GOAT002331,Kenan Yildiz,spatial_passing_centrality,statsbomb_player,Kenan Yildiz,1,Tier 1 - Exact Match,2026-08-05 17:50:49,
GOAT002331,Kenan Yildiz,spatial_zone_summary,statsbomb_player,Kenan Yildiz,1,Tier 1 - Exact Match,2026-08-05 17:50:49,
GOAT002403,Kevin Duvan Castaño Gil,spatial_passing_centrality,statsbomb_player,Kevin Duvan Castaño Gil,1,Tier 1 - Exact Match,2026-08-05 17:50:49,
GOAT002403,Kevin Duvan Castaño Gil,spatial_zone_summary,statsbomb_player,Kevin Duvan Castaño Gil,1,Tier 1 - Exact Match,2026-08-05 17:50:49,
GOAT002337,Kevin Großkreutz,spatial_passing_centrality,statsbomb_player,Kevin Großkreutz,1,Tier 1 - Exact Match,2026-08-05 17:50:49,
GOAT002337,Kevin Großkreutz,spatial_zone_summary,statsbomb_player,Kevin Großkreutz,1,Tier 1 - Exact Match,2026-08-05 17:50:49,
GOAT002338,Kevin José Rodríguez Cortez,spatial_passing_centrality,statsbomb_player,Kevin José Rodríguez Cortez,1,Tier 1 - Exact Match,2026-08-05 17:50:49,
GOAT002338,Kevin José Rodríguez Cortez,spatial_zone_summary,statsbomb_player,Kevin José Rodríguez Cortez,1,Tier 1 - Exact Match,2026-08-05 17:50:49,
GOAT002339,Kevin Martín García Martínez,spatial_passing_centrality,statsbomb_player,Kevin Martín García Martínez,1,Tier 1 - Exact Match,2026-08-05 17:50:49,
GOAT002339,Kevin Martín García Martínez,spatial_zone_summary,statsbomb_player,Kevin Martín García Martínez,1,Tier 1 - Exact Match,2026-08-05 17:50:49,
GOAT002380,Mouhamadou Dabo,spatial_passing_centrality,statsbomb_player,Mouhamadou Dabo,1,Tier 1 - Exact Match,2026-08-05 17:50:49,
GOAT002380,Mouhamadou Dabo,spatial_zone_summary,statsbomb_player,Mouhamadou Dabo,1,Tier 1 - Exact Match,2026-08-05 17:50:49,
GOAT002349,Muhamed Bešić,spatial_passing_centrality,statsbomb_player,Muhamed Bešić,1,Tier 1 - Exact Match,2026-08-05 17:50:49,
GOAT002349,Muhamed Bešić,spatial_zone_summary,statsbomb_player,Muhamed Bešić,1,Tier 1 - Exact Match,2026-08-05 17:50:49,
GOAT002350,Muhammed Kerem Aktürkoğlu,spatial_passing_centrality,statsbomb_player,Muhammed Kerem Aktürkoğlu,1,Tier 1 - Exact Match,2026-08-05 17:50:49,
GOAT002350,Muhammed Kerem Aktürkoğlu,spatial_zone_summary,statsbomb_player,Muhammed Kerem Aktürkoğlu,1,Tier 1 - Exact Match,2026-08-05 17:50:49,
GOAT002318,Mykola Matvienko,spatial_passing_centrality,statsbomb_player,Mykola Matvienko,1,Tier 1 - Exact Match,2026-08-05 17:50:49,
GOAT002318,Mykola Matvienko,spatial_zone_summary,statsbomb_player,Mykola Matvienko,1,Tier 1 - Exact Match,2026-08-05 17:50:49,
GOAT002353,Mykola Shaparenko,spatial_passing_centrality,statsbomb_player,Mykola Shaparenko,1,Tier 1 - Exact Match,2026-08-05 17:50:49,
GOAT002353,Mykola Shaparenko,spatial_zone_summary,statsbomb_player,Mykola Shaparenko,1,Tier 1 - Exact Match,2026-08-05 17:50:49,
GOAT002354,Márcio Amoroso dos Santos,spatial_passing_centrality,statsbomb_player,Márcio Amoroso dos Santos,1,Tier 1 - Exact Match,2026-08-05 17:50:49,
GOAT002354,Márcio Amoroso dos Santos,spatial_zone_summary,statsbomb_player,Márcio Amoroso dos Santos,1,Tier 1 - Exact Match,2026-08-05 17:50:49,
GOAT002034,Darren Fletcher,spatial_passing_centrality,statsbomb_player,Darren Fletcher,1,Tier 1 - Exact Match,2026-08-05 17:50:49,
GOAT002034,Darren Fletcher,spatial_zone_summary,statsbomb_player,Darren Fletcher,1,Tier 1 - Exact Match,2026-08-05 17:50:49,
GOAT002035,Darwin Gabriel Núñez Ribeiro,spatial_passing_centrality,statsbomb_player,Darwin Gabriel Núñez Ribeiro,1,Tier 1 - Exact Match,2026-08-05 17:50:49,
GOAT002035,Darwin Gabriel Núñez Ribeiro,spatial_zone_summary,statsbomb_player,Darwin Gabriel Núñez Ribeiro,1,Tier 1 - Exact Match,2026-08-05 17:50:49,
GOAT002036,Daryl Janmaat,spatial_passing_centrality,statsbomb_player,Daryl Janmaat,1,Tier 1 - Exact Match,2026-08-05 17:50:49,
GOAT002036,Daryl Janmaat,spatial_zone_summary,statsbomb_player,Daryl Janmaat,1,Tier 1 - Exact Match,2026-08-05 17:50:49,
GOAT002037,Darío Esteban Osorio Osorio,spatial_passing_centrality,statsbomb_player,Darío Esteban Osorio Osorio,1,Tier 1 - Exact Match,2026-08-05 17:50:49,
GOAT002037,Darío Esteban Osorio Osorio,spatial_zone_summary,statsbomb_player,Darío Esteban Osorio Osorio,1,Tier 1 - Exact Match,2026-08-05 17:50:49,
GOAT002038,David Alberto Guzmán Pérez,spatial_passing_centrality,statsbomb_player,David Alberto Guzmán Pérez,1,Tier 1 - Exact Match,2026-08-05 17:50:49,
GOAT002038,David Alberto Guzmán Pérez,spatial_zone_summary,statsbomb_player,David Alberto Guzmán Pérez,1,Tier 1 - Exact Match,2026-08-05 17:50:49,
GOAT002070,David Coromina Pararols,spatial_passing_centrality,statsbomb_player,David Coromina Pararols,1,Tier 1 - Exact Match,2026-08-05 17:50:49,
GOAT002070,David Coromina Pararols,spatial_zone_summary,statsbomb_player,David Coromina Pararols,1,Tier 1 - Exact Match,2026-08-05 17:50:49,
GOAT002132,David Costas Cordal,spatial_passing_centrality,statsbomb_player,David Costas Cordal,1,Tier 1 - Exact Match,2026-08-05 17:50:49,
GOAT002132,David Costas Cordal,spatial_zone_summary,statsbomb_player,David Costas Cordal,1,Tier 1 - Exact Match,2026-08-05 17:50:49,
GOAT002163,David Gutiérrez de Coz,spatial_passing_centrality,statsbomb_player,David Gutiérrez de Coz,1,Tier 1 - Exact Match,2026-08-05 17:50:49,
GOAT002163,David Gutiérrez de Coz,spatial_zone_summary,statsbomb_player,David Gutiérrez de Coz,1,Tier 1 - Exact Match,2026-08-05 17:50:49,
GOAT002219,David Marshall,spatial_passing_centrality,statsbomb_player,David Marshall,1,Tier 1 - Exact Match,2026-08-05 17:50:49,
GOAT002219,David Marshall,spatial_zone_summary,statsbomb_player,David Marshall,1,Tier 1 - Exact Match,2026-08-05 17:50:49,
GOAT002390,Nabil Dirar,spatial_passing_centrality,statsbomb_player,Nabil Dirar,1,Tier 1 - Exact Match,2026-08-05 17:50:49,
GOAT002390,Nabil Dirar,spatial_zone_summary,statsbomb_player,Nabil Dirar,1,Tier 1 - Exact Match,2026-08-05 17:50:49,
GOAT002366,Nader Ghandri,spatial_passing_centrality,statsbomb_player,Nader Ghandri,1,Tier 1 - Exact Match,2026-08-05 17:50:49,
GOAT002366,Nader Ghandri,spatial_zone_summary,statsbomb_player,Nader Ghandri,1,Tier 1 - Exact Match,2026-08-05 17:50:49,
GOAT002397,Narcisse-Olivier Kapo Obou,spatial_passing_centrality,statsbomb_player,Narcisse-Olivier Kapo Obou,1,Tier 1 - Exact Match,2026-08-05 17:50:49,
GOAT002397,Narcisse-Olivier Kapo Obou,spatial_zone_summary,statsbomb_player,Narcisse-Olivier Kapo Obou,1,Tier 1 - Exact Match,2026-08-05 17:50:49,
GOAT002398,Nasser Al Dawsari,spatial_passing_centrality,statsbomb_player,Nasser Al Dawsari,1,Tier 1 - Exact Match,2026-08-05 17:50:49,
GOAT002398,Nasser Al Dawsari,spatial_zone_summary,statsbomb_player,Nasser Al Dawsari,1,Tier 1 - Exact Match,2026-08-05 17:50:49,
GOAT002399,Natalio Lorenzo Poquet,spatial_passing_centrality,statsbomb_player,Natalio Lorenzo Poquet,1,Tier 1 - Exact Match,2026-08-05 17:50:49,
GOAT002399,Natalio Lorenzo Poquet,spatial_zone_summary,statsbomb_player,Natalio Lorenzo Poquet,1,Tier 1 - Exact Match,2026-08-05 17:50:49,
GOAT002400,Nathan Patterson,spatial_passing_centrality,statsbomb_player,Nathan Patterson,1,Tier 1 - Exact Match,2026-08-05 17:50:49,
GOAT002400,Nathan Patterson,spatial_zone_summary,statsbomb_player,Nathan Patterson,1,Tier 1 - Exact Match,2026-08-05 17:50:49,
GOAT002401,Nathan Redmond,spatial_passing_centrality,statsbomb_player,Nathan Redmond,1,Tier 1 - Exact Match,2026-08-05 17:50:49,
GOAT002401,Nathan Redmond,spatial_zone_summary,statsbomb_player,Nathan Redmond,1,Tier 1 - Exact Match,2026-08-05 17:50:49,
GOAT002393,Neven Subotić,spatial_passing_centrality,statsbomb_player,Neven Subotić,1,Tier 1 - Exact Match,2026-08-05 17:50:49,
GOAT002393,Neven Subotić,spatial_zone_summary,statsbomb_player,Neven Subotić,1,Tier 1 - Exact Match,2026-08-05 17:50:49,
GOAT002394,Nicki Niels Bille Nielsen,spatial_passing_centrality,statsbomb_player,Nicki Niels Bille Nielsen,1,Tier 1 - Exact Match,2026-08-05 17:50:49,
GOAT002394,Nicki Niels Bille Nielsen,spatial_zone_summary,statsbomb_player,Nicki Niels Bille Nielsen,1,Tier 1 - Exact Match,2026-08-05 17:50:49,
GOAT002395,Nico Elvedi,spatial_passing_centrality,statsbomb_player,Nico Elvedi,1,Tier 1 - Exact Match,2026-08-05 17:50:49,
GOAT002395,Nico Elvedi,spatial_zone_summary,statsbomb_player,Nico Elvedi,1,Tier 1 - Exact Match,2026-08-05 17:50:49,
GOAT002396,Nicolae Claudiu Stanciu,spatial_passing_centrality,statsbomb_player,Nicolae Claudiu Stanciu,1,Tier 1 - Exact Match,2026-08-05 17:50:49,
GOAT002396,Nicolae Claudiu Stanciu,spatial_zone_summary,statsbomb_player,Nicolae Claudiu Stanciu,1,Tier 1 - Exact Match,2026-08-05 17:50:49,
GOAT002365,Nicolai Jørgensen,spatial_passing_centrality,statsbomb_player,Nicolai Jørgensen,1,Tier 1 - Exact Match,2026-08-05 17:50:49,
GOAT002365,Nicolai Jørgensen,spatial_zone_summary,statsbomb_player,Nicolai Jørgensen,1,Tier 1 - Exact Match,2026-08-05 17:50:49,
GOAT002426,Nicolás Esteban Fernández Muñoz,spatial_passing_centrality,statsbomb_player,Nicolás Esteban Fernández Muñoz,1,Tier 1 - Exact Match,2026-08-05 17:50:49,
GOAT002426,Nicolás Esteban Fernández Muñoz,spatial_zone_summary,statsbomb_player,Nicolás Esteban Fernández Muñoz,1,Tier 1 - Exact Match,2026-08-05 17:50:49,
GOAT002427,Nicolás Federico López Alonso,spatial_passing_centrality,statsbomb_player,Nicolás Federico López Alonso,1,Tier 1 - Exact Match,2026-08-05 17:50:49,
GOAT002427,Nicolás Federico López Alonso,spatial_zone_summary,statsbomb_player,Nicolás Federico López Alonso,1,Tier 1 - Exact Match,2026-08-05 17:50:49,
GOAT002428,Nicolás Santiago Bertolo,spatial_passing_centrality,statsbomb_player,Nicolás Santiago Bertolo,1,Tier 1 - Exact Match,2026-08-05 17:50:49,
GOAT002428,Nicolás Santiago Bertolo,spatial_zone_summary,statsbomb_player,Nicolás Santiago Bertolo,1,Tier 1 - Exact Match,2026-08-05 17:50:49,
GOAT002415,Nicolò Fagioli,spatial_passing_centrality,statsbomb_player,Nicolò Fagioli,1,Tier 1 - Exact Match,2026-08-05 17:50:49,
GOAT002415,Nicolò Fagioli,spatial_zone_summary,statsbomb_player,Nicolò Fagioli,1,Tier 1 - Exact Match,2026-08-05 17:50:49,
GOAT002416,Nicușor Silviu Bancu,spatial_passing_centrality,statsbomb_player,Nicușor Silviu Bancu,1,Tier 1 - Exact Match,2026-08-05 17:50:49,
GOAT002416,Nicușor Silviu Bancu,spatial_zone_summary,statsbomb_player,Nicușor Silviu Bancu,1,Tier 1 - Exact Match,2026-08-05 17:50:49,
GOAT002352,Naïm Sliti,spatial_passing_centrality,statsbomb_player,Naïm Sliti,1,Tier 1 - Exact Match,2026-08-05 17:50:49,
GOAT002352,Naïm Sliti,spatial_zone_summary,statsbomb_player,Naïm Sliti,1,Tier 1 - Exact Match,2026-08-05 17:50:49,
GOAT002388,Nedim Bajrami,spatial_passing_centrality,statsbomb_player,Nedim Bajrami,1,Tier 1 - Exact Match,2026-08-05 17:50:49,
GOAT002388,Nedim Bajrami,spatial_zone_summary,statsbomb_player,Nedim Bajrami,1,Tier 1 - Exact Match,2026-08-05 17:50:49,
GOAT002389,Nehuén Pérez,spatial_passing_centrality,statsbomb_player,Nehuén Pérez,1,Tier 1 - Exact Match,2026-08-05 17:50:49,
GOAT002389,Nehuén Pérez,spatial_zone_summary,statsbomb_player,Nehuén Pérez,1,Tier 1 - Exact Match,2026-08-05 17:50:49,
GOAT002386,Neil Taylor,spatial_passing_centrality,statsbomb_player,Neil Taylor,1,Tier 1 - Exact Match,2026-08-05 17:50:49,
GOAT002386,Neil Taylor,spatial_zone_summary,statsbomb_player,Neil Taylor,1,Tier 1 - Exact Match,2026-08-05 17:50:49,
GOAT002387,Nemanja Matić,spatial_passing_centrality,statsbomb_player,Nemanja Matić,1,Tier 1 - Exact Match,2026-08-05 17:50:49,
GOAT002387,Nemanja Matić,spatial_zone_summary,statsbomb_player,Nemanja Matić,1,Tier 1 - Exact Match,2026-08-05 17:50:49,
GOAT002417,Nemanja Nikolić,spatial_passing_centrality,statsbomb_player,Nemanja Nikolić,1,Tier 1 - Exact Match,2026-08-05 17:50:49,
GOAT002417,Nemanja Nikolić,spatial_zone_summary,statsbomb_player,Nemanja Nikolić,1,Tier 1 - Exact Match,2026-08-05 17:50:49,
GOAT002469,Karim Ansarifard,spatial_passing_centrality,statsbomb_player,Karim Ansarifard,1,Tier 1 - Exact Match,2026-08-05 17:50:49,
GOAT002469,Karim Ansarifard,spatial_zone_summary,statsbomb_player,Karim Ansarifard,1,Tier 1 - Exact Match,2026-08-05 17:50:49,
GOAT002470,Karim El Ahmadi Al Aroos,spatial_passing_centrality,statsbomb_player,Karim El Ahmadi Al Aroos,1,Tier 1 - Exact Match,2026-08-05 17:50:49,
GOAT002470,Karim El Ahmadi Al Aroos,spatial_zone_summary,statsbomb_player,Karim El Ahmadi Al Aroos,1,Tier 1 - Exact Match,2026-08-05 17:50:49,
GOAT002404,Karim Rekik,spatial_passing_centrality,statsbomb_player,Karim Rekik,1,Tier 1 - Exact Match,2026-08-05 17:50:49,
GOAT002404,Karim Rekik,spatial_zone_summary,statsbomb_player,Karim Rekik,1,Tier 1 - Exact Match,2026-08-05 17:50:49,
GOAT002405,Karl Darlow,spatial_passing_centrality,statsbomb_player,Karl Darlow,1,Tier 1 - Exact Match,2026-08-05 17:50:49,
GOAT002405,Karl Darlow,spatial_zone_summary,statsbomb_player,Karl Darlow,1,Tier 1 - Exact Match,2026-08-05 17:50:49,
GOAT002748,Franck Bilal Ribéry,spatial_passing_centrality,statsbomb_player,Franck Bilal Ribéry,1,Tier 1 - Exact Match,2026-08-05 17:50:49,
GOAT002748,Franck Bilal Ribéry,spatial_zone_summary,statsbomb_player,Franck Bilal Ribéry,1,Tier 1 - Exact Match,2026-08-05 17:50:49,
GOAT003039,Franco Costanzo,spatial_passing_centrality,statsbomb_player,Franco Costanzo,1,Tier 1 - Exact Match,2026-08-05 17:50:49,
GOAT003039,Franco Costanzo,spatial_zone_summary,statsbomb_player,Franco Costanzo,1,Tier 1 - Exact Match,2026-08-05 17:50:49,
GOAT002750,Franco Daniel Jara,spatial_passing_centrality,statsbomb_player,Franco Daniel Jara,1,Tier 1 - Exact Match,2026-08-05 17:50:49,
GOAT002750,Franco Daniel Jara,spatial_zone_summary,statsbomb_player,Franco Daniel Jara,1,Tier 1 - Exact Match,2026-08-05 17:50:49,
GOAT002751,Franco Zanelatto Téllez,spatial_passing_centrality,statsbomb_player,Franco Zanelatto Téllez,1,Tier 1 - Exact Match,2026-08-05 17:50:49,
GOAT002751,Franco Zanelatto Téllez,spatial_zone_summary,statsbomb_player,Franco Zanelatto Téllez,1,Tier 1 - Exact Match,2026-08-05 17:50:49,
GOAT002752,Fredrik Jensen,spatial_passing_centrality,statsbomb_player,Fredrik Jensen,1,Tier 1 - Exact Match,2026-08-05 17:50:49,
GOAT002752,Fredrik Jensen,spatial_zone_summary,statsbomb_player,Fredrik Jensen,1,Tier 1 - Exact Match,2026-08-05 17:50:49,
GOAT002764,Fredrik Ljungberg,spatial_passing_centrality,statsbomb_player,Fredrik Ljungberg,1,Tier 1 - Exact Match,2026-08-05 17:50:49,
GOAT002764,Fredrik Ljungberg,spatial_zone_summary,statsbomb_player,Fredrik Ljungberg,1,Tier 1 - Exact Match,2026-08-05 17:50:49,
GOAT002467,Jure Balkovec,spatial_passing_centrality,statsbomb_player,Jure Balkovec,1,Tier 1 - Exact Match,2026-08-05 17:50:49,
GOAT002467,Jure Balkovec,spatial_zone_summary,statsbomb_player,Jure Balkovec,1,Tier 1 - Exact Match,2026-08-05 17:50:49,
GOAT002032,Darko Kovačević,spatial_passing_centrality,statsbomb_player,Darko Kovačević,1,Tier 1 - Exact Match,2026-08-05 17:50:49,
GOAT002032,Darko Kovačević,spatial_zone_summary,statsbomb_player,Darko Kovačević,1,Tier 1 - Exact Match,2026-08-05 17:50:49,
GOAT002033,Darko Lazović,spatial_passing_centrality,statsbomb_player,Darko Lazović,1,Tier 1 - Exact Match,2026-08-05 17:50:49,
GOAT002033,Darko Lazović,spatial_zone_summary,statsbomb_player,Darko Lazović,1,Tier 1 - Exact Match,2026-08-05 17:50:49,
GOAT002420,Nikolai Alho,spatial_passing_centrality,statsbomb_player,Nikolai Alho,1,Tier 1 - Exact Match,2026-08-05 17:50:49,
GOAT002420,Nikolai Alho,spatial_zone_summary,statsbomb_player,Nikolai Alho,1,Tier 1 - Exact Match,2026-08-05 17:50:49,
GOAT002418,Nenad Krstičić,spatial_passing_centrality,statsbomb_player,Nenad Krstičić,1,Tier 1 - Exact Match,2026-08-05 17:50:49,
GOAT002418,Nenad Krstičić,spatial_zone_summary,statsbomb_player,Nenad Krstičić,1,Tier 1 - Exact Match,2026-08-05 17:50:49,
GOAT002419,Nenad Mirosavljević,spatial_passing_centrality,statsbomb_player,Nenad Mirosavljević,1,Tier 1 - Exact Match,2026-08-05 17:50:49,
GOAT002419,Nenad Mirosavljević,spatial_zone_summary,statsbomb_player,Nenad Mirosavljević,1,Tier 1 - Exact Match,2026-08-05 17:50:49,
GOAT002456,Nuri Şahin,spatial_passing_centrality,statsbomb_player,Nuri Şahin,1,Tier 1 - Exact Match,2026-08-05 17:50:49,
GOAT002456,Nuri Şahin,spatial_zone_summary,statsbomb_player,Nuri Şahin,1,Tier 1 - Exact Match,2026-08-05 17:50:49,
GOAT002129,Daniel Hernández Santos,spatial_passing_centrality,statsbomb_player,Daniel Hernández Santos,1,Tier 1 - Exact Match,2026-08-05 17:50:49,
GOAT002129,Daniel Hernández Santos,spatial_zone_summary,statsbomb_player,Daniel Hernández Santos,1,Tier 1 - Exact Match,2026-08-05 17:50:49,
GOAT002139,Daniel João Santos Candeias,spatial_passing_centrality,statsbomb_player,Daniel João Santos Candeias,1,Tier 1 - Exact Match,2026-08-05 17:50:49,
GOAT002139,Daniel João Santos Candeias,spatial_zone_summary,statsbomb_player,Daniel João Santos Candeias,1,Tier 1 - Exact Match,2026-08-05 17:50:49,
GOAT002140,Daniel Martín Alexandre,spatial_passing_centrality,statsbomb_player,Daniel Martín Alexandre,1,Tier 1 - Exact Match,2026-08-05 17:50:49,
GOAT002140,Daniel Martín Alexandre,spatial_zone_summary,statsbomb_player,Daniel Martín Alexandre,1,Tier 1 - Exact Match,2026-08-05 17:50:49,
GOAT002109,Daniel Nieto Vela,spatial_passing_centrality,statsbomb_player,Daniel Nieto Vela,1,Tier 1 - Exact Match,2026-08-05 17:50:49,
GOAT002109,Daniel Nieto Vela,spatial_zone_summary,statsbomb_player,Daniel Nieto Vela,1,Tier 1 - Exact Match,2026-08-05 17:50:49,
GOAT002104,Daniel O''Shaughnessy,spatial_passing_centrality,statsbomb_player,Daniel O''Shaughnessy,1,Tier 1 - Exact Match,2026-08-05 17:50:49,
GOAT002104,Daniel O''Shaughnessy,spatial_zone_summary,statsbomb_player,Daniel O''Shaughnessy,1,Tier 1 - Exact Match,2026-08-05 17:50:49,
GOAT002105,Daniel Pinillos González,spatial_passing_centrality,statsbomb_player,Daniel Pinillos González,1,Tier 1 - Exact Match,2026-08-05 17:50:49,
GOAT002105,Daniel Pinillos González,spatial_zone_summary,statsbomb_player,Daniel Pinillos González,1,Tier 1 - Exact Match,2026-08-05 17:50:49,
GOAT002113,Daniel Toribio Gutiérrez,spatial_passing_centrality,statsbomb_player,Daniel Toribio Gutiérrez,1,Tier 1 - Exact Match,2026-08-05 17:50:49,
GOAT002113,Daniel Toribio Gutiérrez,spatial_zone_summary,statsbomb_player,Daniel Toribio Gutiérrez,1,Tier 1 - Exact Match,2026-08-05 17:50:49,
GOAT002449,Niklas Süle,spatial_passing_centrality,statsbomb_player,Niklas Süle,1,Tier 1 - Exact Match,2026-08-05 17:50:49,
GOAT002449,Niklas Süle,spatial_zone_summary,statsbomb_player,Niklas Süle,1,Tier 1 - Exact Match,2026-08-05 17:50:49,
GOAT002039,Danijel Pranjić,spatial_passing_centrality,statsbomb_player,Danijel Pranjić,1,Tier 1 - Exact Match,2026-08-05 17:50:49,
GOAT002039,Danijel Pranjić,spatial_zone_summary,statsbomb_player,Danijel Pranjić,1,Tier 1 - Exact Match,2026-08-05 17:50:49,
GOAT002040,Danny Drinkwater,spatial_passing_centrality,statsbomb_player,Danny Drinkwater,1,Tier 1 - Exact Match,2026-08-05 17:50:49,
GOAT002040,Danny Drinkwater,spatial_zone_summary,statsbomb_player,Danny Drinkwater,1,Tier 1 - Exact Match,2026-08-05 17:50:49,
GOAT002041,Danny Graham,spatial_passing_centrality,statsbomb_player,Danny Graham,1,Tier 1 - Exact Match,2026-08-05 17:50:49,
GOAT002041,Danny Graham,spatial_zone_summary,statsbomb_player,Danny Graham,1,Tier 1 - Exact Match,2026-08-05 17:50:49,
GOAT002077,Danny Simpson,spatial_passing_centrality,statsbomb_player,Danny Simpson,1,Tier 1 - Exact Match,2026-08-05 17:50:49,
GOAT002077,Danny Simpson,spatial_zone_summary,statsbomb_player,Danny Simpson,1,Tier 1 - Exact Match,2026-08-05 17:50:49,
GOAT002078,Dante Bonfim da Costa Santos,spatial_passing_centrality,statsbomb_player,Dante Bonfim da Costa Santos,1,Tier 1 - Exact Match,2026-08-05 17:50:49,
GOAT002078,Dante Bonfim da Costa Santos,spatial_zone_summary,statsbomb_player,Dante Bonfim da Costa Santos,1,Tier 1 - Exact Match,2026-08-05 17:50:49,
GOAT002088,Darius Dumitru Olaru,spatial_passing_centrality,statsbomb_player,Darius Dumitru Olaru,1,Tier 1 - Exact Match,2026-08-05 17:50:49,
GOAT002088,Darius Dumitru Olaru,spatial_zone_summary,statsbomb_player,Darius Dumitru Olaru,1,Tier 1 - Exact Match,2026-08-05 17:50:49,
GOAT002468,Kaoru Mitoma,spatial_passing_centrality,statsbomb_player,Kaoru Mitoma,1,Tier 1 - Exact Match,2026-08-05 17:50:49,
GOAT002468,Kaoru Mitoma,spatial_zone_summary,statsbomb_player,Kaoru Mitoma,1,Tier 1 - Exact Match,2026-08-05 17:50:49,
GOAT002049,Daniel Vivian Moreno,spatial_passing_centrality,statsbomb_player,Daniel Vivian Moreno,1,Tier 1 - Exact Match,2026-08-05 17:50:49,
GOAT002049,Daniel Vivian Moreno,spatial_zone_summary,statsbomb_player,Daniel Vivian Moreno,1,Tier 1 - Exact Match,2026-08-05 17:50:49,
GOAT002050,Daniel-Kofi Kyereh,spatial_passing_centrality,statsbomb_player,Daniel-Kofi Kyereh,1,Tier 1 - Exact Match,2026-08-05 17:50:49,
GOAT002050,Daniel-Kofi Kyereh,spatial_zone_summary,statsbomb_player,Daniel-Kofi Kyereh,1,Tier 1 - Exact Match,2026-08-05 17:50:49,
GOAT002446,Obafemi Akinwunmi Martins,spatial_passing_centrality,statsbomb_player,Obafemi Akinwunmi Martins,1,Tier 1 - Exact Match,2026-08-05 17:50:49,
GOAT002446,Obafemi Akinwunmi Martins,spatial_zone_summary,statsbomb_player,Obafemi Akinwunmi Martins,1,Tier 1 - Exact Match,2026-08-05 17:50:49,
GOAT002447,Ognjen Vranješ,spatial_passing_centrality,statsbomb_player,Ognjen Vranješ,1,Tier 1 - Exact Match,2026-08-05 17:50:49,
GOAT002447,Ognjen Vranješ,spatial_zone_summary,statsbomb_player,Ognjen Vranješ,1,Tier 1 - Exact Match,2026-08-05 17:50:49,
GOAT002448,Oihan Sancet Tirapu,spatial_passing_centrality,statsbomb_player,Oihan Sancet Tirapu,1,Tier 1 - Exact Match,2026-08-05 17:50:49,
GOAT002448,Oihan Sancet Tirapu,spatial_zone_summary,statsbomb_player,Oihan Sancet Tirapu,1,Tier 1 - Exact Match,2026-08-05 17:50:49,
GOAT002430,Olarenwaju Ayoba Kayode,spatial_passing_centrality,statsbomb_player,Olarenwaju Ayoba Kayode,1,Tier 1 - Exact Match,2026-08-05 17:50:49,
GOAT002430,Olarenwaju Ayoba Kayode,spatial_zone_summary,statsbomb_player,Olarenwaju Ayoba Kayode,1,Tier 1 - Exact Match,2026-08-05 17:50:49,
GOAT002431,Oleksandr Svatok,spatial_passing_centrality,statsbomb_player,Oleksandr Svatok,1,Tier 1 - Exact Match,2026-08-05 17:50:49,
GOAT002431,Oleksandr Svatok,spatial_zone_summary,statsbomb_player,Oleksandr Svatok,1,Tier 1 - Exact Match,2026-08-05 17:50:49,
GOAT002432,Oleksandr Tymchyk,spatial_passing_centrality,statsbomb_player,Oleksandr Tymchyk,1,Tier 1 - Exact Match,2026-08-05 17:50:49,
GOAT002432,Oleksandr Tymchyk,spatial_zone_summary,statsbomb_player,Oleksandr Tymchyk,1,Tier 1 - Exact Match,2026-08-05 17:50:49,
GOAT002442,Oleksandr Zinchenko,spatial_passing_centrality,statsbomb_player,Oleksandr Zinchenko,1,Tier 1 - Exact Match,2026-08-05 17:50:49,
GOAT002442,Oleksandr Zinchenko,spatial_zone_summary,statsbomb_player,Oleksandr Zinchenko,1,Tier 1 - Exact Match,2026-08-05 17:50:49,
GOAT002443,Oliver Sonne,spatial_passing_centrality,statsbomb_player,Oliver Sonne,1,Tier 1 - Exact Match,2026-08-05 17:50:49,
GOAT002443,Oliver Sonne,spatial_zone_summary,statsbomb_player,Oliver Sonne,1,Tier 1 - Exact Match,2026-08-05 17:50:49,
GOAT002444,Oliverio Jesús Alvarez González,spatial_passing_centrality,statsbomb_player,Oliverio Jesús Alvarez González,1,Tier 1 - Exact Match,2026-08-05 17:50:49,
GOAT002444,Oliverio Jesús Alvarez González,spatial_zone_summary,statsbomb_player,Oliverio Jesús Alvarez González,1,Tier 1 - Exact Match,2026-08-05 17:50:49,
GOAT002421,Nikolaos Karabelas,spatial_passing_centrality,statsbomb_player,Nikolaos Karabelas,1,Tier 1 - Exact Match,2026-08-05 17:50:49,
GOAT002421,Nikolaos Karabelas,spatial_zone_summary,statsbomb_player,Nikolaos Karabelas,1,Tier 1 - Exact Match,2026-08-05 17:50:49,
GOAT002422,Nivaldo Batista Santana,spatial_passing_centrality,statsbomb_player,Nivaldo Batista Santana,1,Tier 1 - Exact Match,2026-08-05 17:50:49,
GOAT002422,Nivaldo Batista Santana,spatial_zone_summary,statsbomb_player,Nivaldo Batista Santana,1,Tier 1 - Exact Match,2026-08-05 17:50:49,
GOAT002423,Noa Lang,spatial_passing_centrality,statsbomb_player,Noa Lang,1,Tier 1 - Exact Match,2026-08-05 17:50:49,
GOAT002423,Noa Lang,spatial_zone_summary,statsbomb_player,Noa Lang,1,Tier 1 - Exact Match,2026-08-05 17:50:49,
GOAT002424,Noah Okafor,spatial_passing_centrality,statsbomb_player,Noah Okafor,1,Tier 1 - Exact Match,2026-08-05 17:50:49,
GOAT002424,Noah Okafor,spatial_zone_summary,statsbomb_player,Noah Okafor,1,Tier 1 - Exact Match,2026-08-05 17:50:49,
GOAT002425,Noé Elias Pamarot,spatial_passing_centrality,statsbomb_player,Noé Elias Pamarot,1,Tier 1 - Exact Match,2026-08-05 17:50:49,
GOAT002425,Noé Elias Pamarot,spatial_zone_summary,statsbomb_player,Noé Elias Pamarot,1,Tier 1 - Exact Match,2026-08-05 17:50:49,
GOAT002095,Daniel Arnaud N''Di,spatial_passing_centrality,statsbomb_player,Daniel Arnaud N''Di,1,Tier 1 - Exact Match,2026-08-05 17:50:49,
GOAT002095,Daniel Arnaud N''Di,spatial_zone_summary,statsbomb_player,Daniel Arnaud N''Di,1,Tier 1 - Exact Match,2026-08-05 17:50:49,
GOAT002161,Daniel Arzani,spatial_passing_centrality,statsbomb_player,Daniel Arzani,1,Tier 1 - Exact Match,2026-08-05 17:50:49,
GOAT002161,Daniel Arzani,spatial_zone_summary,statsbomb_player,Daniel Arzani,1,Tier 1 - Exact Match,2026-08-05 17:50:49,
GOAT002162,Daniel Bautista Pina,spatial_passing_centrality,statsbomb_player,Daniel Bautista Pina,1,Tier 1 - Exact Match,2026-08-05 17:50:49,
GOAT002162,Daniel Bautista Pina,spatial_zone_summary,statsbomb_player,Daniel Bautista Pina,1,Tier 1 - Exact Match,2026-08-05 17:50:49,
GOAT002473,Jurriën David Norman Timber,spatial_passing_centrality,statsbomb_player,Jurriën David Norman Timber,1,Tier 1 - Exact Match,2026-08-05 17:50:49,
GOAT002473,Jurriën David Norman Timber,spatial_zone_summary,statsbomb_player,Jurriën David Norman Timber,1,Tier 1 - Exact Match,2026-08-05 17:50:49,
GOAT002474,Justo Wilmar Villar Viveros,spatial_passing_centrality,statsbomb_player,Justo Wilmar Villar Viveros,1,Tier 1 - Exact Match,2026-08-05 17:50:49,
GOAT002474,Justo Wilmar Villar Viveros,spatial_zone_summary,statsbomb_player,Justo Wilmar Villar Viveros,1,Tier 1 - Exact Match,2026-08-05 17:50:49,
GOAT002475,Ján Greguš,spatial_passing_centrality,statsbomb_player,Ján Greguš,1,Tier 1 - Exact Match,2026-08-05 17:50:49,
GOAT002475,Ján Greguš,spatial_zone_summary,statsbomb_player,Ján Greguš,1,Tier 1 - Exact Match,2026-08-05 17:50:49,
GOAT002408,Jérémy Perbet,spatial_passing_centrality,statsbomb_player,Jérémy Perbet,1,Tier 1 - Exact Match,2026-08-05 17:50:49,
GOAT002408,Jérémy Perbet,spatial_zone_summary,statsbomb_player,Jérémy Perbet,1,Tier 1 - Exact Match,2026-08-05 17:50:49,
GOAT002409,Jérémy Toulalan,spatial_passing_centrality,statsbomb_player,Jérémy Toulalan,1,Tier 1 - Exact Match,2026-08-05 17:50:49,
GOAT002409,Jérémy Toulalan,spatial_zone_summary,statsbomb_player,Jérémy Toulalan,1,Tier 1 - Exact Match,2026-08-05 17:50:49,
GOAT002410,Jérôme Boateng,spatial_passing_centrality,statsbomb_player,Jérôme Boateng,1,Tier 1 - Exact Match,2026-08-05 17:50:49,
GOAT002410,Jérôme Boateng,spatial_zone_summary,statsbomb_player,Jérôme Boateng,1,Tier 1 - Exact Match,2026-08-05 17:50:49,
GOAT002411,Jônatas Domingos,spatial_passing_centrality,statsbomb_player,Jônatas Domingos,1,Tier 1 - Exact Match,2026-08-05 17:50:49,
GOAT002411,Jônatas Domingos,spatial_zone_summary,statsbomb_player,Jônatas Domingos,1,Tier 1 - Exact Match,2026-08-05 17:50:49,
GOAT002376,Júnior Wakalibille Lago,spatial_passing_centrality,statsbomb_player,Júnior Wakalibille Lago,1,Tier 1 - Exact Match,2026-08-05 17:50:49,
GOAT002376,Júnior Wakalibille Lago,spatial_zone_summary,statsbomb_player,Júnior Wakalibille Lago,1,Tier 1 - Exact Match,2026-08-05 17:50:49,
GOAT002377,Kaan Ayhan,spatial_passing_centrality,statsbomb_player,Kaan Ayhan,1,Tier 1 - Exact Match,2026-08-05 17:50:49,
GOAT002377,Kaan Ayhan,spatial_zone_summary,statsbomb_player,Kaan Ayhan,1,Tier 1 - Exact Match,2026-08-05 17:50:49,
GOAT002378,Kalidou Koulibaly,spatial_passing_centrality,statsbomb_player,Kalidou Koulibaly,1,Tier 1 - Exact Match,2026-08-05 17:50:49,
GOAT002378,Kalidou Koulibaly,spatial_zone_summary,statsbomb_player,Kalidou Koulibaly,1,Tier 1 - Exact Match,2026-08-05 17:50:49,
GOAT002379,Kalvin Phillips,spatial_passing_centrality,statsbomb_player,Kalvin Phillips,1,Tier 1 - Exact Match,2026-08-05 17:50:49,
GOAT002379,Kalvin Phillips,spatial_zone_summary,statsbomb_player,Kalvin Phillips,1,Tier 1 - Exact Match,2026-08-05 17:50:49,
GOAT002439,Julen Guerrero López,spatial_passing_centrality,statsbomb_player,Julen Guerrero López,1,Tier 1 - Exact Match,2026-08-05 17:50:49,
GOAT002439,Julen Guerrero López,spatial_zone_summary,statsbomb_player,Julen Guerrero López,1,Tier 1 - Exact Match,2026-08-05 17:50:49,
GOAT002141,Daniel Escriche Romero,spatial_passing_centrality,statsbomb_player,Daniel Escriche Romero,1,Tier 1 - Exact Match,2026-08-05 17:50:49,
GOAT002141,Daniel Escriche Romero,spatial_zone_summary,statsbomb_player,Daniel Escriche Romero,1,Tier 1 - Exact Match,2026-08-05 17:50:49,
GOAT002454,Otar Kakabadze,spatial_passing_centrality,statsbomb_player,Otar Kakabadze,1,Tier 1 - Exact Match,2026-08-05 17:50:49,
GOAT002454,Otar Kakabadze,spatial_zone_summary,statsbomb_player,Otar Kakabadze,1,Tier 1 - Exact Match,2026-08-05 17:50:49,
GOAT002455,Otar Kiteishvili,spatial_passing_centrality,statsbomb_player,Otar Kiteishvili,1,Tier 1 - Exact Match,2026-08-05 17:50:49,
GOAT002455,Otar Kiteishvili,spatial_zone_summary,statsbomb_player,Otar Kiteishvili,1,Tier 1 - Exact Match,2026-08-05 17:50:49,
GOAT002498,Oussama Tannane,spatial_passing_centrality,statsbomb_player,Oussama Tannane,1,Tier 1 - Exact Match,2026-08-05 17:50:49,
GOAT002498,Oussama Tannane,spatial_zone_summary,statsbomb_player,Oussama Tannane,1,Tier 1 - Exact Match,2026-08-05 17:50:49,
GOAT002499,Pablo Amo Aguado,spatial_passing_centrality,statsbomb_player,Pablo Amo Aguado,1,Tier 1 - Exact Match,2026-08-05 17:50:49,
GOAT002499,Pablo Amo Aguado,spatial_zone_summary,statsbomb_player,Pablo Amo Aguado,1,Tier 1 - Exact Match,2026-08-05 17:50:49,
GOAT002540,Pablo Andrés Contreras Fica,spatial_passing_centrality,statsbomb_player,Pablo Andrés Contreras Fica,1,Tier 1 - Exact Match,2026-08-05 17:50:49,
GOAT002540,Pablo Andrés Contreras Fica,spatial_zone_summary,statsbomb_player,Pablo Andrés Contreras Fica,1,Tier 1 - Exact Match,2026-08-05 17:50:49,
GOAT002518,Pablo César Pintos Cabral,spatial_passing_centrality,statsbomb_player,Pablo César Pintos Cabral,1,Tier 1 - Exact Match,2026-08-05 17:50:49,
GOAT002518,Pablo César Pintos Cabral,spatial_zone_summary,statsbomb_player,Pablo César Pintos Cabral,1,Tier 1 - Exact Match,2026-08-05 17:50:49,
GOAT002228,Daizen Maeda,spatial_passing_centrality,statsbomb_player,Daizen Maeda,1,Tier 1 - Exact Match,2026-08-05 17:50:49,
GOAT002228,Daizen Maeda,spatial_zone_summary,statsbomb_player,Daizen Maeda,1,Tier 1 - Exact Match,2026-08-05 17:50:49,
GOAT002229,Daler Kuzyaev,spatial_passing_centrality,statsbomb_player,Daler Kuzyaev,1,Tier 1 - Exact Match,2026-08-05 17:50:49,
GOAT002229,Daler Kuzyaev,spatial_zone_summary,statsbomb_player,Daler Kuzyaev,1,Tier 1 - Exact Match,2026-08-05 17:50:49,
GOAT002486,Omenuke Mfulu,spatial_passing_centrality,statsbomb_player,Omenuke Mfulu,1,Tier 1 - Exact Match,2026-08-05 17:50:49,
GOAT002486,Omenuke Mfulu,spatial_zone_summary,statsbomb_player,Omenuke Mfulu,1,Tier 1 - Exact Match,2026-08-05 17:50:49,
GOAT002487,Omid Ebrahimi,spatial_passing_centrality,statsbomb_player,Omid Ebrahimi,1,Tier 1 - Exact Match,2026-08-05 17:50:49,
GOAT002487,Omid Ebrahimi,spatial_zone_summary,statsbomb_player,Omid Ebrahimi,1,Tier 1 - Exact Match,2026-08-05 17:50:49,
GOAT002488,Omobolaji Habeeb Adekanye,spatial_passing_centrality,statsbomb_player,Omobolaji Habeeb Adekanye,1,Tier 1 - Exact Match,2026-08-05 17:50:49,
GOAT002488,Omobolaji Habeeb Adekanye,spatial_zone_summary,statsbomb_player,Omobolaji Habeeb Adekanye,1,Tier 1 - Exact Match,2026-08-05 17:50:49,
GOAT002489,Ondrej Celustka,spatial_passing_centrality,statsbomb_player,Ondrej Celustka,1,Tier 1 - Exact Match,2026-08-05 17:50:49,
GOAT002489,Ondrej Celustka,spatial_zone_summary,statsbomb_player,Ondrej Celustka,1,Tier 1 - Exact Match,2026-08-05 17:50:49,
GOAT002490,Ondřej Lingr,spatial_passing_centrality,statsbomb_player,Ondřej Lingr,1,Tier 1 - Exact Match,2026-08-05 17:50:49,
GOAT002490,Ondřej Lingr,spatial_zone_summary,statsbomb_player,Ondřej Lingr,1,Tier 1 - Exact Match,2026-08-05 17:50:49,
GOAT002491,Orestis Karnezis,spatial_passing_centrality,statsbomb_player,Orestis Karnezis,1,Tier 1 - Exact Match,2026-08-05 17:50:49,
GOAT002491,Orestis Karnezis,spatial_zone_summary,statsbomb_player,Orestis Karnezis,1,Tier 1 - Exact Match,2026-08-05 17:50:49,
GOAT002147,Daniel Amartey,spatial_passing_centrality,statsbomb_player,Daniel Amartey,1,Tier 1 - Exact Match,2026-08-05 17:50:49,
GOAT002147,Daniel Amartey,spatial_zone_summary,statsbomb_player,Daniel Amartey,1,Tier 1 - Exact Match,2026-08-05 17:50:49,
GOAT002148,Daniel Aquino Pintos,spatial_passing_centrality,statsbomb_player,Daniel Aquino Pintos,1,Tier 1 - Exact Match,2026-08-05 17:50:49,
GOAT002148,Daniel Aquino Pintos,spatial_zone_summary,statsbomb_player,Daniel Aquino Pintos,1,Tier 1 - Exact Match,2026-08-05 17:50:49,
GOAT002549,Patrick Jan Mtiliga,spatial_passing_centrality,statsbomb_player,Patrick Jan Mtiliga,1,Tier 1 - Exact Match,2026-08-05 17:50:49,
GOAT002549,Patrick Jan Mtiliga,spatial_zone_summary,statsbomb_player,Patrick Jan Mtiliga,1,Tier 1 - Exact Match,2026-08-05 17:50:49,
GOAT002225,Daley Blind,spatial_passing_centrality,statsbomb_player,Daley Blind,1,Tier 1 - Exact Match,2026-08-05 17:50:49,
GOAT002225,Daley Blind,spatial_zone_summary,statsbomb_player,Daley Blind,1,Tier 1 - Exact Match,2026-08-05 17:50:49,
GOAT002226,Damian Szymański,spatial_passing_centrality,statsbomb_player,Damian Szymański,1,Tier 1 - Exact Match,2026-08-05 17:50:49,
GOAT002226,Damian Szymański,spatial_zone_summary,statsbomb_player,Damian Szymański,1,Tier 1 - Exact Match,2026-08-05 17:50:49,
GOAT002256,Damiano Tommasi,spatial_passing_centrality,statsbomb_player,Damiano Tommasi,1,Tier 1 - Exact Match,2026-08-05 17:50:49,
GOAT002256,Damiano Tommasi,spatial_zone_summary,statsbomb_player,Damiano Tommasi,1,Tier 1 - Exact Match,2026-08-05 17:50:49,
GOAT002257,Damien Delaney,spatial_passing_centrality,statsbomb_player,Damien Delaney,1,Tier 1 - Exact Match,2026-08-05 17:50:49,
GOAT002257,Damien Delaney,spatial_zone_summary,statsbomb_player,Damien Delaney,1,Tier 1 - Exact Match,2026-08-05 17:50:49,
GOAT002201,Damián Marcelo Musto,spatial_passing_centrality,statsbomb_player,Damián Marcelo Musto,1,Tier 1 - Exact Match,2026-08-05 17:50:49,
GOAT002201,Damián Marcelo Musto,spatial_zone_summary,statsbomb_player,Damián Marcelo Musto,1,Tier 1 - Exact Match,2026-08-05 17:50:49,
GOAT002519,Pablo Domingo Cáceres Rodríguez,spatial_passing_centrality,statsbomb_player,Pablo Domingo Cáceres Rodríguez,1,Tier 1 - Exact Match,2026-08-05 17:50:49,
GOAT002519,Pablo Domingo Cáceres Rodríguez,spatial_zone_summary,statsbomb_player,Pablo Domingo Cáceres Rodríguez,1,Tier 1 - Exact Match,2026-08-05 17:50:49,
GOAT002520,Pablo Edson Barrera Acosta,spatial_passing_centrality,statsbomb_player,Pablo Edson Barrera Acosta,1,Tier 1 - Exact Match,2026-08-05 17:50:49,
GOAT002520,Pablo Edson Barrera Acosta,spatial_zone_summary,statsbomb_player,Pablo Edson Barrera Acosta,1,Tier 1 - Exact Match,2026-08-05 17:50:49,
GOAT002521,Pablo Gabriel García Pérez,spatial_passing_centrality,statsbomb_player,Pablo Gabriel García Pérez,1,Tier 1 - Exact Match,2026-08-05 17:50:49,
GOAT002521,Pablo Gabriel García Pérez,spatial_zone_summary,statsbomb_player,Pablo Gabriel García Pérez,1,Tier 1 - Exact Match,2026-08-05 17:50:49,
GOAT002493,Pablo González Couñago,spatial_passing_centrality,statsbomb_player,Pablo González Couñago,1,Tier 1 - Exact Match,2026-08-05 17:50:49,
GOAT002493,Pablo González Couñago,spatial_zone_summary,statsbomb_player,Pablo González Couñago,1,Tier 1 - Exact Match,2026-08-05 17:50:49,
GOAT002494,Pablo Javier Pérez,spatial_passing_centrality,statsbomb_player,Pablo Javier Pérez,1,Tier 1 - Exact Match,2026-08-05 17:50:49,
GOAT002494,Pablo Javier Pérez,spatial_zone_summary,statsbomb_player,Pablo Javier Pérez,1,Tier 1 - Exact Match,2026-08-05 17:50:49,
GOAT002265,Cristiano Doni,spatial_passing_centrality,statsbomb_player,Cristiano Doni,1,Tier 1 - Exact Match,2026-08-05 17:50:49,
GOAT002265,Cristiano Doni,spatial_zone_summary,statsbomb_player,Cristiano Doni,1,Tier 1 - Exact Match,2026-08-05 17:50:49,
GOAT002450,Orkun Kökçü,spatial_passing_centrality,statsbomb_player,Orkun Kökçü,1,Tier 1 - Exact Match,2026-08-05 17:50:49,
GOAT002450,Orkun Kökçü,spatial_zone_summary,statsbomb_player,Orkun Kökçü,1,Tier 1 - Exact Match,2026-08-05 17:50:49,
GOAT002451,Oscar López Hernández,spatial_passing_centrality,statsbomb_player,Oscar López Hernández,1,Tier 1 - Exact Match,2026-08-05 17:50:49,
GOAT002451,Oscar López Hernández,spatial_zone_summary,statsbomb_player,Oscar López Hernández,1,Tier 1 - Exact Match,2026-08-05 17:50:49,
GOAT002452,Osman Bukari,spatial_passing_centrality,statsbomb_player,Osman Bukari,1,Tier 1 - Exact Match,2026-08-05 17:50:49,
GOAT002452,Osman Bukari,spatial_zone_summary,statsbomb_player,Osman Bukari,1,Tier 1 - Exact Match,2026-08-05 17:50:49,
GOAT002453,Osvaldo Nicolás Fabián Gaitán,spatial_passing_centrality,statsbomb_player,Osvaldo Nicolás Fabián Gaitán,1,Tier 1 - Exact Match,2026-08-05 17:50:49,
GOAT002453,Osvaldo Nicolás Fabián Gaitán,spatial_zone_summary,statsbomb_player,Osvaldo Nicolás Fabián Gaitán,1,Tier 1 - Exact Match,2026-08-05 17:50:49,
GOAT002504,Pape Maly Diamanka,spatial_passing_centrality,statsbomb_player,Pape Maly Diamanka,1,Tier 1 - Exact Match,2026-08-05 17:50:49,
GOAT002504,Pape Maly Diamanka,spatial_zone_summary,statsbomb_player,Pape Maly Diamanka,1,Tier 1 - Exact Match,2026-08-05 17:50:49,
GOAT002537,Pape Moussa Konaté,spatial_passing_centrality,statsbomb_player,Pape Moussa Konaté,1,Tier 1 - Exact Match,2026-08-05 17:50:49,
GOAT002537,Pape Moussa Konaté,spatial_zone_summary,statsbomb_player,Pape Moussa Konaté,1,Tier 1 - Exact Match,2026-08-05 17:50:49,
GOAT002538,Papiss Demba Cissé,spatial_passing_centrality,statsbomb_player,Papiss Demba Cissé,1,Tier 1 - Exact Match,2026-08-05 17:50:49,
GOAT002538,Papiss Demba Cissé,spatial_zone_summary,statsbomb_player,Papiss Demba Cissé,1,Tier 1 - Exact Match,2026-08-05 17:50:49,
GOAT002440,Julian Schieber,spatial_passing_centrality,statsbomb_player,Julian Schieber,1,Tier 1 - Exact Match,2026-08-05 17:50:49,
GOAT002440,Julian Schieber,spatial_zone_summary,statsbomb_player,Julian Schieber,1,Tier 1 - Exact Match,2026-08-05 17:50:49,
GOAT002441,Juliano Roberto Antonello,spatial_passing_centrality,statsbomb_player,Juliano Roberto Antonello,1,Tier 1 - Exact Match,2026-08-05 17:50:49,
GOAT002441,Juliano Roberto Antonello,spatial_zone_summary,statsbomb_player,Juliano Roberto Antonello,1,Tier 1 - Exact Match,2026-08-05 17:50:49,
GOAT002464,Julián Cuesta Díaz,spatial_passing_centrality,statsbomb_player,Julián Cuesta Díaz,1,Tier 1 - Exact Match,2026-08-05 17:50:49,
GOAT002464,Julián Cuesta Díaz,spatial_zone_summary,statsbomb_player,Julián Cuesta Díaz,1,Tier 1 - Exact Match,2026-08-05 17:50:49,
GOAT002465,Julián Luque Conde,spatial_passing_centrality,statsbomb_player,Julián Luque Conde,1,Tier 1 - Exact Match,2026-08-05 17:50:49,
GOAT002465,Julián Luque Conde,spatial_zone_summary,statsbomb_player,Julián Luque Conde,1,Tier 1 - Exact Match,2026-08-05 17:50:49,
GOAT002466,Junya Ito,spatial_passing_centrality,statsbomb_player,Junya Ito,1,Tier 1 - Exact Match,2026-08-05 17:50:49,
GOAT002466,Junya Ito,spatial_zone_summary,statsbomb_player,Junya Ito,1,Tier 1 - Exact Match,2026-08-05 17:50:49,
GOAT003006,Fábio Pereira da Silva,spatial_passing_centrality,statsbomb_player,Fábio Pereira da Silva,1,Tier 1 - Exact Match,2026-08-05 17:50:49,
GOAT003006,Fábio Pereira da Silva,spatial_zone_summary,statsbomb_player,Fábio Pereira da Silva,1,Tier 1 - Exact Match,2026-08-05 17:50:49,
GOAT003068,Gabriel Alonso Suazo Urbina,spatial_passing_centrality,statsbomb_player,Gabriel Alonso Suazo Urbina,1,Tier 1 - Exact Match,2026-08-05 17:50:49,
GOAT003068,Gabriel Alonso Suazo Urbina,spatial_zone_summary,statsbomb_player,Gabriel Alonso Suazo Urbina,1,Tier 1 - Exact Match,2026-08-05 17:50:49,
GOAT003037,Gabriel Arturo Torres Tejada,spatial_passing_centrality,statsbomb_player,Gabriel Arturo Torres Tejada,1,Tier 1 - Exact Match,2026-08-05 17:50:49,
GOAT003037,Gabriel Arturo Torres Tejada,spatial_zone_summary,statsbomb_player,Gabriel Arturo Torres Tejada,1,Tier 1 - Exact Match,2026-08-05 17:50:49,
GOAT003038,Gabriel Enrique Gómez Girón,spatial_passing_centrality,statsbomb_player,Gabriel Enrique Gómez Girón,1,Tier 1 - Exact Match,2026-08-05 17:50:49,
GOAT003038,Gabriel Enrique Gómez Girón,spatial_zone_summary,statsbomb_player,Gabriel Enrique Gómez Girón,1,Tier 1 - Exact Match,2026-08-05 17:50:49,
GOAT002024,Gabriel Matías Fernández Leites,spatial_passing_centrality,statsbomb_player,Gabriel Matías Fernández Leites,1,Tier 1 - Exact Match,2026-08-05 17:50:49,
GOAT002024,Gabriel Matías Fernández Leites,spatial_zone_summary,statsbomb_player,Gabriel Matías Fernández Leites,1,Tier 1 - Exact Match,2026-08-05 17:50:49,
GOAT003040,Gabriel Moisés Antunes da Silva,spatial_passing_centrality,statsbomb_player,Gabriel Moisés Antunes da Silva,1,Tier 1 - Exact Match,2026-08-05 17:50:49,
GOAT003040,Gabriel Moisés Antunes da Silva,spatial_zone_summary,statsbomb_player,Gabriel Moisés Antunes da Silva,1,Tier 1 - Exact Match,2026-08-05 17:50:49,
GOAT002481,Juan Quero Barraso,spatial_passing_centrality,statsbomb_player,Juan Quero Barraso,1,Tier 1 - Exact Match,2026-08-05 17:50:49,
GOAT002481,Juan Quero Barraso,spatial_zone_summary,statsbomb_player,Juan Quero Barraso,1,Tier 1 - Exact Match,2026-08-05 17:50:49,
GOAT002548,Patrick Ebert,spatial_passing_centrality,statsbomb_player,Patrick Ebert,1,Tier 1 - Exact Match,2026-08-05 17:50:49,
GOAT002548,Patrick Ebert,spatial_zone_summary,statsbomb_player,Patrick Ebert,1,Tier 1 - Exact Match,2026-08-05 17:50:49,
GOAT002566,Juan Rodríguez Martínez,spatial_passing_centrality,statsbomb_player,Juan Rodríguez Martínez,1,Tier 1 - Exact Match,2026-08-05 17:50:49,
GOAT002566,Juan Rodríguez Martínez,spatial_zone_summary,statsbomb_player,Juan Rodríguez Martínez,1,Tier 1 - Exact Match,2026-08-05 17:50:49,
GOAT002567,Juan Román Riquelme,spatial_passing_centrality,statsbomb_player,Juan Román Riquelme,1,Tier 1 - Exact Match,2026-08-05 17:50:49,
GOAT002567,Juan Román Riquelme,spatial_zone_summary,statsbomb_player,Juan Román Riquelme,1,Tier 1 - Exact Match,2026-08-05 17:50:49,
GOAT002008,Gabriel Veiga Novas,spatial_passing_centrality,statsbomb_player,Gabriel Veiga Novas,1,Tier 1 - Exact Match,2026-08-05 17:50:49,
GOAT002008,Gabriel Veiga Novas,spatial_zone_summary,statsbomb_player,Gabriel Veiga Novas,1,Tier 1 - Exact Match,2026-08-05 17:50:49,
GOAT002007,Gaizka Bergara Picaza,spatial_passing_centrality,statsbomb_player,Gaizka Bergara Picaza,1,Tier 1 - Exact Match,2026-08-05 17:50:49,
GOAT002007,Gaizka Bergara Picaza,spatial_zone_summary,statsbomb_player,Gaizka Bergara Picaza,1,Tier 1 - Exact Match,2026-08-05 17:50:49,
GOAT002006,Gaizka Garitano Aguirre,spatial_passing_centrality,statsbomb_player,Gaizka Garitano Aguirre,1,Tier 1 - Exact Match,2026-08-05 17:50:49,
GOAT002006,Gaizka Garitano Aguirre,spatial_zone_summary,statsbomb_player,Gaizka Garitano Aguirre,1,Tier 1 - Exact Match,2026-08-05 17:50:49,
GOAT002005,Gareth Barry,spatial_passing_centrality,statsbomb_player,Gareth Barry,1,Tier 1 - Exact Match,2026-08-05 17:50:49,
GOAT002005,Gareth Barry,spatial_zone_summary,statsbomb_player,Gareth Barry,1,Tier 1 - Exact Match,2026-08-05 17:50:49,
GOAT003166,Gareth McAuley,spatial_passing_centrality,statsbomb_player,Gareth McAuley,1,Tier 1 - Exact Match,2026-08-05 17:50:49,
GOAT003166,Gareth McAuley,spatial_zone_summary,statsbomb_player,Gareth McAuley,1,Tier 1 - Exact Match,2026-08-05 17:50:49,
GOAT003167,Gary Neville,spatial_passing_centrality,statsbomb_player,Gary Neville,1,Tier 1 - Exact Match,2026-08-05 17:50:49,
GOAT003167,Gary Neville,spatial_zone_summary,statsbomb_player,Gary Neville,1,Tier 1 - Exact Match,2026-08-05 17:50:49,
GOAT003227,Gary O''Neil,spatial_passing_centrality,statsbomb_player,Gary O''Neil,1,Tier 1 - Exact Match,2026-08-05 17:50:49,
GOAT003227,Gary O''Neil,spatial_zone_summary,statsbomb_player,Gary O''Neil,1,Tier 1 - Exact Match,2026-08-05 17:50:49,
GOAT003206,Georges Mikautadze,spatial_passing_centrality,statsbomb_player,Georges Mikautadze,1,Tier 1 - Exact Match,2026-08-05 17:50:49,
GOAT003206,Georges Mikautadze,spatial_zone_summary,statsbomb_player,Georges Mikautadze,1,Tier 1 - Exact Match,2026-08-05 17:50:49,
GOAT002308,Cristian Gómez García,spatial_passing_centrality,statsbomb_player,Cristian Gómez García,1,Tier 1 - Exact Match,2026-08-05 17:50:49,
GOAT002308,Cristian Gómez García,spatial_zone_summary,statsbomb_player,Cristian Gómez García,1,Tier 1 - Exact Match,2026-08-05 17:50:49,
GOAT002262,Cristian Lobato Villegas,spatial_passing_centrality,statsbomb_player,Cristian Lobato Villegas,1,Tier 1 - Exact Match,2026-08-05 17:50:49,
GOAT002262,Cristian Lobato Villegas,spatial_zone_summary,statsbomb_player,Cristian Lobato Villegas,1,Tier 1 - Exact Match,2026-08-05 17:50:49,
GOAT002263,Cristian Omar Espinoza,spatial_passing_centrality,statsbomb_player,Cristian Omar Espinoza,1,Tier 1 - Exact Match,2026-08-05 17:50:49,
GOAT002263,Cristian Omar Espinoza,spatial_zone_summary,statsbomb_player,Cristian Omar Espinoza,1,Tier 1 - Exact Match,2026-08-05 17:50:49,
GOAT002227,Daichi Kamada,spatial_passing_centrality,statsbomb_player,Daichi Kamada,1,Tier 1 - Exact Match,2026-08-05 17:50:49,
GOAT002227,Daichi Kamada,spatial_zone_summary,statsbomb_player,Daichi Kamada,1,Tier 1 - Exact Match,2026-08-05 17:50:49,
GOAT002532,Pablo Redondo Martínez,spatial_passing_centrality,statsbomb_player,Pablo Redondo Martínez,1,Tier 1 - Exact Match,2026-08-05 17:50:49,
GOAT002532,Pablo Redondo Martínez,spatial_zone_summary,statsbomb_player,Pablo Redondo Martínez,1,Tier 1 - Exact Match,2026-08-05 17:50:49,
GOAT002533,Pablo Sebastián Valeira Álvarez,spatial_passing_centrality,statsbomb_player,Pablo Sebastián Valeira Álvarez,1,Tier 1 - Exact Match,2026-08-05 17:50:49,
GOAT002533,Pablo Sebastián Valeira Álvarez,spatial_zone_summary,statsbomb_player,Pablo Sebastián Valeira Álvarez,1,Tier 1 - Exact Match,2026-08-05 17:50:49,
GOAT002545,Paulo César Wanchope Watson,spatial_passing_centrality,statsbomb_player,Paulo César Wanchope Watson,1,Tier 1 - Exact Match,2026-08-05 17:50:49,
GOAT002545,Paulo César Wanchope Watson,spatial_zone_summary,statsbomb_player,Paulo César Wanchope Watson,1,Tier 1 - Exact Match,2026-08-05 17:50:49,
GOAT002546,Paulo Henrique Chagas de Lima,spatial_passing_centrality,statsbomb_player,Paulo Henrique Chagas de Lima,1,Tier 1 - Exact Match,2026-08-05 17:50:49,
GOAT002546,Paulo Henrique Chagas de Lima,spatial_zone_summary,statsbomb_player,Paulo Henrique Chagas de Lima,1,Tier 1 - Exact Match,2026-08-05 17:50:49,
GOAT002547,Paulus Arajuuri,spatial_passing_centrality,statsbomb_player,Paulus Arajuuri,1,Tier 1 - Exact Match,2026-08-05 17:50:49,
GOAT002547,Paulus Arajuuri,spatial_zone_summary,statsbomb_player,Paulus Arajuuri,1,Tier 1 - Exact Match,2026-08-05 17:50:49,
GOAT002575,Pavel Šulc,spatial_passing_centrality,statsbomb_player,Pavel Šulc,1,Tier 1 - Exact Match,2026-08-05 17:50:49,
GOAT002575,Pavel Šulc,spatial_zone_summary,statsbomb_player,Pavel Šulc,1,Tier 1 - Exact Match,2026-08-05 17:50:49,
GOAT002534,Pedro Andrés Morales Flores,spatial_passing_centrality,statsbomb_player,Pedro Andrés Morales Flores,1,Tier 1 - Exact Match,2026-08-05 17:50:49,
GOAT002534,Pedro Andrés Morales Flores,spatial_zone_summary,statsbomb_player,Pedro Andrés Morales Flores,1,Tier 1 - Exact Match,2026-08-05 17:50:49,
GOAT002305,Clemente Juan Rodríguez,spatial_passing_centrality,statsbomb_player,Clemente Juan Rodríguez,1,Tier 1 - Exact Match,2026-08-05 17:50:49,
GOAT002305,Clemente Juan Rodríguez,spatial_zone_summary,statsbomb_player,Clemente Juan Rodríguez,1,Tier 1 - Exact Match,2026-08-05 17:50:49,
GOAT002550,Patrick Roberts,spatial_passing_centrality,statsbomb_player,Patrick Roberts,1,Tier 1 - Exact Match,2026-08-05 17:50:49,
GOAT002550,Patrick Roberts,spatial_zone_summary,statsbomb_player,Patrick Roberts,1,Tier 1 - Exact Match,2026-08-05 17:50:49,
GOAT002551,Patrick Twumasi,spatial_passing_centrality,statsbomb_player,Patrick Twumasi,1,Tier 1 - Exact Match,2026-08-05 17:50:49,
GOAT002551,Patrick Twumasi,spatial_zone_summary,statsbomb_player,Patrick Twumasi,1,Tier 1 - Exact Match,2026-08-05 17:50:49,
GOAT002552,Patrick Vieira,spatial_passing_centrality,statsbomb_player,Patrick Vieira,1,Tier 1 - Exact Match,2026-08-05 17:50:49,
GOAT002552,Patrick Vieira,spatial_zone_summary,statsbomb_player,Patrick Vieira,1,Tier 1 - Exact Match,2026-08-05 17:50:49,
GOAT002522,Patrick van Aanholt,spatial_passing_centrality,statsbomb_player,Patrick van Aanholt,1,Tier 1 - Exact Match,2026-08-05 17:50:49,
GOAT002522,Patrick van Aanholt,spatial_zone_summary,statsbomb_player,Patrick van Aanholt,1,Tier 1 - Exact Match,2026-08-05 17:50:49,
GOAT002523,Patrik Hrošovský,spatial_passing_centrality,statsbomb_player,Patrik Hrošovský,1,Tier 1 - Exact Match,2026-08-05 17:50:49,
GOAT002523,Patrik Hrošovský,spatial_zone_summary,statsbomb_player,Patrik Hrošovský,1,Tier 1 - Exact Match,2026-08-05 17:50:49,
GOAT002524,Paul Baysse,spatial_passing_centrality,statsbomb_player,Paul Baysse,1,Tier 1 - Exact Match,2026-08-05 17:50:49,
GOAT002524,Paul Baysse,spatial_zone_summary,statsbomb_player,Paul Baysse,1,Tier 1 - Exact Match,2026-08-05 17:50:49,
GOAT002527,Paul Dummett,spatial_passing_centrality,statsbomb_player,Paul Dummett,1,Tier 1 - Exact Match,2026-08-05 17:50:49,
GOAT002527,Paul Dummett,spatial_zone_summary,statsbomb_player,Paul Dummett,1,Tier 1 - Exact Match,2026-08-05 17:50:49,
GOAT002528,Paul Edgar Akouokou,spatial_passing_centrality,statsbomb_player,Paul Edgar Akouokou,1,Tier 1 - Exact Match,2026-08-05 17:50:49,
GOAT002528,Paul Edgar Akouokou,spatial_zone_summary,statsbomb_player,Paul Edgar Akouokou,1,Tier 1 - Exact Match,2026-08-05 17:50:49,
GOAT002336,Cristian Eduardo Zapata Valencia,spatial_passing_centrality,statsbomb_player,Cristian Eduardo Zapata Valencia,1,Tier 1 - Exact Match,2026-08-05 17:50:49,
GOAT002336,Cristian Eduardo Zapata Valencia,spatial_zone_summary,statsbomb_player,Cristian Eduardo Zapata Valencia,1,Tier 1 - Exact Match,2026-08-05 17:50:49,
GOAT002307,Cristian Gamboa Luna,spatial_passing_centrality,statsbomb_player,Cristian Gamboa Luna,1,Tier 1 - Exact Match,2026-08-05 17:50:49,
GOAT002307,Cristian Gamboa Luna,spatial_zone_summary,statsbomb_player,Cristian Gamboa Luna,1,Tier 1 - Exact Match,2026-08-05 17:50:49,
GOAT003208,Gerardo García León,spatial_passing_centrality,statsbomb_player,Gerardo García León,1,Tier 1 - Exact Match,2026-08-05 17:50:49,
GOAT003208,Gerardo García León,spatial_zone_summary,statsbomb_player,Gerardo García León,1,Tier 1 - Exact Match,2026-08-05 17:50:49,
GOAT002512,Juan José Narváez Solarte,spatial_passing_centrality,statsbomb_player,Juan José Narváez Solarte,1,Tier 1 - Exact Match,2026-08-05 17:50:49,
GOAT002512,Juan José Narváez Solarte,spatial_zone_summary,statsbomb_player,Juan José Narváez Solarte,1,Tier 1 - Exact Match,2026-08-05 17:50:49,
GOAT002513,Juan Luis Mora Palacios,spatial_passing_centrality,statsbomb_player,Juan Luis Mora Palacios,1,Tier 1 - Exact Match,2026-08-05 17:50:49,
GOAT002513,Juan Luis Mora Palacios,spatial_zone_summary,statsbomb_player,Juan Luis Mora Palacios,1,Tier 1 - Exact Match,2026-08-05 17:50:49,
GOAT002471,Juan Manuel Delgado Moreno,spatial_passing_centrality,statsbomb_player,Juan Manuel Delgado Moreno,1,Tier 1 - Exact Match,2026-08-05 17:50:49,
GOAT002471,Juan Manuel Delgado Moreno,spatial_zone_summary,statsbomb_player,Juan Manuel Delgado Moreno,1,Tier 1 - Exact Match,2026-08-05 17:50:49,
GOAT002445,Juan Manuel Peña Montaño,spatial_passing_centrality,statsbomb_player,Juan Manuel Peña Montaño,1,Tier 1 - Exact Match,2026-08-05 17:50:49,
GOAT002445,Juan Manuel Peña Montaño,spatial_zone_summary,statsbomb_player,Juan Manuel Peña Montaño,1,Tier 1 - Exact Match,2026-08-05 17:50:49,
GOAT002477,Juan Merino Ruíz,spatial_passing_centrality,statsbomb_player,Juan Merino Ruíz,1,Tier 1 - Exact Match,2026-08-05 17:50:49,
GOAT002477,Juan Merino Ruíz,spatial_zone_summary,statsbomb_player,Juan Merino Ruíz,1,Tier 1 - Exact Match,2026-08-05 17:50:49,
GOAT002478,Juan Muñiz Gallego,spatial_passing_centrality,statsbomb_player,Juan Muñiz Gallego,1,Tier 1 - Exact Match,2026-08-05 17:50:49,
GOAT002478,Juan Muñiz Gallego,spatial_zone_summary,statsbomb_player,Juan Muñiz Gallego,1,Tier 1 - Exact Match,2026-08-05 17:50:49,
GOAT002479,Juan Pablo Carrizo,spatial_passing_centrality,statsbomb_player,Juan Pablo Carrizo,1,Tier 1 - Exact Match,2026-08-05 17:50:49,
GOAT002479,Juan Pablo Carrizo,spatial_zone_summary,statsbomb_player,Juan Pablo Carrizo,1,Tier 1 - Exact Match,2026-08-05 17:50:49,
GOAT002480,Juan Pablo Sorín,spatial_passing_centrality,statsbomb_player,Juan Pablo Sorín,1,Tier 1 - Exact Match,2026-08-05 17:50:49,
GOAT002480,Juan Pablo Sorín,spatial_zone_summary,statsbomb_player,Juan Pablo Sorín,1,Tier 1 - Exact Match,2026-08-05 17:50:49,
GOAT003022,Giancarlo González Castro,spatial_passing_centrality,statsbomb_player,Giancarlo González Castro,1,Tier 1 - Exact Match,2026-08-05 17:50:49,
GOAT003022,Giancarlo González Castro,spatial_zone_summary,statsbomb_player,Giancarlo González Castro,1,Tier 1 - Exact Match,2026-08-05 17:50:49,
GOAT002599,Pedro Tonon Geromel,spatial_passing_centrality,statsbomb_player,Pedro Tonon Geromel,1,Tier 1 - Exact Match,2026-08-05 17:50:49,
GOAT002599,Pedro Tonon Geromel,spatial_zone_summary,statsbomb_player,Pedro Tonon Geromel,1,Tier 1 - Exact Match,2026-08-05 17:50:49,
GOAT002600,Per Mertesacker,spatial_passing_centrality,statsbomb_player,Per Mertesacker,1,Tier 1 - Exact Match,2026-08-05 17:50:49,
GOAT002600,Per Mertesacker,spatial_zone_summary,statsbomb_player,Per Mertesacker,1,Tier 1 - Exact Match,2026-08-05 17:50:49,
GOAT002601,Pere Milla Peña,spatial_passing_centrality,statsbomb_player,Pere Milla Peña,1,Tier 1 - Exact Match,2026-08-05 17:50:49,
GOAT002601,Pere Milla Peña,spatial_zone_summary,statsbomb_player,Pere Milla Peña,1,Tier 1 - Exact Match,2026-08-05 17:50:49,
GOAT002264,Cristian Portilla Rodríguez,spatial_passing_centrality,statsbomb_player,Cristian Portilla Rodríguez,1,Tier 1 - Exact Match,2026-08-05 17:50:49,
GOAT002264,Cristian Portilla Rodríguez,spatial_zone_summary,statsbomb_player,Cristian Portilla Rodríguez,1,Tier 1 - Exact Match,2026-08-05 17:50:49,
GOAT002525,Paulo Afonso Santos Júnior,spatial_passing_centrality,statsbomb_player,Paulo Afonso Santos Júnior,1,Tier 1 - Exact Match,2026-08-05 17:50:49,
GOAT002525,Paulo Afonso Santos Júnior,spatial_zone_summary,statsbomb_player,Paulo Afonso Santos Júnior,1,Tier 1 - Exact Match,2026-08-05 17:50:49,
GOAT002544,Paulo César Díaz Huincales,spatial_passing_centrality,statsbomb_player,Paulo César Díaz Huincales,1,Tier 1 - Exact Match,2026-08-05 17:50:49,
GOAT002544,Paulo César Díaz Huincales,spatial_zone_summary,statsbomb_player,Paulo César Díaz Huincales,1,Tier 1 - Exact Match,2026-08-05 17:50:49,
GOAT002577,Phil Jagielka,spatial_passing_centrality,statsbomb_player,Phil Jagielka,1,Tier 1 - Exact Match,2026-08-05 17:50:49,
GOAT002577,Phil Jagielka,spatial_zone_summary,statsbomb_player,Phil Jagielka,1,Tier 1 - Exact Match,2026-08-05 17:50:49,
GOAT002385,Christian Fuchs,spatial_passing_centrality,statsbomb_player,Christian Fuchs,1,Tier 1 - Exact Match,2026-08-05 17:50:49,
GOAT002385,Christian Fuchs,spatial_zone_summary,statsbomb_player,Christian Fuchs,1,Tier 1 - Exact Match,2026-08-05 17:50:49,
GOAT002413,Christian Gabriel Oliva Giménez,spatial_passing_centrality,statsbomb_player,Christian Gabriel Oliva Giménez,1,Tier 1 - Exact Match,2026-08-05 17:50:49,
GOAT002413,Christian Gabriel Oliva Giménez,spatial_zone_summary,statsbomb_player,Christian Gabriel Oliva Giménez,1,Tier 1 - Exact Match,2026-08-05 17:50:49,
GOAT002414,Christian Guillermo Martín Ramos Garagay,spatial_passing_centrality,statsbomb_player,Christian Guillermo Martín Ramos Garagay,1,Tier 1 - Exact Match,2026-08-05 17:50:49,
GOAT002414,Christian Guillermo Martín Ramos Garagay,spatial_zone_summary,statsbomb_player,Christian Guillermo Martín Ramos Garagay,1,Tier 1 - Exact Match,2026-08-05 17:50:49,
GOAT002391,Christian Lell,spatial_passing_centrality,statsbomb_player,Christian Lell,1,Tier 1 - Exact Match,2026-08-05 17:50:49,
GOAT002391,Christian Lell,spatial_zone_summary,statsbomb_player,Christian Lell,1,Tier 1 - Exact Match,2026-08-05 17:50:49,
GOAT002392,Christian Riganò,spatial_passing_centrality,statsbomb_player,Christian Riganò,1,Tier 1 - Exact Match,2026-08-05 17:50:49,
GOAT002392,Christian Riganò,spatial_zone_summary,statsbomb_player,Christian Riganò,1,Tier 1 - Exact Match,2026-08-05 17:50:49,
GOAT002306,Clinton Mua N''Jie,spatial_passing_centrality,statsbomb_player,Clinton Mua N''Jie,1,Tier 1 - Exact Match,2026-08-05 17:50:49,
GOAT002306,Clinton Mua N''Jie,spatial_zone_summary,statsbomb_player,Clinton Mua N''Jie,1,Tier 1 - Exact Match,2026-08-05 17:50:49,
GOAT002309,Connor Wickham,spatial_passing_centrality,statsbomb_player,Connor Wickham,1,Tier 1 - Exact Match,2026-08-05 17:50:49,
GOAT002309,Connor Wickham,spatial_zone_summary,statsbomb_player,Connor Wickham,1,Tier 1 - Exact Match,2026-08-05 17:50:49,
GOAT002310,Craig Cathcart,spatial_passing_centrality,statsbomb_player,Craig Cathcart,1,Tier 1 - Exact Match,2026-08-05 17:50:49,
GOAT002310,Craig Cathcart,spatial_zone_summary,statsbomb_player,Craig Cathcart,1,Tier 1 - Exact Match,2026-08-05 17:50:49,
GOAT002311,Craig Dawson,spatial_passing_centrality,statsbomb_player,Craig Dawson,1,Tier 1 - Exact Match,2026-08-05 17:50:49,
GOAT002311,Craig Dawson,spatial_zone_summary,statsbomb_player,Craig Dawson,1,Tier 1 - Exact Match,2026-08-05 17:50:49,
GOAT002312,Craig Gardner,spatial_passing_centrality,statsbomb_player,Craig Gardner,1,Tier 1 - Exact Match,2026-08-05 17:50:49,
GOAT002312,Craig Gardner,spatial_zone_summary,statsbomb_player,Craig Gardner,1,Tier 1 - Exact Match,2026-08-05 17:50:49,
GOAT002535,Pedro Gonzalez Contreras Cano,spatial_passing_centrality,statsbomb_player,Pedro Gonzalez Contreras Cano,1,Tier 1 - Exact Match,2026-08-05 17:50:49,
GOAT002535,Pedro Gonzalez Contreras Cano,spatial_zone_summary,statsbomb_player,Pedro Gonzalez Contreras Cano,1,Tier 1 - Exact Match,2026-08-05 17:50:49,
GOAT002536,Pedro Guilherme Abreu dos Santos,spatial_passing_centrality,statsbomb_player,Pedro Guilherme Abreu dos Santos,1,Tier 1 - Exact Match,2026-08-05 17:50:49,
GOAT002536,Pedro Guilherme Abreu dos Santos,spatial_zone_summary,statsbomb_player,Pedro Guilherme Abreu dos Santos,1,Tier 1 - Exact Match,2026-08-05 17:50:49,
GOAT002580,Pedro Jesús Aquino Sánchez,spatial_passing_centrality,statsbomb_player,Pedro Jesús Aquino Sánchez,1,Tier 1 - Exact Match,2026-08-05 17:50:49,
GOAT002580,Pedro Jesús Aquino Sánchez,spatial_zone_summary,statsbomb_player,Pedro Jesús Aquino Sánchez,1,Tier 1 - Exact Match,2026-08-05 17:50:49,
GOAT002581,Pedro Mba Obiang Avomo,spatial_passing_centrality,statsbomb_player,Pedro Mba Obiang Avomo,1,Tier 1 - Exact Match,2026-08-05 17:50:49,
GOAT002581,Pedro Mba Obiang Avomo,spatial_zone_summary,statsbomb_player,Pedro Mba Obiang Avomo,1,Tier 1 - Exact Match,2026-08-05 17:50:49,
GOAT003207,Georgiy Sudakov,spatial_passing_centrality,statsbomb_player,Georgiy Sudakov,1,Tier 1 - Exact Match,2026-08-05 17:50:49,
GOAT003207,Georgiy Sudakov,spatial_zone_summary,statsbomb_player,Georgiy Sudakov,1,Tier 1 - Exact Match,2026-08-05 17:50:49,
GOAT002589,Pol Lozano Vizuete,spatial_passing_centrality,statsbomb_player,Pol Lozano Vizuete,1,Tier 1 - Exact Match,2026-08-05 17:50:49,
GOAT002589,Pol Lozano Vizuete,spatial_zone_summary,statsbomb_player,Pol Lozano Vizuete,1,Tier 1 - Exact Match,2026-08-05 17:50:49,
GOAT003023,Gianluca Lapadula Vargas,spatial_passing_centrality,statsbomb_player,Gianluca Lapadula Vargas,1,Tier 1 - Exact Match,2026-08-05 17:50:49,
GOAT003023,Gianluca Lapadula Vargas,spatial_zone_summary,statsbomb_player,Gianluca Lapadula Vargas,1,Tier 1 - Exact Match,2026-08-05 17:50:49,
GOAT002833,Gianluca Scamacca,spatial_passing_centrality,statsbomb_player,Gianluca Scamacca,1,Tier 1 - Exact Match,2026-08-05 17:50:49,
GOAT002833,Gianluca Scamacca,spatial_zone_summary,statsbomb_player,Gianluca Scamacca,1,Tier 1 - Exact Match,2026-08-05 17:50:49,
GOAT002861,Gianni Michel Eugene Zuiverloon,spatial_passing_centrality,statsbomb_player,Gianni Michel Eugene Zuiverloon,1,Tier 1 - Exact Match,2026-08-05 17:50:49,
GOAT002861,Gianni Michel Eugene Zuiverloon,spatial_zone_summary,statsbomb_player,Gianni Michel Eugene Zuiverloon,1,Tier 1 - Exact Match,2026-08-05 17:50:49,
GOAT002562,Juan Carlos Real Ruiz,spatial_passing_centrality,statsbomb_player,Juan Carlos Real Ruiz,1,Tier 1 - Exact Match,2026-08-05 17:50:49,
GOAT002562,Juan Carlos Real Ruiz,spatial_zone_summary,statsbomb_player,Juan Carlos Real Ruiz,1,Tier 1 - Exact Match,2026-08-05 17:50:49,
GOAT002563,Juan Cruz Ochoa López,spatial_passing_centrality,statsbomb_player,Juan Cruz Ochoa López,1,Tier 1 - Exact Match,2026-08-05 17:50:49,
GOAT002563,Juan Cruz Ochoa López,spatial_zone_summary,statsbomb_player,Juan Cruz Ochoa López,1,Tier 1 - Exact Match,2026-08-05 17:50:49,
GOAT002564,Juan Emmanuel Culio,spatial_passing_centrality,statsbomb_player,Juan Emmanuel Culio,1,Tier 1 - Exact Match,2026-08-05 17:50:49,
GOAT002564,Juan Emmanuel Culio,spatial_zone_summary,statsbomb_player,Juan Emmanuel Culio,1,Tier 1 - Exact Match,2026-08-05 17:50:49,
GOAT003289,Gelson Dany Batalha Martins,spatial_passing_centrality,statsbomb_player,Gelson Dany Batalha Martins,1,Tier 1 - Exact Match,2026-08-05 17:50:49,
GOAT003289,Gelson Dany Batalha Martins,spatial_zone_summary,statsbomb_player,Gelson Dany Batalha Martins,1,Tier 1 - Exact Match,2026-08-05 17:50:49,
GOAT003197,Gen Shōji,spatial_passing_centrality,statsbomb_player,Gen Shōji,1,Tier 1 - Exact Match,2026-08-05 17:50:49,
GOAT003197,Gen Shōji,spatial_zone_summary,statsbomb_player,Gen Shōji,1,Tier 1 - Exact Match,2026-08-05 17:50:49,
GOAT003198,Genki Haraguchi,spatial_passing_centrality,statsbomb_player,Genki Haraguchi,1,Tier 1 - Exact Match,2026-08-05 17:50:49,
GOAT003198,Genki Haraguchi,spatial_zone_summary,statsbomb_player,Genki Haraguchi,1,Tier 1 - Exact Match,2026-08-05 17:50:49,
GOAT003199,George Lucas Coser,spatial_passing_centrality,statsbomb_player,George Lucas Coser,1,Tier 1 - Exact Match,2026-08-05 17:50:49,
GOAT003199,George Lucas Coser,spatial_zone_summary,statsbomb_player,George Lucas Coser,1,Tier 1 - Exact Match,2026-08-05 17:50:49,
GOAT002873,Giorgi Mamardashvili,spatial_passing_centrality,statsbomb_player,Giorgi Mamardashvili,1,Tier 1 - Exact Match,2026-08-05 17:50:49,
GOAT002873,Giorgi Mamardashvili,spatial_zone_summary,statsbomb_player,Giorgi Mamardashvili,1,Tier 1 - Exact Match,2026-08-05 17:50:49,
GOAT002629,Przemysław Płacheta,spatial_passing_centrality,statsbomb_player,Przemysław Płacheta,1,Tier 1 - Exact Match,2026-08-05 17:50:49,
GOAT002629,Przemysław Płacheta,spatial_zone_summary,statsbomb_player,Przemysław Płacheta,1,Tier 1 - Exact Match,2026-08-05 17:50:49,
GOAT002602,Peru Nolaskoain Esnal,spatial_passing_centrality,statsbomb_player,Peru Nolaskoain Esnal,1,Tier 1 - Exact Match,2026-08-05 17:50:49,
GOAT002602,Peru Nolaskoain Esnal,spatial_zone_summary,statsbomb_player,Peru Nolaskoain Esnal,1,Tier 1 - Exact Match,2026-08-05 17:50:49,
GOAT002603,Petar Stojanović,spatial_passing_centrality,statsbomb_player,Petar Stojanović,1,Tier 1 - Exact Match,2026-08-05 17:50:49,
GOAT002603,Petar Stojanović,spatial_zone_summary,statsbomb_player,Petar Stojanović,1,Tier 1 - Exact Match,2026-08-05 17:50:49,
GOAT002576,Phil Bardsley,spatial_passing_centrality,statsbomb_player,Phil Bardsley,1,Tier 1 - Exact Match,2026-08-05 17:50:49,
GOAT002576,Phil Bardsley,spatial_zone_summary,statsbomb_player,Phil Bardsley,1,Tier 1 - Exact Match,2026-08-05 17:50:49,
GOAT002874,Giorgian Daniel De Arrascaeta Benedetti,spatial_passing_centrality,statsbomb_player,Giorgian Daniel De Arrascaeta Benedetti,1,Tier 1 - Exact Match,2026-08-05 17:50:49,
GOAT002874,Giorgian Daniel De Arrascaeta Benedetti,spatial_zone_summary,statsbomb_player,Giorgian Daniel De Arrascaeta Benedetti,1,Tier 1 - Exact Match,2026-08-05 17:50:49,
GOAT002875,Gleison Bremer Silva Nascimento,spatial_passing_centrality,statsbomb_player,Gleison Bremer Silva Nascimento,1,Tier 1 - Exact Match,2026-08-05 17:50:49,
GOAT002875,Gleison Bremer Silva Nascimento,spatial_zone_summary,statsbomb_player,Gleison Bremer Silva Nascimento,1,Tier 1 - Exact Match,2026-08-05 17:50:49,
GOAT002611,João Pedro Neves Filipe,spatial_passing_centrality,statsbomb_player,João Pedro Neves Filipe,1,Tier 1 - Exact Match,2026-08-05 17:50:49,
GOAT002611,João Pedro Neves Filipe,spatial_zone_summary,statsbomb_player,João Pedro Neves Filipe,1,Tier 1 - Exact Match,2026-08-05 17:50:49,
GOAT002516,Juan Antonio Iglesias Sánchez,spatial_passing_centrality,statsbomb_player,Juan Antonio Iglesias Sánchez,1,Tier 1 - Exact Match,2026-08-05 17:50:49,
GOAT002516,Juan Antonio Iglesias Sánchez,spatial_zone_summary,statsbomb_player,Juan Antonio Iglesias Sánchez,1,Tier 1 - Exact Match,2026-08-05 17:50:49,
GOAT002517,Juan Carlos,spatial_passing_centrality,statsbomb_player,Juan Carlos,1,Tier 1 - Exact Match,2026-08-05 17:50:49,
GOAT002517,Juan Carlos,spatial_zone_summary,statsbomb_player,Juan Carlos,1,Tier 1 - Exact Match,2026-08-05 17:50:49,
GOAT003052,Ghilane Chalali,spatial_passing_centrality,statsbomb_player,Ghilane Chalali,1,Tier 1 - Exact Match,2026-08-05 17:50:49,
GOAT003052,Ghilane Chalali,spatial_zone_summary,statsbomb_player,Ghilane Chalali,1,Tier 1 - Exact Match,2026-08-05 17:50:49,
GOAT003021,Giacomo Raspadori,spatial_passing_centrality,statsbomb_player,Giacomo Raspadori,1,Tier 1 - Exact Match,2026-08-05 17:50:49,
GOAT003021,Giacomo Raspadori,spatial_zone_summary,statsbomb_player,Giacomo Raspadori,1,Tier 1 - Exact Match,2026-08-05 17:50:49,
GOAT002684,Rafael Ramos Lozano,spatial_passing_centrality,statsbomb_player,Rafael Ramos Lozano,1,Tier 1 - Exact Match,2026-08-05 17:50:49,
GOAT002684,Rafael Ramos Lozano,spatial_zone_summary,statsbomb_player,Rafael Ramos Lozano,1,Tier 1 - Exact Match,2026-08-05 17:50:49,
GOAT002634,Rafael Romero Serrano,spatial_passing_centrality,statsbomb_player,Rafael Romero Serrano,1,Tier 1 - Exact Match,2026-08-05 17:50:49,
GOAT002634,Rafael Romero Serrano,spatial_zone_summary,statsbomb_player,Rafael Romero Serrano,1,Tier 1 - Exact Match,2026-08-05 17:50:49,
GOAT002635,Rafael Santos Borré Amaury,spatial_passing_centrality,statsbomb_player,Rafael Santos Borré Amaury,1,Tier 1 - Exact Match,2026-08-05 17:50:49,
GOAT002635,Rafael Santos Borré Amaury,spatial_zone_summary,statsbomb_player,Rafael Santos Borré Amaury,1,Tier 1 - Exact Match,2026-08-05 17:50:49,
GOAT002362,Chul Hong,spatial_passing_centrality,statsbomb_player,Chul Hong,1,Tier 1 - Exact Match,2026-08-05 17:50:49,
GOAT002362,Chul Hong,spatial_zone_summary,statsbomb_player,Chul Hong,1,Tier 1 - Exact Match,2026-08-05 17:50:49,
GOAT002363,Ciaran Clark,spatial_passing_centrality,statsbomb_player,Ciaran Clark,1,Tier 1 - Exact Match,2026-08-05 17:50:49,
GOAT002363,Ciaran Clark,spatial_zone_summary,statsbomb_player,Ciaran Clark,1,Tier 1 - Exact Match,2026-08-05 17:50:49,
GOAT002578,Phil Neville,spatial_passing_centrality,statsbomb_player,Phil Neville,1,Tier 1 - Exact Match,2026-08-05 17:50:49,
GOAT002578,Phil Neville,spatial_zone_summary,statsbomb_player,Phil Neville,1,Tier 1 - Exact Match,2026-08-05 17:50:49,
GOAT002579,Philipp Lahm,spatial_passing_centrality,statsbomb_player,Philipp Lahm,1,Tier 1 - Exact Match,2026-08-05 17:50:49,
GOAT002579,Philipp Lahm,spatial_zone_summary,statsbomb_player,Philipp Lahm,1,Tier 1 - Exact Match,2026-08-05 17:50:49,
GOAT002609,Philipp Lienhart,spatial_passing_centrality,statsbomb_player,Philipp Lienhart,1,Tier 1 - Exact Match,2026-08-05 17:50:49,
GOAT002609,Philipp Lienhart,spatial_zone_summary,statsbomb_player,Philipp Lienhart,1,Tier 1 - Exact Match,2026-08-05 17:50:49,
GOAT002610,Piero Martín Hincapié Reyna,spatial_passing_centrality,statsbomb_player,Piero Martín Hincapié Reyna,1,Tier 1 - Exact Match,2026-08-05 17:50:49,
GOAT002610,Piero Martín Hincapié Reyna,spatial_zone_summary,statsbomb_player,Piero Martín Hincapié Reyna,1,Tier 1 - Exact Match,2026-08-05 17:50:49,
GOAT002508,Cheick Doukouré,spatial_passing_centrality,statsbomb_player,Cheick Doukouré,1,Tier 1 - Exact Match,2026-08-05 17:50:49,
GOAT002508,Cheick Doukouré,spatial_zone_summary,statsbomb_player,Cheick Doukouré,1,Tier 1 - Exact Match,2026-08-05 17:50:49,
GOAT002539,Cheikh N'Doye,spatial_passing_centrality,statsbomb_player,Cheikh N'Doye,1,Tier 1 - Exact Match,2026-08-05 17:50:49,
GOAT002539,Cheikh N'Doye,spatial_zone_summary,statsbomb_player,Cheikh N'Doye,1,Tier 1 - Exact Match,2026-08-05 17:50:49,
GOAT002460,Chidozie Collins Awaziem,spatial_passing_centrality,statsbomb_player,Chidozie Collins Awaziem,1,Tier 1 - Exact Match,2026-08-05 17:50:49,
GOAT002460,Chidozie Collins Awaziem,spatial_zone_summary,statsbomb_player,Chidozie Collins Awaziem,1,Tier 1 - Exact Match,2026-08-05 17:50:49,
GOAT002429,Chris Smalling,spatial_passing_centrality,statsbomb_player,Chris Smalling,1,Tier 1 - Exact Match,2026-08-05 17:50:49,
GOAT002429,Chris Smalling,spatial_zone_summary,statsbomb_player,Chris Smalling,1,Tier 1 - Exact Match,2026-08-05 17:50:49,
GOAT002381,Christian Alfonso López,spatial_passing_centrality,statsbomb_player,Christian Alfonso López,1,Tier 1 - Exact Match,2026-08-05 17:50:49,
GOAT002381,Christian Alfonso López,spatial_zone_summary,statsbomb_player,Christian Alfonso López,1,Tier 1 - Exact Match,2026-08-05 17:50:49,
GOAT002382,Christian Bolaños Navarro,spatial_passing_centrality,statsbomb_player,Christian Bolaños Navarro,1,Tier 1 - Exact Match,2026-08-05 17:50:49,
GOAT002382,Christian Bolaños Navarro,spatial_zone_summary,statsbomb_player,Christian Bolaños Navarro,1,Tier 1 - Exact Match,2026-08-05 17:50:49,
GOAT002383,Christian Daniel Bravo Araneda,spatial_passing_centrality,statsbomb_player,Christian Daniel Bravo Araneda,1,Tier 1 - Exact Match,2026-08-05 17:50:49,
GOAT002383,Christian Daniel Bravo Araneda,spatial_zone_summary,statsbomb_player,Christian Daniel Bravo Araneda,1,Tier 1 - Exact Match,2026-08-05 17:50:49,
GOAT002630,Qazim Laçi,spatial_passing_centrality,statsbomb_player,Qazim Laçi,1,Tier 1 - Exact Match,2026-08-05 17:50:49,
GOAT002630,Qazim Laçi,spatial_zone_summary,statsbomb_player,Qazim Laçi,1,Tier 1 - Exact Match,2026-08-05 17:50:49,
GOAT002631,Quincy Anton Promes,spatial_passing_centrality,statsbomb_player,Quincy Anton Promes,1,Tier 1 - Exact Match,2026-08-05 17:50:49,
GOAT002631,Quincy Anton Promes,spatial_zone_summary,statsbomb_player,Quincy Anton Promes,1,Tier 1 - Exact Match,2026-08-05 17:50:49,
GOAT002632,Quincy Owusu-Abeyie,spatial_passing_centrality,statsbomb_player,Quincy Owusu-Abeyie,1,Tier 1 - Exact Match,2026-08-05 17:50:49,
GOAT002632,Quincy Owusu-Abeyie,spatial_zone_summary,statsbomb_player,Quincy Owusu-Abeyie,1,Tier 1 - Exact Match,2026-08-05 17:50:49,
GOAT002637,Quinton Fortune Kolobea,spatial_passing_centrality,statsbomb_player,Quinton Fortune Kolobea,1,Tier 1 - Exact Match,2026-08-05 17:50:49,
GOAT002637,Quinton Fortune Kolobea,spatial_zone_summary,statsbomb_player,Quinton Fortune Kolobea,1,Tier 1 - Exact Match,2026-08-05 17:50:49,
GOAT002638,Radu Drăgușin,spatial_passing_centrality,statsbomb_player,Radu Drăgușin,1,Tier 1 - Exact Match,2026-08-05 17:50:49,
GOAT002638,Radu Drăgușin,spatial_zone_summary,statsbomb_player,Radu Drăgușin,1,Tier 1 - Exact Match,2026-08-05 17:50:49,
GOAT002639,Rafael Augusto Sóbis do Nascimento,spatial_passing_centrality,statsbomb_player,Rafael Augusto Sóbis do Nascimento,1,Tier 1 - Exact Match,2026-08-05 17:50:49,
GOAT002639,Rafael Augusto Sóbis do Nascimento,spatial_zone_summary,statsbomb_player,Rafael Augusto Sóbis do Nascimento,1,Tier 1 - Exact Match,2026-08-05 17:50:49,
GOAT002627,Rafael Clavero Prados,spatial_passing_centrality,statsbomb_player,Rafael Clavero Prados,1,Tier 1 - Exact Match,2026-08-05 17:50:49,
GOAT002627,Rafael Clavero Prados,spatial_zone_summary,statsbomb_player,Rafael Clavero Prados,1,Tier 1 - Exact Match,2026-08-05 17:50:49,
GOAT002682,Rafael García García,spatial_passing_centrality,statsbomb_player,Rafael García García,1,Tier 1 - Exact Match,2026-08-05 17:50:49,
GOAT002682,Rafael García García,spatial_zone_summary,statsbomb_player,Rafael García García,1,Tier 1 - Exact Match,2026-08-05 17:50:49,
GOAT002683,Rafael Jesús Navarro Mazuelos,spatial_passing_centrality,statsbomb_player,Rafael Jesús Navarro Mazuelos,1,Tier 1 - Exact Match,2026-08-05 17:50:49,
GOAT002683,Rafael Jesús Navarro Mazuelos,spatial_zone_summary,statsbomb_player,Rafael Jesús Navarro Mazuelos,1,Tier 1 - Exact Match,2026-08-05 17:50:49,
GOAT002531,Carlos Merino González,spatial_passing_centrality,statsbomb_player,Carlos Merino González,1,Tier 1 - Exact Match,2026-08-05 17:50:49,
GOAT002531,Carlos Merino González,spatial_zone_summary,statsbomb_player,Carlos Merino González,1,Tier 1 - Exact Match,2026-08-05 17:50:49,
GOAT002384,Christian Fassnacht,spatial_passing_centrality,statsbomb_player,Christian Fassnacht,1,Tier 1 - Exact Match,2026-08-05 17:50:49,
GOAT002384,Christian Fassnacht,spatial_zone_summary,statsbomb_player,Christian Fassnacht,1,Tier 1 - Exact Match,2026-08-05 17:50:49,
GOAT002605,Ramin Rezaeian,spatial_passing_centrality,statsbomb_player,Ramin Rezaeian,1,Tier 1 - Exact Match,2026-08-05 17:50:49,
GOAT002605,Ramin Rezaeian,spatial_zone_summary,statsbomb_player,Ramin Rezaeian,1,Tier 1 - Exact Match,2026-08-05 17:50:49,
GOAT002606,Ramón de Quintana Dalmau,spatial_passing_centrality,statsbomb_player,Ramón de Quintana Dalmau,1,Tier 1 - Exact Match,2026-08-05 17:50:49,
GOAT002606,Ramón de Quintana Dalmau,spatial_zone_summary,statsbomb_player,Ramón de Quintana Dalmau,1,Tier 1 - Exact Match,2026-08-05 17:50:49,
GOAT002677,Rasmus Nissen Kristensen,spatial_passing_centrality,statsbomb_player,Rasmus Nissen Kristensen,1,Tier 1 - Exact Match,2026-08-05 17:50:49,
GOAT002677,Rasmus Nissen Kristensen,spatial_zone_summary,statsbomb_player,Rasmus Nissen Kristensen,1,Tier 1 - Exact Match,2026-08-05 17:50:49,
GOAT002678,Rasmus Schüller,spatial_passing_centrality,statsbomb_player,Rasmus Schüller,1,Tier 1 - Exact Match,2026-08-05 17:50:49,
GOAT002678,Rasmus Schüller,spatial_zone_summary,statsbomb_player,Rasmus Schüller,1,Tier 1 - Exact Match,2026-08-05 17:50:49,
GOAT002679,Ray Kendry Páez Andrade,spatial_passing_centrality,statsbomb_player,Ray Kendry Páez Andrade,1,Tier 1 - Exact Match,2026-08-05 17:50:49,
GOAT002679,Ray Kendry Páez Andrade,spatial_zone_summary,statsbomb_player,Ray Kendry Páez Andrade,1,Tier 1 - Exact Match,2026-08-05 17:50:49,
GOAT002680,Ray Parlour,spatial_passing_centrality,statsbomb_player,Ray Parlour,1,Tier 1 - Exact Match,2026-08-05 17:50:49,
GOAT002680,Ray Parlour,spatial_zone_summary,statsbomb_player,Ray Parlour,1,Tier 1 - Exact Match,2026-08-05 17:50:49,
GOAT002500,Cayetano Bartolomé Bonnín Vásquez,spatial_passing_centrality,statsbomb_player,Cayetano Bartolomé Bonnín Vásquez,1,Tier 1 - Exact Match,2026-08-05 17:50:49,
GOAT002500,Cayetano Bartolomé Bonnín Vásquez,spatial_zone_summary,statsbomb_player,Cayetano Bartolomé Bonnín Vásquez,1,Tier 1 - Exact Match,2026-08-05 17:50:49,
GOAT002501,Cecilio Nauzet Pérez González,spatial_passing_centrality,statsbomb_player,Cecilio Nauzet Pérez González,1,Tier 1 - Exact Match,2026-08-05 17:50:49,
GOAT002501,Cecilio Nauzet Pérez González,spatial_zone_summary,statsbomb_player,Cecilio Nauzet Pérez González,1,Tier 1 - Exact Match,2026-08-05 17:50:49,
GOAT002502,Cedric Mabwati Gerard,spatial_passing_centrality,statsbomb_player,Cedric Mabwati Gerard,1,Tier 1 - Exact Match,2026-08-05 17:50:49,
GOAT002502,Cedric Mabwati Gerard,spatial_zone_summary,statsbomb_player,Cedric Mabwati Gerard,1,Tier 1 - Exact Match,2026-08-05 17:50:49,
GOAT002503,Charles De Ketelaere,spatial_passing_centrality,statsbomb_player,Charles De Ketelaere,1,Tier 1 - Exact Match,2026-08-05 17:50:49,
GOAT002503,Charles De Ketelaere,spatial_zone_summary,statsbomb_player,Charles De Ketelaere,1,Tier 1 - Exact Match,2026-08-05 17:50:49,
GOAT002505,"Charles N""Zogbia",spatial_passing_centrality,statsbomb_player,"Charles N""Zogbia",1,Tier 1 - Exact Match,2026-08-05 17:50:49,
GOAT002505,"Charles N""Zogbia",spatial_zone_summary,statsbomb_player,"Charles N""Zogbia",1,Tier 1 - Exact Match,2026-08-05 17:50:49,
GOAT002506,Charlie Adam,spatial_passing_centrality,statsbomb_player,Charlie Adam,1,Tier 1 - Exact Match,2026-08-05 17:50:49,
GOAT002506,Charlie Adam,spatial_zone_summary,statsbomb_player,Charlie Adam,1,Tier 1 - Exact Match,2026-08-05 17:50:49,
GOAT002636,Rafał Kurzawa,spatial_passing_centrality,statsbomb_player,Rafał Kurzawa,1,Tier 1 - Exact Match,2026-08-05 17:50:49,
GOAT002636,Rafał Kurzawa,spatial_zone_summary,statsbomb_player,Rafał Kurzawa,1,Tier 1 - Exact Match,2026-08-05 17:50:49,
GOAT002507,Che Adams,spatial_passing_centrality,statsbomb_player,Che Adams,1,Tier 1 - Exact Match,2026-08-05 17:50:49,
GOAT002507,Che Adams,spatial_zone_summary,statsbomb_player,Che Adams,1,Tier 1 - Exact Match,2026-08-05 17:50:49,
GOAT002495,Carlos Javier Acuña Caballero,spatial_passing_centrality,statsbomb_player,Carlos Javier Acuña Caballero,1,Tier 1 - Exact Match,2026-08-05 17:50:49,
GOAT002495,Carlos Javier Acuña Caballero,spatial_zone_summary,statsbomb_player,Carlos Javier Acuña Caballero,1,Tier 1 - Exact Match,2026-08-05 17:50:49,
GOAT002496,Carlos Javier Cuéllar Jiménez,spatial_passing_centrality,statsbomb_player,Carlos Javier Cuéllar Jiménez,1,Tier 1 - Exact Match,2026-08-05 17:50:49,
GOAT002496,Carlos Javier Cuéllar Jiménez,spatial_zone_summary,statsbomb_player,Carlos Javier Cuéllar Jiménez,1,Tier 1 - Exact Match,2026-08-05 17:50:49,
GOAT002666,Gonzalo Cacicedo Verdú,spatial_passing_centrality,statsbomb_player,Gonzalo Cacicedo Verdú,1,Tier 1 - Exact Match,2026-08-05 17:50:49,
GOAT002666,Gonzalo Cacicedo Verdú,spatial_zone_summary,statsbomb_player,Gonzalo Cacicedo Verdú,1,Tier 1 - Exact Match,2026-08-05 17:50:49,
GOAT002667,Gonzalo Pablo Castellani,spatial_passing_centrality,statsbomb_player,Gonzalo Pablo Castellani,1,Tier 1 - Exact Match,2026-08-05 17:50:49,
GOAT002667,Gonzalo Pablo Castellani,spatial_zone_summary,statsbomb_player,Gonzalo Pablo Castellani,1,Tier 1 - Exact Match,2026-08-05 17:50:49,
GOAT002657,José Verdú Nicolás,spatial_passing_centrality,statsbomb_player,José Verdú Nicolás,1,Tier 1 - Exact Match,2026-08-05 17:50:49,
GOAT002657,José Verdú Nicolás,spatial_zone_summary,statsbomb_player,José Verdú Nicolás,1,Tier 1 - Exact Match,2026-08-05 17:50:49,
GOAT002615,José Zahinos,spatial_passing_centrality,statsbomb_player,José Zahinos,1,Tier 1 - Exact Match,2026-08-05 17:50:49,
GOAT002615,José Zahinos,spatial_zone_summary,statsbomb_player,José Zahinos,1,Tier 1 - Exact Match,2026-08-05 17:50:49,
GOAT002616,José Ángel Alonso Martín,spatial_passing_centrality,statsbomb_player,José Ángel Alonso Martín,1,Tier 1 - Exact Match,2026-08-05 17:50:49,
GOAT002616,José Ángel Alonso Martín,spatial_zone_summary,statsbomb_player,José Ángel Alonso Martín,1,Tier 1 - Exact Match,2026-08-05 17:50:49,
GOAT002644,José Ángel Pozo la Rosa,spatial_passing_centrality,statsbomb_player,José Ángel Pozo la Rosa,1,Tier 1 - Exact Match,2026-08-05 17:50:49,
GOAT002644,José Ángel Pozo la Rosa,spatial_zone_summary,statsbomb_player,José Ángel Pozo la Rosa,1,Tier 1 - Exact Match,2026-08-05 17:50:49,
GOAT002862,Giedrius Arlauskis,spatial_passing_centrality,statsbomb_player,Giedrius Arlauskis,1,Tier 1 - Exact Match,2026-08-05 17:50:49,
GOAT002862,Giedrius Arlauskis,spatial_zone_summary,statsbomb_player,Giedrius Arlauskis,1,Tier 1 - Exact Match,2026-08-05 17:50:49,
GOAT002863,Gilberto Aparecido da Silva,spatial_passing_centrality,statsbomb_player,Gilberto Aparecido da Silva,1,Tier 1 - Exact Match,2026-08-05 17:50:49,
GOAT002863,Gilberto Aparecido da Silva,spatial_zone_summary,statsbomb_player,Gilberto Aparecido da Silva,1,Tier 1 - Exact Match,2026-08-05 17:50:49,
GOAT003228,Giorgi Chakvetadze,spatial_passing_centrality,statsbomb_player,Giorgi Chakvetadze,1,Tier 1 - Exact Match,2026-08-05 17:50:49,
GOAT003228,Giorgi Chakvetadze,spatial_zone_summary,statsbomb_player,Giorgi Chakvetadze,1,Tier 1 - Exact Match,2026-08-05 17:50:49,
GOAT002864,Giorgi Gvelesiani,spatial_passing_centrality,statsbomb_player,Giorgi Gvelesiani,1,Tier 1 - Exact Match,2026-08-05 17:50:49,
GOAT002864,Giorgi Gvelesiani,spatial_zone_summary,statsbomb_player,Giorgi Gvelesiani,1,Tier 1 - Exact Match,2026-08-05 17:50:49,
GOAT002671,Gotoku Sakai,spatial_passing_centrality,statsbomb_player,Gotoku Sakai,1,Tier 1 - Exact Match,2026-08-05 17:50:49,
GOAT002671,Gotoku Sakai,spatial_zone_summary,statsbomb_player,Gotoku Sakai,1,Tier 1 - Exact Match,2026-08-05 17:50:49,
GOAT002497,Carlos Joel Salcedo Hernández,spatial_passing_centrality,statsbomb_player,Carlos Joel Salcedo Hernández,1,Tier 1 - Exact Match,2026-08-05 17:50:49,
GOAT002497,Carlos Joel Salcedo Hernández,spatial_zone_summary,statsbomb_player,Carlos Joel Salcedo Hernández,1,Tier 1 - Exact Match,2026-08-05 17:50:49,
GOAT002529,Carlos Lázaro Vallejo,spatial_passing_centrality,statsbomb_player,Carlos Lázaro Vallejo,1,Tier 1 - Exact Match,2026-08-05 17:50:49,
GOAT002529,Carlos Lázaro Vallejo,spatial_zone_summary,statsbomb_player,Carlos Lázaro Vallejo,1,Tier 1 - Exact Match,2026-08-05 17:50:49,
GOAT002530,Carlos Manuel de Oliveira Magalhães,spatial_passing_centrality,statsbomb_player,Carlos Manuel de Oliveira Magalhães,1,Tier 1 - Exact Match,2026-08-05 17:50:49,
GOAT002530,Carlos Manuel de Oliveira Magalhães,spatial_zone_summary,statsbomb_player,Carlos Manuel de Oliveira Magalhães,1,Tier 1 - Exact Match,2026-08-05 17:50:49,
GOAT002664,Renato Fabrizio Tapia Cortijo,spatial_passing_centrality,statsbomb_player,Renato Fabrizio Tapia Cortijo,1,Tier 1 - Exact Match,2026-08-05 17:50:49,
GOAT002664,Renato Fabrizio Tapia Cortijo,spatial_zone_summary,statsbomb_player,Renato Fabrizio Tapia Cortijo,1,Tier 1 - Exact Match,2026-08-05 17:50:49,
GOAT002665,Rey Manaj,spatial_passing_centrality,statsbomb_player,Rey Manaj,1,Tier 1 - Exact Match,2026-08-05 17:50:49,
GOAT002665,Rey Manaj,spatial_zone_summary,statsbomb_player,Rey Manaj,1,Tier 1 - Exact Match,2026-08-05 17:50:49,
GOAT002701,Ricardo Domingos Barbosa Pereira,spatial_passing_centrality,statsbomb_player,Ricardo Domingos Barbosa Pereira,1,Tier 1 - Exact Match,2026-08-05 17:50:49,
GOAT002701,Ricardo Domingos Barbosa Pereira,spatial_zone_summary,statsbomb_player,Ricardo Domingos Barbosa Pereira,1,Tier 1 - Exact Match,2026-08-05 17:50:49,
GOAT002702,Ricardo León Brito,spatial_passing_centrality,statsbomb_player,Ricardo León Brito,1,Tier 1 - Exact Match,2026-08-05 17:50:49,
GOAT002702,Ricardo León Brito,spatial_zone_summary,statsbomb_player,Ricardo León Brito,1,Tier 1 - Exact Match,2026-08-05 17:50:49,
GOAT002582,Carlos Andrés Sánchez Arcosa,spatial_passing_centrality,statsbomb_player,Carlos Andrés Sánchez Arcosa,1,Tier 1 - Exact Match,2026-08-05 17:50:49,
GOAT002582,Carlos Andrés Sánchez Arcosa,spatial_zone_summary,statsbomb_player,Carlos Andrés Sánchez Arcosa,1,Tier 1 - Exact Match,2026-08-05 17:50:49,
GOAT002583,Carlos Armando Gruezo Arboleda,spatial_passing_centrality,statsbomb_player,Carlos Armando Gruezo Arboleda,1,Tier 1 - Exact Match,2026-08-05 17:50:49,
GOAT002583,Carlos Armando Gruezo Arboleda,spatial_zone_summary,statsbomb_player,Carlos Armando Gruezo Arboleda,1,Tier 1 - Exact Match,2026-08-05 17:50:49,
GOAT002584,Carlos Augusto Zambrano Ochandarte,spatial_passing_centrality,statsbomb_player,Carlos Augusto Zambrano Ochandarte,1,Tier 1 - Exact Match,2026-08-05 17:50:49,
GOAT002584,Carlos Augusto Zambrano Ochandarte,spatial_zone_summary,statsbomb_player,Carlos Augusto Zambrano Ochandarte,1,Tier 1 - Exact Match,2026-08-05 17:50:49,
GOAT002585,Carlos Carbonell Gil,spatial_passing_centrality,statsbomb_player,Carlos Carbonell Gil,1,Tier 1 - Exact Match,2026-08-05 17:50:49,
GOAT002585,Carlos Carbonell Gil,spatial_zone_summary,statsbomb_player,Carlos Carbonell Gil,1,Tier 1 - Exact Match,2026-08-05 17:50:49,
GOAT002553,Carlos Carmona Bonet,spatial_passing_centrality,statsbomb_player,Carlos Carmona Bonet,1,Tier 1 - Exact Match,2026-08-05 17:50:49,
GOAT002553,Carlos Carmona Bonet,spatial_zone_summary,statsbomb_player,Carlos Carmona Bonet,1,Tier 1 - Exact Match,2026-08-05 17:50:49,
GOAT002554,Carlos Domínguez Cáceres,spatial_passing_centrality,statsbomb_player,Carlos Domínguez Cáceres,1,Tier 1 - Exact Match,2026-08-05 17:50:49,
GOAT002554,Carlos Domínguez Cáceres,spatial_zone_summary,statsbomb_player,Carlos Domínguez Cáceres,1,Tier 1 - Exact Match,2026-08-05 17:50:49,
GOAT002555,Carlos Eccehomo Cuesta Figueroa,spatial_passing_centrality,statsbomb_player,Carlos Eccehomo Cuesta Figueroa,1,Tier 1 - Exact Match,2026-08-05 17:50:49,
GOAT002555,Carlos Eccehomo Cuesta Figueroa,spatial_zone_summary,statsbomb_player,Carlos Eccehomo Cuesta Figueroa,1,Tier 1 - Exact Match,2026-08-05 17:50:49,
GOAT002641,Raúl Goni Bayo,spatial_passing_centrality,statsbomb_player,Raúl Goni Bayo,1,Tier 1 - Exact Match,2026-08-05 17:50:49,
GOAT002641,Raúl Goni Bayo,spatial_zone_summary,statsbomb_player,Raúl Goni Bayo,1,Tier 1 - Exact Match,2026-08-05 17:50:49,
GOAT002697,Raúl Iznata Zabala,spatial_passing_centrality,statsbomb_player,Raúl Iznata Zabala,1,Tier 1 - Exact Match,2026-08-05 17:50:49,
GOAT002697,Raúl Iznata Zabala,spatial_zone_summary,statsbomb_player,Raúl Iznata Zabala,1,Tier 1 - Exact Match,2026-08-05 17:50:49,
GOAT002698,Raúl Mario Ruidíaz Misitich,spatial_passing_centrality,statsbomb_player,Raúl Mario Ruidíaz Misitich,1,Tier 1 - Exact Match,2026-08-05 17:50:49,
GOAT002698,Raúl Mario Ruidíaz Misitich,spatial_zone_summary,statsbomb_player,Raúl Mario Ruidíaz Misitich,1,Tier 1 - Exact Match,2026-08-05 17:50:49,
GOAT002699,Raúl Valbuena Cano,spatial_passing_centrality,statsbomb_player,Raúl Valbuena Cano,1,Tier 1 - Exact Match,2026-08-05 17:50:49,
GOAT002699,Raúl Valbuena Cano,spatial_zone_summary,statsbomb_player,Raúl Valbuena Cano,1,Tier 1 - Exact Match,2026-08-05 17:50:49,
GOAT002556,Carlos González Peña,spatial_passing_centrality,statsbomb_player,Carlos González Peña,1,Tier 1 - Exact Match,2026-08-05 17:50:49,
GOAT002556,Carlos González Peña,spatial_zone_summary,statsbomb_player,Carlos González Peña,1,Tier 1 - Exact Match,2026-08-05 17:50:49,
GOAT002673,Grant Campbell Hanley,spatial_passing_centrality,statsbomb_player,Grant Campbell Hanley,1,Tier 1 - Exact Match,2026-08-05 17:50:49,
GOAT002673,Grant Campbell Hanley,spatial_zone_summary,statsbomb_player,Grant Campbell Hanley,1,Tier 1 - Exact Match,2026-08-05 17:50:49,
GOAT002674,Grégory Arnolin,spatial_passing_centrality,statsbomb_player,Grégory Arnolin,1,Tier 1 - Exact Match,2026-08-05 17:50:49,
GOAT002674,Grégory Arnolin,spatial_zone_summary,statsbomb_player,Grégory Arnolin,1,Tier 1 - Exact Match,2026-08-05 17:50:49,
GOAT002675,Grégory Coupet,spatial_passing_centrality,statsbomb_player,Grégory Coupet,1,Tier 1 - Exact Match,2026-08-05 17:50:49,
GOAT002675,Grégory Coupet,spatial_zone_summary,statsbomb_player,Grégory Coupet,1,Tier 1 - Exact Match,2026-08-05 17:50:49,
GOAT002755,José María López de Silva Sánchez,spatial_passing_centrality,statsbomb_player,José María López de Silva Sánchez,1,Tier 1 - Exact Match,2026-08-05 17:50:49,
GOAT002755,José María López de Silva Sánchez,spatial_zone_summary,statsbomb_player,José María López de Silva Sánchez,1,Tier 1 - Exact Match,2026-08-05 17:50:49,
GOAT002756,José Miguel González Rey,spatial_passing_centrality,statsbomb_player,José Miguel González Rey,1,Tier 1 - Exact Match,2026-08-05 17:50:49,
GOAT002756,José Miguel González Rey,spatial_zone_summary,statsbomb_player,José Miguel González Rey,1,Tier 1 - Exact Match,2026-08-05 17:50:49,
GOAT002654,José Moratón Taeño,spatial_passing_centrality,statsbomb_player,José Moratón Taeño,1,Tier 1 - Exact Match,2026-08-05 17:50:49,
GOAT002654,José Moratón Taeño,spatial_zone_summary,statsbomb_player,José Moratón Taeño,1,Tier 1 - Exact Match,2026-08-05 17:50:49,
GOAT002655,José Raúl Gutiérrez Parejo,spatial_passing_centrality,statsbomb_player,José Raúl Gutiérrez Parejo,1,Tier 1 - Exact Match,2026-08-05 17:50:49,
GOAT002655,José Raúl Gutiérrez Parejo,spatial_zone_summary,statsbomb_player,José Raúl Gutiérrez Parejo,1,Tier 1 - Exact Match,2026-08-05 17:50:49,
GOAT002656,José Rodríguez Martínez,spatial_passing_centrality,statsbomb_player,José Rodríguez Martínez,1,Tier 1 - Exact Match,2026-08-05 17:50:49,
GOAT002656,José Rodríguez Martínez,spatial_zone_summary,statsbomb_player,José Rodríguez Martínez,1,Tier 1 - Exact Match,2026-08-05 17:50:49,
GOAT002745,Glen Johnson,spatial_passing_centrality,statsbomb_player,Glen Johnson,1,Tier 1 - Exact Match,2026-08-05 17:50:49,
GOAT002745,Glen Johnson,spatial_zone_summary,statsbomb_player,Glen Johnson,1,Tier 1 - Exact Match,2026-08-05 17:50:49,
GOAT002746,Glen Kamara,spatial_passing_centrality,statsbomb_player,Glen Kamara,1,Tier 1 - Exact Match,2026-08-05 17:50:49,
GOAT002746,Glen Kamara,spatial_zone_summary,statsbomb_player,Glen Kamara,1,Tier 1 - Exact Match,2026-08-05 17:50:49,
GOAT002747,Glenn Murray,spatial_passing_centrality,statsbomb_player,Glenn Murray,1,Tier 1 - Exact Match,2026-08-05 17:50:49,
GOAT002747,Glenn Murray,spatial_zone_summary,statsbomb_player,Glenn Murray,1,Tier 1 - Exact Match,2026-08-05 17:50:49,
GOAT002749,Guram Kashia,spatial_passing_centrality,statsbomb_player,Guram Kashia,1,Tier 1 - Exact Match,2026-08-05 17:50:49,
GOAT002749,Guram Kashia,spatial_zone_summary,statsbomb_player,Guram Kashia,1,Tier 1 - Exact Match,2026-08-05 17:50:49,
GOAT002691,Robbie Kruse,spatial_passing_centrality,statsbomb_player,Robbie Kruse,1,Tier 1 - Exact Match,2026-08-05 17:50:49,
GOAT002691,Robbie Kruse,spatial_zone_summary,statsbomb_player,Robbie Kruse,1,Tier 1 - Exact Match,2026-08-05 17:50:49,
GOAT002717,Robert Brady,spatial_passing_centrality,statsbomb_player,Robert Brady,1,Tier 1 - Exact Match,2026-08-05 17:50:49,
GOAT002717,Robert Brady,spatial_zone_summary,statsbomb_player,Robert Brady,1,Tier 1 - Exact Match,2026-08-05 17:50:49,
GOAT002718,Robert Huth,spatial_passing_centrality,statsbomb_player,Robert Huth,1,Tier 1 - Exact Match,2026-08-05 17:50:49,
GOAT002718,Robert Huth,spatial_zone_summary,statsbomb_player,Robert Huth,1,Tier 1 - Exact Match,2026-08-05 17:50:49,
GOAT002729,Robert Navarro Muñoz,spatial_passing_centrality,statsbomb_player,Robert Navarro Muñoz,1,Tier 1 - Exact Match,2026-08-05 17:50:49,
GOAT002729,Robert Navarro Muñoz,spatial_zone_summary,statsbomb_player,Robert Navarro Muñoz,1,Tier 1 - Exact Match,2026-08-05 17:50:49,
GOAT002626,Bryan Ruiz González,spatial_passing_centrality,statsbomb_player,Bryan Ruiz González,1,Tier 1 - Exact Match,2026-08-05 17:50:49,
GOAT002626,Bryan Ruiz González,spatial_zone_summary,statsbomb_player,Bryan Ruiz González,1,Tier 1 - Exact Match,2026-08-05 17:50:49,
GOAT002590,Bukayo Saka,spatial_passing_centrality,statsbomb_player,Bukayo Saka,1,Tier 1 - Exact Match,2026-08-05 17:50:49,
GOAT002590,Bukayo Saka,spatial_zone_summary,statsbomb_player,Bukayo Saka,1,Tier 1 - Exact Match,2026-08-05 17:50:49,
GOAT002591,Callum McGregor,spatial_passing_centrality,statsbomb_player,Callum McGregor,1,Tier 1 - Exact Match,2026-08-05 17:50:49,
GOAT002591,Callum McGregor,spatial_zone_summary,statsbomb_player,Callum McGregor,1,Tier 1 - Exact Match,2026-08-05 17:50:49,
GOAT002586,Cameron Jerome,spatial_passing_centrality,statsbomb_player,Cameron Jerome,1,Tier 1 - Exact Match,2026-08-05 17:50:49,
GOAT002586,Cameron Jerome,spatial_zone_summary,statsbomb_player,Cameron Jerome,1,Tier 1 - Exact Match,2026-08-05 17:50:49,
GOAT002587,Camilo Andrés Vargas Gil,spatial_passing_centrality,statsbomb_player,Camilo Andrés Vargas Gil,1,Tier 1 - Exact Match,2026-08-05 17:50:49,
GOAT002587,Camilo Andrés Vargas Gil,spatial_zone_summary,statsbomb_player,Camilo Andrés Vargas Gil,1,Tier 1 - Exact Match,2026-08-05 17:50:49,
GOAT002597,Carles Domingo Pladevall,spatial_passing_centrality,statsbomb_player,Carles Domingo Pladevall,1,Tier 1 - Exact Match,2026-08-05 17:50:49,
GOAT002597,Carles Domingo Pladevall,spatial_zone_summary,statsbomb_player,Carles Domingo Pladevall,1,Tier 1 - Exact Match,2026-08-05 17:50:49,
GOAT002598,Carlos Alberto Rodríguez Gómez,spatial_passing_centrality,statsbomb_player,Carlos Alberto Rodríguez Gómez,1,Tier 1 - Exact Match,2026-08-05 17:50:49,
GOAT002598,Carlos Alberto Rodríguez Gómez,spatial_zone_summary,statsbomb_player,Carlos Alberto Rodríguez Gómez,1,Tier 1 - Exact Match,2026-08-05 17:50:49,
GOAT002696,Braulio Nóbrega Rodríguez,spatial_passing_centrality,statsbomb_player,Braulio Nóbrega Rodríguez,1,Tier 1 - Exact Match,2026-08-05 17:50:49,
GOAT002696,Braulio Nóbrega Rodríguez,spatial_zone_summary,statsbomb_player,Braulio Nóbrega Rodríguez,1,Tier 1 - Exact Match,2026-08-05 17:50:49,
GOAT002703,Ricardo Pérez de Zabalza Goytre,spatial_passing_centrality,statsbomb_player,Ricardo Pérez de Zabalza Goytre,1,Tier 1 - Exact Match,2026-08-05 17:50:49,
GOAT002703,Ricardo Pérez de Zabalza Goytre,spatial_zone_summary,statsbomb_player,Ricardo Pérez de Zabalza Goytre,1,Tier 1 - Exact Match,2026-08-05 17:50:49,
GOAT002704,Ricardo Sanzol Goñi,spatial_passing_centrality,statsbomb_player,Ricardo Sanzol Goñi,1,Tier 1 - Exact Match,2026-08-05 17:50:49,
GOAT002704,Ricardo Sanzol Goñi,spatial_zone_summary,statsbomb_player,Ricardo Sanzol Goñi,1,Tier 1 - Exact Match,2026-08-05 17:50:49,
GOAT002681,Riccardo Calafiori,spatial_passing_centrality,statsbomb_player,Riccardo Calafiori,1,Tier 1 - Exact Match,2026-08-05 17:50:49,
GOAT002681,Riccardo Calafiori,spatial_zone_summary,statsbomb_player,Riccardo Calafiori,1,Tier 1 - Exact Match,2026-08-05 17:50:49,
GOAT002692,Richard Javier Morales Aguirre,spatial_passing_centrality,statsbomb_player,Richard Javier Morales Aguirre,1,Tier 1 - Exact Match,2026-08-05 17:50:49,
GOAT002692,Richard Javier Morales Aguirre,spatial_zone_summary,statsbomb_player,Richard Javier Morales Aguirre,1,Tier 1 - Exact Match,2026-08-05 17:50:49,
GOAT002693,Richard Rios Montoya,spatial_passing_centrality,statsbomb_player,Richard Rios Montoya,1,Tier 1 - Exact Match,2026-08-05 17:50:49,
GOAT002693,Richard Rios Montoya,spatial_zone_summary,statsbomb_player,Richard Rios Montoya,1,Tier 1 - Exact Match,2026-08-05 17:50:49,
GOAT002694,Richmond Yiadom Boakye,spatial_passing_centrality,statsbomb_player,Richmond Yiadom Boakye,1,Tier 1 - Exact Match,2026-08-05 17:50:49,
GOAT002694,Richmond Yiadom Boakye,spatial_zone_summary,statsbomb_player,Richmond Yiadom Boakye,1,Tier 1 - Exact Match,2026-08-05 17:50:49,
GOAT002689,Ritsu Doan,spatial_passing_centrality,statsbomb_player,Ritsu Doan,1,Tier 1 - Exact Match,2026-08-05 17:50:49,
GOAT002689,Ritsu Doan,spatial_zone_summary,statsbomb_player,Ritsu Doan,1,Tier 1 - Exact Match,2026-08-05 17:50:49,
GOAT002690,Riyad Mahrez,spatial_passing_centrality,statsbomb_player,Riyad Mahrez,1,Tier 1 - Exact Match,2026-08-05 17:50:49,
GOAT002690,Riyad Mahrez,spatial_zone_summary,statsbomb_player,Riyad Mahrez,1,Tier 1 - Exact Match,2026-08-05 17:50:49,
GOAT002779,Rodrigo Eduardo Echeverría Sáez,spatial_passing_centrality,statsbomb_player,Rodrigo Eduardo Echeverría Sáez,1,Tier 1 - Exact Match,2026-08-05 17:50:49,
GOAT002779,Rodrigo Eduardo Echeverría Sáez,spatial_zone_summary,statsbomb_player,Rodrigo Eduardo Echeverría Sáez,1,Tier 1 - Exact Match,2026-08-05 17:50:49,
GOAT002740,Roger Claver Assalé Djapone,spatial_passing_centrality,statsbomb_player,Roger Claver Assalé Djapone,1,Tier 1 - Exact Match,2026-08-05 17:50:49,
GOAT002740,Roger Claver Assalé Djapone,spatial_zone_summary,statsbomb_player,Roger Claver Assalé Djapone,1,Tier 1 - Exact Match,2026-08-05 17:50:49,
GOAT002741,Roger García Junyent,spatial_passing_centrality,statsbomb_player,Roger García Junyent,1,Tier 1 - Exact Match,2026-08-05 17:50:49,
GOAT002741,Roger García Junyent,spatial_zone_summary,statsbomb_player,Roger García Junyent,1,Tier 1 - Exact Match,2026-08-05 17:50:49,
GOAT002640,Brayan Roberto Reyna Casaverde,spatial_passing_centrality,statsbomb_player,Brayan Roberto Reyna Casaverde,1,Tier 1 - Exact Match,2026-08-05 17:50:49,
GOAT002640,Brayan Roberto Reyna Casaverde,spatial_zone_summary,statsbomb_player,Brayan Roberto Reyna Casaverde,1,Tier 1 - Exact Match,2026-08-05 17:50:49,
GOAT002592,Brede Hangeland,spatial_passing_centrality,statsbomb_player,Brede Hangeland,1,Tier 1 - Exact Match,2026-08-05 17:50:49,
GOAT002592,Brede Hangeland,spatial_zone_summary,statsbomb_player,Brede Hangeland,1,Tier 1 - Exact Match,2026-08-05 17:50:49,
GOAT002593,Bruno Cirillo,spatial_passing_centrality,statsbomb_player,Bruno Cirillo,1,Tier 1 - Exact Match,2026-08-05 17:50:49,
GOAT002593,Bruno Cirillo,spatial_zone_summary,statsbomb_player,Bruno Cirillo,1,Tier 1 - Exact Match,2026-08-05 17:50:49,
GOAT002594,Bryan Cristante,spatial_passing_centrality,statsbomb_player,Bryan Cristante,1,Tier 1 - Exact Match,2026-08-05 17:50:49,
GOAT002594,Bryan Cristante,spatial_zone_summary,statsbomb_player,Bryan Cristante,1,Tier 1 - Exact Match,2026-08-05 17:50:49,
GOAT002595,Bryan Gil Salvatierra,spatial_passing_centrality,statsbomb_player,Bryan Gil Salvatierra,1,Tier 1 - Exact Match,2026-08-05 17:50:49,
GOAT002595,Bryan Gil Salvatierra,spatial_zone_summary,statsbomb_player,Bryan Gil Salvatierra,1,Tier 1 - Exact Match,2026-08-05 17:50:49,
GOAT002596,Bryan Martín Rabello Mella,spatial_passing_centrality,statsbomb_player,Bryan Martín Rabello Mella,1,Tier 1 - Exact Match,2026-08-05 17:50:49,
GOAT002596,Bryan Martín Rabello Mella,spatial_zone_summary,statsbomb_player,Bryan Martín Rabello Mella,1,Tier 1 - Exact Match,2026-08-05 17:50:49,
GOAT002628,Bryan Oviedo,spatial_passing_centrality,statsbomb_player,Bryan Oviedo,1,Tier 1 - Exact Match,2026-08-05 17:50:49,
GOAT002628,Bryan Oviedo,spatial_zone_summary,statsbomb_player,Bryan Oviedo,1,Tier 1 - Exact Match,2026-08-05 17:50:49,
GOAT002686,Roberto Martínez Rípodas,spatial_passing_centrality,statsbomb_player,Roberto Martínez Rípodas,1,Tier 1 - Exact Match,2026-08-05 17:50:49,
GOAT002686,Roberto Martínez Rípodas,spatial_zone_summary,statsbomb_player,Roberto Martínez Rípodas,1,Tier 1 - Exact Match,2026-08-05 17:50:49,
GOAT002687,Roberto Maximiliano Pereyra,spatial_passing_centrality,statsbomb_player,Roberto Maximiliano Pereyra,1,Tier 1 - Exact Match,2026-08-05 17:50:49,
GOAT002687,Roberto Maximiliano Pereyra,spatial_zone_summary,statsbomb_player,Roberto Maximiliano Pereyra,1,Tier 1 - Exact Match,2026-08-05 17:50:49,
GOAT002688,Roberto Suárez Álvarez,spatial_passing_centrality,statsbomb_player,Roberto Suárez Álvarez,1,Tier 1 - Exact Match,2026-08-05 17:50:49,
GOAT002688,Roberto Suárez Álvarez,spatial_zone_summary,statsbomb_player,Roberto Suárez Álvarez,1,Tier 1 - Exact Match,2026-08-05 17:50:49,
GOAT002621,Borja Sainz Eguskiza,spatial_passing_centrality,statsbomb_player,Borja Sainz Eguskiza,1,Tier 1 - Exact Match,2026-08-05 17:50:49,
GOAT002621,Borja Sainz Eguskiza,spatial_zone_summary,statsbomb_player,Borja Sainz Eguskiza,1,Tier 1 - Exact Match,2026-08-05 17:50:49,
GOAT002622,Borja Viguera Manzanares,spatial_passing_centrality,statsbomb_player,Borja Viguera Manzanares,1,Tier 1 - Exact Match,2026-08-05 17:50:49,
GOAT002622,Borja Viguera Manzanares,spatial_zone_summary,statsbomb_player,Borja Viguera Manzanares,1,Tier 1 - Exact Match,2026-08-05 17:50:49,
GOAT002685,Roberto Carlos Alvarado Hernández,spatial_passing_centrality,statsbomb_player,Roberto Carlos Alvarado Hernández,1,Tier 1 - Exact Match,2026-08-05 17:50:49,
GOAT002685,Roberto Carlos Alvarado Hernández,spatial_zone_summary,statsbomb_player,Roberto Carlos Alvarado Hernández,1,Tier 1 - Exact Match,2026-08-05 17:50:49,
GOAT002738,Robin Olsen,spatial_passing_centrality,statsbomb_player,Robin Olsen,1,Tier 1 - Exact Match,2026-08-05 17:50:49,
GOAT002738,Robin Olsen,spatial_zone_summary,statsbomb_player,Robin Olsen,1,Tier 1 - Exact Match,2026-08-05 17:50:49,
GOAT002739,Robin Quaison,spatial_passing_centrality,statsbomb_player,Robin Quaison,1,Tier 1 - Exact Match,2026-08-05 17:50:49,
GOAT002739,Robin Quaison,spatial_zone_summary,statsbomb_player,Robin Quaison,1,Tier 1 - Exact Match,2026-08-05 17:50:49,
GOAT002559,Gustavo Adrián López Pablo,spatial_passing_centrality,statsbomb_player,Gustavo Adrián López Pablo,1,Tier 1 - Exact Match,2026-08-05 17:50:49,
GOAT002559,Gustavo Adrián López Pablo,spatial_zone_summary,statsbomb_player,Gustavo Adrián López Pablo,1,Tier 1 - Exact Match,2026-08-05 17:50:49,
GOAT002560,Gustavo Enrique Reggi,spatial_passing_centrality,statsbomb_player,Gustavo Enrique Reggi,1,Tier 1 - Exact Match,2026-08-05 17:50:49,
GOAT002560,Gustavo Enrique Reggi,spatial_zone_summary,statsbomb_player,Gustavo Enrique Reggi,1,Tier 1 - Exact Match,2026-08-05 17:50:49,
GOAT002561,Gustavo Lionel Siviero,spatial_passing_centrality,statsbomb_player,Gustavo Lionel Siviero,1,Tier 1 - Exact Match,2026-08-05 17:50:49,
GOAT002561,Gustavo Lionel Siviero,spatial_zone_summary,statsbomb_player,Gustavo Lionel Siviero,1,Tier 1 - Exact Match,2026-08-05 17:50:49,
GOAT002661,José Manuel Catalá Mazuecos,spatial_passing_centrality,statsbomb_player,José Manuel Catalá Mazuecos,1,Tier 1 - Exact Match,2026-08-05 17:50:49,
GOAT002661,José Manuel Catalá Mazuecos,spatial_zone_summary,statsbomb_player,José Manuel Catalá Mazuecos,1,Tier 1 - Exact Match,2026-08-05 17:50:49,
GOAT002662,José Manuel Fontán Mondragón,spatial_passing_centrality,statsbomb_player,José Manuel Fontán Mondragón,1,Tier 1 - Exact Match,2026-08-05 17:50:49,
GOAT002662,José Manuel Fontán Mondragón,spatial_zone_summary,statsbomb_player,José Manuel Fontán Mondragón,1,Tier 1 - Exact Match,2026-08-05 17:50:49,
GOAT002647,José Manuel González Ortiz,spatial_passing_centrality,statsbomb_player,José Manuel González Ortiz,1,Tier 1 - Exact Match,2026-08-05 17:50:49,
GOAT002647,José Manuel González Ortiz,spatial_zone_summary,statsbomb_player,José Manuel González Ortiz,1,Tier 1 - Exact Match,2026-08-05 17:50:49,
GOAT002648,José Manuel Rodríguez Benito,spatial_passing_centrality,statsbomb_player,José Manuel Rodríguez Benito,1,Tier 1 - Exact Match,2026-08-05 17:50:49,
GOAT002648,José Manuel Rodríguez Benito,spatial_zone_summary,statsbomb_player,José Manuel Rodríguez Benito,1,Tier 1 - Exact Match,2026-08-05 17:50:49,
GOAT002649,José Manuel Rueda Sampedro,spatial_passing_centrality,statsbomb_player,José Manuel Rueda Sampedro,1,Tier 1 - Exact Match,2026-08-05 17:50:49,
GOAT002649,José Manuel Rueda Sampedro,spatial_zone_summary,statsbomb_player,José Manuel Rueda Sampedro,1,Tier 1 - Exact Match,2026-08-05 17:50:49,
GOAT002650,José Manuel Serrano Arenas,spatial_passing_centrality,statsbomb_player,José Manuel Serrano Arenas,1,Tier 1 - Exact Match,2026-08-05 17:50:49,
GOAT002650,José Manuel Serrano Arenas,spatial_zone_summary,statsbomb_player,José Manuel Serrano Arenas,1,Tier 1 - Exact Match,2026-08-05 17:50:49,
GOAT002651,José Manuel Sánchez Guillén,spatial_passing_centrality,statsbomb_player,José Manuel Sánchez Guillén,1,Tier 1 - Exact Match,2026-08-05 17:50:49,
GOAT002651,José Manuel Sánchez Guillén,spatial_zone_summary,statsbomb_player,José Manuel Sánchez Guillén,1,Tier 1 - Exact Match,2026-08-05 17:50:49,
GOAT002652,José Manuel Yanguas Calleja,spatial_passing_centrality,statsbomb_player,José Manuel Yanguas Calleja,1,Tier 1 - Exact Match,2026-08-05 17:50:49,
GOAT002652,José Manuel Yanguas Calleja,spatial_zone_summary,statsbomb_player,José Manuel Yanguas Calleja,1,Tier 1 - Exact Match,2026-08-05 17:50:49,
GOAT002668,Goran Čaušić,spatial_passing_centrality,statsbomb_player,Goran Čaušić,1,Tier 1 - Exact Match,2026-08-05 17:50:49,
GOAT002668,Goran Čaušić,spatial_zone_summary,statsbomb_player,Goran Čaušić,1,Tier 1 - Exact Match,2026-08-05 17:50:49,
GOAT002670,Gorka Larrea García,spatial_passing_centrality,statsbomb_player,Gorka Larrea García,1,Tier 1 - Exact Match,2026-08-05 17:50:49,
GOAT002670,Gorka Larrea García,spatial_zone_summary,statsbomb_player,Gorka Larrea García,1,Tier 1 - Exact Match,2026-08-05 17:50:49,
GOAT002463,Hattan Babhir,spatial_passing_centrality,statsbomb_player,Hattan Babhir,1,Tier 1 - Exact Match,2026-08-05 17:50:49,
GOAT002463,Hattan Babhir,spatial_zone_summary,statsbomb_player,Hattan Babhir,1,Tier 1 - Exact Match,2026-08-05 17:50:49,
GOAT002742,Roland Varga,spatial_passing_centrality,statsbomb_player,Roland Varga,1,Tier 1 - Exact Match,2026-08-05 17:50:49,
GOAT002742,Roland Varga,spatial_zone_summary,statsbomb_player,Roland Varga,1,Tier 1 - Exact Match,2026-08-05 17:50:49,
GOAT002743,Rolando Aarons,spatial_passing_centrality,statsbomb_player,Rolando Aarons,1,Tier 1 - Exact Match,2026-08-05 17:50:49,
GOAT002743,Rolando Aarons,spatial_zone_summary,statsbomb_player,Rolando Aarons,1,Tier 1 - Exact Match,2026-08-05 17:50:49,
GOAT002744,Roman Weidenfeller,spatial_passing_centrality,statsbomb_player,Roman Weidenfeller,1,Tier 1 - Exact Match,2026-08-05 17:50:49,
GOAT002744,Roman Weidenfeller,spatial_zone_summary,statsbomb_player,Roman Weidenfeller,1,Tier 1 - Exact Match,2026-08-05 17:50:49,
GOAT002735,Roman Yaremchuk,spatial_passing_centrality,statsbomb_player,Roman Yaremchuk,1,Tier 1 - Exact Match,2026-08-05 17:50:49,
GOAT002735,Roman Yaremchuk,spatial_zone_summary,statsbomb_player,Roman Yaremchuk,1,Tier 1 - Exact Match,2026-08-05 17:50:49,
GOAT002785,Roman Zobnin,spatial_passing_centrality,statsbomb_player,Roman Zobnin,1,Tier 1 - Exact Match,2026-08-05 17:50:49,
GOAT002785,Roman Zobnin,spatial_zone_summary,statsbomb_player,Roman Zobnin,1,Tier 1 - Exact Match,2026-08-05 17:50:49,
GOAT002765,Román Aureliano Torres Morcillo,spatial_passing_centrality,statsbomb_player,Román Aureliano Torres Morcillo,1,Tier 1 - Exact Match,2026-08-05 17:50:49,
GOAT002765,Román Aureliano Torres Morcillo,spatial_zone_summary,statsbomb_player,Román Aureliano Torres Morcillo,1,Tier 1 - Exact Match,2026-08-05 17:50:49,
GOAT002700,Billy Jones,spatial_passing_centrality,statsbomb_player,Billy Jones,1,Tier 1 - Exact Match,2026-08-05 17:50:49,
GOAT002700,Billy Jones,spatial_zone_summary,statsbomb_player,Billy Jones,1,Tier 1 - Exact Match,2026-08-05 17:50:49,
GOAT002669,Blagoy Georgiev,spatial_passing_centrality,statsbomb_player,Blagoy Georgiev,1,Tier 1 - Exact Match,2026-08-05 17:50:49,
GOAT002669,Blagoy Georgiev,spatial_zone_summary,statsbomb_player,Blagoy Georgiev,1,Tier 1 - Exact Match,2026-08-05 17:50:49,
GOAT002730,Blas Antonio Miguel Pérez Ortega,spatial_passing_centrality,statsbomb_player,Blas Antonio Miguel Pérez Ortega,1,Tier 1 - Exact Match,2026-08-05 17:50:49,
GOAT002730,Blas Antonio Miguel Pérez Ortega,spatial_zone_summary,statsbomb_player,Blas Antonio Miguel Pérez Ortega,1,Tier 1 - Exact Match,2026-08-05 17:50:49,
GOAT002731,Blerim Džemaili,spatial_passing_centrality,statsbomb_player,Blerim Džemaili,1,Tier 1 - Exact Match,2026-08-05 17:50:49,
GOAT002731,Blerim Džemaili,spatial_zone_summary,statsbomb_player,Blerim Džemaili,1,Tier 1 - Exact Match,2026-08-05 17:50:49,
GOAT002623,Boško Janković,spatial_passing_centrality,statsbomb_player,Boško Janković,1,Tier 1 - Exact Match,2026-08-05 17:50:49,
GOAT002623,Boško Janković,spatial_zone_summary,statsbomb_player,Boško Janković,1,Tier 1 - Exact Match,2026-08-05 17:50:49,
GOAT002624,Bradley Guzan,spatial_passing_centrality,statsbomb_player,Bradley Guzan,1,Tier 1 - Exact Match,2026-08-05 17:50:49,
GOAT002624,Bradley Guzan,spatial_zone_summary,statsbomb_player,Bradley Guzan,1,Tier 1 - Exact Match,2026-08-05 17:50:49,
GOAT002625,Braian Damián Rodríguez Carballo,spatial_passing_centrality,statsbomb_player,Braian Damián Rodríguez Carballo,1,Tier 1 - Exact Match,2026-08-05 17:50:49,
GOAT002625,Braian Damián Rodríguez Carballo,spatial_zone_summary,statsbomb_player,Braian Damián Rodríguez Carballo,1,Tier 1 - Exact Match,2026-08-05 17:50:49,
GOAT002695,Branislav Ivanović,spatial_passing_centrality,statsbomb_player,Branislav Ivanović,1,Tier 1 - Exact Match,2026-08-05 17:50:49,
GOAT002695,Branislav Ivanović,spatial_zone_summary,statsbomb_player,Branislav Ivanović,1,Tier 1 - Exact Match,2026-08-05 17:50:49,
GOAT002736,Robin Hranáč,spatial_passing_centrality,statsbomb_player,Robin Hranáč,1,Tier 1 - Exact Match,2026-08-05 17:50:49,
GOAT002736,Robin Hranáč,spatial_zone_summary,statsbomb_player,Robin Hranáč,1,Tier 1 - Exact Match,2026-08-05 17:50:49,
GOAT002737,Robin Lod,spatial_passing_centrality,statsbomb_player,Robin Lod,1,Tier 1 - Exact Match,2026-08-05 17:50:49,
GOAT002737,Robin Lod,spatial_zone_summary,statsbomb_player,Robin Lod,1,Tier 1 - Exact Match,2026-08-05 17:50:49,
GOAT002802,Ryad Boudebouz,spatial_passing_centrality,statsbomb_player,Ryad Boudebouz,1,Tier 1 - Exact Match,2026-08-05 17:50:49,
GOAT002802,Ryad Boudebouz,spatial_zone_summary,statsbomb_player,Ryad Boudebouz,1,Tier 1 - Exact Match,2026-08-05 17:50:49,
GOAT002803,Ryan Bennett,spatial_passing_centrality,statsbomb_player,Ryan Bennett,1,Tier 1 - Exact Match,2026-08-05 17:50:49,
GOAT002803,Ryan Bennett,spatial_zone_summary,statsbomb_player,Ryan Bennett,1,Tier 1 - Exact Match,2026-08-05 17:50:49,
GOAT002804,Ryan Bertrand,spatial_passing_centrality,statsbomb_player,Ryan Bertrand,1,Tier 1 - Exact Match,2026-08-05 17:50:49,
GOAT002804,Ryan Bertrand,spatial_zone_summary,statsbomb_player,Ryan Bertrand,1,Tier 1 - Exact Match,2026-08-05 17:50:49,
GOAT002732,Bojan Jokić,spatial_passing_centrality,statsbomb_player,Bojan Jokić,1,Tier 1 - Exact Match,2026-08-05 17:50:49,
GOAT002732,Bojan Jokić,spatial_zone_summary,statsbomb_player,Bojan Jokić,1,Tier 1 - Exact Match,2026-08-05 17:50:49,
GOAT002728,Borja Herrera González,spatial_passing_centrality,statsbomb_player,Borja Herrera González,1,Tier 1 - Exact Match,2026-08-05 17:50:49,
GOAT002728,Borja Herrera González,spatial_zone_summary,statsbomb_player,Borja Herrera González,1,Tier 1 - Exact Match,2026-08-05 17:50:49,
GOAT002766,Ronald Louis Gaspercic,spatial_passing_centrality,statsbomb_player,Ronald Louis Gaspercic,1,Tier 1 - Exact Match,2026-08-05 17:50:49,
GOAT002766,Ronald Louis Gaspercic,spatial_zone_summary,statsbomb_player,Ronald Louis Gaspercic,1,Tier 1 - Exact Match,2026-08-05 17:50:49,
GOAT002767,Ronaldo Luíz Nazário de Lima,spatial_passing_centrality,statsbomb_player,Ronaldo Luíz Nazário de Lima,1,Tier 1 - Exact Match,2026-08-05 17:50:49,
GOAT002767,Ronaldo Luíz Nazário de Lima,spatial_zone_summary,statsbomb_player,Ronaldo Luíz Nazário de Lima,1,Tier 1 - Exact Match,2026-08-05 17:50:49,
GOAT002772,Rosinei Adolfo,spatial_passing_centrality,statsbomb_player,Rosinei Adolfo,1,Tier 1 - Exact Match,2026-08-05 17:50:49,
GOAT002772,Rosinei Adolfo,spatial_zone_summary,statsbomb_player,Rosinei Adolfo,1,Tier 1 - Exact Match,2026-08-05 17:50:49,
GOAT002807,Ross Barkley,spatial_passing_centrality,statsbomb_player,Ross Barkley,1,Tier 1 - Exact Match,2026-08-05 17:50:49,
GOAT002807,Ross Barkley,spatial_zone_summary,statsbomb_player,Ross Barkley,1,Tier 1 - Exact Match,2026-08-05 17:50:49,
GOAT002808,Rovérsio Rodrigues de Barros,spatial_passing_centrality,statsbomb_player,Rovérsio Rodrigues de Barros,1,Tier 1 - Exact Match,2026-08-05 17:50:49,
GOAT002808,Rovérsio Rodrigues de Barros,spatial_zone_summary,statsbomb_player,Rovérsio Rodrigues de Barros,1,Tier 1 - Exact Match,2026-08-05 17:50:49,
GOAT002780,Roy Keane,spatial_passing_centrality,statsbomb_player,Roy Keane,1,Tier 1 - Exact Match,2026-08-05 17:50:49,
GOAT002780,Roy Keane,spatial_zone_summary,statsbomb_player,Roy Keane,1,Tier 1 - Exact Match,2026-08-05 17:50:49,
GOAT002719,Ben Davies,spatial_passing_centrality,statsbomb_player,Ben Davies,1,Tier 1 - Exact Match,2026-08-05 17:50:49,
GOAT002719,Ben Davies,spatial_zone_summary,statsbomb_player,Ben Davies,1,Tier 1 - Exact Match,2026-08-05 17:50:49,
GOAT002720,Ben Foster,spatial_passing_centrality,statsbomb_player,Ben Foster,1,Tier 1 - Exact Match,2026-08-05 17:50:49,
GOAT002720,Ben Foster,spatial_zone_summary,statsbomb_player,Ben Foster,1,Tier 1 - Exact Match,2026-08-05 17:50:49,
GOAT002721,Ben Sahar,spatial_passing_centrality,statsbomb_player,Ben Sahar,1,Tier 1 - Exact Match,2026-08-05 17:50:49,
GOAT002721,Ben Sahar,spatial_zone_summary,statsbomb_player,Ben Sahar,1,Tier 1 - Exact Match,2026-08-05 17:50:49,
GOAT002722,Ben Watson,spatial_passing_centrality,statsbomb_player,Ben Watson,1,Tier 1 - Exact Match,2026-08-05 17:50:49,
GOAT002722,Ben Watson,spatial_zone_summary,statsbomb_player,Ben Watson,1,Tier 1 - Exact Match,2026-08-05 17:50:49,
GOAT002723,Benjamin Mendy,spatial_passing_centrality,statsbomb_player,Benjamin Mendy,1,Tier 1 - Exact Match,2026-08-05 17:50:49,
GOAT002723,Benjamin Mendy,spatial_zone_summary,statsbomb_player,Benjamin Mendy,1,Tier 1 - Exact Match,2026-08-05 17:50:49,
GOAT002816,Rubén Pérez Chueca,spatial_passing_centrality,statsbomb_player,Rubén Pérez Chueca,1,Tier 1 - Exact Match,2026-08-05 17:50:49,
GOAT002816,Rubén Pérez Chueca,spatial_zone_summary,statsbomb_player,Rubén Pérez Chueca,1,Tier 1 - Exact Match,2026-08-05 17:50:49,
GOAT002768,Rudy Gestede,spatial_passing_centrality,statsbomb_player,Rudy Gestede,1,Tier 1 - Exact Match,2026-08-05 17:50:49,
GOAT002768,Rudy Gestede,spatial_zone_summary,statsbomb_player,Rudy Gestede,1,Tier 1 - Exact Match,2026-08-05 17:50:49,
GOAT002850,José Holebas,spatial_passing_centrality,statsbomb_player,José Holebas,1,Tier 1 - Exact Match,2026-08-05 17:50:49,
GOAT002850,José Holebas,spatial_zone_summary,statsbomb_player,José Holebas,1,Tier 1 - Exact Match,2026-08-05 17:50:49,
GOAT002758,José Julián De La Cuesta Herrera,spatial_passing_centrality,statsbomb_player,José Julián De La Cuesta Herrera,1,Tier 1 - Exact Match,2026-08-05 17:50:49,
GOAT002758,José Julián De La Cuesta Herrera,spatial_zone_summary,statsbomb_player,José Julián De La Cuesta Herrera,1,Tier 1 - Exact Match,2026-08-05 17:50:49,
GOAT002658,José Leonardo Ulloa,spatial_passing_centrality,statsbomb_player,José Leonardo Ulloa,1,Tier 1 - Exact Match,2026-08-05 17:50:49,
GOAT002658,José Leonardo Ulloa,spatial_zone_summary,statsbomb_player,José Leonardo Ulloa,1,Tier 1 - Exact Match,2026-08-05 17:50:49,
GOAT002659,José Luis Moreno Barroso,spatial_passing_centrality,statsbomb_player,José Luis Moreno Barroso,1,Tier 1 - Exact Match,2026-08-05 17:50:49,
GOAT002659,José Luis Moreno Barroso,spatial_zone_summary,statsbomb_player,José Luis Moreno Barroso,1,Tier 1 - Exact Match,2026-08-05 17:50:49,
GOAT002660,José Luis Rodríguez Francis,spatial_passing_centrality,statsbomb_player,José Luis Rodríguez Francis,1,Tier 1 - Exact Match,2026-08-05 17:50:49,
GOAT002660,José Luis Rodríguez Francis,spatial_zone_summary,statsbomb_player,José Luis Rodríguez Francis,1,Tier 1 - Exact Match,2026-08-05 17:50:49,
GOAT002676,Guilherme Antonio Arana Lopes,spatial_passing_centrality,statsbomb_player,Guilherme Antonio Arana Lopes,1,Tier 1 - Exact Match,2026-08-05 17:50:49,
GOAT002676,Guilherme Antonio Arana Lopes,spatial_zone_summary,statsbomb_player,Guilherme Antonio Arana Lopes,1,Tier 1 - Exact Match,2026-08-05 17:50:49,
GOAT002526,Guillermo Ariel Pereyra,spatial_passing_centrality,statsbomb_player,Guillermo Ariel Pereyra,1,Tier 1 - Exact Match,2026-08-05 17:50:49,
GOAT002526,Guillermo Ariel Pereyra,spatial_zone_summary,statsbomb_player,Guillermo Ariel Pereyra,1,Tier 1 - Exact Match,2026-08-05 17:50:49,
GOAT002588,Guillermo Sara,spatial_passing_centrality,statsbomb_player,Guillermo Sara,1,Tier 1 - Exact Match,2026-08-05 17:50:49,
GOAT002588,Guillermo Sara,spatial_zone_summary,statsbomb_player,Guillermo Sara,1,Tier 1 - Exact Match,2026-08-05 17:50:49,
GOAT002557,Guillermo Varela Olivera,spatial_passing_centrality,statsbomb_player,Guillermo Varela Olivera,1,Tier 1 - Exact Match,2026-08-05 17:50:49,
GOAT002557,Guillermo Varela Olivera,spatial_zone_summary,statsbomb_player,Guillermo Varela Olivera,1,Tier 1 - Exact Match,2026-08-05 17:50:49,
GOAT002558,Guirane N''Daw,spatial_passing_centrality,statsbomb_player,Guirane N''Daw,1,Tier 1 - Exact Match,2026-08-05 17:50:49,
GOAT002558,Guirane N''Daw,spatial_zone_summary,statsbomb_player,Guirane N''Daw,1,Tier 1 - Exact Match,2026-08-05 17:50:49,
GOAT002763,José Antonio Morente Oliva,spatial_passing_centrality,statsbomb_player,José Antonio Morente Oliva,1,Tier 1 - Exact Match,2026-08-05 17:50:49,
GOAT002763,José Antonio Morente Oliva,spatial_zone_summary,statsbomb_player,José Antonio Morente Oliva,1,Tier 1 - Exact Match,2026-08-05 17:50:49,
GOAT002769,Rui Pedro da Rocha Fonte,spatial_passing_centrality,statsbomb_player,Rui Pedro da Rocha Fonte,1,Tier 1 - Exact Match,2026-08-05 17:50:49,
GOAT002769,Rui Pedro da Rocha Fonte,spatial_zone_summary,statsbomb_player,Rui Pedro da Rocha Fonte,1,Tier 1 - Exact Match,2026-08-05 17:50:49,
GOAT002770,Ruslan Malinovskiy,spatial_passing_centrality,statsbomb_player,Ruslan Malinovskiy,1,Tier 1 - Exact Match,2026-08-05 17:50:49,
GOAT002770,Ruslan Malinovskiy,spatial_zone_summary,statsbomb_player,Ruslan Malinovskiy,1,Tier 1 - Exact Match,2026-08-05 17:50:49,
GOAT002771,Russell Martin,spatial_passing_centrality,statsbomb_player,Russell Martin,1,Tier 1 - Exact Match,2026-08-05 17:50:49,
GOAT002771,Russell Martin,spatial_zone_summary,statsbomb_player,Russell Martin,1,Tier 1 - Exact Match,2026-08-05 17:50:49,
GOAT002834,Ryan Donk,spatial_passing_centrality,statsbomb_player,Ryan Donk,1,Tier 1 - Exact Match,2026-08-05 17:50:49,
GOAT002834,Ryan Donk,spatial_zone_summary,statsbomb_player,Ryan Donk,1,Tier 1 - Exact Match,2026-08-05 17:50:49,
GOAT002835,Ryan Fraser,spatial_passing_centrality,statsbomb_player,Ryan Fraser,1,Tier 1 - Exact Match,2026-08-05 17:50:49,
GOAT002835,Ryan Fraser,spatial_zone_summary,statsbomb_player,Ryan Fraser,1,Tier 1 - Exact Match,2026-08-05 17:50:49,
GOAT002836,Ryan Guno Babel,spatial_passing_centrality,statsbomb_player,Ryan Guno Babel,1,Tier 1 - Exact Match,2026-08-05 17:50:49,
GOAT002836,Ryan Guno Babel,spatial_zone_summary,statsbomb_player,Ryan Guno Babel,1,Tier 1 - Exact Match,2026-08-05 17:50:49,
GOAT002773,Aïssa Bilal Laïdouni,spatial_passing_centrality,statsbomb_player,Aïssa Bilal Laïdouni,1,Tier 1 - Exact Match,2026-08-05 17:50:49,
GOAT002773,Aïssa Bilal Laïdouni,spatial_zone_summary,statsbomb_player,Aïssa Bilal Laïdouni,1,Tier 1 - Exact Match,2026-08-05 17:50:49,
GOAT002774,Badr Banoun,spatial_passing_centrality,statsbomb_player,Badr Banoun,1,Tier 1 - Exact Match,2026-08-05 17:50:49,
GOAT002774,Badr Banoun,spatial_zone_summary,statsbomb_player,Badr Banoun,1,Tier 1 - Exact Match,2026-08-05 17:50:49,
GOAT002775,Bakary Sako,spatial_passing_centrality,statsbomb_player,Bakary Sako,1,Tier 1 - Exact Match,2026-08-05 17:50:49,
GOAT002775,Bakary Sako,spatial_zone_summary,statsbomb_player,Bakary Sako,1,Tier 1 - Exact Match,2026-08-05 17:50:49,
GOAT002776,Bartlomiej Pawłowski,spatial_passing_centrality,statsbomb_player,Bartlomiej Pawłowski,1,Tier 1 - Exact Match,2026-08-05 17:50:49,
GOAT002776,Bartlomiej Pawłowski,spatial_zone_summary,statsbomb_player,Bartlomiej Pawłowski,1,Tier 1 - Exact Match,2026-08-05 17:50:49,
GOAT002777,Bartosz Salamon,spatial_passing_centrality,statsbomb_player,Bartosz Salamon,1,Tier 1 - Exact Match,2026-08-05 17:50:49,
GOAT002777,Bartosz Salamon,spatial_zone_summary,statsbomb_player,Bartosz Salamon,1,Tier 1 - Exact Match,2026-08-05 17:50:49,
GOAT002805,Barış Alper Yılmaz,spatial_passing_centrality,statsbomb_player,Barış Alper Yılmaz,1,Tier 1 - Exact Match,2026-08-05 17:50:49,
GOAT002805,Barış Alper Yılmaz,spatial_zone_summary,statsbomb_player,Barış Alper Yılmaz,1,Tier 1 - Exact Match,2026-08-05 17:50:49,
GOAT002806,Ben Brereton Díaz,spatial_passing_centrality,statsbomb_player,Ben Brereton Díaz,1,Tier 1 - Exact Match,2026-08-05 17:50:49,
GOAT002806,Ben Brereton Díaz,spatial_zone_summary,statsbomb_player,Ben Brereton Díaz,1,Tier 1 - Exact Match,2026-08-05 17:50:49,
GOAT002724,Benjamin Verbič,spatial_passing_centrality,statsbomb_player,Benjamin Verbič,1,Tier 1 - Exact Match,2026-08-05 17:50:49,
GOAT002724,Benjamin Verbič,spatial_zone_summary,statsbomb_player,Benjamin Verbič,1,Tier 1 - Exact Match,2026-08-05 17:50:49,
GOAT002725,Benjamin Šeško,spatial_passing_centrality,statsbomb_player,Benjamin Šeško,1,Tier 1 - Exact Match,2026-08-05 17:50:49,
GOAT002725,Benjamin Šeško,spatial_zone_summary,statsbomb_player,Benjamin Šeško,1,Tier 1 - Exact Match,2026-08-05 17:50:49,
GOAT002726,Berat Djimsiti,spatial_passing_centrality,statsbomb_player,Berat Djimsiti,1,Tier 1 - Exact Match,2026-08-05 17:50:49,
GOAT002726,Berat Djimsiti,spatial_zone_summary,statsbomb_player,Berat Djimsiti,1,Tier 1 - Exact Match,2026-08-05 17:50:49,
GOAT002727,Bertrand Isidore Traoré,spatial_passing_centrality,statsbomb_player,Bertrand Isidore Traoré,1,Tier 1 - Exact Match,2026-08-05 17:50:49,
GOAT002727,Bertrand Isidore Traoré,spatial_zone_summary,statsbomb_player,Bertrand Isidore Traoré,1,Tier 1 - Exact Match,2026-08-05 17:50:49,
GOAT002778,Bilal El Khannous,spatial_passing_centrality,statsbomb_player,Bilal El Khannous,1,Tier 1 - Exact Match,2026-08-05 17:50:49,
GOAT002778,Bilal El Khannous,spatial_zone_summary,statsbomb_player,Bilal El Khannous,1,Tier 1 - Exact Match,2026-08-05 17:50:49,
GOAT002815,Rubén Navarro Méndez,spatial_passing_centrality,statsbomb_player,Rubén Navarro Méndez,1,Tier 1 - Exact Match,2026-08-05 17:50:49,
GOAT002815,Rubén Navarro Méndez,spatial_zone_summary,statsbomb_player,Rubén Navarro Méndez,1,Tier 1 - Exact Match,2026-08-05 17:50:49,
GOAT002786,José Daniel Rivera Martínez,spatial_passing_centrality,statsbomb_player,José Daniel Rivera Martínez,1,Tier 1 - Exact Match,2026-08-05 17:50:49,
GOAT002786,José Daniel Rivera Martínez,spatial_zone_summary,statsbomb_player,José Daniel Rivera Martínez,1,Tier 1 - Exact Match,2026-08-05 17:50:49,
GOAT002787,José Emilio Amavisca Gárate,spatial_passing_centrality,statsbomb_player,José Emilio Amavisca Gárate,1,Tier 1 - Exact Match,2026-08-05 17:50:49,
GOAT002787,José Emilio Amavisca Gárate,spatial_zone_summary,statsbomb_player,José Emilio Amavisca Gárate,1,Tier 1 - Exact Match,2026-08-05 17:50:49,
GOAT002788,José Enrique de la Sánchez Diaz,spatial_passing_centrality,statsbomb_player,José Enrique de la Sánchez Diaz,1,Tier 1 - Exact Match,2026-08-05 17:50:49,
GOAT002788,José Enrique de la Sánchez Diaz,spatial_zone_summary,statsbomb_player,José Enrique de la Sánchez Diaz,1,Tier 1 - Exact Match,2026-08-05 17:50:49,
GOAT002826,José Francisco Molina Jiménez,spatial_passing_centrality,statsbomb_player,José Francisco Molina Jiménez,1,Tier 1 - Exact Match,2026-08-05 17:50:49,
GOAT002826,José Francisco Molina Jiménez,spatial_zone_summary,statsbomb_player,José Francisco Molina Jiménez,1,Tier 1 - Exact Match,2026-08-05 17:50:49,
GOAT002572,Gustavo Nery De Sá Da Silva,spatial_passing_centrality,statsbomb_player,Gustavo Nery De Sá Da Silva,1,Tier 1 - Exact Match,2026-08-05 17:50:49,
GOAT002572,Gustavo Nery De Sá Da Silva,spatial_zone_summary,statsbomb_player,Gustavo Nery De Sá Da Silva,1,Tier 1 - Exact Match,2026-08-05 17:50:49,
GOAT002541,Gökhan İnler,spatial_passing_centrality,statsbomb_player,Gökhan İnler,1,Tier 1 - Exact Match,2026-08-05 17:50:49,
GOAT002541,Gökhan İnler,spatial_zone_summary,statsbomb_player,Gökhan İnler,1,Tier 1 - Exact Match,2026-08-05 17:50:49,
GOAT002542,Haitham Mohammed Asiri,spatial_passing_centrality,statsbomb_player,Haitham Mohammed Asiri,1,Tier 1 - Exact Match,2026-08-05 17:50:49,
GOAT002542,Haitham Mohammed Asiri,spatial_zone_summary,statsbomb_player,Haitham Mohammed Asiri,1,Tier 1 - Exact Match,2026-08-05 17:50:49,
GOAT002543,Hakan Çalhanoğlu,spatial_passing_centrality,statsbomb_player,Hakan Çalhanoğlu,1,Tier 1 - Exact Match,2026-08-05 17:50:49,
GOAT002543,Hakan Çalhanoğlu,spatial_zone_summary,statsbomb_player,Hakan Çalhanoğlu,1,Tier 1 - Exact Match,2026-08-05 17:50:49,
GOAT002457,Hamdi Nagguez,spatial_passing_centrality,statsbomb_player,Hamdi Nagguez,1,Tier 1 - Exact Match,2026-08-05 17:50:49,
GOAT002457,Hamdi Nagguez,spatial_zone_summary,statsbomb_player,Hamdi Nagguez,1,Tier 1 - Exact Match,2026-08-05 17:50:49,
GOAT002461,Hans Vanaken,spatial_passing_centrality,statsbomb_player,Hans Vanaken,1,Tier 1 - Exact Match,2026-08-05 17:50:49,
GOAT002461,Hans Vanaken,spatial_zone_summary,statsbomb_player,Hans Vanaken,1,Tier 1 - Exact Match,2026-08-05 17:50:49,
GOAT002462,Hassan Mohammed Al-Tambakti,spatial_passing_centrality,statsbomb_player,Hassan Mohammed Al-Tambakti,1,Tier 1 - Exact Match,2026-08-05 17:50:49,
GOAT002462,Hassan Mohammed Al-Tambakti,spatial_zone_summary,statsbomb_player,Hassan Mohammed Al-Tambakti,1,Tier 1 - Exact Match,2026-08-05 17:50:49,
GOAT002208,Hugo Guillamón Sanmartín,spatial_passing_centrality,statsbomb_player,Hugo Guillamón Sanmartín,1,Tier 1 - Exact Match,2026-08-05 17:50:49,
GOAT002208,Hugo Guillamón Sanmartín,spatial_zone_summary,statsbomb_player,Hugo Guillamón Sanmartín,1,Tier 1 - Exact Match,2026-08-05 17:50:49,
GOAT002782,Awer Denis Bul Mabil,spatial_passing_centrality,statsbomb_player,Awer Denis Bul Mabil,1,Tier 1 - Exact Match,2026-08-05 17:50:49,
GOAT002782,Awer Denis Bul Mabil,spatial_zone_summary,statsbomb_player,Awer Denis Bul Mabil,1,Tier 1 - Exact Match,2026-08-05 17:50:49,
GOAT002783,Axel Werner,spatial_passing_centrality,statsbomb_player,Axel Werner,1,Tier 1 - Exact Match,2026-08-05 17:50:49,
GOAT002783,Axel Werner,spatial_zone_summary,statsbomb_player,Axel Werner,1,Tier 1 - Exact Match,2026-08-05 17:50:49,
GOAT002784,Aymen Dahmen,spatial_passing_centrality,statsbomb_player,Aymen Dahmen,1,Tier 1 - Exact Match,2026-08-05 17:50:49,
GOAT002784,Aymen Dahmen,spatial_zone_summary,statsbomb_player,Aymen Dahmen,1,Tier 1 - Exact Match,2026-08-05 17:50:49,
GOAT002814,Ayoub El Kaabi,spatial_passing_centrality,statsbomb_player,Ayoub El Kaabi,1,Tier 1 - Exact Match,2026-08-05 17:50:49,
GOAT002814,Ayoub El Kaabi,spatial_zone_summary,statsbomb_player,Ayoub El Kaabi,1,Tier 1 - Exact Match,2026-08-05 17:50:49,
GOAT002847,Salif Sané,spatial_passing_centrality,statsbomb_player,Salif Sané,1,Tier 1 - Exact Match,2026-08-05 17:50:49,
GOAT002847,Salif Sané,spatial_zone_summary,statsbomb_player,Salif Sané,1,Tier 1 - Exact Match,2026-08-05 17:50:49,
GOAT002848,Salis Abdul Samed,spatial_passing_centrality,statsbomb_player,Salis Abdul Samed,1,Tier 1 - Exact Match,2026-08-05 17:50:49,
GOAT002848,Salis Abdul Samed,spatial_zone_summary,statsbomb_player,Salis Abdul Samed,1,Tier 1 - Exact Match,2026-08-05 17:50:49,
GOAT002827,Salman Mohammed Al Faraj,spatial_passing_centrality,statsbomb_player,Salman Mohammed Al Faraj,1,Tier 1 - Exact Match,2026-08-05 17:50:49,
GOAT002827,Salman Mohammed Al Faraj,spatial_zone_summary,statsbomb_player,Salman Mohammed Al Faraj,1,Tier 1 - Exact Match,2026-08-05 17:50:49,
GOAT002828,Salvador Sánchez Ponce,spatial_passing_centrality,statsbomb_player,Salvador Sánchez Ponce,1,Tier 1 - Exact Match,2026-08-05 17:50:49,
GOAT002828,Salvador Sánchez Ponce,spatial_zone_summary,statsbomb_player,Salvador Sánchez Ponce,1,Tier 1 - Exact Match,2026-08-05 17:50:49,
GOAT002797,Salvatore Sirigu,spatial_passing_centrality,statsbomb_player,Salvatore Sirigu,1,Tier 1 - Exact Match,2026-08-05 17:50:49,
GOAT002797,Salvatore Sirigu,spatial_zone_summary,statsbomb_player,Salvatore Sirigu,1,Tier 1 - Exact Match,2026-08-05 17:50:49,
GOAT002798,Saman Ghoddos,spatial_passing_centrality,statsbomb_player,Saman Ghoddos,1,Tier 1 - Exact Match,2026-08-05 17:50:49,
GOAT002798,Saman Ghoddos,spatial_zone_summary,statsbomb_player,Saman Ghoddos,1,Tier 1 - Exact Match,2026-08-05 17:50:49,
GOAT002799,Samet Akaydin,spatial_passing_centrality,statsbomb_player,Samet Akaydin,1,Tier 1 - Exact Match,2026-08-05 17:50:49,
GOAT002799,Samet Akaydin,spatial_zone_summary,statsbomb_player,Samet Akaydin,1,Tier 1 - Exact Match,2026-08-05 17:50:49,
GOAT002800,Sami Khalil Al Naji,spatial_passing_centrality,statsbomb_player,Sami Khalil Al Naji,1,Tier 1 - Exact Match,2026-08-05 17:50:49,
GOAT002800,Sami Khalil Al Naji,spatial_zone_summary,statsbomb_player,Sami Khalil Al Naji,1,Tier 1 - Exact Match,2026-08-05 17:50:49,
GOAT002801,Samuel Mark Byram,spatial_passing_centrality,statsbomb_player,Samuel Mark Byram,1,Tier 1 - Exact Match,2026-08-05 17:50:49,
GOAT002801,Samuel Mark Byram,spatial_zone_summary,statsbomb_player,Samuel Mark Byram,1,Tier 1 - Exact Match,2026-08-05 17:50:49,
GOAT002837,Róbert Boženík,spatial_passing_centrality,statsbomb_player,Róbert Boženík,1,Tier 1 - Exact Match,2026-08-05 17:50:49,
GOAT002837,Róbert Boženík,spatial_zone_summary,statsbomb_player,Róbert Boženík,1,Tier 1 - Exact Match,2026-08-05 17:50:49,
GOAT002809,Róbert Mak,spatial_passing_centrality,statsbomb_player,Róbert Mak,1,Tier 1 - Exact Match,2026-08-05 17:50:49,
GOAT002809,Róbert Mak,spatial_zone_summary,statsbomb_player,Róbert Mak,1,Tier 1 - Exact Match,2026-08-05 17:50:49,
GOAT002810,Róbert Mazáň,spatial_passing_centrality,statsbomb_player,Róbert Mazáň,1,Tier 1 - Exact Match,2026-08-05 17:50:49,
GOAT002810,Róbert Mazáň,spatial_zone_summary,statsbomb_player,Róbert Mazáň,1,Tier 1 - Exact Match,2026-08-05 17:50:49,
GOAT002811,Rúrik Gíslason,spatial_passing_centrality,statsbomb_player,Rúrik Gíslason,1,Tier 1 - Exact Match,2026-08-05 17:50:49,
GOAT002811,Rúrik Gíslason,spatial_zone_summary,statsbomb_player,Rúrik Gíslason,1,Tier 1 - Exact Match,2026-08-05 17:50:49,
GOAT002812,Răzvan Gabriel Marin,spatial_passing_centrality,statsbomb_player,Răzvan Gabriel Marin,1,Tier 1 - Exact Match,2026-08-05 17:50:49,
GOAT002812,Răzvan Gabriel Marin,spatial_zone_summary,statsbomb_player,Răzvan Gabriel Marin,1,Tier 1 - Exact Match,2026-08-05 17:50:49,
GOAT002844,Sabit Abdulai,spatial_passing_centrality,statsbomb_player,Sabit Abdulai,1,Tier 1 - Exact Match,2026-08-05 17:50:49,
GOAT002844,Sabit Abdulai,spatial_zone_summary,statsbomb_player,Sabit Abdulai,1,Tier 1 - Exact Match,2026-08-05 17:50:49,
GOAT002813,Saeid Ezatolahi Afagh,spatial_passing_centrality,statsbomb_player,Saeid Ezatolahi Afagh,1,Tier 1 - Exact Match,2026-08-05 17:50:49,
GOAT002813,Saeid Ezatolahi Afagh,spatial_zone_summary,statsbomb_player,Saeid Ezatolahi Afagh,1,Tier 1 - Exact Match,2026-08-05 17:50:49,
GOAT002839,Ashley Williams,spatial_passing_centrality,statsbomb_player,Ashley Williams,1,Tier 1 - Exact Match,2026-08-05 17:50:49,
GOAT002839,Ashley Williams,spatial_zone_summary,statsbomb_player,Ashley Williams,1,Tier 1 - Exact Match,2026-08-05 17:50:49,
GOAT002840,Ashley Young,spatial_passing_centrality,statsbomb_player,Ashley Young,1,Tier 1 - Exact Match,2026-08-05 17:50:49,
GOAT002840,Ashley Young,spatial_zone_summary,statsbomb_player,Ashley Young,1,Tier 1 - Exact Match,2026-08-05 17:50:49,
GOAT002841,Asier Goiria Etxebarria,spatial_passing_centrality,statsbomb_player,Asier Goiria Etxebarria,1,Tier 1 - Exact Match,2026-08-05 17:50:49,
GOAT002841,Asier Goiria Etxebarria,spatial_zone_summary,statsbomb_player,Asier Goiria Etxebarria,1,Tier 1 - Exact Match,2026-08-05 17:50:49,
GOAT002190,Hugo Mariano Pavone,spatial_passing_centrality,statsbomb_player,Hugo Mariano Pavone,1,Tier 1 - Exact Match,2026-08-05 17:50:49,
GOAT002190,Hugo Mariano Pavone,spatial_zone_summary,statsbomb_player,Hugo Mariano Pavone,1,Tier 1 - Exact Match,2026-08-05 17:50:49,
GOAT002270,Henry Josué Martín Mex,spatial_passing_centrality,statsbomb_player,Henry Josué Martín Mex,1,Tier 1 - Exact Match,2026-08-05 17:50:49,
GOAT002270,Henry Josué Martín Mex,spatial_zone_summary,statsbomb_player,Henry Josué Martín Mex,1,Tier 1 - Exact Match,2026-08-05 17:50:49,
GOAT002271,Heorhii Tsitaishvili,spatial_passing_centrality,statsbomb_player,Heorhii Tsitaishvili,1,Tier 1 - Exact Match,2026-08-05 17:50:49,
GOAT002271,Heorhii Tsitaishvili,spatial_zone_summary,statsbomb_player,Heorhii Tsitaishvili,1,Tier 1 - Exact Match,2026-08-05 17:50:49,
GOAT002272,Hernán Darío Toledo,spatial_passing_centrality,statsbomb_player,Hernán Darío Toledo,1,Tier 1 - Exact Match,2026-08-05 17:50:49,
GOAT002272,Hernán Darío Toledo,spatial_zone_summary,statsbomb_player,Hernán Darío Toledo,1,Tier 1 - Exact Match,2026-08-05 17:50:49,
GOAT002273,Hernâni Jorge Santos Fortes,spatial_passing_centrality,statsbomb_player,Hernâni Jorge Santos Fortes,1,Tier 1 - Exact Match,2026-08-05 17:50:49,
GOAT002273,Hernâni Jorge Santos Fortes,spatial_zone_summary,statsbomb_player,Hernâni Jorge Santos Fortes,1,Tier 1 - Exact Match,2026-08-05 17:50:49,
GOAT002820,Josip Iličić,spatial_passing_centrality,statsbomb_player,Josip Iličić,1,Tier 1 - Exact Match,2026-08-05 17:50:49,
GOAT002820,Josip Iličić,spatial_zone_summary,statsbomb_player,Josip Iličić,1,Tier 1 - Exact Match,2026-08-05 17:50:49,
GOAT002866,Josip Radošević,spatial_passing_centrality,statsbomb_player,Josip Radošević,1,Tier 1 - Exact Match,2026-08-05 17:50:49,
GOAT002866,Josip Radošević,spatial_zone_summary,statsbomb_player,Josip Radošević,1,Tier 1 - Exact Match,2026-08-05 17:50:49,
GOAT002760,José Antonio Caro Martínez,spatial_passing_centrality,statsbomb_player,José Antonio Caro Martínez,1,Tier 1 - Exact Match,2026-08-05 17:50:49,
GOAT002760,José Antonio Caro Martínez,spatial_zone_summary,statsbomb_player,José Antonio Caro Martínez,1,Tier 1 - Exact Match,2026-08-05 17:50:49,
GOAT002761,José Antonio Martínez Gil,spatial_passing_centrality,statsbomb_player,José Antonio Martínez Gil,1,Tier 1 - Exact Match,2026-08-05 17:50:49,
GOAT002761,José Antonio Martínez Gil,spatial_zone_summary,statsbomb_player,José Antonio Martínez Gil,1,Tier 1 - Exact Match,2026-08-05 17:50:49,
GOAT002762,José Antonio Miranda Boacho,spatial_passing_centrality,statsbomb_player,José Antonio Miranda Boacho,1,Tier 1 - Exact Match,2026-08-05 17:50:49,
GOAT002762,José Antonio Miranda Boacho,spatial_zone_summary,statsbomb_player,José Antonio Miranda Boacho,1,Tier 1 - Exact Match,2026-08-05 17:50:49,
GOAT002842,Asmir Begović,spatial_passing_centrality,statsbomb_player,Asmir Begović,1,Tier 1 - Exact Match,2026-08-05 17:50:49,
GOAT002842,Asmir Begović,spatial_zone_summary,statsbomb_player,Asmir Begović,1,Tier 1 - Exact Match,2026-08-05 17:50:49,
GOAT002843,Saido Berahino,spatial_passing_centrality,statsbomb_player,Saido Berahino,1,Tier 1 - Exact Match,2026-08-05 17:50:49,
GOAT002843,Saido Berahino,spatial_zone_summary,statsbomb_player,Saido Berahino,1,Tier 1 - Exact Match,2026-08-05 17:50:49,
GOAT002846,Saidy Janko,spatial_passing_centrality,statsbomb_player,Saidy Janko,1,Tier 1 - Exact Match,2026-08-05 17:50:49,
GOAT002846,Saidy Janko,spatial_zone_summary,statsbomb_player,Saidy Janko,1,Tier 1 - Exact Match,2026-08-05 17:50:49,
GOAT002781,Augusto Jorge Mateo Solari,spatial_passing_centrality,statsbomb_player,Augusto Jorge Mateo Solari,1,Tier 1 - Exact Match,2026-08-05 17:50:49,
GOAT002781,Augusto Jorge Mateo Solari,spatial_zone_summary,statsbomb_player,Augusto Jorge Mateo Solari,1,Tier 1 - Exact Match,2026-08-05 17:50:49,
GOAT002891,Santiago Denia Sánchez,spatial_passing_centrality,statsbomb_player,Santiago Denia Sánchez,1,Tier 1 - Exact Match,2026-08-05 17:50:49,
GOAT002891,Santiago Denia Sánchez,spatial_zone_summary,statsbomb_player,Santiago Denia Sánchez,1,Tier 1 - Exact Match,2026-08-05 17:50:49,
GOAT002849,Sardar Azmoun,spatial_passing_centrality,statsbomb_player,Sardar Azmoun,1,Tier 1 - Exact Match,2026-08-05 17:50:49,
GOAT002849,Sardar Azmoun,spatial_zone_summary,statsbomb_player,Sardar Azmoun,1,Tier 1 - Exact Match,2026-08-05 17:50:49,
GOAT002829,Savo Milošević,spatial_passing_centrality,statsbomb_player,Savo Milošević,1,Tier 1 - Exact Match,2026-08-05 17:50:49,
GOAT002829,Savo Milošević,spatial_zone_summary,statsbomb_player,Savo Milošević,1,Tier 1 - Exact Match,2026-08-05 17:50:49,
GOAT002830,Saîf-Eddine Khaoui,spatial_passing_centrality,statsbomb_player,Saîf-Eddine Khaoui,1,Tier 1 - Exact Match,2026-08-05 17:50:49,
GOAT002830,Saîf-Eddine Khaoui,spatial_zone_summary,statsbomb_player,Saîf-Eddine Khaoui,1,Tier 1 - Exact Match,2026-08-05 17:50:49,
GOAT002831,Saïd Boutahar,spatial_passing_centrality,statsbomb_player,Saïd Boutahar,1,Tier 1 - Exact Match,2026-08-05 17:50:49,
GOAT002831,Saïd Boutahar,spatial_zone_summary,statsbomb_player,Saïd Boutahar,1,Tier 1 - Exact Match,2026-08-05 17:50:49,
GOAT002832,Scott McKenna,spatial_passing_centrality,statsbomb_player,Scott McKenna,1,Tier 1 - Exact Match,2026-08-05 17:50:49,
GOAT002832,Scott McKenna,spatial_zone_summary,statsbomb_player,Scott McKenna,1,Tier 1 - Exact Match,2026-08-05 17:50:49,
GOAT002876,Scott McTominay,spatial_passing_centrality,statsbomb_player,Scott McTominay,1,Tier 1 - Exact Match,2026-08-05 17:50:49,
GOAT002876,Scott McTominay,spatial_zone_summary,statsbomb_player,Scott McTominay,1,Tier 1 - Exact Match,2026-08-05 17:50:49,
GOAT002877,Scott Sinclair,spatial_passing_centrality,statsbomb_player,Scott Sinclair,1,Tier 1 - Exact Match,2026-08-05 17:50:49,
GOAT002877,Scott Sinclair,spatial_zone_summary,statsbomb_player,Scott Sinclair,1,Tier 1 - Exact Match,2026-08-05 17:50:49,
GOAT002878,Sebastian Larsson,spatial_passing_centrality,statsbomb_player,Sebastian Larsson,1,Tier 1 - Exact Match,2026-08-05 17:50:49,
GOAT002878,Sebastian Larsson,spatial_zone_summary,statsbomb_player,Sebastian Larsson,1,Tier 1 - Exact Match,2026-08-05 17:50:49,
GOAT002879,Sebastien Chabaud,spatial_passing_centrality,statsbomb_player,Sebastien Chabaud,1,Tier 1 - Exact Match,2026-08-05 17:50:49,
GOAT002879,Sebastien Chabaud,spatial_zone_summary,statsbomb_player,Sebastien Chabaud,1,Tier 1 - Exact Match,2026-08-05 17:50:49,
GOAT002845,Sandro Ranieri Guimarães Cordeiro,spatial_passing_centrality,statsbomb_player,Sandro Ranieri Guimarães Cordeiro,1,Tier 1 - Exact Match,2026-08-05 17:50:49,
GOAT002845,Sandro Ranieri Guimarães Cordeiro,spatial_zone_summary,statsbomb_player,Sandro Ranieri Guimarães Cordeiro,1,Tier 1 - Exact Match,2026-08-05 17:50:49,
GOAT002888,Sanjin Prcić,spatial_passing_centrality,statsbomb_player,Sanjin Prcić,1,Tier 1 - Exact Match,2026-08-05 17:50:49,
GOAT002888,Sanjin Prcić,spatial_zone_summary,statsbomb_player,Sanjin Prcić,1,Tier 1 - Exact Match,2026-08-05 17:50:49,
GOAT002889,Santiago Carpintero Fernández,spatial_passing_centrality,statsbomb_player,Santiago Carpintero Fernández,1,Tier 1 - Exact Match,2026-08-05 17:50:49,
GOAT002889,Santiago Carpintero Fernández,spatial_zone_summary,statsbomb_player,Santiago Carpintero Fernández,1,Tier 1 - Exact Match,2026-08-05 17:50:49,
GOAT002890,Santiago Comesaña Veiga,spatial_passing_centrality,statsbomb_player,Santiago Comesaña Veiga,1,Tier 1 - Exact Match,2026-08-05 17:50:49,
GOAT002890,Santiago Comesaña Veiga,spatial_zone_summary,statsbomb_player,Santiago Comesaña Veiga,1,Tier 1 - Exact Match,2026-08-05 17:50:49,
GOAT002838,Ashley Cole,spatial_passing_centrality,statsbomb_player,Ashley Cole,1,Tier 1 - Exact Match,2026-08-05 17:50:49,
GOAT002838,Ashley Cole,spatial_zone_summary,statsbomb_player,Ashley Cole,1,Tier 1 - Exact Match,2026-08-05 17:50:49,
GOAT002884,Armando Miguel Correia de Sa,spatial_passing_centrality,statsbomb_player,Armando Miguel Correia de Sa,1,Tier 1 - Exact Match,2026-08-05 17:50:49,
GOAT002884,Armando Miguel Correia de Sa,spatial_zone_summary,statsbomb_player,Armando Miguel Correia de Sa,1,Tier 1 - Exact Match,2026-08-05 17:50:49,
GOAT002869,Jorge Sáenz de Miera Colmeiro,spatial_passing_centrality,statsbomb_player,Jorge Sáenz de Miera Colmeiro,1,Tier 1 - Exact Match,2026-08-05 17:50:49,
GOAT002869,Jorge Sáenz de Miera Colmeiro,spatial_zone_summary,statsbomb_player,Jorge Sáenz de Miera Colmeiro,1,Tier 1 - Exact Match,2026-08-05 17:50:49,
GOAT002852,Joris Mathijsen,spatial_passing_centrality,statsbomb_player,Joris Mathijsen,1,Tier 1 - Exact Match,2026-08-05 17:50:49,
GOAT002852,Joris Mathijsen,spatial_zone_summary,statsbomb_player,Joris Mathijsen,1,Tier 1 - Exact Match,2026-08-05 17:50:49,
GOAT002819,Josh Risdon,spatial_passing_centrality,statsbomb_player,Josh Risdon,1,Tier 1 - Exact Match,2026-08-05 17:50:49,
GOAT002819,Josh Risdon,spatial_zone_summary,statsbomb_player,Josh Risdon,1,Tier 1 - Exact Match,2026-08-05 17:50:49,
GOAT002235,Heurelho da Silva Gomes,spatial_passing_centrality,statsbomb_player,Heurelho da Silva Gomes,1,Tier 1 - Exact Match,2026-08-05 17:50:49,
GOAT002235,Heurelho da Silva Gomes,spatial_zone_summary,statsbomb_player,Heurelho da Silva Gomes,1,Tier 1 - Exact Match,2026-08-05 17:50:49,
GOAT002236,Hidemasa Morita,spatial_passing_centrality,statsbomb_player,Hidemasa Morita,1,Tier 1 - Exact Match,2026-08-05 17:50:49,
GOAT002236,Hidemasa Morita,spatial_zone_summary,statsbomb_player,Hidemasa Morita,1,Tier 1 - Exact Match,2026-08-05 17:50:49,
GOAT002205,Hoalid Regragui,spatial_passing_centrality,statsbomb_player,Hoalid Regragui,1,Tier 1 - Exact Match,2026-08-05 17:50:49,
GOAT002205,Hoalid Regragui,spatial_zone_summary,statsbomb_player,Hoalid Regragui,1,Tier 1 - Exact Match,2026-08-05 17:50:49,
GOAT002492,Hugo Ayala Castro,spatial_passing_centrality,statsbomb_player,Hugo Ayala Castro,1,Tier 1 - Exact Match,2026-08-05 17:50:49,
GOAT002492,Hugo Ayala Castro,spatial_zone_summary,statsbomb_player,Hugo Ayala Castro,1,Tier 1 - Exact Match,2026-08-05 17:50:49,
GOAT002206,Hugo Benjamín Ibarra,spatial_passing_centrality,statsbomb_player,Hugo Benjamín Ibarra,1,Tier 1 - Exact Match,2026-08-05 17:50:49,
GOAT002206,Hugo Benjamín Ibarra,spatial_zone_summary,statsbomb_player,Hugo Benjamín Ibarra,1,Tier 1 - Exact Match,2026-08-05 17:50:49,
GOAT002207,Hugo Duro Perales,spatial_passing_centrality,statsbomb_player,Hugo Duro Perales,1,Tier 1 - Exact Match,2026-08-05 17:50:49,
GOAT002207,Hugo Duro Perales,spatial_zone_summary,statsbomb_player,Hugo Duro Perales,1,Tier 1 - Exact Match,2026-08-05 17:50:49,
GOAT002932,Jorge Gonzalez Diaz,spatial_passing_centrality,statsbomb_player,Jorge Gonzalez Diaz,1,Tier 1 - Exact Match,2026-08-05 17:50:49,
GOAT002932,Jorge Gonzalez Diaz,spatial_zone_summary,statsbomb_player,Jorge Gonzalez Diaz,1,Tier 1 - Exact Match,2026-08-05 17:50:49,
GOAT002885,Armando Riveiro de Aguilar Malda,spatial_passing_centrality,statsbomb_player,Armando Riveiro de Aguilar Malda,1,Tier 1 - Exact Match,2026-08-05 17:50:49,
GOAT002885,Armando Riveiro de Aguilar Malda,spatial_zone_summary,statsbomb_player,Armando Riveiro de Aguilar Malda,1,Tier 1 - Exact Match,2026-08-05 17:50:49,
GOAT002886,Arnór Ingvi Traustason,spatial_passing_centrality,statsbomb_player,Arnór Ingvi Traustason,1,Tier 1 - Exact Match,2026-08-05 17:50:49,
GOAT002886,Arnór Ingvi Traustason,spatial_zone_summary,statsbomb_player,Arnór Ingvi Traustason,1,Tier 1 - Exact Match,2026-08-05 17:50:49,
GOAT002887,Artem Dovbyk,spatial_passing_centrality,statsbomb_player,Artem Dovbyk,1,Tier 1 - Exact Match,2026-08-05 17:50:49,
GOAT002887,Artem Dovbyk,spatial_zone_summary,statsbomb_player,Artem Dovbyk,1,Tier 1 - Exact Match,2026-08-05 17:50:49,
GOAT002919,Artem Dzyuba,spatial_passing_centrality,statsbomb_player,Artem Dzyuba,1,Tier 1 - Exact Match,2026-08-05 17:50:49,
GOAT002919,Artem Dzyuba,spatial_zone_summary,statsbomb_player,Artem Dzyuba,1,Tier 1 - Exact Match,2026-08-05 17:50:49,
GOAT002920,Artem Kravets,spatial_passing_centrality,statsbomb_player,Artem Kravets,1,Tier 1 - Exact Match,2026-08-05 17:50:49,
GOAT002920,Artem Kravets,spatial_zone_summary,statsbomb_player,Artem Kravets,1,Tier 1 - Exact Match,2026-08-05 17:50:49,
GOAT002191,Hugo Miguel Ferreira Gomes Viana,spatial_passing_centrality,statsbomb_player,Hugo Miguel Ferreira Gomes Viana,1,Tier 1 - Exact Match,2026-08-05 17:50:49,
GOAT002191,Hugo Miguel Ferreira Gomes Viana,spatial_zone_summary,statsbomb_player,Hugo Miguel Ferreira Gomes Viana,1,Tier 1 - Exact Match,2026-08-05 17:50:49,
GOAT002192,Humberto Andrés Suazo Pontivo,spatial_passing_centrality,statsbomb_player,Humberto Andrés Suazo Pontivo,1,Tier 1 - Exact Match,2026-08-05 17:50:49,
GOAT002192,Humberto Andrés Suazo Pontivo,spatial_zone_summary,statsbomb_player,Humberto Andrés Suazo Pontivo,1,Tier 1 - Exact Match,2026-08-05 17:50:49,
GOAT002149,Héctor Sánchez Cabrera,spatial_passing_centrality,statsbomb_player,Héctor Sánchez Cabrera,1,Tier 1 - Exact Match,2026-08-05 17:50:49,
GOAT002149,Héctor Sánchez Cabrera,spatial_zone_summary,statsbomb_player,Héctor Sánchez Cabrera,1,Tier 1 - Exact Match,2026-08-05 17:50:49,
GOAT002150,Héctor Yuste Cantón,spatial_passing_centrality,statsbomb_player,Héctor Yuste Cantón,1,Tier 1 - Exact Match,2026-08-05 17:50:49,
GOAT002150,Héctor Yuste Cantón,spatial_zone_summary,statsbomb_player,Héctor Yuste Cantón,1,Tier 1 - Exact Match,2026-08-05 17:50:49,
GOAT002915,Ao Tanaka,spatial_passing_centrality,statsbomb_player,Ao Tanaka,1,Tier 1 - Exact Match,2026-08-05 17:50:49,
GOAT002915,Ao Tanaka,spatial_zone_summary,statsbomb_player,Ao Tanaka,1,Tier 1 - Exact Match,2026-08-05 17:50:49,
GOAT002916,Aquivaldo Mosquera Romaña,spatial_passing_centrality,statsbomb_player,Aquivaldo Mosquera Romaña,1,Tier 1 - Exact Match,2026-08-05 17:50:49,
GOAT002916,Aquivaldo Mosquera Romaña,spatial_zone_summary,statsbomb_player,Aquivaldo Mosquera Romaña,1,Tier 1 - Exact Match,2026-08-05 17:50:49,
GOAT002917,Arbër Hoxha,spatial_passing_centrality,statsbomb_player,Arbër Hoxha,1,Tier 1 - Exact Match,2026-08-05 17:50:49,
GOAT002917,Arbër Hoxha,spatial_zone_summary,statsbomb_player,Arbër Hoxha,1,Tier 1 - Exact Match,2026-08-05 17:50:49,
GOAT002918,Arda Güler,spatial_passing_centrality,statsbomb_player,Arda Güler,1,Tier 1 - Exact Match,2026-08-05 17:50:49,
GOAT002918,Arda Güler,spatial_zone_summary,statsbomb_player,Arda Güler,1,Tier 1 - Exact Match,2026-08-05 17:50:49,
GOAT002946,Ardon Jashari,spatial_passing_centrality,statsbomb_player,Ardon Jashari,1,Tier 1 - Exact Match,2026-08-05 17:50:49,
GOAT002946,Ardon Jashari,spatial_zone_summary,statsbomb_player,Ardon Jashari,1,Tier 1 - Exact Match,2026-08-05 17:50:49,
GOAT002947,Ari Freyr Skúlason,spatial_passing_centrality,statsbomb_player,Ari Freyr Skúlason,1,Tier 1 - Exact Match,2026-08-05 17:50:49,
GOAT002947,Ari Freyr Skúlason,spatial_zone_summary,statsbomb_player,Ari Freyr Skúlason,1,Tier 1 - Exact Match,2026-08-05 17:50:49,
GOAT002922,Sebastián Ricardo Nayar,spatial_passing_centrality,statsbomb_player,Sebastián Ricardo Nayar,1,Tier 1 - Exact Match,2026-08-05 17:50:49,
GOAT002922,Sebastián Ricardo Nayar,spatial_zone_summary,statsbomb_player,Sebastián Ricardo Nayar,1,Tier 1 - Exact Match,2026-08-05 17:50:49,
GOAT002923,Sebastián Taborda Ramos,spatial_passing_centrality,statsbomb_player,Sebastián Taborda Ramos,1,Tier 1 - Exact Match,2026-08-05 17:50:49,
GOAT002923,Sebastián Taborda Ramos,spatial_zone_summary,statsbomb_player,Sebastián Taborda Ramos,1,Tier 1 - Exact Match,2026-08-05 17:50:49,
GOAT002924,Sendoa Aguirre Basterretxea,spatial_passing_centrality,statsbomb_player,Sendoa Aguirre Basterretxea,1,Tier 1 - Exact Match,2026-08-05 17:50:49,
GOAT002924,Sendoa Aguirre Basterretxea,spatial_zone_summary,statsbomb_player,Sendoa Aguirre Basterretxea,1,Tier 1 - Exact Match,2026-08-05 17:50:49,
GOAT002892,Serdar Gürler,spatial_passing_centrality,statsbomb_player,Serdar Gürler,1,Tier 1 - Exact Match,2026-08-05 17:50:49,
GOAT002892,Serdar Gürler,spatial_zone_summary,statsbomb_player,Serdar Gürler,1,Tier 1 - Exact Match,2026-08-05 17:50:49,
GOAT002882,Arlind Afrim Ajeti,spatial_passing_centrality,statsbomb_player,Arlind Afrim Ajeti,1,Tier 1 - Exact Match,2026-08-05 17:50:49,
GOAT002882,Arlind Afrim Ajeti,spatial_zone_summary,statsbomb_player,Arlind Afrim Ajeti,1,Tier 1 - Exact Match,2026-08-05 17:50:49,
GOAT002883,Armando Enrique Cooper Whitaker,spatial_passing_centrality,statsbomb_player,Armando Enrique Cooper Whitaker,1,Tier 1 - Exact Match,2026-08-05 17:50:49,
GOAT002883,Armando Enrique Cooper Whitaker,spatial_zone_summary,statsbomb_player,Armando Enrique Cooper Whitaker,1,Tier 1 - Exact Match,2026-08-05 17:50:49,
GOAT002857,Jordon Mutch,spatial_passing_centrality,statsbomb_player,Jordon Mutch,1,Tier 1 - Exact Match,2026-08-05 17:50:49,
GOAT002857,Jordon Mutch,spatial_zone_summary,statsbomb_player,Jordon Mutch,1,Tier 1 - Exact Match,2026-08-05 17:50:49,
GOAT002858,Jordy Josué Caicedo Medina,spatial_passing_centrality,statsbomb_player,Jordy Josué Caicedo Medina,1,Tier 1 - Exact Match,2026-08-05 17:50:49,
GOAT002858,Jordy Josué Caicedo Medina,spatial_zone_summary,statsbomb_player,Jordy Josué Caicedo Medina,1,Tier 1 - Exact Match,2026-08-05 17:50:49,
GOAT002859,Jorge Andrés Carrascal Guardo,spatial_passing_centrality,statsbomb_player,Jorge Andrés Carrascal Guardo,1,Tier 1 - Exact Match,2026-08-05 17:50:49,
GOAT002859,Jorge Andrés Carrascal Guardo,spatial_zone_summary,statsbomb_player,Jorge Andrés Carrascal Guardo,1,Tier 1 - Exact Match,2026-08-05 17:50:49,
GOAT002860,Jorge Eduardo Sánchez Ramos,spatial_passing_centrality,statsbomb_player,Jorge Eduardo Sánchez Ramos,1,Tier 1 - Exact Match,2026-08-05 17:50:49,
GOAT002860,Jorge Eduardo Sánchez Ramos,spatial_zone_summary,statsbomb_player,Jorge Eduardo Sánchez Ramos,1,Tier 1 - Exact Match,2026-08-05 17:50:49,
GOAT002865,Jorge García Morcillo,spatial_passing_centrality,statsbomb_player,Jorge García Morcillo,1,Tier 1 - Exact Match,2026-08-05 17:50:49,
GOAT002865,Jorge García Morcillo,spatial_zone_summary,statsbomb_player,Jorge García Morcillo,1,Tier 1 - Exact Match,2026-08-05 17:50:49,
GOAT002931,Jorge García Torre,spatial_passing_centrality,statsbomb_player,Jorge García Torre,1,Tier 1 - Exact Match,2026-08-05 17:50:49,
GOAT002931,Jorge García Torre,spatial_zone_summary,statsbomb_player,Jorge García Torre,1,Tier 1 - Exact Match,2026-08-05 17:50:49,
GOAT002134,Ignacio Javier Gómez Novo,spatial_passing_centrality,statsbomb_player,Ignacio Javier Gómez Novo,1,Tier 1 - Exact Match,2026-08-05 17:50:49,
GOAT002134,Ignacio Javier Gómez Novo,spatial_zone_summary,statsbomb_player,Ignacio Javier Gómez Novo,1,Tier 1 - Exact Match,2026-08-05 17:50:49,
GOAT002071,Igor Akinfeev,spatial_passing_centrality,statsbomb_player,Igor Akinfeev,1,Tier 1 - Exact Match,2026-08-05 17:50:49,
GOAT002071,Igor Akinfeev,spatial_zone_summary,statsbomb_player,Igor Akinfeev,1,Tier 1 - Exact Match,2026-08-05 17:50:49,
GOAT003019,Antonio Álvarez Pérez,spatial_passing_centrality,statsbomb_player,Antonio Álvarez Pérez,1,Tier 1 - Exact Match,2026-08-05 17:50:49,
GOAT003019,Antonio Álvarez Pérez,spatial_zone_summary,statsbomb_player,Antonio Álvarez Pérez,1,Tier 1 - Exact Match,2026-08-05 17:50:49,
GOAT002880,Anzor Mekvabishvili,spatial_passing_centrality,statsbomb_player,Anzor Mekvabishvili,1,Tier 1 - Exact Match,2026-08-05 17:50:49,
GOAT002880,Anzor Mekvabishvili,spatial_zone_summary,statsbomb_player,Anzor Mekvabishvili,1,Tier 1 - Exact Match,2026-08-05 17:50:49,
GOAT002921,Arthur Etienne Boka,spatial_passing_centrality,statsbomb_player,Arthur Etienne Boka,1,Tier 1 - Exact Match,2026-08-05 17:50:49,
GOAT002921,Arthur Etienne Boka,spatial_zone_summary,statsbomb_player,Arthur Etienne Boka,1,Tier 1 - Exact Match,2026-08-05 17:50:49,
GOAT002881,Artur Boruc,spatial_passing_centrality,statsbomb_player,Artur Boruc,1,Tier 1 - Exact Match,2026-08-05 17:50:49,
GOAT002881,Artur Boruc,spatial_zone_summary,statsbomb_player,Artur Boruc,1,Tier 1 - Exact Match,2026-08-05 17:50:49,
GOAT002896,Sergei Ignashevich,spatial_passing_centrality,statsbomb_player,Sergei Ignashevich,1,Tier 1 - Exact Match,2026-08-05 17:50:49,
GOAT002896,Sergei Ignashevich,spatial_zone_summary,statsbomb_player,Sergei Ignashevich,1,Tier 1 - Exact Match,2026-08-05 17:50:49,
GOAT002914,Aníbal Cesis Godoy,spatial_passing_centrality,statsbomb_player,Aníbal Cesis Godoy,1,Tier 1 - Exact Match,2026-08-05 17:50:49,
GOAT002914,Aníbal Cesis Godoy,spatial_zone_summary,statsbomb_player,Aníbal Cesis Godoy,1,Tier 1 - Exact Match,2026-08-05 17:50:49,
GOAT002867,Jorge Manuel Almeida Gomes de Andrade,spatial_passing_centrality,statsbomb_player,Jorge Manuel Almeida Gomes de Andrade,1,Tier 1 - Exact Match,2026-08-05 17:50:49,
GOAT002867,Jorge Manuel Almeida Gomes de Andrade,spatial_zone_summary,statsbomb_player,Jorge Manuel Almeida Gomes de Andrade,1,Tier 1 - Exact Match,2026-08-05 17:50:49,
GOAT002868,Jorge Miguel Dias Gonçalves,spatial_passing_centrality,statsbomb_player,Jorge Miguel Dias Gonçalves,1,Tier 1 - Exact Match,2026-08-05 17:50:49,
GOAT002868,Jorge Miguel Dias Gonçalves,spatial_zone_summary,statsbomb_player,Jorge Miguel Dias Gonçalves,1,Tier 1 - Exact Match,2026-08-05 17:50:49,
GOAT002960,Sergio Tejera Rodríguez,spatial_passing_centrality,statsbomb_player,Sergio Tejera Rodríguez,1,Tier 1 - Exact Match,2026-08-05 17:50:49,
GOAT002960,Sergio Tejera Rodríguez,spatial_zone_summary,statsbomb_player,Sergio Tejera Rodríguez,1,Tier 1 - Exact Match,2026-08-05 17:50:49,
GOAT002940,Seyed Majid Hosseini,spatial_passing_centrality,statsbomb_player,Seyed Majid Hosseini,1,Tier 1 - Exact Match,2026-08-05 17:50:49,
GOAT002940,Seyed Majid Hosseini,spatial_zone_summary,statsbomb_player,Seyed Majid Hosseini,1,Tier 1 - Exact Match,2026-08-05 17:50:49,
GOAT002909,Shane Long,spatial_passing_centrality,statsbomb_player,Shane Long,1,Tier 1 - Exact Match,2026-08-05 17:50:49,
GOAT002909,Shane Long,spatial_zone_summary,statsbomb_player,Shane Long,1,Tier 1 - Exact Match,2026-08-05 17:50:49,
GOAT002973,Antonio Floro Flores,spatial_passing_centrality,statsbomb_player,Antonio Floro Flores,1,Tier 1 - Exact Match,2026-08-05 17:50:49,
GOAT002973,Antonio Floro Flores,spatial_zone_summary,statsbomb_player,Antonio Floro Flores,1,Tier 1 - Exact Match,2026-08-05 17:50:49,
GOAT002974,Antonio Hidalgo Morilla,spatial_passing_centrality,statsbomb_player,Antonio Hidalgo Morilla,1,Tier 1 - Exact Match,2026-08-05 17:50:49,
GOAT002974,Antonio Hidalgo Morilla,spatial_zone_summary,statsbomb_player,Antonio Hidalgo Morilla,1,Tier 1 - Exact Match,2026-08-05 17:50:49,
GOAT003007,Antonio Jesús Regal Angulo,spatial_passing_centrality,statsbomb_player,Antonio Jesús Regal Angulo,1,Tier 1 - Exact Match,2026-08-05 17:50:49,
GOAT003007,Antonio Jesús Regal Angulo,spatial_zone_summary,statsbomb_player,Antonio Jesús Regal Angulo,1,Tier 1 - Exact Match,2026-08-05 17:50:49,
GOAT002950,Antonio Manuel Sánchez Gómez,spatial_passing_centrality,statsbomb_player,Antonio Manuel Sánchez Gómez,1,Tier 1 - Exact Match,2026-08-05 17:50:49,
GOAT002950,Antonio Manuel Sánchez Gómez,spatial_zone_summary,statsbomb_player,Antonio Manuel Sánchez Gómez,1,Tier 1 - Exact Match,2026-08-05 17:50:49,
GOAT002951,Antonio Marín Molina,spatial_passing_centrality,statsbomb_player,Antonio Marín Molina,1,Tier 1 - Exact Match,2026-08-05 17:50:49,
GOAT002951,Antonio Marín Molina,spatial_zone_summary,statsbomb_player,Antonio Marín Molina,1,Tier 1 - Exact Match,2026-08-05 17:50:49,
GOAT002952,Antonio Núñez Tena,spatial_passing_centrality,statsbomb_player,Antonio Núñez Tena,1,Tier 1 - Exact Match,2026-08-05 17:50:49,
GOAT002952,Antonio Núñez Tena,spatial_zone_summary,statsbomb_player,Antonio Núñez Tena,1,Tier 1 - Exact Match,2026-08-05 17:50:49,
GOAT002897,Sergio Fernando Peña Flores,spatial_passing_centrality,statsbomb_player,Sergio Fernando Peña Flores,1,Tier 1 - Exact Match,2026-08-05 17:50:49,
GOAT002897,Sergio Fernando Peña Flores,spatial_zone_summary,statsbomb_player,Sergio Fernando Peña Flores,1,Tier 1 - Exact Match,2026-08-05 17:50:49,
GOAT002953,Sergio Mora Sánchez,spatial_passing_centrality,statsbomb_player,Sergio Mora Sánchez,1,Tier 1 - Exact Match,2026-08-05 17:50:49,
GOAT002953,Sergio Mora Sánchez,spatial_zone_summary,statsbomb_player,Sergio Mora Sánchez,1,Tier 1 - Exact Match,2026-08-05 17:50:49,
GOAT002954,Sergio Ortega González,spatial_passing_centrality,statsbomb_player,Sergio Ortega González,1,Tier 1 - Exact Match,2026-08-05 17:50:49,
GOAT002954,Sergio Ortega González,spatial_zone_summary,statsbomb_player,Sergio Ortega González,1,Tier 1 - Exact Match,2026-08-05 17:50:49,
GOAT002988,Antonio Pinilla Miranda,spatial_passing_centrality,statsbomb_player,Antonio Pinilla Miranda,1,Tier 1 - Exact Match,2026-08-05 17:50:49,
GOAT002988,Antonio Pinilla Miranda,spatial_zone_summary,statsbomb_player,Antonio Pinilla Miranda,1,Tier 1 - Exact Match,2026-08-05 17:50:49,
GOAT002957,Antonio Ramiro Pérez,spatial_passing_centrality,statsbomb_player,Antonio Ramiro Pérez,1,Tier 1 - Exact Match,2026-08-05 17:50:49,
GOAT002957,Antonio Ramiro Pérez,spatial_zone_summary,statsbomb_player,Antonio Ramiro Pérez,1,Tier 1 - Exact Match,2026-08-05 17:50:49,
GOAT002901,Jordi Gómez García-Penche,spatial_passing_centrality,statsbomb_player,Jordi Gómez García-Penche,1,Tier 1 - Exact Match,2026-08-05 17:50:49,
GOAT002901,Jordi Gómez García-Penche,spatial_zone_summary,statsbomb_player,Jordi Gómez García-Penche,1,Tier 1 - Exact Match,2026-08-05 17:50:49,
GOAT002856,Jordon Ibe,spatial_passing_centrality,statsbomb_player,Jordon Ibe,1,Tier 1 - Exact Match,2026-08-05 17:50:49,
GOAT002856,Jordon Ibe,spatial_zone_summary,statsbomb_player,Jordon Ibe,1,Tier 1 - Exact Match,2026-08-05 17:50:49,
GOAT002977,Shūichi Gonda,spatial_passing_centrality,statsbomb_player,Shūichi Gonda,1,Tier 1 - Exact Match,2026-08-05 17:50:49,
GOAT002977,Shūichi Gonda,spatial_zone_summary,statsbomb_player,Shūichi Gonda,1,Tier 1 - Exact Match,2026-08-05 17:50:49,
GOAT002930,Jonathan Vila Pereira,spatial_passing_centrality,statsbomb_player,Jonathan Vila Pereira,1,Tier 1 - Exact Match,2026-08-05 17:50:49,
GOAT002930,Jonathan Vila Pereira,spatial_zone_summary,statsbomb_player,Jonathan Vila Pereira,1,Tier 1 - Exact Match,2026-08-05 17:50:49,
GOAT002995,Jonathan Walters,spatial_passing_centrality,statsbomb_player,Jonathan Walters,1,Tier 1 - Exact Match,2026-08-05 17:50:49,
GOAT002995,Jonathan Walters,spatial_zone_summary,statsbomb_player,Jonathan Walters,1,Tier 1 - Exact Match,2026-08-05 17:50:49,
GOAT002933,Joni Ensio Kauko,spatial_passing_centrality,statsbomb_player,Joni Ensio Kauko,1,Tier 1 - Exact Match,2026-08-05 17:50:49,
GOAT002933,Joni Ensio Kauko,spatial_zone_summary,statsbomb_player,Joni Ensio Kauko,1,Tier 1 - Exact Match,2026-08-05 17:50:49,
GOAT002870,Joona Toivio,spatial_passing_centrality,statsbomb_player,Joona Toivio,1,Tier 1 - Exact Match,2026-08-05 17:50:49,
GOAT002870,Joona Toivio,spatial_zone_summary,statsbomb_player,Joona Toivio,1,Tier 1 - Exact Match,2026-08-05 17:50:49,
GOAT002871,Jordan Amavi,spatial_passing_centrality,statsbomb_player,Jordan Amavi,1,Tier 1 - Exact Match,2026-08-05 17:50:49,
GOAT002871,Jordan Amavi,spatial_zone_summary,statsbomb_player,Jordan Amavi,1,Tier 1 - Exact Match,2026-08-05 17:50:49,
GOAT002151,Iago Falqué Silva,spatial_passing_centrality,statsbomb_player,Iago Falqué Silva,1,Tier 1 - Exact Match,2026-08-05 17:50:49,
GOAT002151,Iago Falqué Silva,spatial_zone_summary,statsbomb_player,Iago Falqué Silva,1,Tier 1 - Exact Match,2026-08-05 17:50:49,
GOAT002152,Ianis Hagi,spatial_passing_centrality,statsbomb_player,Ianis Hagi,1,Tier 1 - Exact Match,2026-08-05 17:50:49,
GOAT002152,Ianis Hagi,spatial_zone_summary,statsbomb_player,Ianis Hagi,1,Tier 1 - Exact Match,2026-08-05 17:50:49,
GOAT002269,Isaac Gómez Sánchez,spatial_passing_centrality,statsbomb_player,Isaac Gómez Sánchez,1,Tier 1 - Exact Match,2026-08-05 17:50:49,
GOAT002269,Isaac Gómez Sánchez,spatial_zone_summary,statsbomb_player,Isaac Gómez Sánchez,1,Tier 1 - Exact Match,2026-08-05 17:50:49,
GOAT002978,Silvan Widmer,spatial_passing_centrality,statsbomb_player,Silvan Widmer,1,Tier 1 - Exact Match,2026-08-05 17:50:49,
GOAT002978,Silvan Widmer,spatial_zone_summary,statsbomb_player,Silvan Widmer,1,Tier 1 - Exact Match,2026-08-05 17:50:49,
GOAT002979,Silvestre Manuel Gonçalves Varela,spatial_passing_centrality,statsbomb_player,Silvestre Manuel Gonçalves Varela,1,Tier 1 - Exact Match,2026-08-05 17:50:49,
GOAT002979,Silvestre Manuel Gonçalves Varela,spatial_zone_summary,statsbomb_player,Silvestre Manuel Gonçalves Varela,1,Tier 1 - Exact Match,2026-08-05 17:50:49,
GOAT002980,Simeon Tochukwu Nwankwo,spatial_passing_centrality,statsbomb_player,Simeon Tochukwu Nwankwo,1,Tier 1 - Exact Match,2026-08-05 17:50:49,
GOAT002980,Simeon Tochukwu Nwankwo,spatial_zone_summary,statsbomb_player,Simeon Tochukwu Nwankwo,1,Tier 1 - Exact Match,2026-08-05 17:50:49,
GOAT002949,Simon Mignolet,spatial_passing_centrality,statsbomb_player,Simon Mignolet,1,Tier 1 - Exact Match,2026-08-05 17:50:49,
GOAT002949,Simon Mignolet,spatial_zone_summary,statsbomb_player,Simon Mignolet,1,Tier 1 - Exact Match,2026-08-05 17:50:49,
GOAT003105,Angelo Smit Preciado Quiñónez,spatial_passing_centrality,statsbomb_player,Angelo Smit Preciado Quiñónez,1,Tier 1 - Exact Match,2026-08-05 17:50:49,
GOAT003105,Angelo Smit Preciado Quiñónez,spatial_zone_summary,statsbomb_player,Angelo Smit Preciado Quiñónez,1,Tier 1 - Exact Match,2026-08-05 17:50:49,
GOAT002958,Sergio Rochet Álvarez,spatial_passing_centrality,statsbomb_player,Sergio Rochet Álvarez,1,Tier 1 - Exact Match,2026-08-05 17:50:49,
GOAT002958,Sergio Rochet Álvarez,spatial_zone_summary,statsbomb_player,Sergio Rochet Álvarez,1,Tier 1 - Exact Match,2026-08-05 17:50:49,
GOAT002959,Sergio Sánchez Sánchez,spatial_passing_centrality,statsbomb_player,Sergio Sánchez Sánchez,1,Tier 1 - Exact Match,2026-08-05 17:50:49,
GOAT002959,Sergio Sánchez Sánchez,spatial_zone_summary,statsbomb_player,Sergio Sánchez Sánchez,1,Tier 1 - Exact Match,2026-08-05 17:50:49,
GOAT003062,Anice Badri,spatial_passing_centrality,statsbomb_player,Anice Badri,1,Tier 1 - Exact Match,2026-08-05 17:50:49,
GOAT003062,Anice Badri,spatial_zone_summary,statsbomb_player,Anice Badri,1,Tier 1 - Exact Match,2026-08-05 17:50:49,
GOAT003063,Anis Ben Slimane,spatial_passing_centrality,statsbomb_player,Anis Ben Slimane,1,Tier 1 - Exact Match,2026-08-05 17:50:49,
GOAT003063,Anis Ben Slimane,spatial_zone_summary,statsbomb_player,Anis Ben Slimane,1,Tier 1 - Exact Match,2026-08-05 17:50:49,
GOAT003100,Anthony Martial,spatial_passing_centrality,statsbomb_player,Anthony Martial,1,Tier 1 - Exact Match,2026-08-05 17:50:49,
GOAT003100,Anthony Martial,spatial_zone_summary,statsbomb_player,Anthony Martial,1,Tier 1 - Exact Match,2026-08-05 17:50:49,
GOAT003003,Antoine Semenyo,spatial_passing_centrality,statsbomb_player,Antoine Semenyo,1,Tier 1 - Exact Match,2026-08-05 17:50:49,
GOAT003003,Antoine Semenyo,spatial_zone_summary,statsbomb_player,Antoine Semenyo,1,Tier 1 - Exact Match,2026-08-05 17:50:49,
GOAT003004,Antolín Alcáraz Viveros,spatial_passing_centrality,statsbomb_player,Antolín Alcáraz Viveros,1,Tier 1 - Exact Match,2026-08-05 17:50:49,
GOAT003004,Antolín Alcáraz Viveros,spatial_zone_summary,statsbomb_player,Antolín Alcáraz Viveros,1,Tier 1 - Exact Match,2026-08-05 17:50:49,
GOAT002971,Sofian Chakla,spatial_passing_centrality,statsbomb_player,Sofian Chakla,1,Tier 1 - Exact Match,2026-08-05 17:50:49,
GOAT002971,Sofian Chakla,spatial_zone_summary,statsbomb_player,Sofian Chakla,1,Tier 1 - Exact Match,2026-08-05 17:50:49,
GOAT002972,Solomon Kverkvelia,spatial_passing_centrality,statsbomb_player,Solomon Kverkvelia,1,Tier 1 - Exact Match,2026-08-05 17:50:49,
GOAT002972,Solomon Kverkvelia,spatial_zone_summary,statsbomb_player,Solomon Kverkvelia,1,Tier 1 - Exact Match,2026-08-05 17:50:49,
GOAT002941,Stefan Babović,spatial_passing_centrality,statsbomb_player,Stefan Babović,1,Tier 1 - Exact Match,2026-08-05 17:50:49,
GOAT002941,Stefan Babović,spatial_zone_summary,statsbomb_player,Stefan Babović,1,Tier 1 - Exact Match,2026-08-05 17:50:49,
GOAT002942,Stefan Mitrović,spatial_passing_centrality,statsbomb_player,Stefan Mitrović,1,Tier 1 - Exact Match,2026-08-05 17:50:49,
GOAT002942,Stefan Mitrović,spatial_zone_summary,statsbomb_player,Stefan Mitrović,1,Tier 1 - Exact Match,2026-08-05 17:50:49,
GOAT002943,Stephane Dalmat,spatial_passing_centrality,statsbomb_player,Stephane Dalmat,1,Tier 1 - Exact Match,2026-08-05 17:50:49,
GOAT002943,Stephane Dalmat,spatial_zone_summary,statsbomb_player,Stephane Dalmat,1,Tier 1 - Exact Match,2026-08-05 17:50:49,
GOAT002910,Shaquell Moore,spatial_passing_centrality,statsbomb_player,Shaquell Moore,1,Tier 1 - Exact Match,2026-08-05 17:50:49,
GOAT002910,Shaquell Moore,spatial_zone_summary,statsbomb_player,Shaquell Moore,1,Tier 1 - Exact Match,2026-08-05 17:50:49,
GOAT002911,Shaun MacDonald,spatial_passing_centrality,statsbomb_player,Shaun MacDonald,1,Tier 1 - Exact Match,2026-08-05 17:50:49,
GOAT002911,Shaun MacDonald,spatial_zone_summary,statsbomb_player,Shaun MacDonald,1,Tier 1 - Exact Match,2026-08-05 17:50:49,
GOAT002912,Shay Given,spatial_passing_centrality,statsbomb_player,Shay Given,1,Tier 1 - Exact Match,2026-08-05 17:50:49,
GOAT002912,Shay Given,spatial_zone_summary,statsbomb_player,Shay Given,1,Tier 1 - Exact Match,2026-08-05 17:50:49,
GOAT002913,Shinji Kagawa,spatial_passing_centrality,statsbomb_player,Shinji Kagawa,1,Tier 1 - Exact Match,2026-08-05 17:50:49,
GOAT002913,Shinji Kagawa,spatial_zone_summary,statsbomb_player,Shinji Kagawa,1,Tier 1 - Exact Match,2026-08-05 17:50:49,
GOAT002944,Shogo Taniguchi,spatial_passing_centrality,statsbomb_player,Shogo Taniguchi,1,Tier 1 - Exact Match,2026-08-05 17:50:49,
GOAT002944,Shogo Taniguchi,spatial_zone_summary,statsbomb_player,Shogo Taniguchi,1,Tier 1 - Exact Match,2026-08-05 17:50:49,
GOAT002945,Shon Zalman Weissman,spatial_passing_centrality,statsbomb_player,Shon Zalman Weissman,1,Tier 1 - Exact Match,2026-08-05 17:50:49,
GOAT002945,Shon Zalman Weissman,spatial_zone_summary,statsbomb_player,Shon Zalman Weissman,1,Tier 1 - Exact Match,2026-08-05 17:50:49,
GOAT003026,Syam Ben Youssef,spatial_passing_centrality,statsbomb_player,Syam Ben Youssef,1,Tier 1 - Exact Match,2026-08-05 17:50:49,
GOAT003026,Syam Ben Youssef,spatial_zone_summary,statsbomb_player,Syam Ben Youssef,1,Tier 1 - Exact Match,2026-08-05 17:50:49,
GOAT003054,Sylvain Distin,spatial_passing_centrality,statsbomb_player,Sylvain Distin,1,Tier 1 - Exact Match,2026-08-05 17:50:49,
GOAT003054,Sylvain Distin,spatial_zone_summary,statsbomb_player,Sylvain Distin,1,Tier 1 - Exact Match,2026-08-05 17:50:49,
GOAT003010,Sylvain N''Diayé,spatial_passing_centrality,statsbomb_player,Sylvain N''Diayé,1,Tier 1 - Exact Match,2026-08-05 17:50:49,
GOAT003010,Sylvain N''Diayé,spatial_zone_summary,statsbomb_player,Sylvain N''Diayé,1,Tier 1 - Exact Match,2026-08-05 17:50:49,
GOAT003011,Szabolcs Schön,spatial_passing_centrality,statsbomb_player,Szabolcs Schön,1,Tier 1 - Exact Match,2026-08-05 17:50:49,
GOAT003011,Szabolcs Schön,spatial_zone_summary,statsbomb_player,Szabolcs Schön,1,Tier 1 - Exact Match,2026-08-05 17:50:49,
GOAT003012,Sébastien Aymar Bassong Nguena,spatial_passing_centrality,statsbomb_player,Sébastien Aymar Bassong Nguena,1,Tier 1 - Exact Match,2026-08-05 17:50:49,
GOAT003012,Sébastien Aymar Bassong Nguena,spatial_zone_summary,statsbomb_player,Sébastien Aymar Bassong Nguena,1,Tier 1 - Exact Match,2026-08-05 17:50:49,
GOAT002975,Stephen Kingsley,spatial_passing_centrality,statsbomb_player,Stephen Kingsley,1,Tier 1 - Exact Match,2026-08-05 17:50:49,
GOAT002975,Stephen Kingsley,spatial_zone_summary,statsbomb_player,Stephen Kingsley,1,Tier 1 - Exact Match,2026-08-05 17:50:49,
GOAT002976,Stephen O''Donnell,spatial_passing_centrality,statsbomb_player,Stephen O''Donnell,1,Tier 1 - Exact Match,2026-08-05 17:50:49,
GOAT002976,Stephen O''Donnell,spatial_zone_summary,statsbomb_player,Stephen O''Donnell,1,Tier 1 - Exact Match,2026-08-05 17:50:49,
GOAT003008,Stevan Jovetić,spatial_passing_centrality,statsbomb_player,Stevan Jovetić,1,Tier 1 - Exact Match,2026-08-05 17:50:49,
GOAT003008,Stevan Jovetić,spatial_zone_summary,statsbomb_player,Stevan Jovetić,1,Tier 1 - Exact Match,2026-08-05 17:50:49,
GOAT003009,Steven Berghuis,spatial_passing_centrality,statsbomb_player,Steven Berghuis,1,Tier 1 - Exact Match,2026-08-05 17:50:49,
GOAT003009,Steven Berghuis,spatial_zone_summary,statsbomb_player,Steven Berghuis,1,Tier 1 - Exact Match,2026-08-05 17:50:49,
GOAT002981,Steven Bergwijn,spatial_passing_centrality,statsbomb_player,Steven Bergwijn,1,Tier 1 - Exact Match,2026-08-05 17:50:49,
GOAT002981,Steven Bergwijn,spatial_zone_summary,statsbomb_player,Steven Bergwijn,1,Tier 1 - Exact Match,2026-08-05 17:50:49,
GOAT002982,Steven Caulker,spatial_passing_centrality,statsbomb_player,Steven Caulker,1,Tier 1 - Exact Match,2026-08-05 17:50:49,
GOAT002982,Steven Caulker,spatial_zone_summary,statsbomb_player,Steven Caulker,1,Tier 1 - Exact Match,2026-08-05 17:50:49,
GOAT002983,Steven Davis,spatial_passing_centrality,statsbomb_player,Steven Davis,1,Tier 1 - Exact Match,2026-08-05 17:50:49,
GOAT002983,Steven Davis,spatial_zone_summary,statsbomb_player,Steven Davis,1,Tier 1 - Exact Match,2026-08-05 17:50:49,
GOAT002984,Steven Fletcher,spatial_passing_centrality,statsbomb_player,Steven Fletcher,1,Tier 1 - Exact Match,2026-08-05 17:50:49,
GOAT002984,Steven Fletcher,spatial_zone_summary,statsbomb_player,Steven Fletcher,1,Tier 1 - Exact Match,2026-08-05 17:50:49,
GOAT002985,Steven Pienaar,spatial_passing_centrality,statsbomb_player,Steven Pienaar,1,Tier 1 - Exact Match,2026-08-05 17:50:49,
GOAT002985,Steven Pienaar,spatial_zone_summary,statsbomb_player,Steven Pienaar,1,Tier 1 - Exact Match,2026-08-05 17:50:49,
GOAT002986,Stipe Pletikosa,spatial_passing_centrality,statsbomb_player,Stipe Pletikosa,1,Tier 1 - Exact Match,2026-08-05 17:50:49,
GOAT002986,Stipe Pletikosa,spatial_zone_summary,statsbomb_player,Stipe Pletikosa,1,Tier 1 - Exact Match,2026-08-05 17:50:49,
GOAT002987,Stiven Ricardo Plaza Castillo,spatial_passing_centrality,statsbomb_player,Stiven Ricardo Plaza Castillo,1,Tier 1 - Exact Match,2026-08-05 17:50:49,
GOAT002987,Stiven Ricardo Plaza Castillo,spatial_zone_summary,statsbomb_player,Stiven Ricardo Plaza Castillo,1,Tier 1 - Exact Match,2026-08-05 17:50:49,
GOAT002323,Ismael Díaz De León,spatial_passing_centrality,statsbomb_player,Ismael Díaz De León,1,Tier 1 - Exact Match,2026-08-05 17:50:49,
GOAT002323,Ismael Díaz De León,spatial_zone_summary,statsbomb_player,Ismael Díaz De León,1,Tier 1 - Exact Match,2026-08-05 17:50:49,
GOAT002324,Ismael Marchal Razquín,spatial_passing_centrality,statsbomb_player,Ismael Marchal Razquín,1,Tier 1 - Exact Match,2026-08-05 17:50:49,
GOAT002324,Ismael Marchal Razquín,spatial_zone_summary,statsbomb_player,Ismael Marchal Razquín,1,Tier 1 - Exact Match,2026-08-05 17:50:49,
GOAT002963,Jonas Martin,spatial_passing_centrality,statsbomb_player,Jonas Martin,1,Tier 1 - Exact Match,2026-08-05 17:50:49,
GOAT002963,Jonas Martin,spatial_zone_summary,statsbomb_player,Jonas Martin,1,Tier 1 - Exact Match,2026-08-05 17:50:49,
GOAT002905,Jonatan Soriano Casas,spatial_passing_centrality,statsbomb_player,Jonatan Soriano Casas,1,Tier 1 - Exact Match,2026-08-05 17:50:49,
GOAT002905,Jonatan Soriano Casas,spatial_zone_summary,statsbomb_player,Jonatan Soriano Casas,1,Tier 1 - Exact Match,2026-08-05 17:50:49,
GOAT002906,Jonathan Aspas Juncal,spatial_passing_centrality,statsbomb_player,Jonathan Aspas Juncal,1,Tier 1 - Exact Match,2026-08-05 17:50:49,
GOAT002906,Jonathan Aspas Juncal,spatial_zone_summary,statsbomb_player,Jonathan Aspas Juncal,1,Tier 1 - Exact Match,2026-08-05 17:50:49,
GOAT002907,Jonathan Grant Evans,spatial_passing_centrality,statsbomb_player,Jonathan Grant Evans,1,Tier 1 - Exact Match,2026-08-05 17:50:49,
GOAT002907,Jonathan Grant Evans,spatial_zone_summary,statsbomb_player,Jonathan Grant Evans,1,Tier 1 - Exact Match,2026-08-05 17:50:49,
GOAT002908,Jonathan Howson,spatial_passing_centrality,statsbomb_player,Jonathan Howson,1,Tier 1 - Exact Match,2026-08-05 17:50:49,
GOAT002908,Jonathan Howson,spatial_zone_summary,statsbomb_player,Jonathan Howson,1,Tier 1 - Exact Match,2026-08-05 17:50:49,
GOAT002927,Jonathan Javier Rodríguez Portillo,spatial_passing_centrality,statsbomb_player,Jonathan Javier Rodríguez Portillo,1,Tier 1 - Exact Match,2026-08-05 17:50:49,
GOAT002927,Jonathan Javier Rodríguez Portillo,spatial_zone_summary,statsbomb_player,Jonathan Javier Rodríguez Portillo,1,Tier 1 - Exact Match,2026-08-05 17:50:49,
GOAT002928,Jonathan Leko,spatial_passing_centrality,statsbomb_player,Jonathan Leko,1,Tier 1 - Exact Match,2026-08-05 17:50:49,
GOAT002928,Jonathan Leko,spatial_zone_summary,statsbomb_player,Jonathan Leko,1,Tier 1 - Exact Match,2026-08-05 17:50:49,
GOAT002929,Jonathan Matías Urretaviscaya da Luz,spatial_passing_centrality,statsbomb_player,Jonathan Matías Urretaviscaya da Luz,1,Tier 1 - Exact Match,2026-08-05 17:50:49,
GOAT002929,Jonathan Matías Urretaviscaya da Luz,spatial_zone_summary,statsbomb_player,Jonathan Matías Urretaviscaya da Luz,1,Tier 1 - Exact Match,2026-08-05 17:50:49,
GOAT002133,Ignacio Insa Bohigues,spatial_passing_centrality,statsbomb_player,Ignacio Insa Bohigues,1,Tier 1 - Exact Match,2026-08-05 17:50:49,
GOAT002133,Ignacio Insa Bohigues,spatial_zone_summary,statsbomb_player,Ignacio Insa Bohigues,1,Tier 1 - Exact Match,2026-08-05 17:50:49,
GOAT003089,John Yeboah Zamora,spatial_passing_centrality,statsbomb_player,John Yeboah Zamora,1,Tier 1 - Exact Match,2026-08-05 17:50:49,
GOAT003089,John Yeboah Zamora,spatial_zone_summary,statsbomb_player,John Yeboah Zamora,1,Tier 1 - Exact Match,2026-08-05 17:50:49,
GOAT003090,Johnny Acosta Zamora,spatial_passing_centrality,statsbomb_player,Johnny Acosta Zamora,1,Tier 1 - Exact Match,2026-08-05 17:50:49,
GOAT003090,Johnny Acosta Zamora,spatial_zone_summary,statsbomb_player,Johnny Acosta Zamora,1,Tier 1 - Exact Match,2026-08-05 17:50:49,
GOAT003000,Sung-Yeung Ki,spatial_passing_centrality,statsbomb_player,Sung-Yeung Ki,1,Tier 1 - Exact Match,2026-08-05 17:50:49,
GOAT003000,Sung-Yeung Ki,spatial_zone_summary,statsbomb_player,Sung-Yeung Ki,1,Tier 1 - Exact Match,2026-08-05 17:50:49,
GOAT003001,Sven Bender,spatial_passing_centrality,statsbomb_player,Sven Bender,1,Tier 1 - Exact Match,2026-08-05 17:50:49,
GOAT003001,Sven Bender,spatial_zone_summary,statsbomb_player,Sven Bender,1,Tier 1 - Exact Match,2026-08-05 17:50:49,
GOAT003002,Sverrir Ingi Ingason,spatial_passing_centrality,statsbomb_player,Sverrir Ingi Ingason,1,Tier 1 - Exact Match,2026-08-05 17:50:49,
GOAT003002,Sverrir Ingi Ingason,spatial_zone_summary,statsbomb_player,Sverrir Ingi Ingason,1,Tier 1 - Exact Match,2026-08-05 17:50:49,
GOAT003185,Andrei Florin Ratiu,spatial_passing_centrality,statsbomb_player,Andrei Florin Ratiu,1,Tier 1 - Exact Match,2026-08-05 17:50:49,
GOAT003185,Andrei Florin Ratiu,spatial_zone_summary,statsbomb_player,Andrei Florin Ratiu,1,Tier 1 - Exact Match,2026-08-05 17:50:49,
GOAT003196,Andreu Guerao Mayoral,spatial_passing_centrality,statsbomb_player,Andreu Guerao Mayoral,1,Tier 1 - Exact Match,2026-08-05 17:50:49,
GOAT003196,Andreu Guerao Mayoral,spatial_zone_summary,statsbomb_player,Andreu Guerao Mayoral,1,Tier 1 - Exact Match,2026-08-05 17:50:49,
GOAT003013,Sébastien Corchia,spatial_passing_centrality,statsbomb_player,Sébastien Corchia,1,Tier 1 - Exact Match,2026-08-05 17:50:49,
GOAT003013,Sébastien Corchia,spatial_zone_summary,statsbomb_player,Sébastien Corchia,1,Tier 1 - Exact Match,2026-08-05 17:50:49,
GOAT003182,André Martín Carrillo Díaz,spatial_passing_centrality,statsbomb_player,André Martín Carrillo Díaz,1,Tier 1 - Exact Match,2026-08-05 17:50:49,
GOAT003182,André Martín Carrillo Díaz,spatial_zone_summary,statsbomb_player,André Martín Carrillo Díaz,1,Tier 1 - Exact Match,2026-08-05 17:50:49,
GOAT003069,Andrés José Fleurquin Rubio,spatial_passing_centrality,statsbomb_player,Andrés José Fleurquin Rubio,1,Tier 1 - Exact Match,2026-08-05 17:50:49,
GOAT003069,Andrés José Fleurquin Rubio,spatial_zone_summary,statsbomb_player,Andrés José Fleurquin Rubio,1,Tier 1 - Exact Match,2026-08-05 17:50:49,
GOAT003070,Andrés José Túñez Arceo,spatial_passing_centrality,statsbomb_player,Andrés José Túñez Arceo,1,Tier 1 - Exact Match,2026-08-05 17:50:49,
GOAT003070,Andrés José Túñez Arceo,spatial_zone_summary,statsbomb_player,Andrés José Túñez Arceo,1,Tier 1 - Exact Match,2026-08-05 17:50:49,
GOAT003103,Andrés Lamas Bervejillo,spatial_passing_centrality,statsbomb_player,Andrés Lamas Bervejillo,1,Tier 1 - Exact Match,2026-08-05 17:50:49,
GOAT003103,Andrés Lamas Bervejillo,spatial_zone_summary,statsbomb_player,Andrés Lamas Bervejillo,1,Tier 1 - Exact Match,2026-08-05 17:50:49,
GOAT003104,Andrés Tomás Prieto Albert,spatial_passing_centrality,statsbomb_player,Andrés Tomás Prieto Albert,1,Tier 1 - Exact Match,2026-08-05 17:50:49,
GOAT003104,Andrés Tomás Prieto Albert,spatial_zone_summary,statsbomb_player,Andrés Tomás Prieto Albert,1,Tier 1 - Exact Match,2026-08-05 17:50:49,
GOAT003014,Sławomir Peszko,spatial_passing_centrality,statsbomb_player,Sławomir Peszko,1,Tier 1 - Exact Match,2026-08-05 17:50:49,
GOAT003014,Sławomir Peszko,spatial_zone_summary,statsbomb_player,Sławomir Peszko,1,Tier 1 - Exact Match,2026-08-05 17:50:49,
GOAT003017,Stole Dimitrievski,spatial_passing_centrality,statsbomb_player,Stole Dimitrievski,1,Tier 1 - Exact Match,2026-08-05 17:50:49,
GOAT003017,Stole Dimitrievski,spatial_zone_summary,statsbomb_player,Stole Dimitrievski,1,Tier 1 - Exact Match,2026-08-05 17:50:49,
GOAT003018,Strahinja Pavlović,spatial_passing_centrality,statsbomb_player,Strahinja Pavlović,1,Tier 1 - Exact Match,2026-08-05 17:50:49,
GOAT003018,Strahinja Pavlović,spatial_zone_summary,statsbomb_player,Strahinja Pavlović,1,Tier 1 - Exact Match,2026-08-05 17:50:49,
GOAT003027,Stuart Armstrong,spatial_passing_centrality,statsbomb_player,Stuart Armstrong,1,Tier 1 - Exact Match,2026-08-05 17:50:49,
GOAT003027,Stuart Armstrong,spatial_zone_summary,statsbomb_player,Stuart Armstrong,1,Tier 1 - Exact Match,2026-08-05 17:50:49,
GOAT003028,Stéphane Jean François Pignol,spatial_passing_centrality,statsbomb_player,Stéphane Jean François Pignol,1,Tier 1 - Exact Match,2026-08-05 17:50:49,
GOAT003028,Stéphane Jean François Pignol,spatial_zone_summary,statsbomb_player,Stéphane Jean François Pignol,1,Tier 1 - Exact Match,2026-08-05 17:50:49,
GOAT003029,Stéphane Sessègnon,spatial_passing_centrality,statsbomb_player,Stéphane Sessègnon,1,Tier 1 - Exact Match,2026-08-05 17:50:49,
GOAT003029,Stéphane Sessègnon,spatial_zone_summary,statsbomb_player,Stéphane Sessègnon,1,Tier 1 - Exact Match,2026-08-05 17:50:49,
GOAT003020,Sulley Ali Muntari,spatial_passing_centrality,statsbomb_player,Sulley Ali Muntari,1,Tier 1 - Exact Match,2026-08-05 17:50:49,
GOAT003020,Sulley Ali Muntari,spatial_zone_summary,statsbomb_player,Sulley Ali Muntari,1,Tier 1 - Exact Match,2026-08-05 17:50:49,
GOAT002322,Isaías Sánchez Cortés,spatial_passing_centrality,statsbomb_player,Isaías Sánchez Cortés,1,Tier 1 - Exact Match,2026-08-05 17:50:49,
GOAT002322,Isaías Sánchez Cortés,spatial_zone_summary,statsbomb_player,Isaías Sánchez Cortés,1,Tier 1 - Exact Match,2026-08-05 17:50:49,
GOAT003082,Thomas Strakosha,spatial_passing_centrality,statsbomb_player,Thomas Strakosha,1,Tier 1 - Exact Match,2026-08-05 17:50:49,
GOAT003082,Thomas Strakosha,spatial_zone_summary,statsbomb_player,Thomas Strakosha,1,Tier 1 - Exact Match,2026-08-05 17:50:49,
GOAT003083,Théo Bongonda Mbul''Ofeko Batombo,spatial_passing_centrality,statsbomb_player,Théo Bongonda Mbul''Ofeko Batombo,1,Tier 1 - Exact Match,2026-08-05 17:50:49,
GOAT003083,Théo Bongonda Mbul''Ofeko Batombo,spatial_zone_summary,statsbomb_player,Théo Bongonda Mbul''Ofeko Batombo,1,Tier 1 - Exact Match,2026-08-05 17:50:49,
GOAT003015,Takashi Usami,spatial_passing_centrality,statsbomb_player,Takashi Usami,1,Tier 1 - Exact Match,2026-08-05 17:50:49,
GOAT003015,Takashi Usami,spatial_zone_summary,statsbomb_player,Takashi Usami,1,Tier 1 - Exact Match,2026-08-05 17:50:49,
GOAT003016,Takehiro Tomiyasu,spatial_passing_centrality,statsbomb_player,Takehiro Tomiyasu,1,Tier 1 - Exact Match,2026-08-05 17:50:49,
GOAT003016,Takehiro Tomiyasu,spatial_zone_summary,statsbomb_player,Takehiro Tomiyasu,1,Tier 1 - Exact Match,2026-08-05 17:50:49,
GOAT003064,Takuma Asano,spatial_passing_centrality,statsbomb_player,Takuma Asano,1,Tier 1 - Exact Match,2026-08-05 17:50:49,
GOAT003064,Takuma Asano,spatial_zone_summary,statsbomb_player,Takuma Asano,1,Tier 1 - Exact Match,2026-08-05 17:50:49,
GOAT003065,Takumi Minamino,spatial_passing_centrality,statsbomb_player,Takumi Minamino,1,Tier 1 - Exact Match,2026-08-05 17:50:49,
GOAT003065,Takumi Minamino,spatial_zone_summary,statsbomb_player,Takumi Minamino,1,Tier 1 - Exact Match,2026-08-05 17:50:49,
GOAT003066,Tamás Cseri,spatial_passing_centrality,statsbomb_player,Tamás Cseri,1,Tier 1 - Exact Match,2026-08-05 17:50:49,
GOAT003066,Tamás Cseri,spatial_zone_summary,statsbomb_player,Tamás Cseri,1,Tier 1 - Exact Match,2026-08-05 17:50:49,
GOAT003067,Tanitoluwa Oluwaseyi,spatial_passing_centrality,statsbomb_player,Tanitoluwa Oluwaseyi,1,Tier 1 - Exact Match,2026-08-05 17:50:49,
GOAT003067,Tanitoluwa Oluwaseyi,spatial_zone_summary,statsbomb_player,Tanitoluwa Oluwaseyi,1,Tier 1 - Exact Match,2026-08-05 17:50:49,
GOAT003030,Taras Stepanenko,spatial_passing_centrality,statsbomb_player,Taras Stepanenko,1,Tier 1 - Exact Match,2026-08-05 17:50:49,
GOAT003030,Taras Stepanenko,spatial_zone_summary,statsbomb_player,Taras Stepanenko,1,Tier 1 - Exact Match,2026-08-05 17:50:49,
GOAT003031,Taras Wiktorowicz Romanczuk,spatial_passing_centrality,statsbomb_player,Taras Wiktorowicz Romanczuk,1,Tier 1 - Exact Match,2026-08-05 17:50:49,
GOAT003031,Taras Wiktorowicz Romanczuk,spatial_zone_summary,statsbomb_player,Taras Wiktorowicz Romanczuk,1,Tier 1 - Exact Match,2026-08-05 17:50:49,
GOAT003032,Tariq Lamptey,spatial_passing_centrality,statsbomb_player,Tariq Lamptey,1,Tier 1 - Exact Match,2026-08-05 17:50:49,
GOAT003032,Tariq Lamptey,spatial_zone_summary,statsbomb_player,Tariq Lamptey,1,Tier 1 - Exact Match,2026-08-05 17:50:49,
GOAT003033,Taulant Sulejmanov,spatial_passing_centrality,statsbomb_player,Taulant Sulejmanov,1,Tier 1 - Exact Match,2026-08-05 17:50:49,
GOAT003033,Taulant Sulejmanov,spatial_zone_summary,statsbomb_player,Taulant Sulejmanov,1,Tier 1 - Exact Match,2026-08-05 17:50:49,
GOAT003034,Teemu Pukki,spatial_passing_centrality,statsbomb_player,Teemu Pukki,1,Tier 1 - Exact Match,2026-08-05 17:50:49,
GOAT003034,Teemu Pukki,spatial_zone_summary,statsbomb_player,Teemu Pukki,1,Tier 1 - Exact Match,2026-08-05 17:50:49,
GOAT003035,Telmário de Araújo Sacramento,spatial_passing_centrality,statsbomb_player,Telmário de Araújo Sacramento,1,Tier 1 - Exact Match,2026-08-05 17:50:49,
GOAT003035,Telmário de Araújo Sacramento,spatial_zone_summary,statsbomb_player,Telmário de Araújo Sacramento,1,Tier 1 - Exact Match,2026-08-05 17:50:49,
GOAT003183,Andreas Skov Olsen,spatial_passing_centrality,statsbomb_player,Andreas Skov Olsen,1,Tier 1 - Exact Match,2026-08-05 17:50:49,
GOAT003183,Andreas Skov Olsen,spatial_zone_summary,statsbomb_player,Andreas Skov Olsen,1,Tier 1 - Exact Match,2026-08-05 17:50:49,
GOAT003184,Andrei Burcă Andonie,spatial_passing_centrality,statsbomb_player,Andrei Burcă Andonie,1,Tier 1 - Exact Match,2026-08-05 17:50:49,
GOAT003184,Andrei Burcă Andonie,spatial_zone_summary,statsbomb_player,Andrei Burcă Andonie,1,Tier 1 - Exact Match,2026-08-05 17:50:49,
GOAT002935,Jon Ander Serantes Simon,spatial_passing_centrality,statsbomb_player,Jon Ander Serantes Simon,1,Tier 1 - Exact Match,2026-08-05 17:50:49,
GOAT002935,Jon Ander Serantes Simon,spatial_zone_summary,statsbomb_player,Jon Ander Serantes Simon,1,Tier 1 - Exact Match,2026-08-05 17:50:49,
GOAT002936,Jon Dahl Tomasson,spatial_passing_centrality,statsbomb_player,Jon Dahl Tomasson,1,Tier 1 - Exact Match,2026-08-05 17:50:49,
GOAT002936,Jon Dahl Tomasson,spatial_zone_summary,statsbomb_player,Jon Dahl Tomasson,1,Tier 1 - Exact Match,2026-08-05 17:50:49,
GOAT002937,Jon Gorenc Stankovič,spatial_passing_centrality,statsbomb_player,Jon Gorenc Stankovič,1,Tier 1 - Exact Match,2026-08-05 17:50:49,
GOAT002937,Jon Gorenc Stankovič,spatial_zone_summary,statsbomb_player,Jon Gorenc Stankovič,1,Tier 1 - Exact Match,2026-08-05 17:50:49,
GOAT002938,Jon Miquel Toral Harper,spatial_passing_centrality,statsbomb_player,Jon Miquel Toral Harper,1,Tier 1 - Exact Match,2026-08-05 17:50:49,
GOAT002938,Jon Miquel Toral Harper,spatial_zone_summary,statsbomb_player,Jon Miquel Toral Harper,1,Tier 1 - Exact Match,2026-08-05 17:50:49,
GOAT002961,Jon Morcillo Conesa,spatial_passing_centrality,statsbomb_player,Jon Morcillo Conesa,1,Tier 1 - Exact Match,2026-08-05 17:50:49,
GOAT002961,Jon Morcillo Conesa,spatial_zone_summary,statsbomb_player,Jon Morcillo Conesa,1,Tier 1 - Exact Match,2026-08-05 17:50:49,
GOAT002962,Jonas Knudsen,spatial_passing_centrality,statsbomb_player,Jonas Knudsen,1,Tier 1 - Exact Match,2026-08-05 17:50:49,
GOAT002962,Jonas Knudsen,spatial_zone_summary,statsbomb_player,Jonas Knudsen,1,Tier 1 - Exact Match,2026-08-05 17:50:49,
GOAT002074,Ilias Chair,spatial_passing_centrality,statsbomb_player,Ilias Chair,1,Tier 1 - Exact Match,2026-08-05 17:50:49,
GOAT002074,Ilias Chair,spatial_zone_summary,statsbomb_player,Ilias Chair,1,Tier 1 - Exact Match,2026-08-05 17:50:49,
GOAT002075,Illia Zabarnyi,spatial_passing_centrality,statsbomb_player,Illia Zabarnyi,1,Tier 1 - Exact Match,2026-08-05 17:50:49,
GOAT002075,Illia Zabarnyi,spatial_zone_summary,statsbomb_player,Illia Zabarnyi,1,Tier 1 - Exact Match,2026-08-05 17:50:49,
GOAT002076,Ilya Kutepov,spatial_passing_centrality,statsbomb_player,Ilya Kutepov,1,Tier 1 - Exact Match,2026-08-05 17:50:49,
GOAT002076,Ilya Kutepov,spatial_zone_summary,statsbomb_player,Ilya Kutepov,1,Tier 1 - Exact Match,2026-08-05 17:50:49,
GOAT002079,Ion Vélez Martínez,spatial_passing_centrality,statsbomb_player,Ion Vélez Martínez,1,Tier 1 - Exact Match,2026-08-05 17:50:49,
GOAT002079,Ion Vélez Martínez,spatial_zone_summary,statsbomb_player,Ion Vélez Martínez,1,Tier 1 - Exact Match,2026-08-05 17:50:49,
GOAT003044,Johan Alberto Venegas Ulloa,spatial_passing_centrality,statsbomb_player,Johan Alberto Venegas Ulloa,1,Tier 1 - Exact Match,2026-08-05 17:50:49,
GOAT003044,Johan Alberto Venegas Ulloa,spatial_zone_summary,statsbomb_player,Johan Alberto Venegas Ulloa,1,Tier 1 - Exact Match,2026-08-05 17:50:49,
GOAT003152,Andros Townsend,spatial_passing_centrality,statsbomb_player,Andros Townsend,1,Tier 1 - Exact Match,2026-08-05 17:50:49,
GOAT003152,Andros Townsend,spatial_zone_summary,statsbomb_player,Andros Townsend,1,Tier 1 - Exact Match,2026-08-05 17:50:49,
GOAT003036,Teun Koopmeiners,spatial_passing_centrality,statsbomb_player,Teun Koopmeiners,1,Tier 1 - Exact Match,2026-08-05 17:50:49,
GOAT003036,Teun Koopmeiners,spatial_zone_summary,statsbomb_player,Teun Koopmeiners,1,Tier 1 - Exact Match,2026-08-05 17:50:49,
GOAT003005,Thiago Ezequiel Almada,spatial_passing_centrality,statsbomb_player,Thiago Ezequiel Almada,1,Tier 1 - Exact Match,2026-08-05 17:50:49,
GOAT003005,Thiago Ezequiel Almada,spatial_zone_summary,statsbomb_player,Thiago Ezequiel Almada,1,Tier 1 - Exact Match,2026-08-05 17:50:49,
GOAT003024,Thiago Rangel Cionek,spatial_passing_centrality,statsbomb_player,Thiago Rangel Cionek,1,Tier 1 - Exact Match,2026-08-05 17:50:49,
GOAT003024,Thiago Rangel Cionek,spatial_zone_summary,statsbomb_player,Thiago Rangel Cionek,1,Tier 1 - Exact Match,2026-08-05 17:50:49,
GOAT003025,Thierry Rendall Correia,spatial_passing_centrality,statsbomb_player,Thierry Rendall Correia,1,Tier 1 - Exact Match,2026-08-05 17:50:49,
GOAT003025,Thierry Rendall Correia,spatial_zone_summary,statsbomb_player,Thierry Rendall Correia,1,Tier 1 - Exact Match,2026-08-05 17:50:49,
GOAT003055,Tiago Filipe Figueiras Gomes,spatial_passing_centrality,statsbomb_player,Tiago Filipe Figueiras Gomes,1,Tier 1 - Exact Match,2026-08-05 17:50:49,
GOAT003055,Tiago Filipe Figueiras Gomes,spatial_zone_summary,statsbomb_player,Tiago Filipe Figueiras Gomes,1,Tier 1 - Exact Match,2026-08-05 17:50:49,
GOAT003071,Tim Sparv,spatial_passing_centrality,statsbomb_player,Tim Sparv,1,Tier 1 - Exact Match,2026-08-05 17:50:49,
GOAT003071,Tim Sparv,spatial_zone_summary,statsbomb_player,Tim Sparv,1,Tier 1 - Exact Match,2026-08-05 17:50:49,
GOAT003072,Timi Elšnik,spatial_passing_centrality,statsbomb_player,Timi Elšnik,1,Tier 1 - Exact Match,2026-08-05 17:50:49,
GOAT003072,Timi Elšnik,spatial_zone_summary,statsbomb_player,Timi Elšnik,1,Tier 1 - Exact Match,2026-08-05 17:50:49,
GOAT003073,Timo Hildebrand,spatial_passing_centrality,statsbomb_player,Timo Hildebrand,1,Tier 1 - Exact Match,2026-08-05 17:50:49,
GOAT003073,Timo Hildebrand,spatial_zone_summary,statsbomb_player,Timo Hildebrand,1,Tier 1 - Exact Match,2026-08-05 17:50:49,
GOAT003074,Timo Werner,spatial_passing_centrality,statsbomb_player,Timo Werner,1,Tier 1 - Exact Match,2026-08-05 17:50:49,
GOAT003074,Timo Werner,spatial_zone_summary,statsbomb_player,Timo Werner,1,Tier 1 - Exact Match,2026-08-05 17:50:49,
GOAT003250,Anderson Conceição Benedito,spatial_passing_centrality,statsbomb_player,Anderson Conceição Benedito,1,Tier 1 - Exact Match,2026-08-05 17:50:49,
GOAT003250,Anderson Conceição Benedito,spatial_zone_summary,statsbomb_player,Anderson Conceição Benedito,1,Tier 1 - Exact Match,2026-08-05 17:50:49,
GOAT003251,Anderson Luis de Abreu Oliveira,spatial_passing_centrality,statsbomb_player,Anderson Luis de Abreu Oliveira,1,Tier 1 - Exact Match,2026-08-05 17:50:49,
GOAT003251,Anderson Luis de Abreu Oliveira,spatial_zone_summary,statsbomb_player,Anderson Luis de Abreu Oliveira,1,Tier 1 - Exact Match,2026-08-05 17:50:49,
GOAT003223,Anderson Santamaría Bardales,spatial_passing_centrality,statsbomb_player,Anderson Santamaría Bardales,1,Tier 1 - Exact Match,2026-08-05 17:50:49,
GOAT003223,Anderson Santamaría Bardales,spatial_zone_summary,statsbomb_player,Anderson Santamaría Bardales,1,Tier 1 - Exact Match,2026-08-05 17:50:49,
GOAT003149,Anderson Silva de França,spatial_passing_centrality,statsbomb_player,Anderson Silva de França,1,Tier 1 - Exact Match,2026-08-05 17:50:49,
GOAT003149,Anderson Silva de França,spatial_zone_summary,statsbomb_player,Anderson Silva de França,1,Tier 1 - Exact Match,2026-08-05 17:50:49,
GOAT003150,Andraž Šporar,spatial_passing_centrality,statsbomb_player,Andraž Šporar,1,Tier 1 - Exact Match,2026-08-05 17:50:49,
GOAT003150,Andraž Šporar,spatial_zone_summary,statsbomb_player,Andraž Šporar,1,Tier 1 - Exact Match,2026-08-05 17:50:49,
GOAT003181,Andrea Belotti,spatial_passing_centrality,statsbomb_player,Andrea Belotti,1,Tier 1 - Exact Match,2026-08-05 17:50:49,
GOAT003181,Andrea Belotti,spatial_zone_summary,statsbomb_player,Andrea Belotti,1,Tier 1 - Exact Match,2026-08-05 17:50:49,
GOAT003148,Andrew Nabbout,spatial_passing_centrality,statsbomb_player,Andrew Nabbout,1,Tier 1 - Exact Match,2026-08-05 17:50:49,
GOAT003148,Andrew Nabbout,spatial_zone_summary,statsbomb_player,Andrew Nabbout,1,Tier 1 - Exact Match,2026-08-05 17:50:49,
GOAT003117,Andrew Philip King,spatial_passing_centrality,statsbomb_player,Andrew Philip King,1,Tier 1 - Exact Match,2026-08-05 17:50:49,
GOAT003117,Andrew Philip King,spatial_zone_summary,statsbomb_player,Andrew Philip King,1,Tier 1 - Exact Match,2026-08-05 17:50:49,
GOAT003118,Andries Noppert,spatial_passing_centrality,statsbomb_player,Andries Noppert,1,Tier 1 - Exact Match,2026-08-05 17:50:49,
GOAT003118,Andries Noppert,spatial_zone_summary,statsbomb_player,Andries Noppert,1,Tier 1 - Exact Match,2026-08-05 17:50:49,
GOAT003151,Andriy Yarmolenko,spatial_passing_centrality,statsbomb_player,Andriy Yarmolenko,1,Tier 1 - Exact Match,2026-08-05 17:50:49,
GOAT003151,Andriy Yarmolenko,spatial_zone_summary,statsbomb_player,Andriy Yarmolenko,1,Tier 1 - Exact Match,2026-08-05 17:50:49,
GOAT002934,Jon Ander Garrido Moracia,spatial_passing_centrality,statsbomb_player,Jon Ander Garrido Moracia,1,Tier 1 - Exact Match,2026-08-05 17:50:49,
GOAT002934,Jon Ander Garrido Moracia,spatial_zone_summary,statsbomb_player,Jon Ander Garrido Moracia,1,Tier 1 - Exact Match,2026-08-05 17:50:49,
GOAT003221,Anatolii Trubin,spatial_passing_centrality,statsbomb_player,Anatolii Trubin,1,Tier 1 - Exact Match,2026-08-05 17:50:49,
GOAT003221,Anatolii Trubin,spatial_zone_summary,statsbomb_player,Anatolii Trubin,1,Tier 1 - Exact Match,2026-08-05 17:50:49,
GOAT003128,Unai García Lugea,spatial_passing_centrality,statsbomb_player,Unai García Lugea,1,Tier 1 - Exact Match,2026-08-05 17:50:49,
GOAT003128,Unai García Lugea,spatial_zone_summary,statsbomb_player,Unai García Lugea,1,Tier 1 - Exact Match,2026-08-05 17:50:49,
GOAT003222,Andrea Pirlo,spatial_passing_centrality,statsbomb_player,Andrea Pirlo,1,Tier 1 - Exact Match,2026-08-05 17:50:49,
GOAT003222,Andrea Pirlo,spatial_zone_summary,statsbomb_player,Andrea Pirlo,1,Tier 1 - Exact Match,2026-08-05 17:50:49,
GOAT003075,Timothy Michael Krul,spatial_passing_centrality,statsbomb_player,Timothy Michael Krul,1,Tier 1 - Exact Match,2026-08-05 17:50:49,
GOAT003075,Timothy Michael Krul,spatial_zone_summary,statsbomb_player,Timothy Michael Krul,1,Tier 1 - Exact Match,2026-08-05 17:50:49,
GOAT003076,Tin Jedvaj,spatial_passing_centrality,statsbomb_player,Tin Jedvaj,1,Tier 1 - Exact Match,2026-08-05 17:50:49,
GOAT003076,Tin Jedvaj,spatial_zone_summary,statsbomb_player,Tin Jedvaj,1,Tier 1 - Exact Match,2026-08-05 17:50:49,
GOAT003077,Tobias Grahn,spatial_passing_centrality,statsbomb_player,Tobias Grahn,1,Tier 1 - Exact Match,2026-08-05 17:50:49,
GOAT003077,Tobias Grahn,spatial_zone_summary,statsbomb_player,Tobias Grahn,1,Tier 1 - Exact Match,2026-08-05 17:50:49,
GOAT003078,Tom Carroll,spatial_passing_centrality,statsbomb_player,Tom Carroll,1,Tier 1 - Exact Match,2026-08-05 17:50:49,
GOAT003078,Tom Carroll,spatial_zone_summary,statsbomb_player,Tom Carroll,1,Tier 1 - Exact Match,2026-08-05 17:50:49,
GOAT003079,Tom De Mul,spatial_passing_centrality,statsbomb_player,Tom De Mul,1,Tier 1 - Exact Match,2026-08-05 17:50:49,
GOAT003079,Tom De Mul,spatial_zone_summary,statsbomb_player,Tom De Mul,1,Tier 1 - Exact Match,2026-08-05 17:50:49,
GOAT003080,Tom Rogić,spatial_passing_centrality,statsbomb_player,Tom Rogić,1,Tier 1 - Exact Match,2026-08-05 17:50:49,
GOAT003080,Tom Rogić,spatial_zone_summary,statsbomb_player,Tom Rogić,1,Tier 1 - Exact Match,2026-08-05 17:50:49,
GOAT003081,Tomas Franco Tavares,spatial_passing_centrality,statsbomb_player,Tomas Franco Tavares,1,Tier 1 - Exact Match,2026-08-05 17:50:49,
GOAT003081,Tomas Franco Tavares,spatial_zone_summary,statsbomb_player,Tomas Franco Tavares,1,Tier 1 - Exact Match,2026-08-05 17:50:49,
GOAT003109,Tomi Jurić,spatial_passing_centrality,statsbomb_player,Tomi Jurić,1,Tier 1 - Exact Match,2026-08-05 17:50:49,
GOAT003109,Tomi Jurić,spatial_zone_summary,statsbomb_player,Tomi Jurić,1,Tier 1 - Exact Match,2026-08-05 17:50:49,
GOAT003110,Tommy Elphick,spatial_passing_centrality,statsbomb_player,Tommy Elphick,1,Tier 1 - Exact Match,2026-08-05 17:50:49,
GOAT003110,Tommy Elphick,spatial_zone_summary,statsbomb_player,Tommy Elphick,1,Tier 1 - Exact Match,2026-08-05 17:50:49,
GOAT003111,Tomoaki Makino,spatial_passing_centrality,statsbomb_player,Tomoaki Makino,1,Tier 1 - Exact Match,2026-08-05 17:50:49,
GOAT003111,Tomoaki Makino,spatial_zone_summary,statsbomb_player,Tomoaki Makino,1,Tier 1 - Exact Match,2026-08-05 17:50:49,
GOAT003053,Tomáš Hubočan,spatial_passing_centrality,statsbomb_player,Tomáš Hubočan,1,Tier 1 - Exact Match,2026-08-05 17:50:49,
GOAT003053,Tomáš Hubočan,spatial_zone_summary,statsbomb_player,Tomáš Hubočan,1,Tier 1 - Exact Match,2026-08-05 17:50:49,
GOAT003085,Tomáš Kalas,spatial_passing_centrality,statsbomb_player,Tomáš Kalas,1,Tier 1 - Exact Match,2026-08-05 17:50:49,
GOAT003085,Tomáš Kalas,spatial_zone_summary,statsbomb_player,Tomáš Kalas,1,Tier 1 - Exact Match,2026-08-05 17:50:49,
GOAT003084,Tiago Abiola Delfim Almeida Ilori,spatial_passing_centrality,statsbomb_player,Tiago Abiola Delfim Almeida Ilori,1,Tier 1 - Exact Match,2026-08-05 17:50:49,
GOAT003084,Tiago Abiola Delfim Almeida Ilori,spatial_zone_summary,statsbomb_player,Tiago Abiola Delfim Almeida Ilori,1,Tier 1 - Exact Match,2026-08-05 17:50:49,
GOAT003087,Troy Deeney,spatial_passing_centrality,statsbomb_player,Troy Deeney,1,Tier 1 - Exact Match,2026-08-05 17:50:49,
GOAT003087,Troy Deeney,spatial_zone_summary,statsbomb_player,Troy Deeney,1,Tier 1 - Exact Match,2026-08-05 17:50:49,
GOAT003088,Tsepo Peter Masilela,spatial_passing_centrality,statsbomb_player,Tsepo Peter Masilela,1,Tier 1 - Exact Match,2026-08-05 17:50:49,
GOAT003088,Tsepo Peter Masilela,spatial_zone_summary,statsbomb_player,Tsepo Peter Masilela,1,Tier 1 - Exact Match,2026-08-05 17:50:49,
GOAT003099,Tyrone Mings,spatial_passing_centrality,statsbomb_player,Tyrone Mings,1,Tier 1 - Exact Match,2026-08-05 17:50:49,
GOAT003099,Tyrone Mings,spatial_zone_summary,statsbomb_player,Tyrone Mings,1,Tier 1 - Exact Match,2026-08-05 17:50:49,
GOAT002991,Johann Vogel,spatial_passing_centrality,statsbomb_player,Johann Vogel,1,Tier 1 - Exact Match,2026-08-05 17:50:49,
GOAT002991,Johann Vogel,spatial_zone_summary,statsbomb_player,Johann Vogel,1,Tier 1 - Exact Match,2026-08-05 17:50:49,
GOAT002992,Johannes Geis,spatial_passing_centrality,statsbomb_player,Johannes Geis,1,Tier 1 - Exact Match,2026-08-05 17:50:49,
GOAT002992,Johannes Geis,spatial_zone_summary,statsbomb_player,Johannes Geis,1,Tier 1 - Exact Match,2026-08-05 17:50:49,
GOAT002993,John McGinn,spatial_passing_centrality,statsbomb_player,John McGinn,1,Tier 1 - Exact Match,2026-08-05 17:50:49,
GOAT002993,John McGinn,spatial_zone_summary,statsbomb_player,John McGinn,1,Tier 1 - Exact Match,2026-08-05 17:50:49,
GOAT002994,John Ruddy,spatial_passing_centrality,statsbomb_player,John Ruddy,1,Tier 1 - Exact Match,2026-08-05 17:50:49,
GOAT002994,John Ruddy,spatial_zone_summary,statsbomb_player,John Ruddy,1,Tier 1 - Exact Match,2026-08-05 17:50:49,
GOAT002483,Ismaïla Sarr,spatial_passing_centrality,statsbomb_player,Ismaïla Sarr,1,Tier 1 - Exact Match,2026-08-05 17:50:49,
GOAT002483,Ismaïla Sarr,spatial_zone_summary,statsbomb_player,Ismaïla Sarr,1,Tier 1 - Exact Match,2026-08-05 17:50:49,
GOAT002484,Issam Jebali,spatial_passing_centrality,statsbomb_player,Issam Jebali,1,Tier 1 - Exact Match,2026-08-05 17:50:49,
GOAT002484,Issam Jebali,spatial_zone_summary,statsbomb_player,Issam Jebali,1,Tier 1 - Exact Match,2026-08-05 17:50:49,
GOAT002511,Ivan Ilić,spatial_passing_centrality,statsbomb_player,Ivan Ilić,1,Tier 1 - Exact Match,2026-08-05 17:50:49,
GOAT002511,Ivan Ilić,spatial_zone_summary,statsbomb_player,Ivan Ilić,1,Tier 1 - Exact Match,2026-08-05 17:50:49,
GOAT002645,Ivan Schranz,spatial_passing_centrality,statsbomb_player,Ivan Schranz,1,Tier 1 - Exact Match,2026-08-05 17:50:49,
GOAT002645,Ivan Schranz,spatial_zone_summary,statsbomb_player,Ivan Schranz,1,Tier 1 - Exact Match,2026-08-05 17:50:49,
GOAT003127,Ui-Jo Hwang,spatial_passing_centrality,statsbomb_player,Ui-Jo Hwang,1,Tier 1 - Exact Match,2026-08-05 17:50:49,
GOAT003127,Ui-Jo Hwang,spatial_zone_summary,statsbomb_player,Ui-Jo Hwang,1,Tier 1 - Exact Match,2026-08-05 17:50:49,
GOAT002013,Almen Abdi,spatial_passing_centrality,statsbomb_player,Almen Abdi,1,Tier 1 - Exact Match,2026-08-05 17:50:49,
GOAT002013,Almen Abdi,spatial_zone_summary,statsbomb_player,Almen Abdi,1,Tier 1 - Exact Match,2026-08-05 17:50:49,
GOAT002015,Altay Bayındır,spatial_passing_centrality,statsbomb_player,Altay Bayındır,1,Tier 1 - Exact Match,2026-08-05 17:50:49,
GOAT002015,Altay Bayındır,spatial_zone_summary,statsbomb_player,Altay Bayındır,1,Tier 1 - Exact Match,2026-08-05 17:50:49,
GOAT003219,Amankwaa Akurugu,spatial_passing_centrality,statsbomb_player,Amankwaa Akurugu,1,Tier 1 - Exact Match,2026-08-05 17:50:49,
GOAT003219,Amankwaa Akurugu,spatial_zone_summary,statsbomb_player,Amankwaa Akurugu,1,Tier 1 - Exact Match,2026-08-05 17:50:49,
GOAT003220,Anass Zaroury,spatial_passing_centrality,statsbomb_player,Anass Zaroury,1,Tier 1 - Exact Match,2026-08-05 17:50:49,
GOAT003220,Anass Zaroury,spatial_zone_summary,statsbomb_player,Anass Zaroury,1,Tier 1 - Exact Match,2026-08-05 17:50:49,
GOAT003119,Valentín Sergio Pachón Mosquero,spatial_passing_centrality,statsbomb_player,Valentín Sergio Pachón Mosquero,1,Tier 1 - Exact Match,2026-08-05 17:50:49,
GOAT003119,Valentín Sergio Pachón Mosquero,spatial_zone_summary,statsbomb_player,Valentín Sergio Pachón Mosquero,1,Tier 1 - Exact Match,2026-08-05 17:50:49,
GOAT002853,Iván Márquez Álvarez,spatial_passing_centrality,statsbomb_player,Iván Márquez Álvarez,1,Tier 1 - Exact Match,2026-08-05 17:50:49,
GOAT002853,Iván Márquez Álvarez,spatial_zone_summary,statsbomb_player,Iván Márquez Álvarez,1,Tier 1 - Exact Match,2026-08-05 17:50:49,
GOAT002854,Iván Santiago Pérez Maceira,spatial_passing_centrality,statsbomb_player,Iván Santiago Pérez Maceira,1,Tier 1 - Exact Match,2026-08-05 17:50:49,
GOAT002854,Iván Santiago Pérez Maceira,spatial_zone_summary,statsbomb_player,Iván Santiago Pérez Maceira,1,Tier 1 - Exact Match,2026-08-05 17:50:49,
GOAT002855,Iñaki Bea Jauregi,spatial_passing_centrality,statsbomb_player,Iñaki Bea Jauregi,1,Tier 1 - Exact Match,2026-08-05 17:50:49,
GOAT002855,Iñaki Bea Jauregi,spatial_zone_summary,statsbomb_player,Iñaki Bea Jauregi,1,Tier 1 - Exact Match,2026-08-05 17:50:49,
GOAT002791,Iñaki Goitia Peña,spatial_passing_centrality,statsbomb_player,Iñaki Goitia Peña,1,Tier 1 - Exact Match,2026-08-05 17:50:49,
GOAT002791,Iñaki Goitia Peña,spatial_zone_summary,statsbomb_player,Iñaki Goitia Peña,1,Tier 1 - Exact Match,2026-08-05 17:50:49,
GOAT003173,Joe Ledley,spatial_passing_centrality,statsbomb_player,Joe Ledley,1,Tier 1 - Exact Match,2026-08-05 17:50:49,
GOAT003173,Joe Ledley,spatial_zone_summary,statsbomb_player,Joe Ledley,1,Tier 1 - Exact Match,2026-08-05 17:50:49,
GOAT003091,Joel Pohjanpalo,spatial_passing_centrality,statsbomb_player,Joel Pohjanpalo,1,Tier 1 - Exact Match,2026-08-05 17:50:49,
GOAT003091,Joel Pohjanpalo,spatial_zone_summary,statsbomb_player,Joel Pohjanpalo,1,Tier 1 - Exact Match,2026-08-05 17:50:49,
GOAT003092,Joel Ward,spatial_passing_centrality,statsbomb_player,Joel Ward,1,Tier 1 - Exact Match,2026-08-05 17:50:49,
GOAT003092,Joel Ward,spatial_zone_summary,statsbomb_player,Joel Ward,1,Tier 1 - Exact Match,2026-08-05 17:50:49,
GOAT003043,Jofre González Mateu,spatial_passing_centrality,statsbomb_player,Jofre González Mateu,1,Tier 1 - Exact Match,2026-08-05 17:50:49,
GOAT003043,Jofre González Mateu,spatial_zone_summary,statsbomb_player,Jofre González Mateu,1,Tier 1 - Exact Match,2026-08-05 17:50:49,
GOAT003049,Jhon Stiven Mondragón Dosman,spatial_passing_centrality,statsbomb_player,Jhon Stiven Mondragón Dosman,1,Tier 1 - Exact Match,2026-08-05 17:50:49,
GOAT003049,Jhon Stiven Mondragón Dosman,spatial_zone_summary,statsbomb_player,Jhon Stiven Mondragón Dosman,1,Tier 1 - Exact Match,2026-08-05 17:50:49,
GOAT003120,Valery Fernández Estrada,spatial_passing_centrality,statsbomb_player,Valery Fernández Estrada,1,Tier 1 - Exact Match,2026-08-05 17:50:49,
GOAT003120,Valery Fernández Estrada,spatial_zone_summary,statsbomb_player,Valery Fernández Estrada,1,Tier 1 - Exact Match,2026-08-05 17:50:49,
GOAT003292,Ali Abdi,spatial_passing_centrality,statsbomb_player,Ali Abdi,1,Tier 1 - Exact Match,2026-08-05 17:50:49,
GOAT003292,Ali Abdi,spatial_zone_summary,statsbomb_player,Ali Abdi,1,Tier 1 - Exact Match,2026-08-05 17:50:49,
GOAT003254,Ali Ahmed,spatial_passing_centrality,statsbomb_player,Ali Ahmed,1,Tier 1 - Exact Match,2026-08-05 17:50:49,
GOAT003254,Ali Ahmed,spatial_zone_summary,statsbomb_player,Ali Ahmed,1,Tier 1 - Exact Match,2026-08-05 17:50:49,
GOAT003274,Alidu Seidu,spatial_passing_centrality,statsbomb_player,Alidu Seidu,1,Tier 1 - Exact Match,2026-08-05 17:50:49,
GOAT003274,Alidu Seidu,spatial_zone_summary,statsbomb_player,Alidu Seidu,1,Tier 1 - Exact Match,2026-08-05 17:50:49,
GOAT003086,Trent Sainsbury,spatial_passing_centrality,statsbomb_player,Trent Sainsbury,1,Tier 1 - Exact Match,2026-08-05 17:50:49,
GOAT003086,Trent Sainsbury,spatial_zone_summary,statsbomb_player,Trent Sainsbury,1,Tier 1 - Exact Match,2026-08-05 17:50:49,
GOAT003122,Vanja Drkušić,spatial_passing_centrality,statsbomb_player,Vanja Drkušić,1,Tier 1 - Exact Match,2026-08-05 17:50:49,
GOAT003122,Vanja Drkušić,spatial_zone_summary,statsbomb_player,Vanja Drkušić,1,Tier 1 - Exact Match,2026-08-05 17:50:49,
GOAT003123,Vanja Milinković Savić,spatial_passing_centrality,statsbomb_player,Vanja Milinković Savić,1,Tier 1 - Exact Match,2026-08-05 17:50:49,
GOAT003123,Vanja Milinković Savić,spatial_zone_summary,statsbomb_player,Vanja Milinković Savić,1,Tier 1 - Exact Match,2026-08-05 17:50:49,
GOAT003124,Vicente Moreno Peris,spatial_passing_centrality,statsbomb_player,Vicente Moreno Peris,1,Tier 1 - Exact Match,2026-08-05 17:50:49,
GOAT003124,Vicente Moreno Peris,spatial_zone_summary,statsbomb_player,Vicente Moreno Peris,1,Tier 1 - Exact Match,2026-08-05 17:50:49,
GOAT003125,Vicente Valcarce Cano,spatial_passing_centrality,statsbomb_player,Vicente Valcarce Cano,1,Tier 1 - Exact Match,2026-08-05 17:50:49,
GOAT003125,Vicente Valcarce Cano,spatial_zone_summary,statsbomb_player,Vicente Valcarce Cano,1,Tier 1 - Exact Match,2026-08-05 17:50:49,
GOAT003126,Victor Nelsson,spatial_passing_centrality,statsbomb_player,Victor Nelsson,1,Tier 1 - Exact Match,2026-08-05 17:50:49,
GOAT003126,Victor Nelsson,spatial_zone_summary,statsbomb_player,Victor Nelsson,1,Tier 1 - Exact Match,2026-08-05 17:50:49,
GOAT003153,Victor Nilsson Lindelöf,spatial_passing_centrality,statsbomb_player,Victor Nilsson Lindelöf,1,Tier 1 - Exact Match,2026-08-05 17:50:49,
GOAT003153,Victor Nilsson Lindelöf,spatial_zone_summary,statsbomb_player,Victor Nilsson Lindelöf,1,Tier 1 - Exact Match,2026-08-05 17:50:49,
GOAT003154,Victor Wanyama,spatial_passing_centrality,statsbomb_player,Victor Wanyama,1,Tier 1 - Exact Match,2026-08-05 17:50:49,
GOAT003154,Victor Wanyama,spatial_zone_summary,statsbomb_player,Victor Wanyama,1,Tier 1 - Exact Match,2026-08-05 17:50:49,
GOAT003129,Viktor Claesson,spatial_passing_centrality,statsbomb_player,Viktor Claesson,1,Tier 1 - Exact Match,2026-08-05 17:50:49,
GOAT003129,Viktor Claesson,spatial_zone_summary,statsbomb_player,Viktor Claesson,1,Tier 1 - Exact Match,2026-08-05 17:50:49,
GOAT003130,Viktor Fischer,spatial_passing_centrality,statsbomb_player,Viktor Fischer,1,Tier 1 - Exact Match,2026-08-05 17:50:49,
GOAT003130,Viktor Fischer,spatial_zone_summary,statsbomb_player,Viktor Fischer,1,Tier 1 - Exact Match,2026-08-05 17:50:49,
GOAT003131,Vitalii Mykolenko,spatial_passing_centrality,statsbomb_player,Vitalii Mykolenko,1,Tier 1 - Exact Match,2026-08-05 17:50:49,
GOAT003131,Vitalii Mykolenko,spatial_zone_summary,statsbomb_player,Vitalii Mykolenko,1,Tier 1 - Exact Match,2026-08-05 17:50:49,
GOAT003132,Vito Mannone,spatial_passing_centrality,statsbomb_player,Vito Mannone,1,Tier 1 - Exact Match,2026-08-05 17:50:49,
GOAT003132,Vito Mannone,spatial_zone_summary,statsbomb_player,Vito Mannone,1,Tier 1 - Exact Match,2026-08-05 17:50:49,
GOAT003101,Vladan Kujović,spatial_passing_centrality,statsbomb_player,Vladan Kujović,1,Tier 1 - Exact Match,2026-08-05 17:50:49,
GOAT003101,Vladan Kujović,spatial_zone_summary,statsbomb_player,Vladan Kujović,1,Tier 1 - Exact Match,2026-08-05 17:50:49,
GOAT003113,Vahid Amiri,spatial_passing_centrality,statsbomb_player,Vahid Amiri,1,Tier 1 - Exact Match,2026-08-05 17:50:49,
GOAT003113,Vahid Amiri,spatial_zone_summary,statsbomb_player,Vahid Amiri,1,Tier 1 - Exact Match,2026-08-05 17:50:49,
GOAT003114,Valdet Skënder Rama,spatial_passing_centrality,statsbomb_player,Valdet Skënder Rama,1,Tier 1 - Exact Match,2026-08-05 17:50:49,
GOAT003114,Valdet Skënder Rama,spatial_zone_summary,statsbomb_player,Valdet Skënder Rama,1,Tier 1 - Exact Match,2026-08-05 17:50:49,
GOAT003115,Valentin Carboni,spatial_passing_centrality,statsbomb_player,Valentin Carboni,1,Tier 1 - Exact Match,2026-08-05 17:50:49,
GOAT003115,Valentin Carboni,spatial_zone_summary,statsbomb_player,Valentin Carboni,1,Tier 1 - Exact Match,2026-08-05 17:50:49,
GOAT003116,Valentin Mihai Mihăilă,spatial_passing_centrality,statsbomb_player,Valentin Mihai Mihăilă,1,Tier 1 - Exact Match,2026-08-05 17:50:49,
GOAT003116,Valentin Mihai Mihăilă,spatial_zone_summary,statsbomb_player,Valentin Mihai Mihăilă,1,Tier 1 - Exact Match,2026-08-05 17:50:49,
GOAT003112,Alex Oxlade-Chamberlain,spatial_passing_centrality,statsbomb_player,Alex Oxlade-Chamberlain,1,Tier 1 - Exact Match,2026-08-05 17:50:49,
GOAT003112,Alex Oxlade-Chamberlain,spatial_zone_summary,statsbomb_player,Alex Oxlade-Chamberlain,1,Tier 1 - Exact Match,2026-08-05 17:50:49,
GOAT003056,Alex Sandro Mendonça Dos Santos,spatial_passing_centrality,statsbomb_player,Alex Sandro Mendonça Dos Santos,1,Tier 1 - Exact Match,2026-08-05 17:50:49,
GOAT003056,Alex Sandro Mendonça Dos Santos,spatial_zone_summary,statsbomb_player,Alex Sandro Mendonça Dos Santos,1,Tier 1 - Exact Match,2026-08-05 17:50:49,
GOAT003057,Alexander Alegría Moreno,spatial_passing_centrality,statsbomb_player,Alexander Alegría Moreno,1,Tier 1 - Exact Match,2026-08-05 17:50:49,
GOAT003057,Alexander Alegría Moreno,spatial_zone_summary,statsbomb_player,Alexander Alegría Moreno,1,Tier 1 - Exact Match,2026-08-05 17:50:49,
GOAT003058,Alexander Banor Tettey,spatial_passing_centrality,statsbomb_player,Alexander Banor Tettey,1,Tier 1 - Exact Match,2026-08-05 17:50:49,
GOAT003058,Alexander Banor Tettey,spatial_zone_summary,statsbomb_player,Alexander Banor Tettey,1,Tier 1 - Exact Match,2026-08-05 17:50:49,
GOAT003102,Vladimir Manchev,spatial_passing_centrality,statsbomb_player,Vladimir Manchev,1,Tier 1 - Exact Match,2026-08-05 17:50:49,
GOAT003102,Vladimir Manchev,spatial_zone_summary,statsbomb_player,Vladimir Manchev,1,Tier 1 - Exact Match,2026-08-05 17:50:49,
GOAT003163,Vladimír Darida,spatial_passing_centrality,statsbomb_player,Vladimír Darida,1,Tier 1 - Exact Match,2026-08-05 17:50:49,
GOAT003163,Vladimír Darida,spatial_zone_summary,statsbomb_player,Vladimír Darida,1,Tier 1 - Exact Match,2026-08-05 17:50:49,
GOAT003164,Vladyslav Vanat,spatial_passing_centrality,statsbomb_player,Vladyslav Vanat,1,Tier 1 - Exact Match,2026-08-05 17:50:49,
GOAT003164,Vladyslav Vanat,spatial_zone_summary,statsbomb_player,Vladyslav Vanat,1,Tier 1 - Exact Match,2026-08-05 17:50:49,
GOAT003133,Volodymyr Brazhko,spatial_passing_centrality,statsbomb_player,Volodymyr Brazhko,1,Tier 1 - Exact Match,2026-08-05 17:50:49,
GOAT003133,Volodymyr Brazhko,spatial_zone_summary,statsbomb_player,Volodymyr Brazhko,1,Tier 1 - Exact Match,2026-08-05 17:50:49,
GOAT003263,Alexander Martín Marquinho Callens Asín,spatial_passing_centrality,statsbomb_player,Alexander Martín Marquinho Callens Asín,1,Tier 1 - Exact Match,2026-08-05 17:50:49,
GOAT003263,Alexander Martín Marquinho Callens Asín,spatial_zone_summary,statsbomb_player,Alexander Martín Marquinho Callens Asín,1,Tier 1 - Exact Match,2026-08-05 17:50:49,
GOAT002003,Alexander Mesa Travieso,spatial_passing_centrality,statsbomb_player,Alexander Mesa Travieso,1,Tier 1 - Exact Match,2026-08-05 17:50:49,
GOAT002003,Alexander Mesa Travieso,spatial_zone_summary,statsbomb_player,Alexander Mesa Travieso,1,Tier 1 - Exact Match,2026-08-05 17:50:49,
GOAT002012,Alexandre Coeff,spatial_passing_centrality,statsbomb_player,Alexandre Coeff,1,Tier 1 - Exact Match,2026-08-05 17:50:49,
GOAT002012,Alexandre Coeff,spatial_zone_summary,statsbomb_player,Alexandre Coeff,1,Tier 1 - Exact Match,2026-08-05 17:50:49,
GOAT003290,Alexandre Rodrigues da Silva,spatial_passing_centrality,statsbomb_player,Alexandre Rodrigues da Silva,1,Tier 1 - Exact Match,2026-08-05 17:50:49,
GOAT003290,Alexandre Rodrigues da Silva,spatial_zone_summary,statsbomb_player,Alexandre Rodrigues da Silva,1,Tier 1 - Exact Match,2026-08-05 17:50:49,
GOAT003291,Alfa Semedo Esteves,spatial_passing_centrality,statsbomb_player,Alfa Semedo Esteves,1,Tier 1 - Exact Match,2026-08-05 17:50:49,
GOAT003291,Alfa Semedo Esteves,spatial_zone_summary,statsbomb_player,Alfa Semedo Esteves,1,Tier 1 - Exact Match,2026-08-05 17:50:49,
GOAT003275,Alireza Jahanbakhsh,spatial_passing_centrality,statsbomb_player,Alireza Jahanbakhsh,1,Tier 1 - Exact Match,2026-08-05 17:50:49,
GOAT003275,Alireza Jahanbakhsh,spatial_zone_summary,statsbomb_player,Alireza Jahanbakhsh,1,Tier 1 - Exact Match,2026-08-05 17:50:49,
GOAT003276,Alireza Safar Beiranvand,spatial_passing_centrality,statsbomb_player,Alireza Safar Beiranvand,1,Tier 1 - Exact Match,2026-08-05 17:50:49,
GOAT003276,Alireza Safar Beiranvand,spatial_zone_summary,statsbomb_player,Alireza Safar Beiranvand,1,Tier 1 - Exact Match,2026-08-05 17:50:49,
GOAT003121,Valon Behrami,spatial_passing_centrality,statsbomb_player,Valon Behrami,1,Tier 1 - Exact Match,2026-08-05 17:50:49,
GOAT003121,Valon Behrami,spatial_zone_summary,statsbomb_player,Valon Behrami,1,Tier 1 - Exact Match,2026-08-05 17:50:49,
GOAT003157,Víctor Pérez Alonso,spatial_passing_centrality,statsbomb_player,Víctor Pérez Alonso,1,Tier 1 - Exact Match,2026-08-05 17:50:49,
GOAT003157,Víctor Pérez Alonso,spatial_zone_summary,statsbomb_player,Víctor Pérez Alonso,1,Tier 1 - Exact Match,2026-08-05 17:50:49,
GOAT003158,Víctor Rubén López,spatial_passing_centrality,statsbomb_player,Víctor Rubén López,1,Tier 1 - Exact Match,2026-08-05 17:50:49,
GOAT003158,Víctor Rubén López,spatial_zone_summary,statsbomb_player,Víctor Rubén López,1,Tier 1 - Exact Match,2026-08-05 17:50:49,
GOAT003050,Jindřich Staněk,spatial_passing_centrality,statsbomb_player,Jindřich Staněk,1,Tier 1 - Exact Match,2026-08-05 17:50:49,
GOAT003050,Jindřich Staněk,spatial_zone_summary,statsbomb_player,Jindřich Staněk,1,Tier 1 - Exact Match,2026-08-05 17:50:49,
GOAT003051,Joachim Andersen,spatial_passing_centrality,statsbomb_player,Joachim Andersen,1,Tier 1 - Exact Match,2026-08-05 17:50:49,
GOAT003051,Joachim Andersen,spatial_zone_summary,statsbomb_player,Joachim Andersen,1,Tier 1 - Exact Match,2026-08-05 17:50:49,
GOAT002794,Jacen Russell-Rowe,spatial_passing_centrality,statsbomb_player,Jacen Russell-Rowe,1,Tier 1 - Exact Match,2026-08-05 17:50:49,
GOAT002794,Jacen Russell-Rowe,spatial_zone_summary,statsbomb_player,Jacen Russell-Rowe,1,Tier 1 - Exact Match,2026-08-05 17:50:49,
GOAT002795,Jack Butland,spatial_passing_centrality,statsbomb_player,Jack Butland,1,Tier 1 - Exact Match,2026-08-05 17:50:49,
GOAT002795,Jack Butland,spatial_zone_summary,statsbomb_player,Jack Butland,1,Tier 1 - Exact Match,2026-08-05 17:50:49,
GOAT002796,Jack Colback,spatial_passing_centrality,statsbomb_player,Jack Colback,1,Tier 1 - Exact Match,2026-08-05 17:50:49,
GOAT002796,Jack Colback,spatial_zone_summary,statsbomb_player,Jack Colback,1,Tier 1 - Exact Match,2026-08-05 17:50:49,
GOAT002817,Jack Wilshere,spatial_passing_centrality,statsbomb_player,Jack Wilshere,1,Tier 1 - Exact Match,2026-08-05 17:50:49,
GOAT002817,Jack Wilshere,spatial_zone_summary,statsbomb_player,Jack Wilshere,1,Tier 1 - Exact Match,2026-08-05 17:50:49,
GOAT002989,Jacobo González Rodrigañez,spatial_passing_centrality,statsbomb_player,Jacobo González Rodrigañez,1,Tier 1 - Exact Match,2026-08-05 17:50:49,
GOAT002989,Jacobo González Rodrigañez,spatial_zone_summary,statsbomb_player,Jacobo González Rodrigañez,1,Tier 1 - Exact Match,2026-08-05 17:50:49,
GOAT003096,Jeremain Lens,spatial_passing_centrality,statsbomb_player,Jeremain Lens,1,Tier 1 - Exact Match,2026-08-05 17:50:49,
GOAT003096,Jeremain Lens,spatial_zone_summary,statsbomb_player,Jeremain Lens,1,Tier 1 - Exact Match,2026-08-05 17:50:49,
GOAT003097,Jeremie Boga,spatial_passing_centrality,statsbomb_player,Jeremie Boga,1,Tier 1 - Exact Match,2026-08-05 17:50:49,
GOAT003097,Jeremie Boga,spatial_zone_summary,statsbomb_player,Jeremie Boga,1,Tier 1 - Exact Match,2026-08-05 17:50:49,
GOAT003106,Alessandro Bastoni,spatial_passing_centrality,statsbomb_player,Alessandro Bastoni,1,Tier 1 - Exact Match,2026-08-05 17:50:49,
GOAT003106,Alessandro Bastoni,spatial_zone_summary,statsbomb_player,Alessandro Bastoni,1,Tier 1 - Exact Match,2026-08-05 17:50:49,
GOAT003107,Alessio Tacchinardi,spatial_passing_centrality,statsbomb_player,Alessio Tacchinardi,1,Tier 1 - Exact Match,2026-08-05 17:50:49,
GOAT003107,Alessio Tacchinardi,spatial_zone_summary,statsbomb_player,Alessio Tacchinardi,1,Tier 1 - Exact Match,2026-08-05 17:50:49,
GOAT003108,Alex Fernandez Sanchez,spatial_passing_centrality,statsbomb_player,Alex Fernandez Sanchez,1,Tier 1 - Exact Match,2026-08-05 17:50:49,
GOAT003108,Alex Fernandez Sanchez,spatial_zone_summary,statsbomb_player,Alex Fernandez Sanchez,1,Tier 1 - Exact Match,2026-08-05 17:50:49,
GOAT003134,Alex Král,spatial_passing_centrality,statsbomb_player,Alex Král,1,Tier 1 - Exact Match,2026-08-05 17:50:49,
GOAT003134,Alex Král,spatial_zone_summary,statsbomb_player,Alex Král,1,Tier 1 - Exact Match,2026-08-05 17:50:49,
GOAT003147,Alex McCarthy,spatial_passing_centrality,statsbomb_player,Alex McCarthy,1,Tier 1 - Exact Match,2026-08-05 17:50:49,
GOAT003147,Alex McCarthy,spatial_zone_summary,statsbomb_player,Alex McCarthy,1,Tier 1 - Exact Match,2026-08-05 17:50:49,
GOAT002094,Aleksandr Samedov,spatial_passing_centrality,statsbomb_player,Aleksandr Samedov,1,Tier 1 - Exact Match,2026-08-05 17:50:49,
GOAT002094,Aleksandr Samedov,spatial_zone_summary,statsbomb_player,Aleksandr Samedov,1,Tier 1 - Exact Match,2026-08-05 17:50:49,
GOAT003059,Alexander Djiku,spatial_passing_centrality,statsbomb_player,Alexander Djiku,1,Tier 1 - Exact Match,2026-08-05 17:50:49,
GOAT003059,Alexander Djiku,spatial_zone_summary,statsbomb_player,Alexander Djiku,1,Tier 1 - Exact Match,2026-08-05 17:50:49,
GOAT003060,Alexander Domínguez Carabalí,spatial_passing_centrality,statsbomb_player,Alexander Domínguez Carabalí,1,Tier 1 - Exact Match,2026-08-05 17:50:49,
GOAT003060,Alexander Domínguez Carabalí,spatial_zone_summary,statsbomb_player,Alexander Domínguez Carabalí,1,Tier 1 - Exact Match,2026-08-05 17:50:49,
GOAT003061,Alexander Hartmann Bah,spatial_passing_centrality,statsbomb_player,Alexander Hartmann Bah,1,Tier 1 - Exact Match,2026-08-05 17:50:49,
GOAT003061,Alexander Hartmann Bah,spatial_zone_summary,statsbomb_player,Alexander Hartmann Bah,1,Tier 1 - Exact Match,2026-08-05 17:50:49,
GOAT003159,Víctor Vázquez Solsona,spatial_passing_centrality,statsbomb_player,Víctor Vázquez Solsona,1,Tier 1 - Exact Match,2026-08-05 17:50:49,
GOAT003159,Víctor Vázquez Solsona,spatial_zone_summary,statsbomb_player,Víctor Vázquez Solsona,1,Tier 1 - Exact Match,2026-08-05 17:50:49,
GOAT003160,Víctor Yoshimar Yotún Flores,spatial_passing_centrality,statsbomb_player,Víctor Yoshimar Yotún Flores,1,Tier 1 - Exact Match,2026-08-05 17:50:49,
GOAT003160,Víctor Yoshimar Yotún Flores,spatial_zone_summary,statsbomb_player,Víctor Yoshimar Yotún Flores,1,Tier 1 - Exact Match,2026-08-05 17:50:49,
GOAT003161,Wajdi Kechrida,spatial_passing_centrality,statsbomb_player,Wajdi Kechrida,1,Tier 1 - Exact Match,2026-08-05 17:50:49,
GOAT003161,Wajdi Kechrida,spatial_zone_summary,statsbomb_player,Wajdi Kechrida,1,Tier 1 - Exact Match,2026-08-05 17:50:49,
GOAT003162,Walid Cheddira,spatial_passing_centrality,statsbomb_player,Walid Cheddira,1,Tier 1 - Exact Match,2026-08-05 17:50:49,
GOAT003162,Walid Cheddira,spatial_zone_summary,statsbomb_player,Walid Cheddira,1,Tier 1 - Exact Match,2026-08-05 17:50:49,
GOAT003168,Walter Horacio Peralta Saracho,spatial_passing_centrality,statsbomb_player,Walter Horacio Peralta Saracho,1,Tier 1 - Exact Match,2026-08-05 17:50:49,
GOAT003168,Walter Horacio Peralta Saracho,spatial_zone_summary,statsbomb_player,Walter Horacio Peralta Saracho,1,Tier 1 - Exact Match,2026-08-05 17:50:49,
GOAT003211,Wataru Endo,spatial_passing_centrality,statsbomb_player,Wataru Endo,1,Tier 1 - Exact Match,2026-08-05 17:50:49,
GOAT003211,Wataru Endo,spatial_zone_summary,statsbomb_player,Wataru Endo,1,Tier 1 - Exact Match,2026-08-05 17:50:49,
GOAT003212,Wayne Hennessey,spatial_passing_centrality,statsbomb_player,Wayne Hennessey,1,Tier 1 - Exact Match,2026-08-05 17:50:49,
GOAT003212,Wayne Hennessey,spatial_zone_summary,statsbomb_player,Wayne Hennessey,1,Tier 1 - Exact Match,2026-08-05 17:50:49,
GOAT003178,Wes Morgan,spatial_passing_centrality,statsbomb_player,Wes Morgan,1,Tier 1 - Exact Match,2026-08-05 17:50:49,
GOAT003178,Wes Morgan,spatial_zone_summary,statsbomb_player,Wes Morgan,1,Tier 1 - Exact Match,2026-08-05 17:50:49,
GOAT003169,Víctor Alejandro Dávila Zavala,spatial_passing_centrality,statsbomb_player,Víctor Alejandro Dávila Zavala,1,Tier 1 - Exact Match,2026-08-05 17:50:49,
GOAT003169,Víctor Alejandro Dávila Zavala,spatial_zone_summary,statsbomb_player,Víctor Alejandro Dávila Zavala,1,Tier 1 - Exact Match,2026-08-05 17:50:49,
GOAT003170,Víctor Campuzano Bonilla,spatial_passing_centrality,statsbomb_player,Víctor Campuzano Bonilla,1,Tier 1 - Exact Match,2026-08-05 17:50:49,
GOAT003170,Víctor Campuzano Bonilla,spatial_zone_summary,statsbomb_player,Víctor Campuzano Bonilla,1,Tier 1 - Exact Match,2026-08-05 17:50:49,
GOAT003155,Víctor Manuel Fernández Gutiérrez,spatial_passing_centrality,statsbomb_player,Víctor Manuel Fernández Gutiérrez,1,Tier 1 - Exact Match,2026-08-05 17:50:49,
GOAT003155,Víctor Manuel Fernández Gutiérrez,spatial_zone_summary,statsbomb_player,Víctor Manuel Fernández Gutiérrez,1,Tier 1 - Exact Match,2026-08-05 17:50:49,
GOAT003156,Víctor Mollejo Carpintero,spatial_passing_centrality,statsbomb_player,Víctor Mollejo Carpintero,1,Tier 1 - Exact Match,2026-08-05 17:50:49,
GOAT003156,Víctor Mollejo Carpintero,spatial_zone_summary,statsbomb_player,Víctor Mollejo Carpintero,1,Tier 1 - Exact Match,2026-08-05 17:50:49,
GOAT003135,Jesper Lindstrøm,spatial_passing_centrality,statsbomb_player,Jesper Lindstrøm,1,Tier 1 - Exact Match,2026-08-05 17:50:49,
GOAT003135,Jesper Lindstrøm,spatial_zone_summary,statsbomb_player,Jesper Lindstrøm,1,Tier 1 - Exact Match,2026-08-05 17:50:49,
GOAT003136,Jesús Abdallah Castillo Molina,spatial_passing_centrality,statsbomb_player,Jesús Abdallah Castillo Molina,1,Tier 1 - Exact Match,2026-08-05 17:50:49,
GOAT003136,Jesús Abdallah Castillo Molina,spatial_zone_summary,statsbomb_player,Jesús Abdallah Castillo Molina,1,Tier 1 - Exact Match,2026-08-05 17:50:49,
GOAT003188,Jesús Alberto Dátolo,spatial_passing_centrality,statsbomb_player,Jesús Alberto Dátolo,1,Tier 1 - Exact Match,2026-08-05 17:50:49,
GOAT003188,Jesús Alberto Dátolo,spatial_zone_summary,statsbomb_player,Jesús Alberto Dátolo,1,Tier 1 - Exact Match,2026-08-05 17:50:49,
GOAT003139,Jesús Fernández Collado,spatial_passing_centrality,statsbomb_player,Jesús Fernández Collado,1,Tier 1 - Exact Match,2026-08-05 17:50:49,
GOAT003139,Jesús Fernández Collado,spatial_zone_summary,statsbomb_player,Jesús Fernández Collado,1,Tier 1 - Exact Match,2026-08-05 17:50:49,
GOAT003140,Jesús Perera López,spatial_passing_centrality,statsbomb_player,Jesús Perera López,1,Tier 1 - Exact Match,2026-08-05 17:50:49,
GOAT003140,Jesús Perera López,spatial_zone_summary,statsbomb_player,Jesús Perera López,1,Tier 1 - Exact Match,2026-08-05 17:50:49,
GOAT003141,Jesús Rueda Ambrosio,spatial_passing_centrality,statsbomb_player,Jesús Rueda Ambrosio,1,Tier 1 - Exact Match,2026-08-05 17:50:49,
GOAT003141,Jesús Rueda Ambrosio,spatial_zone_summary,statsbomb_player,Jesús Rueda Ambrosio,1,Tier 1 - Exact Match,2026-08-05 17:50:49,
GOAT003047,Jesús Vallejo Lázaro,spatial_passing_centrality,statsbomb_player,Jesús Vallejo Lázaro,1,Tier 1 - Exact Match,2026-08-05 17:50:49,
GOAT003047,Jesús Vallejo Lázaro,spatial_zone_summary,statsbomb_player,Jesús Vallejo Lázaro,1,Tier 1 - Exact Match,2026-08-05 17:50:49,
GOAT003048,Jhon Adolfo Arias Andrade,spatial_passing_centrality,statsbomb_player,Jhon Adolfo Arias Andrade,1,Tier 1 - Exact Match,2026-08-05 17:50:49,
GOAT003048,Jhon Adolfo Arias Andrade,spatial_zone_summary,statsbomb_player,Jhon Adolfo Arias Andrade,1,Tier 1 - Exact Match,2026-08-05 17:50:49,
GOAT003146,Jens Lehmann,spatial_passing_centrality,statsbomb_player,Jens Lehmann,1,Tier 1 - Exact Match,2026-08-05 17:50:49,
GOAT003146,Jens Lehmann,spatial_zone_summary,statsbomb_player,Jens Lehmann,1,Tier 1 - Exact Match,2026-08-05 17:50:49,
GOAT002174,Alejandro Marañón Pérez,spatial_passing_centrality,statsbomb_player,Alejandro Marañón Pérez,1,Tier 1 - Exact Match,2026-08-05 17:50:49,
GOAT002174,Alejandro Marañón Pérez,spatial_zone_summary,statsbomb_player,Alejandro Marañón Pérez,1,Tier 1 - Exact Match,2026-08-05 17:50:49,
GOAT002175,Alejandro Martínez Sánchez,spatial_passing_centrality,statsbomb_player,Alejandro Martínez Sánchez,1,Tier 1 - Exact Match,2026-08-05 17:50:49,
GOAT002175,Alejandro Martínez Sánchez,spatial_zone_summary,statsbomb_player,Alejandro Martínez Sánchez,1,Tier 1 - Exact Match,2026-08-05 17:50:49,
GOAT002173,Alejandro Pozo Pozo,spatial_passing_centrality,statsbomb_player,Alejandro Pozo Pozo,1,Tier 1 - Exact Match,2026-08-05 17:50:49,
GOAT002173,Alejandro Pozo Pozo,spatial_zone_summary,statsbomb_player,Alejandro Pozo Pozo,1,Tier 1 - Exact Match,2026-08-05 17:50:49,
GOAT002125,Alejandro Varela López,spatial_passing_centrality,statsbomb_player,Alejandro Varela López,1,Tier 1 - Exact Match,2026-08-05 17:50:49,
GOAT002125,Alejandro Varela López,spatial_zone_summary,statsbomb_player,Alejandro Varela López,1,Tier 1 - Exact Match,2026-08-05 17:50:49,
GOAT002126,Aleksandar Katai,spatial_passing_centrality,statsbomb_player,Aleksandar Katai,1,Tier 1 - Exact Match,2026-08-05 17:50:49,
GOAT002126,Aleksandar Katai,spatial_zone_summary,statsbomb_player,Aleksandar Katai,1,Tier 1 - Exact Match,2026-08-05 17:50:49,
GOAT002124,Aleksandr Erokhin,spatial_passing_centrality,statsbomb_player,Aleksandr Erokhin,1,Tier 1 - Exact Match,2026-08-05 17:50:49,
GOAT002124,Aleksandr Erokhin,spatial_zone_summary,statsbomb_player,Aleksandr Erokhin,1,Tier 1 - Exact Match,2026-08-05 17:50:49,
GOAT002093,Aleksandr Golovin,spatial_passing_centrality,statsbomb_player,Aleksandr Golovin,1,Tier 1 - Exact Match,2026-08-05 17:50:49,
GOAT002093,Aleksandr Golovin,spatial_zone_summary,statsbomb_player,Aleksandr Golovin,1,Tier 1 - Exact Match,2026-08-05 17:50:49,
GOAT002065,Alejandro Barrera García,spatial_passing_centrality,statsbomb_player,Alejandro Barrera García,1,Tier 1 - Exact Match,2026-08-05 17:50:49,
GOAT002065,Alejandro Barrera García,spatial_zone_summary,statsbomb_player,Alejandro Barrera García,1,Tier 1 - Exact Match,2026-08-05 17:50:49,
GOAT002299,Alejandro Blanco Sánchez,spatial_passing_centrality,statsbomb_player,Alejandro Blanco Sánchez,1,Tier 1 - Exact Match,2026-08-05 17:50:49,
GOAT002299,Alejandro Blanco Sánchez,spatial_zone_summary,statsbomb_player,Alejandro Blanco Sánchez,1,Tier 1 - Exact Match,2026-08-05 17:50:49,
GOAT002300,Alejandro Campano Hernando,spatial_passing_centrality,statsbomb_player,Alejandro Campano Hernando,1,Tier 1 - Exact Match,2026-08-05 17:50:49,
GOAT002300,Alejandro Campano Hernando,spatial_zone_summary,statsbomb_player,Alejandro Campano Hernando,1,Tier 1 - Exact Match,2026-08-05 17:50:49,
GOAT002060,Alejandro Castro Fernández,spatial_passing_centrality,statsbomb_player,Alejandro Castro Fernández,1,Tier 1 - Exact Match,2026-08-05 17:50:49,
GOAT002060,Alejandro Castro Fernández,spatial_zone_summary,statsbomb_player,Alejandro Castro Fernández,1,Tier 1 - Exact Match,2026-08-05 17:50:49,
GOAT002029,Alejandro Felip Selma,spatial_passing_centrality,statsbomb_player,Alejandro Felip Selma,1,Tier 1 - Exact Match,2026-08-05 17:50:49,
GOAT002029,Alejandro Felip Selma,spatial_zone_summary,statsbomb_player,Alejandro Felip Selma,1,Tier 1 - Exact Match,2026-08-05 17:50:49,
GOAT002063,Alejandro Gallar Falguera,spatial_passing_centrality,statsbomb_player,Alejandro Gallar Falguera,1,Tier 1 - Exact Match,2026-08-05 17:50:49,
GOAT002063,Alejandro Gallar Falguera,spatial_zone_summary,statsbomb_player,Alejandro Gallar Falguera,1,Tier 1 - Exact Match,2026-08-05 17:50:49,
GOAT002064,Alejandro Garnacho Ferreyra,spatial_passing_centrality,statsbomb_player,Alejandro Garnacho Ferreyra,1,Tier 1 - Exact Match,2026-08-05 17:50:49,
GOAT002064,Alejandro Garnacho Ferreyra,spatial_zone_summary,statsbomb_player,Alejandro Garnacho Ferreyra,1,Tier 1 - Exact Match,2026-08-05 17:50:49,
GOAT003209,Wílmar Enrique Barrios Terán,spatial_passing_centrality,statsbomb_player,Wílmar Enrique Barrios Terán,1,Tier 1 - Exact Match,2026-08-05 17:50:49,
GOAT003209,Wílmar Enrique Barrios Terán,spatial_zone_summary,statsbomb_player,Wílmar Enrique Barrios Terán,1,Tier 1 - Exact Match,2026-08-05 17:50:49,
GOAT003210,Xabier Iruretagoiena Aranzamendi,spatial_passing_centrality,statsbomb_player,Xabier Iruretagoiena Aranzamendi,1,Tier 1 - Exact Match,2026-08-05 17:50:49,
GOAT003210,Xabier Iruretagoiena Aranzamendi,spatial_zone_summary,statsbomb_player,Xabier Iruretagoiena Aranzamendi,1,Tier 1 - Exact Match,2026-08-05 17:50:49,
GOAT003240,Xavier Quintillà Guasch,spatial_passing_centrality,statsbomb_player,Xavier Quintillà Guasch,1,Tier 1 - Exact Match,2026-08-05 17:50:49,
GOAT003240,Xavier Quintillà Guasch,spatial_zone_summary,statsbomb_player,Xavier Quintillà Guasch,1,Tier 1 - Exact Match,2026-08-05 17:50:49,
GOAT002375,Alberto López Fernández,spatial_passing_centrality,statsbomb_player,Alberto López Fernández,1,Tier 1 - Exact Match,2026-08-05 17:50:49,
GOAT002375,Alberto López Fernández,spatial_zone_summary,statsbomb_player,Alberto López Fernández,1,Tier 1 - Exact Match,2026-08-05 17:50:49,
GOAT002485,Alberto Martín Romo García Adámez,spatial_passing_centrality,statsbomb_player,Alberto Martín Romo García Adámez,1,Tier 1 - Exact Match,2026-08-05 17:50:49,
GOAT002485,Alberto Martín Romo García Adámez,spatial_zone_summary,statsbomb_player,Alberto Martín Romo García Adámez,1,Tier 1 - Exact Match,2026-08-05 17:50:49,
GOAT003179,Weverton Pereira da Silva,spatial_passing_centrality,statsbomb_player,Weverton Pereira da Silva,1,Tier 1 - Exact Match,2026-08-05 17:50:49,
GOAT003179,Weverton Pereira da Silva,spatial_zone_summary,statsbomb_player,Weverton Pereira da Silva,1,Tier 1 - Exact Match,2026-08-05 17:50:49,
GOAT003180,Wilder José Cartagena Mendoza,spatial_passing_centrality,statsbomb_player,Wilder José Cartagena Mendoza,1,Tier 1 - Exact Match,2026-08-05 17:50:49,
GOAT003180,Wilder José Cartagena Mendoza,spatial_zone_summary,statsbomb_player,Wilder José Cartagena Mendoza,1,Tier 1 - Exact Match,2026-08-05 17:50:49,
GOAT003165,Willian Joel Pacho Tenorio,spatial_passing_centrality,statsbomb_player,Willian Joel Pacho Tenorio,1,Tier 1 - Exact Match,2026-08-05 17:50:49,
GOAT003165,Willian Joel Pacho Tenorio,spatial_zone_summary,statsbomb_player,Willian Joel Pacho Tenorio,1,Tier 1 - Exact Match,2026-08-05 17:50:49,
GOAT003098,Jeremy Leonel Sarmiento Morante,spatial_passing_centrality,statsbomb_player,Jeremy Leonel Sarmiento Morante,1,Tier 1 - Exact Match,2026-08-05 17:50:49,
GOAT003098,Jeremy Leonel Sarmiento Morante,spatial_zone_summary,statsbomb_player,Jeremy Leonel Sarmiento Morante,1,Tier 1 - Exact Match,2026-08-05 17:50:49,
GOAT003259,Yoshito Ōkubo,spatial_passing_centrality,statsbomb_player,Yoshito Ōkubo,1,Tier 1 - Exact Match,2026-08-05 17:50:49,
GOAT003259,Yoshito Ōkubo,spatial_zone_summary,statsbomb_player,Yoshito Ōkubo,1,Tier 1 - Exact Match,2026-08-05 17:50:49,
GOAT003239,Younès Belhanda,spatial_passing_centrality,statsbomb_player,Younès Belhanda,1,Tier 1 - Exact Match,2026-08-05 17:50:49,
GOAT003239,Younès Belhanda,spatial_zone_summary,statsbomb_player,Younès Belhanda,1,Tier 1 - Exact Match,2026-08-05 17:50:49,
GOAT002014,Youssouf Chafiq Mulumbu Ngangu,spatial_passing_centrality,statsbomb_player,Youssouf Chafiq Mulumbu Ngangu,1,Tier 1 - Exact Match,2026-08-05 17:50:49,
GOAT002014,Youssouf Chafiq Mulumbu Ngangu,spatial_zone_summary,statsbomb_player,Youssouf Chafiq Mulumbu Ngangu,1,Tier 1 - Exact Match,2026-08-05 17:50:49,
GOAT003241,Youssouf Sabaly,spatial_passing_centrality,statsbomb_player,Youssouf Sabaly,1,Tier 1 - Exact Match,2026-08-05 17:50:49,
GOAT003241,Youssouf Sabaly,spatial_zone_summary,statsbomb_player,Youssouf Sabaly,1,Tier 1 - Exact Match,2026-08-05 17:50:49,
GOAT002072,Alberto Soro Álvarez,spatial_passing_centrality,statsbomb_player,Alberto Soro Álvarez,1,Tier 1 - Exact Match,2026-08-05 17:50:49,
GOAT002072,Alberto Soro Álvarez,spatial_zone_summary,statsbomb_player,Alberto Soro Álvarez,1,Tier 1 - Exact Match,2026-08-05 17:50:49,
GOAT002073,Albin Ekdal,spatial_passing_centrality,statsbomb_player,Albin Ekdal,1,Tier 1 - Exact Match,2026-08-05 17:50:49,
GOAT002073,Albin Ekdal,spatial_zone_summary,statsbomb_player,Albin Ekdal,1,Tier 1 - Exact Match,2026-08-05 17:50:49,
GOAT002509,Aldo Sebastián Corzo Chávez,spatial_passing_centrality,statsbomb_player,Aldo Sebastián Corzo Chávez,1,Tier 1 - Exact Match,2026-08-05 17:50:49,
GOAT002509,Aldo Sebastián Corzo Chávez,spatial_zone_summary,statsbomb_player,Aldo Sebastián Corzo Chávez,1,Tier 1 - Exact Match,2026-08-05 17:50:49,
GOAT002510,Aleix Febas Pérez,spatial_passing_centrality,statsbomb_player,Aleix Febas Pérez,1,Tier 1 - Exact Match,2026-08-05 17:50:49,
GOAT002510,Aleix Febas Pérez,spatial_zone_summary,statsbomb_player,Aleix Febas Pérez,1,Tier 1 - Exact Match,2026-08-05 17:50:49,
GOAT003214,Yann Bodiger,spatial_passing_centrality,statsbomb_player,Yann Bodiger,1,Tier 1 - Exact Match,2026-08-05 17:50:49,
GOAT003214,Yann Bodiger,spatial_zone_summary,statsbomb_player,Yann Bodiger,1,Tier 1 - Exact Match,2026-08-05 17:50:49,
GOAT003215,Yann Gérard M''Vila,spatial_passing_centrality,statsbomb_player,Yann Gérard M''Vila,1,Tier 1 - Exact Match,2026-08-05 17:50:49,
GOAT003215,Yann Gérard M''Vila,spatial_zone_summary,statsbomb_player,Yann Gérard M''Vila,1,Tier 1 - Exact Match,2026-08-05 17:50:49,
GOAT003216,Yannick Bolasie Yala,spatial_passing_centrality,statsbomb_player,Yannick Bolasie Yala,1,Tier 1 - Exact Match,2026-08-05 17:50:49,
GOAT003216,Yannick Bolasie Yala,spatial_zone_summary,statsbomb_player,Yannick Bolasie Yala,1,Tier 1 - Exact Match,2026-08-05 17:50:49,
GOAT003217,Yannis Salibur,spatial_passing_centrality,statsbomb_player,Yannis Salibur,1,Tier 1 - Exact Match,2026-08-05 17:50:49,
GOAT003217,Yannis Salibur,spatial_zone_summary,statsbomb_player,Yannis Salibur,1,Tier 1 - Exact Match,2026-08-05 17:50:49,
GOAT003218,Yasir Gharsan Al Shahrani,spatial_passing_centrality,statsbomb_player,Yasir Gharsan Al Shahrani,1,Tier 1 - Exact Match,2026-08-05 17:50:49,
GOAT003218,Yasir Gharsan Al Shahrani,spatial_zone_summary,statsbomb_player,Yasir Gharsan Al Shahrani,1,Tier 1 - Exact Match,2026-08-05 17:50:49,
GOAT002180,Alan Steve Minda García,spatial_passing_centrality,statsbomb_player,Alan Steve Minda García,1,Tier 1 - Exact Match,2026-08-05 17:50:49,
GOAT002180,Alan Steve Minda García,spatial_zone_summary,statsbomb_player,Alan Steve Minda García,1,Tier 1 - Exact Match,2026-08-05 17:50:49,
GOAT002407,Alan Steven Franco Palma,spatial_passing_centrality,statsbomb_player,Alan Steven Franco Palma,1,Tier 1 - Exact Match,2026-08-05 17:50:49,
GOAT002407,Alan Steven Franco Palma,spatial_zone_summary,statsbomb_player,Alan Steven Franco Palma,1,Tier 1 - Exact Match,2026-08-05 17:50:49,
GOAT002344,Albert Gudmundsson,spatial_passing_centrality,statsbomb_player,Albert Gudmundsson,1,Tier 1 - Exact Match,2026-08-05 17:50:49,
GOAT002344,Albert Gudmundsson,spatial_zone_summary,statsbomb_player,Albert Gudmundsson,1,Tier 1 - Exact Match,2026-08-05 17:50:49,
GOAT003226,Ylber Ramadani,spatial_passing_centrality,statsbomb_player,Ylber Ramadani,1,Tier 1 - Exact Match,2026-08-05 17:50:49,
GOAT003226,Ylber Ramadani,spatial_zone_summary,statsbomb_player,Ylber Ramadani,1,Tier 1 - Exact Match,2026-08-05 17:50:49,
GOAT002990,Jacobo Sanz Ovejero,spatial_passing_centrality,statsbomb_player,Jacobo Sanz Ovejero,1,Tier 1 - Exact Match,2026-08-05 17:50:49,
GOAT002990,Jacobo Sanz Ovejero,spatial_zone_summary,statsbomb_player,Jacobo Sanz Ovejero,1,Tier 1 - Exact Match,2026-08-05 17:50:49,
GOAT003232,Jaime Asensio De La Fuente,spatial_passing_centrality,statsbomb_player,Jaime Asensio De La Fuente,1,Tier 1 - Exact Match,2026-08-05 17:50:49,
GOAT003232,Jaime Asensio De La Fuente,spatial_zone_summary,statsbomb_player,Jaime Asensio De La Fuente,1,Tier 1 - Exact Match,2026-08-05 17:50:49,
GOAT003233,Jaime Jiménez Merlo,spatial_passing_centrality,statsbomb_player,Jaime Jiménez Merlo,1,Tier 1 - Exact Match,2026-08-05 17:50:49,
GOAT003233,Jaime Jiménez Merlo,spatial_zone_summary,statsbomb_player,Jaime Jiménez Merlo,1,Tier 1 - Exact Match,2026-08-05 17:50:49,
GOAT003234,Jaime Manuel Penedo Cano,spatial_passing_centrality,statsbomb_player,Jaime Manuel Penedo Cano,1,Tier 1 - Exact Match,2026-08-05 17:50:49,
GOAT003234,Jaime Manuel Penedo Cano,spatial_zone_summary,statsbomb_player,Jaime Manuel Penedo Cano,1,Tier 1 - Exact Match,2026-08-05 17:50:49,
GOAT003190,Jaime Sánchez Fernández,spatial_passing_centrality,statsbomb_player,Jaime Sánchez Fernández,1,Tier 1 - Exact Match,2026-08-05 17:50:49,
GOAT003190,Jaime Sánchez Fernández,spatial_zone_summary,statsbomb_player,Jaime Sánchez Fernández,1,Tier 1 - Exact Match,2026-08-05 17:50:49,
GOAT002792,Jaka Bijol,spatial_passing_centrality,statsbomb_player,Jaka Bijol,1,Tier 1 - Exact Match,2026-08-05 17:50:49,
GOAT002792,Jaka Bijol,spatial_zone_summary,statsbomb_player,Jaka Bijol,1,Tier 1 - Exact Match,2026-08-05 17:50:49,
GOAT002793,Jakob Haugaard,spatial_passing_centrality,statsbomb_player,Jakob Haugaard,1,Tier 1 - Exact Match,2026-08-05 17:50:49,
GOAT002793,Jakob Haugaard,spatial_zone_summary,statsbomb_player,Jakob Haugaard,1,Tier 1 - Exact Match,2026-08-05 17:50:49,
GOAT003194,Jakub Hromada,spatial_passing_centrality,statsbomb_player,Jakub Hromada,1,Tier 1 - Exact Match,2026-08-05 17:50:49,
GOAT003194,Jakub Hromada,spatial_zone_summary,statsbomb_player,Jakub Hromada,1,Tier 1 - Exact Match,2026-08-05 17:50:49,
GOAT003095,Jere Juhani Uronen,spatial_passing_centrality,statsbomb_player,Jere Juhani Uronen,1,Tier 1 - Exact Match,2026-08-05 17:50:49,
GOAT003095,Jere Juhani Uronen,spatial_zone_summary,statsbomb_player,Jere Juhani Uronen,1,Tier 1 - Exact Match,2026-08-05 17:50:49,
GOAT003238,James Tomkins,spatial_passing_centrality,statsbomb_player,James Tomkins,1,Tier 1 - Exact Match,2026-08-05 17:50:49,
GOAT003238,James Tomkins,spatial_zone_summary,statsbomb_player,James Tomkins,1,Tier 1 - Exact Match,2026-08-05 17:50:49,
GOAT002016,James Ward-Prowse,spatial_passing_centrality,statsbomb_player,James Ward-Prowse,1,Tier 1 - Exact Match,2026-08-05 17:50:49,
GOAT002016,James Ward-Prowse,spatial_zone_summary,statsbomb_player,James Ward-Prowse,1,Tier 1 - Exact Match,2026-08-05 17:50:49,
GOAT003255,Yoan Gouffran,spatial_passing_centrality,statsbomb_player,Yoan Gouffran,1,Tier 1 - Exact Match,2026-08-05 17:50:49,
GOAT003255,Yoan Gouffran,spatial_zone_summary,statsbomb_player,Yoan Gouffran,1,Tier 1 - Exact Match,2026-08-05 17:50:49,
GOAT003256,Yohan Benalouane,spatial_passing_centrality,statsbomb_player,Yohan Benalouane,1,Tier 1 - Exact Match,2026-08-05 17:50:49,
GOAT003256,Yohan Benalouane,spatial_zone_summary,statsbomb_player,Yohan Benalouane,1,Tier 1 - Exact Match,2026-08-05 17:50:49,
GOAT003257,Yohan Mollo,spatial_passing_centrality,statsbomb_player,Yohan Mollo,1,Tier 1 - Exact Match,2026-08-05 17:50:49,
GOAT003257,Yohan Mollo,spatial_zone_summary,statsbomb_player,Yohan Mollo,1,Tier 1 - Exact Match,2026-08-05 17:50:49,
GOAT003258,Yoshinori Muto,spatial_passing_centrality,statsbomb_player,Yoshinori Muto,1,Tier 1 - Exact Match,2026-08-05 17:50:49,
GOAT003258,Yoshinori Muto,spatial_zone_summary,statsbomb_player,Yoshinori Muto,1,Tier 1 - Exact Match,2026-08-05 17:50:49,
GOAT002573,Adrián Javier Gunino Duque,spatial_passing_centrality,statsbomb_player,Adrián Javier Gunino Duque,1,Tier 1 - Exact Match,2026-08-05 17:50:49,
GOAT002573,Adrián Javier Gunino Duque,spatial_zone_summary,statsbomb_player,Adrián Javier Gunino Duque,1,Tier 1 - Exact Match,2026-08-05 17:50:49,
GOAT003242,Yunus Akgün,spatial_passing_centrality,statsbomb_player,Yunus Akgün,1,Tier 1 - Exact Match,2026-08-05 17:50:49,
GOAT003242,Yunus Akgün,spatial_zone_summary,statsbomb_player,Yunus Akgün,1,Tier 1 - Exact Match,2026-08-05 17:50:49,
GOAT003243,Yunus Dimoara Musah,spatial_passing_centrality,statsbomb_player,Yunus Dimoara Musah,1,Tier 1 - Exact Match,2026-08-05 17:50:49,
GOAT003243,Yunus Dimoara Musah,spatial_zone_summary,statsbomb_player,Yunus Dimoara Musah,1,Tier 1 - Exact Match,2026-08-05 17:50:49,
GOAT003244,Yury Gazinskiy,spatial_passing_centrality,statsbomb_player,Yury Gazinskiy,1,Tier 1 - Exact Match,2026-08-05 17:50:49,
GOAT003244,Yury Gazinskiy,spatial_zone_summary,statsbomb_player,Yury Gazinskiy,1,Tier 1 - Exact Match,2026-08-05 17:50:49,
GOAT003213,Yusuf Yazıcı,spatial_passing_centrality,statsbomb_player,Yusuf Yazıcı,1,Tier 1 - Exact Match,2026-08-05 17:50:49,
GOAT003213,Yusuf Yazıcı,spatial_zone_summary,statsbomb_player,Yusuf Yazıcı,1,Tier 1 - Exact Match,2026-08-05 17:50:49,
GOAT003247,Yves Hadley Desmarets,spatial_passing_centrality,statsbomb_player,Yves Hadley Desmarets,1,Tier 1 - Exact Match,2026-08-05 17:50:49,
GOAT003247,Yves Hadley Desmarets,spatial_zone_summary,statsbomb_player,Yves Hadley Desmarets,1,Tier 1 - Exact Match,2026-08-05 17:50:49,
GOAT002145,Aihen Muñoz Capellán,spatial_passing_centrality,statsbomb_player,Aihen Muñoz Capellán,1,Tier 1 - Exact Match,2026-08-05 17:50:49,
GOAT002145,Aihen Muñoz Capellán,spatial_zone_summary,statsbomb_player,Aihen Muñoz Capellán,1,Tier 1 - Exact Match,2026-08-05 17:50:49,
GOAT002146,Aitor Buñuel Redrado,spatial_passing_centrality,statsbomb_player,Aitor Buñuel Redrado,1,Tier 1 - Exact Match,2026-08-05 17:50:49,
GOAT002146,Aitor Buñuel Redrado,spatial_zone_summary,statsbomb_player,Aitor Buñuel Redrado,1,Tier 1 - Exact Match,2026-08-05 17:50:49,
GOAT002110,Aitor Núñez Martín,spatial_passing_centrality,statsbomb_player,Aitor Núñez Martín,1,Tier 1 - Exact Match,2026-08-05 17:50:49,
GOAT002110,Aitor Núñez Martín,spatial_zone_summary,statsbomb_player,Aitor Núñez Martín,1,Tier 1 - Exact Match,2026-08-05 17:50:49,
GOAT002111,Aitor Ramos Leniz,spatial_passing_centrality,statsbomb_player,Aitor Ramos Leniz,1,Tier 1 - Exact Match,2026-08-05 17:50:49,
GOAT002111,Aitor Ramos Leniz,spatial_zone_summary,statsbomb_player,Aitor Ramos Leniz,1,Tier 1 - Exact Match,2026-08-05 17:50:49,
GOAT002112,Ajdin Hrustic,spatial_passing_centrality,statsbomb_player,Ajdin Hrustic,1,Tier 1 - Exact Match,2026-08-05 17:50:49,
GOAT002112,Ajdin Hrustic,spatial_zone_summary,statsbomb_player,Ajdin Hrustic,1,Tier 1 - Exact Match,2026-08-05 17:50:49,
GOAT002176,Akihiro Ienaga,spatial_passing_centrality,statsbomb_player,Akihiro Ienaga,1,Tier 1 - Exact Match,2026-08-05 17:50:49,
GOAT002176,Akihiro Ienaga,spatial_zone_summary,statsbomb_player,Akihiro Ienaga,1,Tier 1 - Exact Match,2026-08-05 17:50:49,
GOAT002373,Alberto García Cabrera,spatial_passing_centrality,statsbomb_player,Alberto García Cabrera,1,Tier 1 - Exact Match,2026-08-05 17:50:49,
GOAT002373,Alberto García Cabrera,spatial_zone_summary,statsbomb_player,Alberto García Cabrera,1,Tier 1 - Exact Match,2026-08-05 17:50:49,
GOAT002374,Alberto Junior Rodríguez Valdelomar,spatial_passing_centrality,statsbomb_player,Alberto Junior Rodríguez Valdelomar,1,Tier 1 - Exact Match,2026-08-05 17:50:49,
GOAT002374,Alberto Junior Rodríguez Valdelomar,spatial_zone_summary,statsbomb_player,Alberto Junior Rodríguez Valdelomar,1,Tier 1 - Exact Match,2026-08-05 17:50:49,
GOAT003224,Yeltsin Ignacio Tejeda Valverde,spatial_passing_centrality,statsbomb_player,Yeltsin Ignacio Tejeda Valverde,1,Tier 1 - Exact Match,2026-08-05 17:50:49,
GOAT003224,Yeltsin Ignacio Tejeda Valverde,spatial_zone_summary,statsbomb_player,Yeltsin Ignacio Tejeda Valverde,1,Tier 1 - Exact Match,2026-08-05 17:50:49,
GOAT003225,Yeremi Jesús Pino Santos,spatial_passing_centrality,statsbomb_player,Yeremi Jesús Pino Santos,1,Tier 1 - Exact Match,2026-08-05 17:50:49,
GOAT003225,Yeremi Jesús Pino Santos,spatial_zone_summary,statsbomb_player,Yeremi Jesús Pino Santos,1,Tier 1 - Exact Match,2026-08-05 17:50:49,
GOAT003248,Zakarya Bergdich,spatial_passing_centrality,statsbomb_player,Zakarya Bergdich,1,Tier 1 - Exact Match,2026-08-05 17:50:49,
GOAT003248,Zakarya Bergdich,spatial_zone_summary,statsbomb_player,Zakarya Bergdich,1,Tier 1 - Exact Match,2026-08-05 17:50:49,
GOAT002969,Jamie MacLaren,spatial_passing_centrality,statsbomb_player,Jamie MacLaren,1,Tier 1 - Exact Match,2026-08-05 17:50:49,
GOAT002969,Jamie MacLaren,spatial_zone_summary,statsbomb_player,Jamie MacLaren,1,Tier 1 - Exact Match,2026-08-05 17:50:49,
GOAT003187,Javier López Vallejo,spatial_passing_centrality,statsbomb_player,Javier López Vallejo,1,Tier 1 - Exact Match,2026-08-05 17:50:49,
GOAT003187,Javier López Vallejo,spatial_zone_summary,statsbomb_player,Javier López Vallejo,1,Tier 1 - Exact Match,2026-08-05 17:50:49,
GOAT003229,Javier Muñoz Jiménez,spatial_passing_centrality,statsbomb_player,Javier Muñoz Jiménez,1,Tier 1 - Exact Match,2026-08-05 17:50:49,
GOAT003229,Javier Muñoz Jiménez,spatial_zone_summary,statsbomb_player,Javier Muñoz Jiménez,1,Tier 1 - Exact Match,2026-08-05 17:50:49,
GOAT003189,Javier Ángel Balboa Osa,spatial_passing_centrality,statsbomb_player,Javier Ángel Balboa Osa,1,Tier 1 - Exact Match,2026-08-05 17:50:49,
GOAT003189,Javier Ángel Balboa Osa,spatial_zone_summary,statsbomb_player,Javier Ángel Balboa Osa,1,Tier 1 - Exact Match,2026-08-05 17:50:49,
GOAT003142,Jean Marie Dongou Tsafack,spatial_passing_centrality,statsbomb_player,Jean Marie Dongou Tsafack,1,Tier 1 - Exact Match,2026-08-05 17:50:49,
GOAT003142,Jean Marie Dongou Tsafack,spatial_zone_summary,statsbomb_player,Jean Marie Dongou Tsafack,1,Tier 1 - Exact Match,2026-08-05 17:50:49,
GOAT003143,Jean-Clair Todibo,spatial_passing_centrality,statsbomb_player,Jean-Clair Todibo,1,Tier 1 - Exact Match,2026-08-05 17:50:49,
GOAT003143,Jean-Clair Todibo,spatial_zone_summary,statsbomb_player,Jean-Clair Todibo,1,Tier 1 - Exact Match,2026-08-05 17:50:49,
GOAT003144,Jefferson Agustín Farfán Guadalupe,spatial_passing_centrality,statsbomb_player,Jefferson Agustín Farfán Guadalupe,1,Tier 1 - Exact Match,2026-08-05 17:50:49,
GOAT003144,Jefferson Agustín Farfán Guadalupe,spatial_zone_summary,statsbomb_player,Jefferson Agustín Farfán Guadalupe,1,Tier 1 - Exact Match,2026-08-05 17:50:49,
GOAT003145,Jeffrey Sarpong,spatial_passing_centrality,statsbomb_player,Jeffrey Sarpong,1,Tier 1 - Exact Match,2026-08-05 17:50:49,
GOAT003145,Jeffrey Sarpong,spatial_zone_summary,statsbomb_player,Jeffrey Sarpong,1,Tier 1 - Exact Match,2026-08-05 17:50:49,
GOAT003231,Javi Castellano Betancor,spatial_passing_centrality,statsbomb_player,Javi Castellano Betancor,1,Tier 1 - Exact Match,2026-08-05 17:50:49,
GOAT003231,Javi Castellano Betancor,spatial_zone_summary,statsbomb_player,Javi Castellano Betancor,1,Tier 1 - Exact Match,2026-08-05 17:50:49,
GOAT003249,Zinédine Zidane,spatial_passing_centrality,statsbomb_player,Zinédine Zidane,1,Tier 1 - Exact Match,2026-08-05 17:50:49,
GOAT003249,Zinédine Zidane,spatial_zone_summary,statsbomb_player,Zinédine Zidane,1,Tier 1 - Exact Match,2026-08-05 17:50:49,
GOAT002011,Zuriko Davitashvili,spatial_passing_centrality,statsbomb_player,Zuriko Davitashvili,1,Tier 1 - Exact Match,2026-08-05 17:50:49,
GOAT002011,Zuriko Davitashvili,spatial_zone_summary,statsbomb_player,Zuriko Davitashvili,1,Tier 1 - Exact Match,2026-08-05 17:50:49,
GOAT003252,Álex Collado Gutiérrez,spatial_passing_centrality,statsbomb_player,Álex Collado Gutiérrez,1,Tier 1 - Exact Match,2026-08-05 17:50:49,
GOAT003252,Álex Collado Gutiérrez,spatial_zone_summary,statsbomb_player,Álex Collado Gutiérrez,1,Tier 1 - Exact Match,2026-08-05 17:50:49,
GOAT003253,Álvaro Antón Camarero,spatial_passing_centrality,statsbomb_player,Álvaro Antón Camarero,1,Tier 1 - Exact Match,2026-08-05 17:50:49,
GOAT003253,Álvaro Antón Camarero,spatial_zone_summary,statsbomb_player,Álvaro Antón Camarero,1,Tier 1 - Exact Match,2026-08-05 17:50:49,
GOAT002633,Adriano Ferreira Martins,spatial_passing_centrality,statsbomb_player,Adriano Ferreira Martins,1,Tier 1 - Exact Match,2026-08-05 17:50:49,
GOAT002633,Adriano Ferreira Martins,spatial_zone_summary,statsbomb_player,Adriano Ferreira Martins,1,Tier 1 - Exact Match,2026-08-05 17:50:49,
GOAT002604,Adrià Giner Pedrosa,spatial_passing_centrality,statsbomb_player,Adrià Giner Pedrosa,1,Tier 1 - Exact Match,2026-08-05 17:50:49,
GOAT002604,Adrià Giner Pedrosa,spatial_zone_summary,statsbomb_player,Adrià Giner Pedrosa,1,Tier 1 - Exact Match,2026-08-05 17:50:49,
GOAT003262,Žan Karničnik,spatial_passing_centrality,statsbomb_player,Žan Karničnik,1,Tier 1 - Exact Match,2026-08-05 17:50:49,
GOAT003262,Žan Karničnik,spatial_zone_summary,statsbomb_player,Žan Karničnik,1,Tier 1 - Exact Match,2026-08-05 17:50:49,
GOAT003272,Abdülkerim Bardakcı,spatial_passing_centrality,statsbomb_player,Abdülkerim Bardakcı,1,Tier 1 - Exact Match,2026-08-05 17:50:49,
GOAT003272,Abdülkerim Bardakcı,spatial_zone_summary,statsbomb_player,Abdülkerim Bardakcı,1,Tier 1 - Exact Match,2026-08-05 17:50:49,
GOAT003264,Abel Ruiz Ortega,spatial_passing_centrality,statsbomb_player,Abel Ruiz Ortega,1,Tier 1 - Exact Match,2026-08-05 17:50:49,
GOAT003264,Abel Ruiz Ortega,spatial_zone_summary,statsbomb_player,Abel Ruiz Ortega,1,Tier 1 - Exact Match,2026-08-05 17:50:49,
GOAT003246,Abraham Paz Cruz,spatial_passing_centrality,statsbomb_player,Abraham Paz Cruz,1,Tier 1 - Exact Match,2026-08-05 17:50:49,
GOAT003246,Abraham Paz Cruz,spatial_zone_summary,statsbomb_player,Abraham Paz Cruz,1,Tier 1 - Exact Match,2026-08-05 17:50:49,
GOAT002939,Adam Obert,spatial_passing_centrality,statsbomb_player,Adam Obert,1,Tier 1 - Exact Match,2026-08-05 17:50:49,
GOAT002939,Adam Obert,spatial_zone_summary,statsbomb_player,Adam Obert,1,Tier 1 - Exact Match,2026-08-05 17:50:49,
GOAT002948,Adem Ljajić,spatial_passing_centrality,statsbomb_player,Adem Ljajić,1,Tier 1 - Exact Match,2026-08-05 17:50:49,
GOAT002948,Adem Ljajić,spatial_zone_summary,statsbomb_player,Adem Ljajić,1,Tier 1 - Exact Match,2026-08-05 17:50:49,
GOAT002893,Adlène Guédioura,spatial_passing_centrality,statsbomb_player,Adlène Guédioura,1,Tier 1 - Exact Match,2026-08-05 17:50:49,
GOAT002893,Adlène Guédioura,spatial_zone_summary,statsbomb_player,Adlène Guédioura,1,Tier 1 - Exact Match,2026-08-05 17:50:49,
GOAT002894,Admir Mehmedi,spatial_passing_centrality,statsbomb_player,Admir Mehmedi,1,Tier 1 - Exact Match,2026-08-05 17:50:49,
GOAT002894,Admir Mehmedi,spatial_zone_summary,statsbomb_player,Admir Mehmedi,1,Tier 1 - Exact Match,2026-08-05 17:50:49,
GOAT002895,Adnane Tighadouini,spatial_passing_centrality,statsbomb_player,Adnane Tighadouini,1,Tier 1 - Exact Match,2026-08-05 17:50:49,
GOAT002895,Adnane Tighadouini,spatial_zone_summary,statsbomb_player,Adnane Tighadouini,1,Tier 1 - Exact Match,2026-08-05 17:50:49,
GOAT003235,Ángel Israel Mena Delgado,spatial_passing_centrality,statsbomb_player,Ángel Israel Mena Delgado,1,Tier 1 - Exact Match,2026-08-05 17:50:49,
GOAT003235,Ángel Israel Mena Delgado,spatial_zone_summary,statsbomb_player,Ángel Israel Mena Delgado,1,Tier 1 - Exact Match,2026-08-05 17:50:49,
GOAT003269,Abdulelah Al Amri,spatial_passing_centrality,statsbomb_player,Abdulelah Al Amri,1,Tier 1 - Exact Match,2026-08-05 17:50:49,
GOAT003269,Abdulelah Al Amri,spatial_zone_summary,statsbomb_player,Abdulelah Al Amri,1,Tier 1 - Exact Match,2026-08-05 17:50:49,
GOAT002574,Adrián Sardinero Corpa,spatial_passing_centrality,statsbomb_player,Adrián Sardinero Corpa,1,Tier 1 - Exact Match,2026-08-05 17:50:49,
GOAT002574,Adrián Sardinero Corpa,spatial_zone_summary,statsbomb_player,Adrián Sardinero Corpa,1,Tier 1 - Exact Match,2026-08-05 17:50:49,
GOAT002607,Agustín Aranzábal Alkorta,spatial_passing_centrality,statsbomb_player,Agustín Aranzábal Alkorta,1,Tier 1 - Exact Match,2026-08-05 17:50:49,
GOAT002607,Agustín Aranzábal Alkorta,spatial_zone_summary,statsbomb_player,Agustín Aranzábal Alkorta,1,Tier 1 - Exact Match,2026-08-05 17:50:49,
GOAT002608,Agustín García Iñiguez,spatial_passing_centrality,statsbomb_player,Agustín García Iñiguez,1,Tier 1 - Exact Match,2026-08-05 17:50:49,
GOAT002608,Agustín García Iñiguez,spatial_zone_summary,statsbomb_player,Agustín García Iñiguez,1,Tier 1 - Exact Match,2026-08-05 17:50:49,
GOAT002026,Álvaro Daniel Pereira Barragán,spatial_passing_centrality,statsbomb_player,Álvaro Daniel Pereira Barragán,1,Tier 1 - Exact Match,2026-08-05 17:50:49,
GOAT002026,Álvaro Daniel Pereira Barragán,spatial_zone_summary,statsbomb_player,Álvaro Daniel Pereira Barragán,1,Tier 1 - Exact Match,2026-08-05 17:50:49,
GOAT003201,Javier Flaño Bezunartea,spatial_passing_centrality,statsbomb_player,Javier Flaño Bezunartea,1,Tier 1 - Exact Match,2026-08-05 17:50:49,
GOAT003201,Javier Flaño Bezunartea,spatial_zone_summary,statsbomb_player,Javier Flaño Bezunartea,1,Tier 1 - Exact Match,2026-08-05 17:50:49,
GOAT002956,Adam Gnezda Čerin,spatial_passing_centrality,statsbomb_player,Adam Gnezda Čerin,1,Tier 1 - Exact Match,2026-08-05 17:50:49,
GOAT002956,Adam Gnezda Čerin,spatial_zone_summary,statsbomb_player,Adam Gnezda Čerin,1,Tier 1 - Exact Match,2026-08-05 17:50:49,
GOAT002925,Adam Hložek,spatial_passing_centrality,statsbomb_player,Adam Hložek,1,Tier 1 - Exact Match,2026-08-05 17:50:49,
GOAT002925,Adam Hložek,spatial_zone_summary,statsbomb_player,Adam Hložek,1,Tier 1 - Exact Match,2026-08-05 17:50:49,
GOAT002926,Adam Johnson,spatial_passing_centrality,statsbomb_player,Adam Johnson,1,Tier 1 - Exact Match,2026-08-05 17:50:49,
GOAT002926,Adam Johnson,spatial_zone_summary,statsbomb_player,Adam Johnson,1,Tier 1 - Exact Match,2026-08-05 17:50:49,
GOAT003288,Ľubomír Šatka,spatial_passing_centrality,statsbomb_player,Ľubomír Šatka,1,Tier 1 - Exact Match,2026-08-05 17:50:49,
GOAT003288,Ľubomír Šatka,spatial_zone_summary,statsbomb_player,Ľubomír Šatka,1,Tier 1 - Exact Match,2026-08-05 17:50:49,
GOAT002025,Łukasz Skorupski,spatial_passing_centrality,statsbomb_player,Łukasz Skorupski,1,Tier 1 - Exact Match,2026-08-05 17:50:49,
GOAT002025,Łukasz Skorupski,spatial_zone_summary,statsbomb_player,Łukasz Skorupski,1,Tier 1 - Exact Match,2026-08-05 17:50:49,
GOAT002970,Jan Bořil,spatial_passing_centrality,statsbomb_player,Jan Bořil,1,Tier 1 - Exact Match,2026-08-05 17:50:49,
GOAT002970,Jan Bořil,spatial_zone_summary,statsbomb_player,Jan Bořil,1,Tier 1 - Exact Match,2026-08-05 17:50:49,
GOAT002019,Jan Kuchta,spatial_passing_centrality,statsbomb_player,Jan Kuchta,1,Tier 1 - Exact Match,2026-08-05 17:50:49,
GOAT002019,Jan Kuchta,spatial_zone_summary,statsbomb_player,Jan Kuchta,1,Tier 1 - Exact Match,2026-08-05 17:50:49,
GOAT002020,Jan Mlakar,spatial_passing_centrality,statsbomb_player,Jan Mlakar,1,Tier 1 - Exact Match,2026-08-05 17:50:49,
GOAT002020,Jan Mlakar,spatial_zone_summary,statsbomb_player,Jan Mlakar,1,Tier 1 - Exact Match,2026-08-05 17:50:49,
GOAT002021,Jannik Vestergaard,spatial_passing_centrality,statsbomb_player,Jannik Vestergaard,1,Tier 1 - Exact Match,2026-08-05 17:50:49,
GOAT002021,Jannik Vestergaard,spatial_zone_summary,statsbomb_player,Jannik Vestergaard,1,Tier 1 - Exact Match,2026-08-05 17:50:49,
GOAT002022,Jasir Asani,spatial_passing_centrality,statsbomb_player,Jasir Asani,1,Tier 1 - Exact Match,2026-08-05 17:50:49,
GOAT002022,Jasir Asani,spatial_zone_summary,statsbomb_player,Jasir Asani,1,Tier 1 - Exact Match,2026-08-05 17:50:49,
GOAT003202,Jason Cummings,spatial_passing_centrality,statsbomb_player,Jason Cummings,1,Tier 1 - Exact Match,2026-08-05 17:50:49,
GOAT003202,Jason Cummings,spatial_zone_summary,statsbomb_player,Jason Cummings,1,Tier 1 - Exact Match,2026-08-05 17:50:49,
GOAT003271,Abdulrahman Al-Obood,spatial_passing_centrality,statsbomb_player,Abdulrahman Al-Obood,1,Tier 1 - Exact Match,2026-08-05 17:50:49,
GOAT003271,Abdulrahman Al-Obood,spatial_zone_summary,statsbomb_player,Abdulrahman Al-Obood,1,Tier 1 - Exact Match,2026-08-05 17:50:49,
GOAT002023,Abdelkader Mohamed Ghezzal,spatial_passing_centrality,statsbomb_player,Abdelkader Mohamed Ghezzal,1,Tier 1 - Exact Match,2026-08-05 17:50:49,
GOAT002023,Abdelkader Mohamed Ghezzal,spatial_zone_summary,statsbomb_player,Abdelkader Mohamed Ghezzal,1,Tier 1 - Exact Match,2026-08-05 17:50:49,
GOAT002001,Abdallahi Mohamed Mahmoud,spatial_passing_centrality,statsbomb_player,Abdallahi Mohamed Mahmoud,1,Tier 1 - Exact Match,2026-08-05 17:50:49,
GOAT002001,Abdallahi Mohamed Mahmoud,spatial_zone_summary,statsbomb_player,Abdallahi Mohamed Mahmoud,1,Tier 1 - Exact Match,2026-08-05 17:50:49,
GOAT002000,Aarón Níguez Esclapez,spatial_passing_centrality,statsbomb_player,Aarón Níguez Esclapez,1,Tier 1 - Exact Match,2026-08-05 17:50:49,
GOAT002000,Aarón Níguez Esclapez,spatial_zone_summary,statsbomb_player,Aarón Níguez Esclapez,1,Tier 1 - Exact Match,2026-08-05 17:50:49,
GOAT001999,Aarón Escandell Banacloche,spatial_passing_centrality,statsbomb_player,Aarón Escandell Banacloche,1,Tier 1 - Exact Match,2026-08-05 17:50:49,
GOAT001999,Aarón Escandell Banacloche,spatial_zone_summary,statsbomb_player,Aarón Escandell Banacloche,1,Tier 1 - Exact Match,2026-08-05 17:50:49,
GOAT003293,Óscar Sielva Moreno,spatial_zone_summary,statsbomb_player,Óscar Sielva Moreno,1,Tier 1 - Exact Match,2026-08-05 17:50:49,
GOAT003294,Yu-Min Cho,spatial_zone_summary,statsbomb_player,Yu-Min Cho,1,Tier 1 - Exact Match,2026-08-05 17:50:49,
GOAT003295,Yahya Jabrane,spatial_zone_summary,statsbomb_player,Yahya Jabrane,1,Tier 1 - Exact Match,2026-08-05 17:50:49,
GOAT003296,Tomáš Chorý,spatial_zone_summary,statsbomb_player,Tomáš Chorý,1,Tier 1 - Exact Match,2026-08-05 17:50:49,
GOAT003297,"Steve Franck Songo""o",spatial_zone_summary,statsbomb_player,"Steve Franck Songo""o",1,Tier 1 - Exact Match,2026-08-05 17:50:49,
GOAT003298,Seydou Doumbia,spatial_zone_summary,statsbomb_player,Seydou Doumbia,1,Tier 1 - Exact Match,2026-08-05 17:50:49,
GOAT003301,Calum Chambers,spatial_zone_summary,statsbomb_player,Calum Chambers,1,Tier 1 - Exact Match,2026-08-05 17:50:49,
GOAT003299,Ritchie De Laet,spatial_zone_summary,statsbomb_player,Ritchie De Laet,1,Tier 1 - Exact Match,2026-08-05 17:50:49,
GOAT003300,Rafael Tolói,spatial_zone_summary,statsbomb_player,Rafael Tolói,1,Tier 1 - Exact Match,2026-08-05 17:50:49,
GOAT003303,Michael Lang,spatial_zone_summary,statsbomb_player,Michael Lang,1,Tier 1 - Exact Match,2026-08-05 17:50:49,
GOAT003302,Micky van de Ven,spatial_zone_summary,statsbomb_player,Micky van de Ven,1,Tier 1 - Exact Match,2026-08-05 17:50:49,
GOAT003304,Mario Gómez García,spatial_zone_summary,statsbomb_player,Mario Gómez García,1,Tier 1 - Exact Match,2026-08-05 17:50:49,
GOAT003305,Luka Jović,spatial_zone_summary,statsbomb_player,Luka Jović,1,Tier 1 - Exact Match,2026-08-05 17:50:49,
GOAT003307,Hugo Sotelo,spatial_zone_summary,statsbomb_player,Hugo Sotelo,1,Tier 1 - Exact Match,2026-08-05 17:50:49,
GOAT003306,Jack Grealish,spatial_zone_summary,statsbomb_player,Jack Grealish,1,Tier 1 - Exact Match,2026-08-05 17:50:49,
